model,query_id,query,family,language,extra_docs,trial,pool_docs,top1_score,top10_mean_score,iaea_priority_top10,first_iaea_rank
sentence-transformers/all-MiniLM-L6-v2,baseline_zh_core,中子,baseline,zh,0,0,13,0.2950652241706848,0.18592742085456848,1.0,1
sentence-transformers/all-MiniLM-L6-v2,baseline_zh_core,中子,baseline,zh,5,0,18,0.2950652241706848,0.19619494676589966,0.6,1
sentence-transformers/all-MiniLM-L6-v2,baseline_zh_core,中子,baseline,zh,5,1,18,0.2950652241706848,0.20085442066192627,0.6,1
sentence-transformers/all-MiniLM-L6-v2,baseline_zh_core,中子,baseline,zh,5,2,18,0.2950652241706848,0.1869906336069107,0.9,1
sentence-transformers/all-MiniLM-L6-v2,baseline_zh_core,中子,baseline,zh,5,3,18,0.2950652241706848,0.20085442066192627,0.6,1
sentence-transformers/all-MiniLM-L6-v2,baseline_zh_core,中子,baseline,zh,5,4,18,0.2950652241706848,0.18710346519947052,0.9,1
sentence-transformers/all-MiniLM-L6-v2,baseline_zh_core,中子,baseline,zh,5,5,18,0.2950652241706848,0.20085442066192627,0.6,1
sentence-transformers/all-MiniLM-L6-v2,baseline_zh_core,中子,baseline,zh,5,6,18,0.2950652241706848,0.19619494676589966,0.6,1
sentence-transformers/all-MiniLM-L6-v2,baseline_zh_core,中子,baseline,zh,5,7,18,0.2950652241706848,0.1882380247116089,0.9,1
sentence-transformers/all-MiniLM-L6-v2,baseline_zh_core,中子,baseline,zh,5,8,18,0.2950652241706848,0.2043524533510208,0.5,1
sentence-transformers/all-MiniLM-L6-v2,baseline_zh_core,中子,baseline,zh,5,9,18,0.2950652241706848,0.2011268138885498,0.7,1
sentence-transformers/all-MiniLM-L6-v2,baseline_zh_core,中子,baseline,zh,10,0,23,0.2950652241706848,0.1936533898115158,0.7,1
sentence-transformers/all-MiniLM-L6-v2,baseline_zh_core,中子,baseline,zh,10,1,23,0.2950652241706848,0.18848387897014618,0.9,1
sentence-transformers/all-MiniLM-L6-v2,baseline_zh_core,中子,baseline,zh,10,2,23,0.2950652241706848,0.20387248694896698,0.5,1
sentence-transformers/all-MiniLM-L6-v2,baseline_zh_core,中子,baseline,zh,10,3,23,0.2950652241706848,0.187219500541687,0.9,1
sentence-transformers/all-MiniLM-L6-v2,baseline_zh_core,中子,baseline,zh,10,4,23,0.2950652241706848,0.19720038771629333,0.5,1
sentence-transformers/all-MiniLM-L6-v2,baseline_zh_core,中子,baseline,zh,10,5,23,0.2950652241706848,0.20048975944519043,0.8,1
sentence-transformers/all-MiniLM-L6-v2,baseline_zh_core,中子,baseline,zh,10,6,23,0.2950652241706848,0.20185987651348114,0.5,1
sentence-transformers/all-MiniLM-L6-v2,baseline_zh_core,中子,baseline,zh,10,7,23,0.2950652241706848,0.20829220116138458,0.5,1
sentence-transformers/all-MiniLM-L6-v2,baseline_zh_core,中子,baseline,zh,10,8,23,0.2950652241706848,0.18960030376911163,0.8,1
sentence-transformers/all-MiniLM-L6-v2,baseline_zh_core,中子,baseline,zh,10,9,23,0.2950652241706848,0.1905316412448883,0.8,1
sentence-transformers/all-MiniLM-L6-v2,baseline_zh_core,中子,baseline,zh,15,0,28,0.2950652241706848,0.2132555991411209,0.5,1
sentence-transformers/all-MiniLM-L6-v2,baseline_zh_core,中子,baseline,zh,15,1,28,0.2950652241706848,0.21107526123523712,0.5,1
sentence-transformers/all-MiniLM-L6-v2,baseline_zh_core,中子,baseline,zh,15,2,28,0.2950652241706848,0.20085442066192627,0.6,1
sentence-transformers/all-MiniLM-L6-v2,baseline_zh_core,中子,baseline,zh,15,3,28,0.2950652241706848,0.19267119467258453,0.8,1
sentence-transformers/all-MiniLM-L6-v2,baseline_zh_core,中子,baseline,zh,15,4,28,0.2950652241706848,0.2119082510471344,0.5,1
sentence-transformers/all-MiniLM-L6-v2,baseline_zh_core,中子,baseline,zh,15,5,28,0.2950652241706848,0.19224999845027924,0.8,1
sentence-transformers/all-MiniLM-L6-v2,baseline_zh_core,中子,baseline,zh,15,6,28,0.2950652241706848,0.19975538551807404,0.7,1
sentence-transformers/all-MiniLM-L6-v2,baseline_zh_core,中子,baseline,zh,15,7,28,0.2950652241706848,0.20779891312122345,0.7,1
sentence-transformers/all-MiniLM-L6-v2,baseline_zh_core,中子,baseline,zh,15,8,28,0.2950652241706848,0.21079294383525848,0.5,1
sentence-transformers/all-MiniLM-L6-v2,baseline_zh_core,中子,baseline,zh,15,9,28,0.2950652241706848,0.2162473499774933,0.5,1
sentence-transformers/all-MiniLM-L6-v2,baseline_zh_core,中子,baseline,zh,20,0,33,0.2950652241706848,0.19224999845027924,0.8,1
sentence-transformers/all-MiniLM-L6-v2,baseline_zh_core,中子,baseline,zh,20,1,33,0.2950652241706848,0.20829220116138458,0.5,1
sentence-transformers/all-MiniLM-L6-v2,baseline_zh_core,中子,baseline,zh,20,2,33,0.2950652241706848,0.19720038771629333,0.5,1
sentence-transformers/all-MiniLM-L6-v2,baseline_zh_core,中子,baseline,zh,20,3,33,0.2950652241706848,0.21027405560016632,0.5,1
sentence-transformers/all-MiniLM-L6-v2,baseline_zh_core,中子,baseline,zh,20,4,33,0.2950652241706848,0.20370058715343475,0.5,1
sentence-transformers/all-MiniLM-L6-v2,baseline_zh_core,中子,baseline,zh,20,5,33,0.2950652241706848,0.20370058715343475,0.5,1
sentence-transformers/all-MiniLM-L6-v2,baseline_zh_core,中子,baseline,zh,20,6,33,0.2950652241706848,0.20370058715343475,0.5,1
sentence-transformers/all-MiniLM-L6-v2,baseline_zh_core,中子,baseline,zh,20,7,33,0.2950652241706848,0.21817712485790253,0.5,1
sentence-transformers/all-MiniLM-L6-v2,baseline_zh_core,中子,baseline,zh,20,8,33,0.2950652241706848,0.2043524533510208,0.5,1
sentence-transformers/all-MiniLM-L6-v2,baseline_zh_core,中子,baseline,zh,20,9,33,0.2950652241706848,0.19753997027873993,0.5,1
sentence-transformers/all-MiniLM-L6-v2,baseline_zh_core,中子,baseline,zh,25,0,38,0.2950652241706848,0.21817712485790253,0.5,1
sentence-transformers/all-MiniLM-L6-v2,baseline_zh_core,中子,baseline,zh,25,1,38,0.2950652241706848,0.20527100563049316,0.5,1
sentence-transformers/all-MiniLM-L6-v2,baseline_zh_core,中子,baseline,zh,25,2,38,0.2950652241706848,0.20891964435577393,0.6,1
sentence-transformers/all-MiniLM-L6-v2,baseline_zh_core,中子,baseline,zh,25,3,38,0.2950652241706848,0.20967023074626923,0.5,1
sentence-transformers/all-MiniLM-L6-v2,baseline_zh_core,中子,baseline,zh,25,4,38,0.2950652241706848,0.2119082510471344,0.5,1
sentence-transformers/all-MiniLM-L6-v2,baseline_zh_core,中子,baseline,zh,25,5,38,0.2950652241706848,0.2043524533510208,0.5,1
sentence-transformers/all-MiniLM-L6-v2,baseline_zh_core,中子,baseline,zh,25,6,38,0.2950652241706848,0.21027405560016632,0.5,1
sentence-transformers/all-MiniLM-L6-v2,baseline_zh_core,中子,baseline,zh,25,7,38,0.2950652241706848,0.20905852317810059,0.5,1
sentence-transformers/all-MiniLM-L6-v2,baseline_zh_core,中子,baseline,zh,25,8,38,0.2950652241706848,0.2132555991411209,0.5,1
sentence-transformers/all-MiniLM-L6-v2,baseline_zh_core,中子,baseline,zh,25,9,38,0.2950652241706848,0.20914213359355927,0.5,1
sentence-transformers/all-MiniLM-L6-v2,baseline_zh_core,中子,baseline,zh,30,0,43,0.2950652241706848,0.20889465510845184,0.5,1
sentence-transformers/all-MiniLM-L6-v2,baseline_zh_core,中子,baseline,zh,30,1,43,0.2950652241706848,0.20889465510845184,0.5,1
sentence-transformers/all-MiniLM-L6-v2,baseline_zh_core,中子,baseline,zh,30,2,43,0.2950652241706848,0.2162473499774933,0.5,1
sentence-transformers/all-MiniLM-L6-v2,baseline_zh_core,中子,baseline,zh,30,3,43,0.2950652241706848,0.1993432641029358,0.8,1
sentence-transformers/all-MiniLM-L6-v2,baseline_zh_core,中子,baseline,zh,30,4,43,0.2950652241706848,0.20992636680603027,0.5,1
sentence-transformers/all-MiniLM-L6-v2,baseline_zh_core,中子,baseline,zh,30,5,43,0.2950652241706848,0.2132555991411209,0.5,1
sentence-transformers/all-MiniLM-L6-v2,baseline_zh_core,中子,baseline,zh,30,6,43,0.2950652241706848,0.20829220116138458,0.5,1
sentence-transformers/all-MiniLM-L6-v2,baseline_zh_core,中子,baseline,zh,30,7,43,0.2950652241706848,0.21817712485790253,0.5,1
sentence-transformers/all-MiniLM-L6-v2,baseline_zh_core,中子,baseline,zh,30,8,43,0.2950652241706848,0.21817712485790253,0.5,1
sentence-transformers/all-MiniLM-L6-v2,baseline_zh_core,中子,baseline,zh,30,9,43,0.2950652241706848,0.21511539816856384,0.5,1
sentence-transformers/all-MiniLM-L6-v2,baseline_zh_core,中子,baseline,zh,35,0,48,0.2950652241706848,0.2132555991411209,0.5,1
sentence-transformers/all-MiniLM-L6-v2,baseline_zh_core,中子,baseline,zh,35,1,48,0.2950652241706848,0.21817712485790253,0.5,1
sentence-transformers/all-MiniLM-L6-v2,baseline_zh_core,中子,baseline,zh,35,2,48,0.2950652241706848,0.20905852317810059,0.5,1
sentence-transformers/all-MiniLM-L6-v2,baseline_zh_core,中子,baseline,zh,35,3,48,0.2950652241706848,0.2162473499774933,0.5,1
sentence-transformers/all-MiniLM-L6-v2,baseline_zh_core,中子,baseline,zh,35,4,48,0.2950652241706848,0.2146989107131958,0.5,1
sentence-transformers/all-MiniLM-L6-v2,baseline_zh_core,中子,baseline,zh,35,5,48,0.2950652241706848,0.21044309437274933,0.5,1
sentence-transformers/all-MiniLM-L6-v2,baseline_zh_core,中子,baseline,zh,35,6,48,0.2950652241706848,0.21027405560016632,0.5,1
sentence-transformers/all-MiniLM-L6-v2,baseline_zh_core,中子,baseline,zh,35,7,48,0.2950652241706848,0.21817712485790253,0.5,1
sentence-transformers/all-MiniLM-L6-v2,baseline_zh_core,中子,baseline,zh,35,8,48,0.2950652241706848,0.21817712485790253,0.5,1
sentence-transformers/all-MiniLM-L6-v2,baseline_zh_core,中子,baseline,zh,35,9,48,0.2950652241706848,0.20931117236614227,0.5,1
sentence-transformers/all-MiniLM-L6-v2,baseline_zh_core,中子,baseline,zh,40,0,53,0.2950652241706848,0.20905852317810059,0.5,1
sentence-transformers/all-MiniLM-L6-v2,baseline_zh_core,中子,baseline,zh,40,1,53,0.2950652241706848,0.2132555991411209,0.5,1
sentence-transformers/all-MiniLM-L6-v2,baseline_zh_core,中子,baseline,zh,40,2,53,0.2950652241706848,0.21817712485790253,0.5,1
sentence-transformers/all-MiniLM-L6-v2,baseline_zh_core,中子,baseline,zh,40,3,53,0.2950652241706848,0.20889465510845184,0.5,1
sentence-transformers/all-MiniLM-L6-v2,baseline_zh_core,中子,baseline,zh,40,4,53,0.2950652241706848,0.21817712485790253,0.5,1
sentence-transformers/all-MiniLM-L6-v2,baseline_zh_core,中子,baseline,zh,40,5,53,0.2950652241706848,0.2146989107131958,0.5,1
sentence-transformers/all-MiniLM-L6-v2,baseline_zh_core,中子,baseline,zh,40,6,53,0.2950652241706848,0.20889465510845184,0.5,1
sentence-transformers/all-MiniLM-L6-v2,baseline_zh_core,中子,baseline,zh,40,7,53,0.2950652241706848,0.21817712485790253,0.5,1
sentence-transformers/all-MiniLM-L6-v2,baseline_zh_core,中子,baseline,zh,40,8,53,0.2950652241706848,0.20931117236614227,0.5,1
sentence-transformers/all-MiniLM-L6-v2,baseline_zh_core,中子,baseline,zh,40,9,53,0.2950652241706848,0.21817712485790253,0.5,1
sentence-transformers/all-MiniLM-L6-v2,baseline_zh_core,中子,baseline,zh,45,0,58,0.2950652241706848,0.2132555991411209,0.5,1
sentence-transformers/all-MiniLM-L6-v2,baseline_zh_core,中子,baseline,zh,45,1,58,0.2950652241706848,0.21817712485790253,0.5,1
sentence-transformers/all-MiniLM-L6-v2,baseline_zh_core,中子,baseline,zh,45,2,58,0.2950652241706848,0.21817712485790253,0.5,1
sentence-transformers/all-MiniLM-L6-v2,baseline_zh_core,中子,baseline,zh,45,3,58,0.2950652241706848,0.21817712485790253,0.5,1
sentence-transformers/all-MiniLM-L6-v2,baseline_zh_core,中子,baseline,zh,45,4,58,0.2950652241706848,0.21817712485790253,0.5,1
sentence-transformers/all-MiniLM-L6-v2,baseline_zh_core,中子,baseline,zh,45,5,58,0.2950652241706848,0.2146989107131958,0.5,1
sentence-transformers/all-MiniLM-L6-v2,baseline_zh_core,中子,baseline,zh,45,6,58,0.2950652241706848,0.2132555991411209,0.5,1
sentence-transformers/all-MiniLM-L6-v2,baseline_zh_core,中子,baseline,zh,45,7,58,0.2950652241706848,0.21817712485790253,0.5,1
sentence-transformers/all-MiniLM-L6-v2,baseline_zh_core,中子,baseline,zh,45,8,58,0.2950652241706848,0.2132555991411209,0.5,1
sentence-transformers/all-MiniLM-L6-v2,baseline_zh_core,中子,baseline,zh,45,9,58,0.2950652241706848,0.2162473499774933,0.5,1
sentence-transformers/all-MiniLM-L6-v2,baseline_zh_core,中子,baseline,zh,50,0,63,0.2950652241706848,0.2132555991411209,0.5,1
sentence-transformers/all-MiniLM-L6-v2,baseline_zh_core,中子,baseline,zh,50,1,63,0.2950652241706848,0.21817712485790253,0.5,1
sentence-transformers/all-MiniLM-L6-v2,baseline_zh_core,中子,baseline,zh,50,2,63,0.2950652241706848,0.21817712485790253,0.5,1
sentence-transformers/all-MiniLM-L6-v2,baseline_zh_core,中子,baseline,zh,50,3,63,0.2950652241706848,0.21817712485790253,0.5,1
sentence-transformers/all-MiniLM-L6-v2,baseline_zh_core,中子,baseline,zh,50,4,63,0.2950652241706848,0.21817712485790253,0.5,1
sentence-transformers/all-MiniLM-L6-v2,baseline_zh_core,中子,baseline,zh,50,5,63,0.2950652241706848,0.21817712485790253,0.5,1
sentence-transformers/all-MiniLM-L6-v2,baseline_zh_core,中子,baseline,zh,50,6,63,0.2950652241706848,0.21817712485790253,0.5,1
sentence-transformers/all-MiniLM-L6-v2,baseline_zh_core,中子,baseline,zh,50,7,63,0.2950652241706848,0.21817712485790253,0.5,1
sentence-transformers/all-MiniLM-L6-v2,baseline_zh_core,中子,baseline,zh,50,8,63,0.2950652241706848,0.21817712485790253,0.5,1
sentence-transformers/all-MiniLM-L6-v2,baseline_zh_core,中子,baseline,zh,50,9,63,0.2950652241706848,0.21817712485790253,0.5,1
sentence-transformers/all-MiniLM-L6-v2,baseline_zh_core,中子,baseline,zh,51,0,64,0.2950652241706848,0.21817712485790253,0.5,1
sentence-transformers/all-MiniLM-L6-v2,baseline_zh_core,中子,baseline,zh,51,1,64,0.2950652241706848,0.21817712485790253,0.5,1
sentence-transformers/all-MiniLM-L6-v2,baseline_zh_core,中子,baseline,zh,51,2,64,0.2950652241706848,0.21817712485790253,0.5,1
sentence-transformers/all-MiniLM-L6-v2,baseline_zh_core,中子,baseline,zh,51,3,64,0.2950652241706848,0.21817712485790253,0.5,1
sentence-transformers/all-MiniLM-L6-v2,baseline_zh_core,中子,baseline,zh,51,4,64,0.2950652241706848,0.21817712485790253,0.5,1
sentence-transformers/all-MiniLM-L6-v2,baseline_zh_core,中子,baseline,zh,51,5,64,0.2950652241706848,0.21817712485790253,0.5,1
sentence-transformers/all-MiniLM-L6-v2,baseline_zh_core,中子,baseline,zh,51,6,64,0.2950652241706848,0.21817712485790253,0.5,1
sentence-transformers/all-MiniLM-L6-v2,baseline_zh_core,中子,baseline,zh,51,7,64,0.2950652241706848,0.21817712485790253,0.5,1
sentence-transformers/all-MiniLM-L6-v2,baseline_zh_core,中子,baseline,zh,51,8,64,0.2950652241706848,0.21817712485790253,0.5,1
sentence-transformers/all-MiniLM-L6-v2,baseline_zh_core,中子,baseline,zh,51,9,64,0.2950652241706848,0.21817712485790253,0.5,1
sentence-transformers/all-MiniLM-L6-v2,baseline_en_core,neutron,baseline,en,0,0,13,0.5049822330474854,0.4382036328315735,1.0,1
sentence-transformers/all-MiniLM-L6-v2,baseline_en_core,neutron,baseline,en,5,0,18,0.5049822330474854,0.4382036328315735,1.0,1
sentence-transformers/all-MiniLM-L6-v2,baseline_en_core,neutron,baseline,en,5,1,18,0.5049822330474854,0.4382036328315735,1.0,1
sentence-transformers/all-MiniLM-L6-v2,baseline_en_core,neutron,baseline,en,5,2,18,0.5049822330474854,0.4451889097690582,0.8,1
sentence-transformers/all-MiniLM-L6-v2,baseline_en_core,neutron,baseline,en,5,3,18,0.5230472683906555,0.48289957642555237,0.2,4
sentence-transformers/all-MiniLM-L6-v2,baseline_en_core,neutron,baseline,en,5,4,18,0.5049822330474854,0.44423937797546387,0.8,1
sentence-transformers/all-MiniLM-L6-v2,baseline_en_core,neutron,baseline,en,5,5,18,0.5049822330474854,0.4386696219444275,0.9,1
sentence-transformers/all-MiniLM-L6-v2,baseline_en_core,neutron,baseline,en,5,6,18,0.5942859649658203,0.5515881776809692,0.0,11
sentence-transformers/all-MiniLM-L6-v2,baseline_en_core,neutron,baseline,en,5,7,18,0.5613957643508911,0.4564596116542816,0.8,2
sentence-transformers/all-MiniLM-L6-v2,baseline_en_core,neutron,baseline,en,5,8,18,0.5049822330474854,0.4382036328315735,1.0,1
sentence-transformers/all-MiniLM-L6-v2,baseline_en_core,neutron,baseline,en,5,9,18,0.5633959770202637,0.46478158235549927,0.6,2
sentence-transformers/all-MiniLM-L6-v2,baseline_en_core,neutron,baseline,en,10,0,23,0.5942859649658203,0.5515881776809692,0.0,11
sentence-transformers/all-MiniLM-L6-v2,baseline_en_core,neutron,baseline,en,10,1,23,0.5633959770202637,0.46478158235549927,0.6,2
sentence-transformers/all-MiniLM-L6-v2,baseline_en_core,neutron,baseline,en,10,2,23,0.5049822330474854,0.4749133586883545,0.3,1
sentence-transformers/all-MiniLM-L6-v2,baseline_en_core,neutron,baseline,en,10,3,23,0.5049822330474854,0.4382036328315735,1.0,1
sentence-transformers/all-MiniLM-L6-v2,baseline_en_core,neutron,baseline,en,10,4,23,0.5049822330474854,0.4499792456626892,0.6,1
sentence-transformers/all-MiniLM-L6-v2,baseline_en_core,neutron,baseline,en,10,5,23,0.5049822330474854,0.44623056054115295,0.8,1
sentence-transformers/all-MiniLM-L6-v2,baseline_en_core,neutron,baseline,en,10,6,23,0.5049822330474854,0.4451889097690582,0.8,1
sentence-transformers/all-MiniLM-L6-v2,baseline_en_core,neutron,baseline,en,10,7,23,0.5942859649658203,0.5552405118942261,0.0,11
sentence-transformers/all-MiniLM-L6-v2,baseline_en_core,neutron,baseline,en,10,8,23,0.5613957643508911,0.4943554997444153,0.2,3
sentence-transformers/all-MiniLM-L6-v2,baseline_en_core,neutron,baseline,en,10,9,23,0.5049822330474854,0.4382036328315735,1.0,1
sentence-transformers/all-MiniLM-L6-v2,baseline_en_core,neutron,baseline,en,15,0,28,0.5049822330474854,0.47283411026000977,0.3,1
sentence-transformers/all-MiniLM-L6-v2,baseline_en_core,neutron,baseline,en,15,1,28,0.5942859649658203,0.5550404787063599,0.0,11
sentence-transformers/all-MiniLM-L6-v2,baseline_en_core,neutron,baseline,en,15,2,28,0.5633959770202637,0.481082022190094,0.4,3
sentence-transformers/all-MiniLM-L6-v2,baseline_en_core,neutron,baseline,en,15,3,28,0.5613957643508911,0.4994649291038513,0.2,5
sentence-transformers/all-MiniLM-L6-v2,baseline_en_core,neutron,baseline,en,15,4,28,0.5049822330474854,0.4577776789665222,0.6,1
sentence-transformers/all-MiniLM-L6-v2,baseline_en_core,neutron,baseline,en,15,5,28,0.5942859649658203,0.5550404787063599,0.0,11
sentence-transformers/all-MiniLM-L6-v2,baseline_en_core,neutron,baseline,en,15,6,28,0.5942859649658203,0.5550404787063599,0.0,11
sentence-transformers/all-MiniLM-L6-v2,baseline_en_core,neutron,baseline,en,15,7,28,0.5613957643508911,0.49394670128822327,0.2,5
sentence-transformers/all-MiniLM-L6-v2,baseline_en_core,neutron,baseline,en,15,8,28,0.5613957643508911,0.484844446182251,0.3,2
sentence-transformers/all-MiniLM-L6-v2,baseline_en_core,neutron,baseline,en,15,9,28,0.5942859649658203,0.5581030249595642,0.0,11
sentence-transformers/all-MiniLM-L6-v2,baseline_en_core,neutron,baseline,en,20,0,33,0.5942859649658203,0.5550404787063599,0.0,11
sentence-transformers/all-MiniLM-L6-v2,baseline_en_core,neutron,baseline,en,20,1,33,0.5613957643508911,0.463479220867157,0.5,2
sentence-transformers/all-MiniLM-L6-v2,baseline_en_core,neutron,baseline,en,20,2,33,0.5942859649658203,0.5550404787063599,0.0,11
sentence-transformers/all-MiniLM-L6-v2,baseline_en_core,neutron,baseline,en,20,3,33,0.5633959770202637,0.49615025520324707,0.2,5
sentence-transformers/all-MiniLM-L6-v2,baseline_en_core,neutron,baseline,en,20,4,33,0.5942859649658203,0.5552405118942261,0.0,11
sentence-transformers/all-MiniLM-L6-v2,baseline_en_core,neutron,baseline,en,20,5,33,0.5942859649658203,0.5581030249595642,0.0,11
sentence-transformers/all-MiniLM-L6-v2,baseline_en_core,neutron,baseline,en,20,6,33,0.5633959770202637,0.5108377933502197,0.2,6
sentence-transformers/all-MiniLM-L6-v2,baseline_en_core,neutron,baseline,en,20,7,33,0.5942859649658203,0.5515881776809692,0.0,11
sentence-transformers/all-MiniLM-L6-v2,baseline_en_core,neutron,baseline,en,20,8,33,0.5613957643508911,0.4994649291038513,0.2,5
sentence-transformers/all-MiniLM-L6-v2,baseline_en_core,neutron,baseline,en,20,9,33,0.5613957643508911,0.48440295457839966,0.3,2
sentence-transformers/all-MiniLM-L6-v2,baseline_en_core,neutron,baseline,en,25,0,38,0.5942859649658203,0.5515881776809692,0.0,11
sentence-transformers/all-MiniLM-L6-v2,baseline_en_core,neutron,baseline,en,25,1,38,0.5942859649658203,0.5552405118942261,0.0,11
sentence-transformers/all-MiniLM-L6-v2,baseline_en_core,neutron,baseline,en,25,2,38,0.5942859649658203,0.5581030249595642,0.0,11
sentence-transformers/all-MiniLM-L6-v2,baseline_en_core,neutron,baseline,en,25,3,38,0.5633959770202637,0.49865493178367615,0.2,3
sentence-transformers/all-MiniLM-L6-v2,baseline_en_core,neutron,baseline,en,25,4,38,0.5942859649658203,0.5550404787063599,0.0,11
sentence-transformers/all-MiniLM-L6-v2,baseline_en_core,neutron,baseline,en,25,5,38,0.5942859649658203,0.5552405118942261,0.0,11
sentence-transformers/all-MiniLM-L6-v2,baseline_en_core,neutron,baseline,en,25,6,38,0.5942859649658203,0.5552405118942261,0.0,11
sentence-transformers/all-MiniLM-L6-v2,baseline_en_core,neutron,baseline,en,25,7,38,0.5942859649658203,0.5552405118942261,0.0,11
sentence-transformers/all-MiniLM-L6-v2,baseline_en_core,neutron,baseline,en,25,8,38,0.5942859649658203,0.5519160628318787,0.0,11
sentence-transformers/all-MiniLM-L6-v2,baseline_en_core,neutron,baseline,en,25,9,38,0.5633959770202637,0.49615025520324707,0.2,5
sentence-transformers/all-MiniLM-L6-v2,baseline_en_core,neutron,baseline,en,30,0,43,0.5613957643508911,0.5122090578079224,0.2,6
sentence-transformers/all-MiniLM-L6-v2,baseline_en_core,neutron,baseline,en,30,1,43,0.5942859649658203,0.5519160628318787,0.0,11
sentence-transformers/all-MiniLM-L6-v2,baseline_en_core,neutron,baseline,en,30,2,43,0.5633959770202637,0.5032564401626587,0.2,3
sentence-transformers/all-MiniLM-L6-v2,baseline_en_core,neutron,baseline,en,30,3,43,0.5633959770202637,0.48919492959976196,0.2,2
sentence-transformers/all-MiniLM-L6-v2,baseline_en_core,neutron,baseline,en,30,4,43,0.5633959770202637,0.502994179725647,0.2,3
sentence-transformers/all-MiniLM-L6-v2,baseline_en_core,neutron,baseline,en,30,5,43,0.5301514267921448,0.4852333664894104,0.2,2
sentence-transformers/all-MiniLM-L6-v2,baseline_en_core,neutron,baseline,en,30,6,43,0.5942859649658203,0.5515881776809692,0.0,11
sentence-transformers/all-MiniLM-L6-v2,baseline_en_core,neutron,baseline,en,30,7,43,0.5633959770202637,0.5003272294998169,0.2,3
sentence-transformers/all-MiniLM-L6-v2,baseline_en_core,neutron,baseline,en,30,8,43,0.5942859649658203,0.5550404787063599,0.0,11
sentence-transformers/all-MiniLM-L6-v2,baseline_en_core,neutron,baseline,en,30,9,43,0.5942859649658203,0.5581030249595642,0.0,11
sentence-transformers/all-MiniLM-L6-v2,baseline_en_core,neutron,baseline,en,35,0,48,0.5942859649658203,0.5552405118942261,0.0,11
sentence-transformers/all-MiniLM-L6-v2,baseline_en_core,neutron,baseline,en,35,1,48,0.5633959770202637,0.518401563167572,0.2,7
sentence-transformers/all-MiniLM-L6-v2,baseline_en_core,neutron,baseline,en,35,2,48,0.5633959770202637,0.5196192860603333,0.1,7
sentence-transformers/all-MiniLM-L6-v2,baseline_en_core,neutron,baseline,en,35,3,48,0.5942859649658203,0.5550404787063599,0.0,11
sentence-transformers/all-MiniLM-L6-v2,baseline_en_core,neutron,baseline,en,35,4,48,0.5633959770202637,0.5177611112594604,0.2,7
sentence-transformers/all-MiniLM-L6-v2,baseline_en_core,neutron,baseline,en,35,5,48,0.5633959770202637,0.5003272294998169,0.2,3
sentence-transformers/all-MiniLM-L6-v2,baseline_en_core,neutron,baseline,en,35,6,48,0.5942859649658203,0.5581030249595642,0.0,11
sentence-transformers/all-MiniLM-L6-v2,baseline_en_core,neutron,baseline,en,35,7,48,0.5613957643508911,0.5106378197669983,0.2,6
sentence-transformers/all-MiniLM-L6-v2,baseline_en_core,neutron,baseline,en,35,8,48,0.5942859649658203,0.5581030249595642,0.0,11
sentence-transformers/all-MiniLM-L6-v2,baseline_en_core,neutron,baseline,en,35,9,48,0.5942859649658203,0.5581030249595642,0.0,11
sentence-transformers/all-MiniLM-L6-v2,baseline_en_core,neutron,baseline,en,40,0,53,0.5942859649658203,0.5581030249595642,0.0,11
sentence-transformers/all-MiniLM-L6-v2,baseline_en_core,neutron,baseline,en,40,1,53,0.5942859649658203,0.5581030249595642,0.0,11
sentence-transformers/all-MiniLM-L6-v2,baseline_en_core,neutron,baseline,en,40,2,53,0.5942859649658203,0.5581030249595642,0.0,11
sentence-transformers/all-MiniLM-L6-v2,baseline_en_core,neutron,baseline,en,40,3,53,0.5942859649658203,0.5581030249595642,0.0,11
sentence-transformers/all-MiniLM-L6-v2,baseline_en_core,neutron,baseline,en,40,4,53,0.5942859649658203,0.5552405118942261,0.0,11
sentence-transformers/all-MiniLM-L6-v2,baseline_en_core,neutron,baseline,en,40,5,53,0.5942859649658203,0.5581030249595642,0.0,11
sentence-transformers/all-MiniLM-L6-v2,baseline_en_core,neutron,baseline,en,40,6,53,0.5942859649658203,0.5552405118942261,0.0,11
sentence-transformers/all-MiniLM-L6-v2,baseline_en_core,neutron,baseline,en,40,7,53,0.5942859649658203,0.5550404787063599,0.0,11
sentence-transformers/all-MiniLM-L6-v2,baseline_en_core,neutron,baseline,en,40,8,53,0.5942859649658203,0.5515881776809692,0.0,11
sentence-transformers/all-MiniLM-L6-v2,baseline_en_core,neutron,baseline,en,40,9,53,0.5942859649658203,0.5552405118942261,0.0,11
sentence-transformers/all-MiniLM-L6-v2,baseline_en_core,neutron,baseline,en,45,0,58,0.5942859649658203,0.5581030249595642,0.0,11
sentence-transformers/all-MiniLM-L6-v2,baseline_en_core,neutron,baseline,en,45,1,58,0.5942859649658203,0.5581030249595642,0.0,11
sentence-transformers/all-MiniLM-L6-v2,baseline_en_core,neutron,baseline,en,45,2,58,0.5942859649658203,0.5581030249595642,0.0,11
sentence-transformers/all-MiniLM-L6-v2,baseline_en_core,neutron,baseline,en,45,3,58,0.5942859649658203,0.5581030249595642,0.0,11
sentence-transformers/all-MiniLM-L6-v2,baseline_en_core,neutron,baseline,en,45,4,58,0.5942859649658203,0.5550404787063599,0.0,11
sentence-transformers/all-MiniLM-L6-v2,baseline_en_core,neutron,baseline,en,45,5,58,0.5633959770202637,0.5196192860603333,0.1,7
sentence-transformers/all-MiniLM-L6-v2,baseline_en_core,neutron,baseline,en,45,6,58,0.5942859649658203,0.5552405118942261,0.0,11
sentence-transformers/all-MiniLM-L6-v2,baseline_en_core,neutron,baseline,en,45,7,58,0.5942859649658203,0.5581030249595642,0.0,11
sentence-transformers/all-MiniLM-L6-v2,baseline_en_core,neutron,baseline,en,45,8,58,0.5942859649658203,0.5552405118942261,0.0,11
sentence-transformers/all-MiniLM-L6-v2,baseline_en_core,neutron,baseline,en,45,9,58,0.5942859649658203,0.5581030249595642,0.0,11
sentence-transformers/all-MiniLM-L6-v2,baseline_en_core,neutron,baseline,en,50,0,63,0.5942859649658203,0.5581030249595642,0.0,11
sentence-transformers/all-MiniLM-L6-v2,baseline_en_core,neutron,baseline,en,50,1,63,0.5942859649658203,0.5581030249595642,0.0,11
sentence-transformers/all-MiniLM-L6-v2,baseline_en_core,neutron,baseline,en,50,2,63,0.5942859649658203,0.5581030249595642,0.0,11
sentence-transformers/all-MiniLM-L6-v2,baseline_en_core,neutron,baseline,en,50,3,63,0.5942859649658203,0.5550404787063599,0.0,11
sentence-transformers/all-MiniLM-L6-v2,baseline_en_core,neutron,baseline,en,50,4,63,0.5942859649658203,0.5550404787063599,0.0,11
sentence-transformers/all-MiniLM-L6-v2,baseline_en_core,neutron,baseline,en,50,5,63,0.5942859649658203,0.5581030249595642,0.0,11
sentence-transformers/all-MiniLM-L6-v2,baseline_en_core,neutron,baseline,en,50,6,63,0.5942859649658203,0.5581030249595642,0.0,11
sentence-transformers/all-MiniLM-L6-v2,baseline_en_core,neutron,baseline,en,50,7,63,0.5942859649658203,0.5581030249595642,0.0,11
sentence-transformers/all-MiniLM-L6-v2,baseline_en_core,neutron,baseline,en,50,8,63,0.5942859649658203,0.5581030249595642,0.0,11
sentence-transformers/all-MiniLM-L6-v2,baseline_en_core,neutron,baseline,en,50,9,63,0.5942859649658203,0.5550404787063599,0.0,11
sentence-transformers/all-MiniLM-L6-v2,baseline_en_core,neutron,baseline,en,51,0,64,0.5942859649658203,0.5581030249595642,0.0,11
sentence-transformers/all-MiniLM-L6-v2,baseline_en_core,neutron,baseline,en,51,1,64,0.5942859649658203,0.5581030249595642,0.0,11
sentence-transformers/all-MiniLM-L6-v2,baseline_en_core,neutron,baseline,en,51,2,64,0.5942859649658203,0.5581030249595642,0.0,11
sentence-transformers/all-MiniLM-L6-v2,baseline_en_core,neutron,baseline,en,51,3,64,0.5942859649658203,0.5581030249595642,0.0,11
sentence-transformers/all-MiniLM-L6-v2,baseline_en_core,neutron,baseline,en,51,4,64,0.5942859649658203,0.5581030249595642,0.0,11
sentence-transformers/all-MiniLM-L6-v2,baseline_en_core,neutron,baseline,en,51,5,64,0.5942859649658203,0.5581030249595642,0.0,11
sentence-transformers/all-MiniLM-L6-v2,baseline_en_core,neutron,baseline,en,51,6,64,0.5942859649658203,0.5581030249595642,0.0,11
sentence-transformers/all-MiniLM-L6-v2,baseline_en_core,neutron,baseline,en,51,7,64,0.5942859649658203,0.5581030249595642,0.0,11
sentence-transformers/all-MiniLM-L6-v2,baseline_en_core,neutron,baseline,en,51,8,64,0.5942859649658203,0.5581030249595642,0.0,11
sentence-transformers/all-MiniLM-L6-v2,baseline_en_core,neutron,baseline,en,51,9,64,0.5942859649658203,0.5581030249595642,0.0,11
sentence-transformers/all-MiniLM-L6-v2,baseline_zh_phrase,中子测量电流,baseline,zh,0,0,13,0.26858365535736084,0.15301677584648132,1.0,1
sentence-transformers/all-MiniLM-L6-v2,baseline_zh_phrase,中子测量电流,baseline,zh,5,0,18,0.26858365535736084,0.15301677584648132,1.0,1
sentence-transformers/all-MiniLM-L6-v2,baseline_zh_phrase,中子测量电流,baseline,zh,5,1,18,0.26858365535736084,0.15744729340076447,0.8,1
sentence-transformers/all-MiniLM-L6-v2,baseline_zh_phrase,中子测量电流,baseline,zh,5,2,18,0.26858365535736084,0.1533609926700592,0.9,1
sentence-transformers/all-MiniLM-L6-v2,baseline_zh_phrase,中子测量电流,baseline,zh,5,3,18,0.26858365535736084,0.1533609926700592,0.9,1
sentence-transformers/all-MiniLM-L6-v2,baseline_zh_phrase,中子测量电流,baseline,zh,5,4,18,0.26858365535736084,0.16165386140346527,0.6,1
sentence-transformers/all-MiniLM-L6-v2,baseline_zh_phrase,中子测量电流,baseline,zh,5,5,18,0.26858365535736084,0.1996578723192215,0.2,1
sentence-transformers/all-MiniLM-L6-v2,baseline_zh_phrase,中子测量电流,baseline,zh,5,6,18,0.26858365535736084,0.16397985816001892,0.5,1
sentence-transformers/all-MiniLM-L6-v2,baseline_zh_phrase,中子测量电流,baseline,zh,5,7,18,0.26858365535736084,0.1583068072795868,0.7,1
sentence-transformers/all-MiniLM-L6-v2,baseline_zh_phrase,中子测量电流,baseline,zh,5,8,18,0.26858365535736084,0.15798933804035187,0.7,1
sentence-transformers/all-MiniLM-L6-v2,baseline_zh_phrase,中子测量电流,baseline,zh,5,9,18,0.26858365535736084,0.15603721141815186,0.9,1
sentence-transformers/all-MiniLM-L6-v2,baseline_zh_phrase,中子测量电流,baseline,zh,10,0,23,0.26858365535736084,0.18384411931037903,0.2,1
sentence-transformers/all-MiniLM-L6-v2,baseline_zh_phrase,中子测量电流,baseline,zh,10,1,23,0.26858365535736084,0.19983230531215668,0.2,1
sentence-transformers/all-MiniLM-L6-v2,baseline_zh_phrase,中子测量电流,baseline,zh,10,2,23,0.26858365535736084,0.20300087332725525,0.2,1
sentence-transformers/all-MiniLM-L6-v2,baseline_zh_phrase,中子测量电流,baseline,zh,10,3,23,0.26858365535736084,0.2157585620880127,0.2,1
sentence-transformers/all-MiniLM-L6-v2,baseline_zh_phrase,中子测量电流,baseline,zh,10,4,23,0.26858365535736084,0.18525230884552002,0.2,1
sentence-transformers/all-MiniLM-L6-v2,baseline_zh_phrase,中子测量电流,baseline,zh,10,5,23,0.26858365535736084,0.15510006248950958,0.9,1
sentence-transformers/all-MiniLM-L6-v2,baseline_zh_phrase,中子测量电流,baseline,zh,10,6,23,0.26858365535736084,0.1849822700023651,0.2,1
sentence-transformers/all-MiniLM-L6-v2,baseline_zh_phrase,中子测量电流,baseline,zh,10,7,23,0.26858365535736084,0.1849822700023651,0.2,1
sentence-transformers/all-MiniLM-L6-v2,baseline_zh_phrase,中子测量电流,baseline,zh,10,8,23,0.26858365535736084,0.1633075773715973,0.6,1
sentence-transformers/all-MiniLM-L6-v2,baseline_zh_phrase,中子测量电流,baseline,zh,10,9,23,0.26858365535736084,0.1547713279724121,0.8,1
sentence-transformers/all-MiniLM-L6-v2,baseline_zh_phrase,中子测量电流,baseline,zh,15,0,28,0.26858365535736084,0.18436799943447113,0.2,1
sentence-transformers/all-MiniLM-L6-v2,baseline_zh_phrase,中子测量电流,baseline,zh,15,1,28,0.26858365535736084,0.20300087332725525,0.2,1
sentence-transformers/all-MiniLM-L6-v2,baseline_zh_phrase,中子测量电流,baseline,zh,15,2,28,0.26858365535736084,0.2157585620880127,0.2,1
sentence-transformers/all-MiniLM-L6-v2,baseline_zh_phrase,中子测量电流,baseline,zh,15,3,28,0.26858365535736084,0.185978502035141,0.2,1
sentence-transformers/all-MiniLM-L6-v2,baseline_zh_phrase,中子测量电流,baseline,zh,15,4,28,0.26858365535736084,0.18525230884552002,0.2,1
sentence-transformers/all-MiniLM-L6-v2,baseline_zh_phrase,中子测量电流,baseline,zh,15,5,28,0.26858365535736084,0.19992801547050476,0.2,1
sentence-transformers/all-MiniLM-L6-v2,baseline_zh_phrase,中子测量电流,baseline,zh,15,6,28,0.26858365535736084,0.1677137017250061,0.4,1
sentence-transformers/all-MiniLM-L6-v2,baseline_zh_phrase,中子测量电流,baseline,zh,15,7,28,0.26858365535736084,0.1996578723192215,0.2,1
sentence-transformers/all-MiniLM-L6-v2,baseline_zh_phrase,中子测量电流,baseline,zh,15,8,28,0.26858365535736084,0.1664159595966339,0.4,1
sentence-transformers/all-MiniLM-L6-v2,baseline_zh_phrase,中子测量电流,baseline,zh,15,9,28,0.26858365535736084,0.199854776263237,0.2,1
sentence-transformers/all-MiniLM-L6-v2,baseline_zh_phrase,中子测量电流,baseline,zh,20,0,33,0.26858365535736084,0.1996578723192215,0.2,1
sentence-transformers/all-MiniLM-L6-v2,baseline_zh_phrase,中子测量电流,baseline,zh,20,1,33,0.26858365535736084,0.17067858576774597,0.4,1
sentence-transformers/all-MiniLM-L6-v2,baseline_zh_phrase,中子测量电流,baseline,zh,20,2,33,0.26858365535736084,0.20300087332725525,0.2,1
sentence-transformers/all-MiniLM-L6-v2,baseline_zh_phrase,中子测量电流,baseline,zh,20,3,33,0.26858365535736084,0.17424938082695007,0.3,1
sentence-transformers/all-MiniLM-L6-v2,baseline_zh_phrase,中子测量电流,baseline,zh,20,4,33,0.26858365535736084,0.1996578723192215,0.2,1
sentence-transformers/all-MiniLM-L6-v2,baseline_zh_phrase,中子测量电流,baseline,zh,20,5,33,0.26858365535736084,0.2157585620880127,0.2,1
sentence-transformers/all-MiniLM-L6-v2,baseline_zh_phrase,中子测量电流,baseline,zh,20,6,33,0.26858365535736084,0.2173004150390625,0.2,1
sentence-transformers/all-MiniLM-L6-v2,baseline_zh_phrase,中子测量电流,baseline,zh,20,7,33,0.26858365535736084,0.2173004150390625,0.2,1
sentence-transformers/all-MiniLM-L6-v2,baseline_zh_phrase,中子测量电流,baseline,zh,20,8,33,0.26858365535736084,0.20681706070899963,0.2,1
sentence-transformers/all-MiniLM-L6-v2,baseline_zh_phrase,中子测量电流,baseline,zh,20,9,33,0.26858365535736084,0.19983230531215668,0.2,1
sentence-transformers/all-MiniLM-L6-v2,baseline_zh_phrase,中子测量电流,baseline,zh,25,0,38,0.26858365535736084,0.20681706070899963,0.2,1
sentence-transformers/all-MiniLM-L6-v2,baseline_zh_phrase,中子测量电流,baseline,zh,25,1,38,0.26858365535736084,0.20681706070899963,0.2,1
sentence-transformers/all-MiniLM-L6-v2,baseline_zh_phrase,中子测量电流,baseline,zh,25,2,38,0.26858365535736084,0.199854776263237,0.2,1
sentence-transformers/all-MiniLM-L6-v2,baseline_zh_phrase,中子测量电流,baseline,zh,25,3,38,0.26858365535736084,0.19983230531215668,0.2,1
sentence-transformers/all-MiniLM-L6-v2,baseline_zh_phrase,中子测量电流,baseline,zh,25,4,38,0.26858365535736084,0.2157585620880127,0.2,1
sentence-transformers/all-MiniLM-L6-v2,baseline_zh_phrase,中子测量电流,baseline,zh,25,5,38,0.26858365535736084,0.2173004150390625,0.2,1
sentence-transformers/all-MiniLM-L6-v2,baseline_zh_phrase,中子测量电流,baseline,zh,25,6,38,0.26858365535736084,0.17332203686237335,0.3,1
sentence-transformers/all-MiniLM-L6-v2,baseline_zh_phrase,中子测量电流,baseline,zh,25,7,38,0.26858365535736084,0.20681706070899963,0.2,1
sentence-transformers/all-MiniLM-L6-v2,baseline_zh_phrase,中子测量电流,baseline,zh,25,8,38,0.26858365535736084,0.20672039687633514,0.2,1
sentence-transformers/all-MiniLM-L6-v2,baseline_zh_phrase,中子测量电流,baseline,zh,25,9,38,0.26858365535736084,0.1860283464193344,0.2,1
sentence-transformers/all-MiniLM-L6-v2,baseline_zh_phrase,中子测量电流,baseline,zh,30,0,43,0.26858365535736084,0.1873224377632141,0.2,1
sentence-transformers/all-MiniLM-L6-v2,baseline_zh_phrase,中子测量电流,baseline,zh,30,1,43,0.26858365535736084,0.20300087332725525,0.2,1
sentence-transformers/all-MiniLM-L6-v2,baseline_zh_phrase,中子测量电流,baseline,zh,30,2,43,0.26858365535736084,0.20681706070899963,0.2,1
sentence-transformers/all-MiniLM-L6-v2,baseline_zh_phrase,中子测量电流,baseline,zh,30,3,43,0.26858365535736084,0.2173004150390625,0.2,1
sentence-transformers/all-MiniLM-L6-v2,baseline_zh_phrase,中子测量电流,baseline,zh,30,4,43,0.26858365535736084,0.20300087332725525,0.2,1
sentence-transformers/all-MiniLM-L6-v2,baseline_zh_phrase,中子测量电流,baseline,zh,30,5,43,0.26858365535736084,0.20681706070899963,0.2,1
sentence-transformers/all-MiniLM-L6-v2,baseline_zh_phrase,中子测量电流,baseline,zh,30,6,43,0.26858365535736084,0.2173004150390625,0.2,1
sentence-transformers/all-MiniLM-L6-v2,baseline_zh_phrase,中子测量电流,baseline,zh,30,7,43,0.26858365535736084,0.20681706070899963,0.2,1
sentence-transformers/all-MiniLM-L6-v2,baseline_zh_phrase,中子测量电流,baseline,zh,30,8,43,0.26858365535736084,0.1873224377632141,0.2,1
sentence-transformers/all-MiniLM-L6-v2,baseline_zh_phrase,中子测量电流,baseline,zh,30,9,43,0.26858365535736084,0.20681706070899963,0.2,1
sentence-transformers/all-MiniLM-L6-v2,baseline_zh_phrase,中子测量电流,baseline,zh,35,0,48,0.26858365535736084,0.1860283464193344,0.2,1
sentence-transformers/all-MiniLM-L6-v2,baseline_zh_phrase,中子测量电流,baseline,zh,35,1,48,0.26858365535736084,0.20681706070899963,0.2,1
sentence-transformers/all-MiniLM-L6-v2,baseline_zh_phrase,中子测量电流,baseline,zh,35,2,48,0.26858365535736084,0.20681706070899963,0.2,1
sentence-transformers/all-MiniLM-L6-v2,baseline_zh_phrase,中子测量电流,baseline,zh,35,3,48,0.26858365535736084,0.17117339372634888,0.3,1
sentence-transformers/all-MiniLM-L6-v2,baseline_zh_phrase,中子测量电流,baseline,zh,35,4,48,0.26858365535736084,0.2173004150390625,0.2,1
sentence-transformers/all-MiniLM-L6-v2,baseline_zh_phrase,中子测量电流,baseline,zh,35,5,48,0.26858365535736084,0.20672039687633514,0.2,1
sentence-transformers/all-MiniLM-L6-v2,baseline_zh_phrase,中子测量电流,baseline,zh,35,6,48,0.26858365535736084,0.20300087332725525,0.2,1
sentence-transformers/all-MiniLM-L6-v2,baseline_zh_phrase,中子测量电流,baseline,zh,35,7,48,0.26858365535736084,0.20300087332725525,0.2,1
sentence-transformers/all-MiniLM-L6-v2,baseline_zh_phrase,中子测量电流,baseline,zh,35,8,48,0.26858365535736084,0.20681706070899963,0.2,1
sentence-transformers/all-MiniLM-L6-v2,baseline_zh_phrase,中子测量电流,baseline,zh,35,9,48,0.26858365535736084,0.2157585620880127,0.2,1
sentence-transformers/all-MiniLM-L6-v2,baseline_zh_phrase,中子测量电流,baseline,zh,40,0,53,0.26858365535736084,0.2173004150390625,0.2,1
sentence-transformers/all-MiniLM-L6-v2,baseline_zh_phrase,中子测量电流,baseline,zh,40,1,53,0.26858365535736084,0.185978502035141,0.2,1
sentence-transformers/all-MiniLM-L6-v2,baseline_zh_phrase,中子测量电流,baseline,zh,40,2,53,0.26858365535736084,0.2173004150390625,0.2,1
sentence-transformers/all-MiniLM-L6-v2,baseline_zh_phrase,中子测量电流,baseline,zh,40,3,53,0.26858365535736084,0.18663546442985535,0.2,1
sentence-transformers/all-MiniLM-L6-v2,baseline_zh_phrase,中子测量电流,baseline,zh,40,4,53,0.26858365535736084,0.2173004150390625,0.2,1
sentence-transformers/all-MiniLM-L6-v2,baseline_zh_phrase,中子测量电流,baseline,zh,40,5,53,0.26858365535736084,0.2173004150390625,0.2,1
sentence-transformers/all-MiniLM-L6-v2,baseline_zh_phrase,中子测量电流,baseline,zh,40,6,53,0.26858365535736084,0.2173004150390625,0.2,1
sentence-transformers/all-MiniLM-L6-v2,baseline_zh_phrase,中子测量电流,baseline,zh,40,7,53,0.26858365535736084,0.2173004150390625,0.2,1
sentence-transformers/all-MiniLM-L6-v2,baseline_zh_phrase,中子测量电流,baseline,zh,40,8,53,0.26858365535736084,0.2173004150390625,0.2,1
sentence-transformers/all-MiniLM-L6-v2,baseline_zh_phrase,中子测量电流,baseline,zh,40,9,53,0.26858365535736084,0.20681706070899963,0.2,1
sentence-transformers/all-MiniLM-L6-v2,baseline_zh_phrase,中子测量电流,baseline,zh,45,0,58,0.26858365535736084,0.2173004150390625,0.2,1
sentence-transformers/all-MiniLM-L6-v2,baseline_zh_phrase,中子测量电流,baseline,zh,45,1,58,0.26858365535736084,0.2173004150390625,0.2,1
sentence-transformers/all-MiniLM-L6-v2,baseline_zh_phrase,中子测量电流,baseline,zh,45,2,58,0.26858365535736084,0.2173004150390625,0.2,1
sentence-transformers/all-MiniLM-L6-v2,baseline_zh_phrase,中子测量电流,baseline,zh,45,3,58,0.26858365535736084,0.2173004150390625,0.2,1
sentence-transformers/all-MiniLM-L6-v2,baseline_zh_phrase,中子测量电流,baseline,zh,45,4,58,0.26858365535736084,0.2173004150390625,0.2,1
sentence-transformers/all-MiniLM-L6-v2,baseline_zh_phrase,中子测量电流,baseline,zh,45,5,58,0.26858365535736084,0.2173004150390625,0.2,1
sentence-transformers/all-MiniLM-L6-v2,baseline_zh_phrase,中子测量电流,baseline,zh,45,6,58,0.26858365535736084,0.2173004150390625,0.2,1
sentence-transformers/all-MiniLM-L6-v2,baseline_zh_phrase,中子测量电流,baseline,zh,45,7,58,0.26858365535736084,0.20300087332725525,0.2,1
sentence-transformers/all-MiniLM-L6-v2,baseline_zh_phrase,中子测量电流,baseline,zh,45,8,58,0.26858365535736084,0.2173004150390625,0.2,1
sentence-transformers/all-MiniLM-L6-v2,baseline_zh_phrase,中子测量电流,baseline,zh,45,9,58,0.26858365535736084,0.2173004150390625,0.2,1
sentence-transformers/all-MiniLM-L6-v2,baseline_zh_phrase,中子测量电流,baseline,zh,50,0,63,0.26858365535736084,0.2173004150390625,0.2,1
sentence-transformers/all-MiniLM-L6-v2,baseline_zh_phrase,中子测量电流,baseline,zh,50,1,63,0.26858365535736084,0.2173004150390625,0.2,1
sentence-transformers/all-MiniLM-L6-v2,baseline_zh_phrase,中子测量电流,baseline,zh,50,2,63,0.26858365535736084,0.2173004150390625,0.2,1
sentence-transformers/all-MiniLM-L6-v2,baseline_zh_phrase,中子测量电流,baseline,zh,50,3,63,0.26858365535736084,0.2173004150390625,0.2,1
sentence-transformers/all-MiniLM-L6-v2,baseline_zh_phrase,中子测量电流,baseline,zh,50,4,63,0.26858365535736084,0.2157585620880127,0.2,1
sentence-transformers/all-MiniLM-L6-v2,baseline_zh_phrase,中子测量电流,baseline,zh,50,5,63,0.26858365535736084,0.2173004150390625,0.2,1
sentence-transformers/all-MiniLM-L6-v2,baseline_zh_phrase,中子测量电流,baseline,zh,50,6,63,0.26858365535736084,0.2173004150390625,0.2,1
sentence-transformers/all-MiniLM-L6-v2,baseline_zh_phrase,中子测量电流,baseline,zh,50,7,63,0.26858365535736084,0.2173004150390625,0.2,1
sentence-transformers/all-MiniLM-L6-v2,baseline_zh_phrase,中子测量电流,baseline,zh,50,8,63,0.26858365535736084,0.2173004150390625,0.2,1
sentence-transformers/all-MiniLM-L6-v2,baseline_zh_phrase,中子测量电流,baseline,zh,50,9,63,0.26858365535736084,0.2173004150390625,0.2,1
sentence-transformers/all-MiniLM-L6-v2,baseline_zh_phrase,中子测量电流,baseline,zh,51,0,64,0.26858365535736084,0.2173004150390625,0.2,1
sentence-transformers/all-MiniLM-L6-v2,baseline_zh_phrase,中子测量电流,baseline,zh,51,1,64,0.26858365535736084,0.2173004150390625,0.2,1
sentence-transformers/all-MiniLM-L6-v2,baseline_zh_phrase,中子测量电流,baseline,zh,51,2,64,0.26858365535736084,0.2173004150390625,0.2,1
sentence-transformers/all-MiniLM-L6-v2,baseline_zh_phrase,中子测量电流,baseline,zh,51,3,64,0.26858365535736084,0.2173004150390625,0.2,1
sentence-transformers/all-MiniLM-L6-v2,baseline_zh_phrase,中子测量电流,baseline,zh,51,4,64,0.26858365535736084,0.2173004150390625,0.2,1
sentence-transformers/all-MiniLM-L6-v2,baseline_zh_phrase,中子测量电流,baseline,zh,51,5,64,0.26858365535736084,0.2173004150390625,0.2,1
sentence-transformers/all-MiniLM-L6-v2,baseline_zh_phrase,中子测量电流,baseline,zh,51,6,64,0.26858365535736084,0.2173004150390625,0.2,1
sentence-transformers/all-MiniLM-L6-v2,baseline_zh_phrase,中子测量电流,baseline,zh,51,7,64,0.26858365535736084,0.2173004150390625,0.2,1
sentence-transformers/all-MiniLM-L6-v2,baseline_zh_phrase,中子测量电流,baseline,zh,51,8,64,0.26858365535736084,0.2173004150390625,0.2,1
sentence-transformers/all-MiniLM-L6-v2,baseline_zh_phrase,中子测量电流,baseline,zh,51,9,64,0.26858365535736084,0.2173004150390625,0.2,1
sentence-transformers/all-MiniLM-L6-v2,baseline_en_phrase,neutron measurement current,baseline,en,0,0,13,0.5812032222747803,0.5444711446762085,1.0,1
sentence-transformers/all-MiniLM-L6-v2,baseline_en_phrase,neutron measurement current,baseline,en,5,0,18,0.5812032222747803,0.5444711446762085,1.0,1
sentence-transformers/all-MiniLM-L6-v2,baseline_en_phrase,neutron measurement current,baseline,en,5,1,18,0.5812032222747803,0.5444711446762085,1.0,1
sentence-transformers/all-MiniLM-L6-v2,baseline_en_phrase,neutron measurement current,baseline,en,5,2,18,0.5812032222747803,0.5572394132614136,0.7,1
sentence-transformers/all-MiniLM-L6-v2,baseline_en_phrase,neutron measurement current,baseline,en,5,3,18,0.5812032222747803,0.5444711446762085,1.0,1
sentence-transformers/all-MiniLM-L6-v2,baseline_en_phrase,neutron measurement current,baseline,en,5,4,18,0.5812032222747803,0.5590968132019043,0.6,1
sentence-transformers/all-MiniLM-L6-v2,baseline_en_phrase,neutron measurement current,baseline,en,5,5,18,0.598156750202179,0.5777491331100464,0.3,4
sentence-transformers/all-MiniLM-L6-v2,baseline_en_phrase,neutron measurement current,baseline,en,5,6,18,0.5812032222747803,0.5444711446762085,1.0,1
sentence-transformers/all-MiniLM-L6-v2,baseline_en_phrase,neutron measurement current,baseline,en,5,7,18,0.598156750202179,0.5733245611190796,0.4,4
sentence-transformers/all-MiniLM-L6-v2,baseline_en_phrase,neutron measurement current,baseline,en,5,8,18,0.5812032222747803,0.5444711446762085,1.0,1
sentence-transformers/all-MiniLM-L6-v2,baseline_en_phrase,neutron measurement current,baseline,en,5,9,18,0.5812032222747803,0.5444711446762085,1.0,1
sentence-transformers/all-MiniLM-L6-v2,baseline_en_phrase,neutron measurement current,baseline,en,10,0,23,0.6538370847702026,0.5650067925453186,0.7,2
sentence-transformers/all-MiniLM-L6-v2,baseline_en_phrase,neutron measurement current,baseline,en,10,1,23,0.6538370847702026,0.5725740194320679,0.5,2
sentence-transformers/all-MiniLM-L6-v2,baseline_en_phrase,neutron measurement current,baseline,en,10,2,23,0.5812032222747803,0.5618630051612854,0.6,1
sentence-transformers/all-MiniLM-L6-v2,baseline_en_phrase,neutron measurement current,baseline,en,10,3,23,0.5812032222747803,0.5588001012802124,0.6,1
sentence-transformers/all-MiniLM-L6-v2,baseline_en_phrase,neutron measurement current,baseline,en,10,4,23,0.598156750202179,0.5733245611190796,0.4,4
sentence-transformers/all-MiniLM-L6-v2,baseline_en_phrase,neutron measurement current,baseline,en,10,5,23,0.598156750202179,0.5773730874061584,0.3,4
sentence-transformers/all-MiniLM-L6-v2,baseline_en_phrase,neutron measurement current,baseline,en,10,6,23,0.5812032222747803,0.5467780828475952,0.8,1
sentence-transformers/all-MiniLM-L6-v2,baseline_en_phrase,neutron measurement current,baseline,en,10,7,23,0.5812032222747803,0.5703500509262085,0.3,1
sentence-transformers/all-MiniLM-L6-v2,baseline_en_phrase,neutron measurement current,baseline,en,10,8,23,0.5812032222747803,0.5590968132019043,0.6,1
sentence-transformers/all-MiniLM-L6-v2,baseline_en_phrase,neutron measurement current,baseline,en,10,9,23,0.5812032222747803,0.5467780828475952,0.8,1
sentence-transformers/all-MiniLM-L6-v2,baseline_en_phrase,neutron measurement current,baseline,en,15,0,28,0.5812032222747803,0.5590968132019043,0.6,1
sentence-transformers/all-MiniLM-L6-v2,baseline_en_phrase,neutron measurement current,baseline,en,15,1,28,0.6538370847702026,0.588136613368988,0.3,5
sentence-transformers/all-MiniLM-L6-v2,baseline_en_phrase,neutron measurement current,baseline,en,15,2,28,0.5812032222747803,0.5572394132614136,0.7,1
sentence-transformers/all-MiniLM-L6-v2,baseline_en_phrase,neutron measurement current,baseline,en,15,3,28,0.6538370847702026,0.5579564571380615,0.9,2
sentence-transformers/all-MiniLM-L6-v2,baseline_en_phrase,neutron measurement current,baseline,en,15,4,28,0.6538370847702026,0.583463728427887,0.3,5
sentence-transformers/all-MiniLM-L6-v2,baseline_en_phrase,neutron measurement current,baseline,en,15,5,28,0.6538370847702026,0.5579564571380615,0.9,2
sentence-transformers/all-MiniLM-L6-v2,baseline_en_phrase,neutron measurement current,baseline,en,15,6,28,0.6538370847702026,0.5673125982284546,0.5,2
sentence-transformers/all-MiniLM-L6-v2,baseline_en_phrase,neutron measurement current,baseline,en,15,7,28,0.598156750202179,0.5788198709487915,0.3,4
sentence-transformers/all-MiniLM-L6-v2,baseline_en_phrase,neutron measurement current,baseline,en,15,8,28,0.5812032222747803,0.5590968132019043,0.6,1
sentence-transformers/all-MiniLM-L6-v2,baseline_en_phrase,neutron measurement current,baseline,en,15,9,28,0.6538370847702026,0.5856343507766724,0.3,5
sentence-transformers/all-MiniLM-L6-v2,baseline_en_phrase,neutron measurement current,baseline,en,20,0,33,0.598156750202179,0.5773730874061584,0.3,4
sentence-transformers/all-MiniLM-L6-v2,baseline_en_phrase,neutron measurement current,baseline,en,20,1,33,0.598156750202179,0.5777491331100464,0.3,4
sentence-transformers/all-MiniLM-L6-v2,baseline_en_phrase,neutron measurement current,baseline,en,20,2,33,0.598156750202179,0.5759993195533752,0.3,4
sentence-transformers/all-MiniLM-L6-v2,baseline_en_phrase,neutron measurement current,baseline,en,20,3,33,0.6538370847702026,0.5877363681793213,0.3,5
sentence-transformers/all-MiniLM-L6-v2,baseline_en_phrase,neutron measurement current,baseline,en,20,4,33,0.5812032222747803,0.5652474164962769,0.4,1
sentence-transformers/all-MiniLM-L6-v2,baseline_en_phrase,neutron measurement current,baseline,en,20,5,33,0.5812032222747803,0.5633045434951782,0.5,1
sentence-transformers/all-MiniLM-L6-v2,baseline_en_phrase,neutron measurement current,baseline,en,20,6,33,0.598156750202179,0.5774773955345154,0.3,4
sentence-transformers/all-MiniLM-L6-v2,baseline_en_phrase,neutron measurement current,baseline,en,20,7,33,0.6538370847702026,0.584278404712677,0.3,5
sentence-transformers/all-MiniLM-L6-v2,baseline_en_phrase,neutron measurement current,baseline,en,20,8,33,0.5812032222747803,0.5683678388595581,0.4,1
sentence-transformers/all-MiniLM-L6-v2,baseline_en_phrase,neutron measurement current,baseline,en,20,9,33,0.5812032222747803,0.5618630051612854,0.6,1
sentence-transformers/all-MiniLM-L6-v2,baseline_en_phrase,neutron measurement current,baseline,en,25,0,38,0.598156750202179,0.5788198709487915,0.3,4
sentence-transformers/all-MiniLM-L6-v2,baseline_en_phrase,neutron measurement current,baseline,en,25,1,38,0.598156750202179,0.5773730874061584,0.3,4
sentence-transformers/all-MiniLM-L6-v2,baseline_en_phrase,neutron measurement current,baseline,en,25,2,38,0.6538370847702026,0.577255368232727,0.3,2
sentence-transformers/all-MiniLM-L6-v2,baseline_en_phrase,neutron measurement current,baseline,en,25,3,38,0.598156750202179,0.5746432542800903,0.3,4
sentence-transformers/all-MiniLM-L6-v2,baseline_en_phrase,neutron measurement current,baseline,en,25,4,38,0.6538370847702026,0.5870064496994019,0.3,5
sentence-transformers/all-MiniLM-L6-v2,baseline_en_phrase,neutron measurement current,baseline,en,25,5,38,0.5812032222747803,0.5685253739356995,0.4,1
sentence-transformers/all-MiniLM-L6-v2,baseline_en_phrase,neutron measurement current,baseline,en,25,6,38,0.5812032222747803,0.5497995615005493,0.9,1
sentence-transformers/all-MiniLM-L6-v2,baseline_en_phrase,neutron measurement current,baseline,en,25,7,38,0.6538370847702026,0.577255368232727,0.3,2
sentence-transformers/all-MiniLM-L6-v2,baseline_en_phrase,neutron measurement current,baseline,en,25,8,38,0.6538370847702026,0.5871107578277588,0.3,5
sentence-transformers/all-MiniLM-L6-v2,baseline_en_phrase,neutron measurement current,baseline,en,25,9,38,0.6538370847702026,0.5631020069122314,0.8,2
sentence-transformers/all-MiniLM-L6-v2,baseline_en_phrase,neutron measurement current,baseline,en,30,0,43,0.6538370847702026,0.588136613368988,0.3,5
sentence-transformers/all-MiniLM-L6-v2,baseline_en_phrase,neutron measurement current,baseline,en,30,1,43,0.598156750202179,0.5788198709487915,0.3,4
sentence-transformers/all-MiniLM-L6-v2,baseline_en_phrase,neutron measurement current,baseline,en,30,2,43,0.598156750202179,0.5788793563842773,0.3,4
sentence-transformers/all-MiniLM-L6-v2,baseline_en_phrase,neutron measurement current,baseline,en,30,3,43,0.598156750202179,0.5795794129371643,0.3,4
sentence-transformers/all-MiniLM-L6-v2,baseline_en_phrase,neutron measurement current,baseline,en,30,4,43,0.598156750202179,0.57612144947052,0.3,4
sentence-transformers/all-MiniLM-L6-v2,baseline_en_phrase,neutron measurement current,baseline,en,30,5,43,0.6538370847702026,0.5800504088401794,0.3,2
sentence-transformers/all-MiniLM-L6-v2,baseline_en_phrase,neutron measurement current,baseline,en,30,6,43,0.6538370847702026,0.5877363681793213,0.3,5
sentence-transformers/all-MiniLM-L6-v2,baseline_en_phrase,neutron measurement current,baseline,en,30,7,43,0.598156750202179,0.5795794129371643,0.3,4
sentence-transformers/all-MiniLM-L6-v2,baseline_en_phrase,neutron measurement current,baseline,en,30,8,43,0.598156750202179,0.5778534412384033,0.3,4
sentence-transformers/all-MiniLM-L6-v2,baseline_en_phrase,neutron measurement current,baseline,en,30,9,43,0.6538370847702026,0.5716056227684021,0.4,2
sentence-transformers/all-MiniLM-L6-v2,baseline_en_phrase,neutron measurement current,baseline,en,35,0,48,0.6538370847702026,0.5871107578277588,0.3,5
sentence-transformers/all-MiniLM-L6-v2,baseline_en_phrase,neutron measurement current,baseline,en,35,1,48,0.6538370847702026,0.5877363681793213,0.3,5
sentence-transformers/all-MiniLM-L6-v2,baseline_en_phrase,neutron measurement current,baseline,en,35,2,48,0.6538370847702026,0.583463728427887,0.3,5
sentence-transformers/all-MiniLM-L6-v2,baseline_en_phrase,neutron measurement current,baseline,en,35,3,48,0.5812032222747803,0.5671162009239197,0.4,1
sentence-transformers/all-MiniLM-L6-v2,baseline_en_phrase,neutron measurement current,baseline,en,35,4,48,0.5812032222747803,0.5630078911781311,0.5,1
sentence-transformers/all-MiniLM-L6-v2,baseline_en_phrase,neutron measurement current,baseline,en,35,5,48,0.6538370847702026,0.5789202451705933,0.3,2
sentence-transformers/all-MiniLM-L6-v2,baseline_en_phrase,neutron measurement current,baseline,en,35,6,48,0.6538370847702026,0.588141143321991,0.3,5
sentence-transformers/all-MiniLM-L6-v2,baseline_en_phrase,neutron measurement current,baseline,en,35,7,48,0.6538370847702026,0.5857547521591187,0.3,5
sentence-transformers/all-MiniLM-L6-v2,baseline_en_phrase,neutron measurement current,baseline,en,35,8,48,0.598156750202179,0.5795794129371643,0.3,4
sentence-transformers/all-MiniLM-L6-v2,baseline_en_phrase,neutron measurement current,baseline,en,35,9,48,0.6538370847702026,0.577255368232727,0.3,2
sentence-transformers/all-MiniLM-L6-v2,baseline_en_phrase,neutron measurement current,baseline,en,40,0,53,0.5812032222747803,0.5693477392196655,0.3,1
sentence-transformers/all-MiniLM-L6-v2,baseline_en_phrase,neutron measurement current,baseline,en,40,1,53,0.6538370847702026,0.588141143321991,0.3,5
sentence-transformers/all-MiniLM-L6-v2,baseline_en_phrase,neutron measurement current,baseline,en,40,2,53,0.6538370847702026,0.588136613368988,0.3,5
sentence-transformers/all-MiniLM-L6-v2,baseline_en_phrase,neutron measurement current,baseline,en,40,3,53,0.598156750202179,0.5788793563842773,0.3,4
sentence-transformers/all-MiniLM-L6-v2,baseline_en_phrase,neutron measurement current,baseline,en,40,4,53,0.5812032222747803,0.5707632303237915,0.3,1
sentence-transformers/all-MiniLM-L6-v2,baseline_en_phrase,neutron measurement current,baseline,en,40,5,53,0.6538370847702026,0.588141143321991,0.3,5
sentence-transformers/all-MiniLM-L6-v2,baseline_en_phrase,neutron measurement current,baseline,en,40,6,53,0.6538370847702026,0.588141143321991,0.3,5
sentence-transformers/all-MiniLM-L6-v2,baseline_en_phrase,neutron measurement current,baseline,en,40,7,53,0.6538370847702026,0.5877363681793213,0.3,5
sentence-transformers/all-MiniLM-L6-v2,baseline_en_phrase,neutron measurement current,baseline,en,40,8,53,0.598156750202179,0.5778534412384033,0.3,4
sentence-transformers/all-MiniLM-L6-v2,baseline_en_phrase,neutron measurement current,baseline,en,40,9,53,0.6538370847702026,0.5800504088401794,0.3,2
sentence-transformers/all-MiniLM-L6-v2,baseline_en_phrase,neutron measurement current,baseline,en,45,0,58,0.6538370847702026,0.588141143321991,0.3,5
sentence-transformers/all-MiniLM-L6-v2,baseline_en_phrase,neutron measurement current,baseline,en,45,1,58,0.6538370847702026,0.588141143321991,0.3,5
sentence-transformers/all-MiniLM-L6-v2,baseline_en_phrase,neutron measurement current,baseline,en,45,2,58,0.6538370847702026,0.5877363681793213,0.3,5
sentence-transformers/all-MiniLM-L6-v2,baseline_en_phrase,neutron measurement current,baseline,en,45,3,58,0.6538370847702026,0.588141143321991,0.3,5
sentence-transformers/all-MiniLM-L6-v2,baseline_en_phrase,neutron measurement current,baseline,en,45,4,58,0.6538370847702026,0.5870363116264343,0.3,5
sentence-transformers/all-MiniLM-L6-v2,baseline_en_phrase,neutron measurement current,baseline,en,45,5,58,0.6538370847702026,0.588141143321991,0.3,5
sentence-transformers/all-MiniLM-L6-v2,baseline_en_phrase,neutron measurement current,baseline,en,45,6,58,0.6538370847702026,0.588141143321991,0.3,5
sentence-transformers/all-MiniLM-L6-v2,baseline_en_phrase,neutron measurement current,baseline,en,45,7,58,0.6538370847702026,0.588136613368988,0.3,5
sentence-transformers/all-MiniLM-L6-v2,baseline_en_phrase,neutron measurement current,baseline,en,45,8,58,0.6538370847702026,0.588141143321991,0.3,5
sentence-transformers/all-MiniLM-L6-v2,baseline_en_phrase,neutron measurement current,baseline,en,45,9,58,0.598156750202179,0.5795794129371643,0.3,4
sentence-transformers/all-MiniLM-L6-v2,baseline_en_phrase,neutron measurement current,baseline,en,50,0,63,0.6538370847702026,0.588141143321991,0.3,5
sentence-transformers/all-MiniLM-L6-v2,baseline_en_phrase,neutron measurement current,baseline,en,50,1,63,0.6538370847702026,0.588141143321991,0.3,5
sentence-transformers/all-MiniLM-L6-v2,baseline_en_phrase,neutron measurement current,baseline,en,50,2,63,0.6538370847702026,0.588136613368988,0.3,5
sentence-transformers/all-MiniLM-L6-v2,baseline_en_phrase,neutron measurement current,baseline,en,50,3,63,0.6538370847702026,0.588141143321991,0.3,5
sentence-transformers/all-MiniLM-L6-v2,baseline_en_phrase,neutron measurement current,baseline,en,50,4,63,0.6538370847702026,0.588141143321991,0.3,5
sentence-transformers/all-MiniLM-L6-v2,baseline_en_phrase,neutron measurement current,baseline,en,50,5,63,0.6538370847702026,0.588141143321991,0.3,5
sentence-transformers/all-MiniLM-L6-v2,baseline_en_phrase,neutron measurement current,baseline,en,50,6,63,0.6538370847702026,0.5800504088401794,0.3,2
sentence-transformers/all-MiniLM-L6-v2,baseline_en_phrase,neutron measurement current,baseline,en,50,7,63,0.6538370847702026,0.5877363681793213,0.3,5
sentence-transformers/all-MiniLM-L6-v2,baseline_en_phrase,neutron measurement current,baseline,en,50,8,63,0.6538370847702026,0.588141143321991,0.3,5
sentence-transformers/all-MiniLM-L6-v2,baseline_en_phrase,neutron measurement current,baseline,en,50,9,63,0.6538370847702026,0.588141143321991,0.3,5
sentence-transformers/all-MiniLM-L6-v2,baseline_en_phrase,neutron measurement current,baseline,en,51,0,64,0.6538370847702026,0.588141143321991,0.3,5
sentence-transformers/all-MiniLM-L6-v2,baseline_en_phrase,neutron measurement current,baseline,en,51,1,64,0.6538370847702026,0.588141143321991,0.3,5
sentence-transformers/all-MiniLM-L6-v2,baseline_en_phrase,neutron measurement current,baseline,en,51,2,64,0.6538370847702026,0.588141143321991,0.3,5
sentence-transformers/all-MiniLM-L6-v2,baseline_en_phrase,neutron measurement current,baseline,en,51,3,64,0.6538370847702026,0.588141143321991,0.3,5
sentence-transformers/all-MiniLM-L6-v2,baseline_en_phrase,neutron measurement current,baseline,en,51,4,64,0.6538370847702026,0.588141143321991,0.3,5
sentence-transformers/all-MiniLM-L6-v2,baseline_en_phrase,neutron measurement current,baseline,en,51,5,64,0.6538370847702026,0.588141143321991,0.3,5
sentence-transformers/all-MiniLM-L6-v2,baseline_en_phrase,neutron measurement current,baseline,en,51,6,64,0.6538370847702026,0.588141143321991,0.3,5
sentence-transformers/all-MiniLM-L6-v2,baseline_en_phrase,neutron measurement current,baseline,en,51,7,64,0.6538370847702026,0.588141143321991,0.3,5
sentence-transformers/all-MiniLM-L6-v2,baseline_en_phrase,neutron measurement current,baseline,en,51,8,64,0.6538370847702026,0.588141143321991,0.3,5
sentence-transformers/all-MiniLM-L6-v2,baseline_en_phrase,neutron measurement current,baseline,en,51,9,64,0.6538370847702026,0.588141143321991,0.3,5
sentence-transformers/all-MiniLM-L6-v2,obs_spike_en,neutron current measurement repeated spike events,observation_derived,en,0,0,13,0.5255295038223267,0.49352508783340454,1.0,1
sentence-transformers/all-MiniLM-L6-v2,obs_spike_en,neutron current measurement repeated spike events,observation_derived,en,5,0,18,0.5724095106124878,0.5311877131462097,0.3,6
sentence-transformers/all-MiniLM-L6-v2,obs_spike_en,neutron current measurement repeated spike events,observation_derived,en,5,1,18,0.5255295038223267,0.49607402086257935,0.8,1
sentence-transformers/all-MiniLM-L6-v2,obs_spike_en,neutron current measurement repeated spike events,observation_derived,en,5,2,18,0.5255295038223267,0.49672016501426697,0.7,1
sentence-transformers/all-MiniLM-L6-v2,obs_spike_en,neutron current measurement repeated spike events,observation_derived,en,5,3,18,0.5255295038223267,0.49352508783340454,1.0,1
sentence-transformers/all-MiniLM-L6-v2,obs_spike_en,neutron current measurement repeated spike events,observation_derived,en,5,4,18,0.5724095106124878,0.5314384698867798,0.3,6
sentence-transformers/all-MiniLM-L6-v2,obs_spike_en,neutron current measurement repeated spike events,observation_derived,en,5,5,18,0.5255295038223267,0.49352508783340454,1.0,1
sentence-transformers/all-MiniLM-L6-v2,obs_spike_en,neutron current measurement repeated spike events,observation_derived,en,5,6,18,0.5255295038223267,0.49819451570510864,0.6,1
sentence-transformers/all-MiniLM-L6-v2,obs_spike_en,neutron current measurement repeated spike events,observation_derived,en,5,7,18,0.5255295038223267,0.49352508783340454,1.0,1
sentence-transformers/all-MiniLM-L6-v2,obs_spike_en,neutron current measurement repeated spike events,observation_derived,en,5,8,18,0.5390523076057434,0.506474494934082,0.6,2
sentence-transformers/all-MiniLM-L6-v2,obs_spike_en,neutron current measurement repeated spike events,observation_derived,en,5,9,18,0.5255295038223267,0.49352508783340454,1.0,1
sentence-transformers/all-MiniLM-L6-v2,obs_spike_en,neutron current measurement repeated spike events,observation_derived,en,10,0,23,0.5724095106124878,0.5294186472892761,0.3,5
sentence-transformers/all-MiniLM-L6-v2,obs_spike_en,neutron current measurement repeated spike events,observation_derived,en,10,1,23,0.5334054231643677,0.5020053386688232,0.6,2
sentence-transformers/all-MiniLM-L6-v2,obs_spike_en,neutron current measurement repeated spike events,observation_derived,en,10,2,23,0.5255295038223267,0.5067933201789856,0.4,1
sentence-transformers/all-MiniLM-L6-v2,obs_spike_en,neutron current measurement repeated spike events,observation_derived,en,10,3,23,0.5390523076057434,0.5154751539230347,0.4,3
sentence-transformers/all-MiniLM-L6-v2,obs_spike_en,neutron current measurement repeated spike events,observation_derived,en,10,4,23,0.5255295038223267,0.5013312697410583,0.6,1
sentence-transformers/all-MiniLM-L6-v2,obs_spike_en,neutron current measurement repeated spike events,observation_derived,en,10,5,23,0.5255295038223267,0.4977385997772217,0.6,1
sentence-transformers/all-MiniLM-L6-v2,obs_spike_en,neutron current measurement repeated spike events,observation_derived,en,10,6,23,0.5255295038223267,0.5026148557662964,0.6,1
sentence-transformers/all-MiniLM-L6-v2,obs_spike_en,neutron current measurement repeated spike events,observation_derived,en,10,7,23,0.5255295038223267,0.4967232644557953,0.7,1
sentence-transformers/all-MiniLM-L6-v2,obs_spike_en,neutron current measurement repeated spike events,observation_derived,en,10,8,23,0.5255295038223267,0.4977779984474182,0.9,1
sentence-transformers/all-MiniLM-L6-v2,obs_spike_en,neutron current measurement repeated spike events,observation_derived,en,10,9,23,0.5724095106124878,0.5291978716850281,0.3,5
sentence-transformers/all-MiniLM-L6-v2,obs_spike_en,neutron current measurement repeated spike events,observation_derived,en,15,0,28,0.5724095106124878,0.5325647592544556,0.3,6
sentence-transformers/all-MiniLM-L6-v2,obs_spike_en,neutron current measurement repeated spike events,observation_derived,en,15,1,28,0.5724095106124878,0.5291978716850281,0.3,5
sentence-transformers/all-MiniLM-L6-v2,obs_spike_en,neutron current measurement repeated spike events,observation_derived,en,15,2,28,0.5724095106124878,0.5314384698867798,0.3,6
sentence-transformers/all-MiniLM-L6-v2,obs_spike_en,neutron current measurement repeated spike events,observation_derived,en,15,3,28,0.5390523076057434,0.5171643495559692,0.4,3
sentence-transformers/all-MiniLM-L6-v2,obs_spike_en,neutron current measurement repeated spike events,observation_derived,en,15,4,28,0.5255295038223267,0.5015321969985962,0.5,1
sentence-transformers/all-MiniLM-L6-v2,obs_spike_en,neutron current measurement repeated spike events,observation_derived,en,15,5,28,0.5390523076057434,0.5109731554985046,0.5,2
sentence-transformers/all-MiniLM-L6-v2,obs_spike_en,neutron current measurement repeated spike events,observation_derived,en,15,6,28,0.5255295038223267,0.49896517395973206,0.8,1
sentence-transformers/all-MiniLM-L6-v2,obs_spike_en,neutron current measurement repeated spike events,observation_derived,en,15,7,28,0.5255295038223267,0.5062695741653442,0.4,1
sentence-transformers/all-MiniLM-L6-v2,obs_spike_en,neutron current measurement repeated spike events,observation_derived,en,15,8,28,0.5724095106124878,0.5298077464103699,0.2,5
sentence-transformers/all-MiniLM-L6-v2,obs_spike_en,neutron current measurement repeated spike events,observation_derived,en,15,9,28,0.5334054231643677,0.5014839768409729,0.7,2
sentence-transformers/all-MiniLM-L6-v2,obs_spike_en,neutron current measurement repeated spike events,observation_derived,en,20,0,33,0.5724095106124878,0.5291978716850281,0.3,5
sentence-transformers/all-MiniLM-L6-v2,obs_spike_en,neutron current measurement repeated spike events,observation_derived,en,20,1,33,0.5255295038223267,0.5085476636886597,0.4,1
sentence-transformers/all-MiniLM-L6-v2,obs_spike_en,neutron current measurement repeated spike events,observation_derived,en,20,2,33,0.5390523076057434,0.5172504186630249,0.3,3
sentence-transformers/all-MiniLM-L6-v2,obs_spike_en,neutron current measurement repeated spike events,observation_derived,en,20,3,33,0.5255295038223267,0.5013312697410583,0.6,1
sentence-transformers/all-MiniLM-L6-v2,obs_spike_en,neutron current measurement repeated spike events,observation_derived,en,20,4,33,0.5334054231643677,0.5091161727905273,0.4,2
sentence-transformers/all-MiniLM-L6-v2,obs_spike_en,neutron current measurement repeated spike events,observation_derived,en,20,5,33,0.5724095106124878,0.5291978716850281,0.3,5
sentence-transformers/all-MiniLM-L6-v2,obs_spike_en,neutron current measurement repeated spike events,observation_derived,en,20,6,33,0.5255295038223267,0.5002275705337524,0.6,1
sentence-transformers/all-MiniLM-L6-v2,obs_spike_en,neutron current measurement repeated spike events,observation_derived,en,20,7,33,0.5255295038223267,0.5039812922477722,0.5,1
sentence-transformers/all-MiniLM-L6-v2,obs_spike_en,neutron current measurement repeated spike events,observation_derived,en,20,8,33,0.5724095106124878,0.5297147035598755,0.3,5
sentence-transformers/all-MiniLM-L6-v2,obs_spike_en,neutron current measurement repeated spike events,observation_derived,en,20,9,33,0.5724095106124878,0.5334553718566895,0.2,6
sentence-transformers/all-MiniLM-L6-v2,obs_spike_en,neutron current measurement repeated spike events,observation_derived,en,25,0,38,0.5724095106124878,0.5329059958457947,0.2,6
sentence-transformers/all-MiniLM-L6-v2,obs_spike_en,neutron current measurement repeated spike events,observation_derived,en,25,1,38,0.5724095106124878,0.5323291420936584,0.2,6
sentence-transformers/all-MiniLM-L6-v2,obs_spike_en,neutron current measurement repeated spike events,observation_derived,en,25,2,38,0.5390523076057434,0.5135089159011841,0.3,2
sentence-transformers/all-MiniLM-L6-v2,obs_spike_en,neutron current measurement repeated spike events,observation_derived,en,25,3,38,0.5255295038223267,0.5074045658111572,0.4,1
sentence-transformers/all-MiniLM-L6-v2,obs_spike_en,neutron current measurement repeated spike events,observation_derived,en,25,4,38,0.5390523076057434,0.5151917934417725,0.4,3
sentence-transformers/all-MiniLM-L6-v2,obs_spike_en,neutron current measurement repeated spike events,observation_derived,en,25,5,38,0.5334054231643677,0.5128487348556519,0.3,2
sentence-transformers/all-MiniLM-L6-v2,obs_spike_en,neutron current measurement repeated spike events,observation_derived,en,25,6,38,0.5390523076057434,0.5191007852554321,0.3,3
sentence-transformers/all-MiniLM-L6-v2,obs_spike_en,neutron current measurement repeated spike events,observation_derived,en,25,7,38,0.5334054231643677,0.5122718214988708,0.3,2
sentence-transformers/all-MiniLM-L6-v2,obs_spike_en,neutron current measurement repeated spike events,observation_derived,en,25,8,38,0.5724095106124878,0.5298077464103699,0.2,5
sentence-transformers/all-MiniLM-L6-v2,obs_spike_en,neutron current measurement repeated spike events,observation_derived,en,25,9,38,0.5724095106124878,0.5317045450210571,0.3,6
sentence-transformers/all-MiniLM-L6-v2,obs_spike_en,neutron current measurement repeated spike events,observation_derived,en,30,0,43,0.5724095106124878,0.5357118248939514,0.2,7
sentence-transformers/all-MiniLM-L6-v2,obs_spike_en,neutron current measurement repeated spike events,observation_derived,en,30,1,43,0.5390523076057434,0.5164045095443726,0.3,2
sentence-transformers/all-MiniLM-L6-v2,obs_spike_en,neutron current measurement repeated spike events,observation_derived,en,30,2,43,0.5724095106124878,0.5323744416236877,0.2,6
sentence-transformers/all-MiniLM-L6-v2,obs_spike_en,neutron current measurement repeated spike events,observation_derived,en,30,3,43,0.5390523076057434,0.5184267163276672,0.3,3
sentence-transformers/all-MiniLM-L6-v2,obs_spike_en,neutron current measurement repeated spike events,observation_derived,en,30,4,43,0.5390523076057434,0.5161260962486267,0.3,2
sentence-transformers/all-MiniLM-L6-v2,obs_spike_en,neutron current measurement repeated spike events,observation_derived,en,30,5,43,0.5724095106124878,0.5357118248939514,0.2,7
sentence-transformers/all-MiniLM-L6-v2,obs_spike_en,neutron current measurement repeated spike events,observation_derived,en,30,6,43,0.5390523076057434,0.5150485634803772,0.3,2
sentence-transformers/all-MiniLM-L6-v2,obs_spike_en,neutron current measurement repeated spike events,observation_derived,en,30,7,43,0.5724095106124878,0.5334553718566895,0.2,6
sentence-transformers/all-MiniLM-L6-v2,obs_spike_en,neutron current measurement repeated spike events,observation_derived,en,30,8,43,0.5724095106124878,0.5332346558570862,0.2,6
sentence-transformers/all-MiniLM-L6-v2,obs_spike_en,neutron current measurement repeated spike events,observation_derived,en,30,9,43,0.5724095106124878,0.5323744416236877,0.2,6
sentence-transformers/all-MiniLM-L6-v2,obs_spike_en,neutron current measurement repeated spike events,observation_derived,en,35,0,48,0.5724095106124878,0.5330826044082642,0.2,6
sentence-transformers/all-MiniLM-L6-v2,obs_spike_en,neutron current measurement repeated spike events,observation_derived,en,35,1,48,0.5724095106124878,0.5359479188919067,0.2,7
sentence-transformers/all-MiniLM-L6-v2,obs_spike_en,neutron current measurement repeated spike events,observation_derived,en,35,2,48,0.5724095106124878,0.5299354791641235,0.3,5
sentence-transformers/all-MiniLM-L6-v2,obs_spike_en,neutron current measurement repeated spike events,observation_derived,en,35,3,48,0.5390523076057434,0.5187050700187683,0.3,3
sentence-transformers/all-MiniLM-L6-v2,obs_spike_en,neutron current measurement repeated spike events,observation_derived,en,35,4,48,0.5724095106124878,0.5359479188919067,0.2,7
sentence-transformers/all-MiniLM-L6-v2,obs_spike_en,neutron current measurement repeated spike events,observation_derived,en,35,5,48,0.5390523076057434,0.5151917934417725,0.4,3
sentence-transformers/all-MiniLM-L6-v2,obs_spike_en,neutron current measurement repeated spike events,observation_derived,en,35,6,48,0.5390523076057434,0.5191007852554321,0.3,3
sentence-transformers/all-MiniLM-L6-v2,obs_spike_en,neutron current measurement repeated spike events,observation_derived,en,35,7,48,0.5724095106124878,0.5357118248939514,0.2,7
sentence-transformers/all-MiniLM-L6-v2,obs_spike_en,neutron current measurement repeated spike events,observation_derived,en,35,8,48,0.5390523076057434,0.5144038200378418,0.3,2
sentence-transformers/all-MiniLM-L6-v2,obs_spike_en,neutron current measurement repeated spike events,observation_derived,en,35,9,48,0.5390523076057434,0.5184267163276672,0.3,3
sentence-transformers/all-MiniLM-L6-v2,obs_spike_en,neutron current measurement repeated spike events,observation_derived,en,40,0,53,0.5724095106124878,0.5359326004981995,0.2,7
sentence-transformers/all-MiniLM-L6-v2,obs_spike_en,neutron current measurement repeated spike events,observation_derived,en,40,1,53,0.5724095106124878,0.5359326004981995,0.2,7
sentence-transformers/all-MiniLM-L6-v2,obs_spike_en,neutron current measurement repeated spike events,observation_derived,en,40,2,53,0.5724095106124878,0.5359326004981995,0.2,7
sentence-transformers/all-MiniLM-L6-v2,obs_spike_en,neutron current measurement repeated spike events,observation_derived,en,40,3,53,0.5724095106124878,0.5359479188919067,0.2,7
sentence-transformers/all-MiniLM-L6-v2,obs_spike_en,neutron current measurement repeated spike events,observation_derived,en,40,4,53,0.5724095106124878,0.5325952172279358,0.2,6
sentence-transformers/all-MiniLM-L6-v2,obs_spike_en,neutron current measurement repeated spike events,observation_derived,en,40,5,53,0.5724095106124878,0.5357118248939514,0.2,7
sentence-transformers/all-MiniLM-L6-v2,obs_spike_en,neutron current measurement repeated spike events,observation_derived,en,40,6,53,0.5724095106124878,0.5359326004981995,0.2,7
sentence-transformers/all-MiniLM-L6-v2,obs_spike_en,neutron current measurement repeated spike events,observation_derived,en,40,7,53,0.5724095106124878,0.5359479188919067,0.2,7
sentence-transformers/all-MiniLM-L6-v2,obs_spike_en,neutron current measurement repeated spike events,observation_derived,en,40,8,53,0.5724095106124878,0.5357118248939514,0.2,7
sentence-transformers/all-MiniLM-L6-v2,obs_spike_en,neutron current measurement repeated spike events,observation_derived,en,40,9,53,0.5724095106124878,0.5329059958457947,0.2,6
sentence-transformers/all-MiniLM-L6-v2,obs_spike_en,neutron current measurement repeated spike events,observation_derived,en,45,0,58,0.5724095106124878,0.5339427590370178,0.2,6
sentence-transformers/all-MiniLM-L6-v2,obs_spike_en,neutron current measurement repeated spike events,observation_derived,en,45,1,58,0.5724095106124878,0.5359326004981995,0.2,7
sentence-transformers/all-MiniLM-L6-v2,obs_spike_en,neutron current measurement repeated spike events,observation_derived,en,45,2,58,0.5724095106124878,0.5339427590370178,0.2,6
sentence-transformers/all-MiniLM-L6-v2,obs_spike_en,neutron current measurement repeated spike events,observation_derived,en,45,3,58,0.5724095106124878,0.5359479188919067,0.2,7
sentence-transformers/all-MiniLM-L6-v2,obs_spike_en,neutron current measurement repeated spike events,observation_derived,en,45,4,58,0.5724095106124878,0.5359479188919067,0.2,7
sentence-transformers/all-MiniLM-L6-v2,obs_spike_en,neutron current measurement repeated spike events,observation_derived,en,45,5,58,0.5724095106124878,0.5359479188919067,0.2,7
sentence-transformers/all-MiniLM-L6-v2,obs_spike_en,neutron current measurement repeated spike events,observation_derived,en,45,6,58,0.5724095106124878,0.5359326004981995,0.2,7
sentence-transformers/all-MiniLM-L6-v2,obs_spike_en,neutron current measurement repeated spike events,observation_derived,en,45,7,58,0.5724095106124878,0.5359479188919067,0.2,7
sentence-transformers/all-MiniLM-L6-v2,obs_spike_en,neutron current measurement repeated spike events,observation_derived,en,45,8,58,0.5724095106124878,0.5359326004981995,0.2,7
sentence-transformers/all-MiniLM-L6-v2,obs_spike_en,neutron current measurement repeated spike events,observation_derived,en,45,9,58,0.5724095106124878,0.5359479188919067,0.2,7
sentence-transformers/all-MiniLM-L6-v2,obs_spike_en,neutron current measurement repeated spike events,observation_derived,en,50,0,63,0.5724095106124878,0.5359479188919067,0.2,7
sentence-transformers/all-MiniLM-L6-v2,obs_spike_en,neutron current measurement repeated spike events,observation_derived,en,50,1,63,0.5724095106124878,0.5359479188919067,0.2,7
sentence-transformers/all-MiniLM-L6-v2,obs_spike_en,neutron current measurement repeated spike events,observation_derived,en,50,2,63,0.5724095106124878,0.5359479188919067,0.2,7
sentence-transformers/all-MiniLM-L6-v2,obs_spike_en,neutron current measurement repeated spike events,observation_derived,en,50,3,63,0.5724095106124878,0.5359479188919067,0.2,7
sentence-transformers/all-MiniLM-L6-v2,obs_spike_en,neutron current measurement repeated spike events,observation_derived,en,50,4,63,0.5724095106124878,0.5359479188919067,0.2,7
sentence-transformers/all-MiniLM-L6-v2,obs_spike_en,neutron current measurement repeated spike events,observation_derived,en,50,5,63,0.5724095106124878,0.5359479188919067,0.2,7
sentence-transformers/all-MiniLM-L6-v2,obs_spike_en,neutron current measurement repeated spike events,observation_derived,en,50,6,63,0.5724095106124878,0.5359479188919067,0.2,7
sentence-transformers/all-MiniLM-L6-v2,obs_spike_en,neutron current measurement repeated spike events,observation_derived,en,50,7,63,0.5724095106124878,0.5359479188919067,0.2,7
sentence-transformers/all-MiniLM-L6-v2,obs_spike_en,neutron current measurement repeated spike events,observation_derived,en,50,8,63,0.5724095106124878,0.5359479188919067,0.2,7
sentence-transformers/all-MiniLM-L6-v2,obs_spike_en,neutron current measurement repeated spike events,observation_derived,en,50,9,63,0.5724095106124878,0.5359479188919067,0.2,7
sentence-transformers/all-MiniLM-L6-v2,obs_spike_en,neutron current measurement repeated spike events,observation_derived,en,51,0,64,0.5724095106124878,0.5359479188919067,0.2,7
sentence-transformers/all-MiniLM-L6-v2,obs_spike_en,neutron current measurement repeated spike events,observation_derived,en,51,1,64,0.5724095106124878,0.5359479188919067,0.2,7
sentence-transformers/all-MiniLM-L6-v2,obs_spike_en,neutron current measurement repeated spike events,observation_derived,en,51,2,64,0.5724095106124878,0.5359479188919067,0.2,7
sentence-transformers/all-MiniLM-L6-v2,obs_spike_en,neutron current measurement repeated spike events,observation_derived,en,51,3,64,0.5724095106124878,0.5359479188919067,0.2,7
sentence-transformers/all-MiniLM-L6-v2,obs_spike_en,neutron current measurement repeated spike events,observation_derived,en,51,4,64,0.5724095106124878,0.5359479188919067,0.2,7
sentence-transformers/all-MiniLM-L6-v2,obs_spike_en,neutron current measurement repeated spike events,observation_derived,en,51,5,64,0.5724095106124878,0.5359479188919067,0.2,7
sentence-transformers/all-MiniLM-L6-v2,obs_spike_en,neutron current measurement repeated spike events,observation_derived,en,51,6,64,0.5724095106124878,0.5359479188919067,0.2,7
sentence-transformers/all-MiniLM-L6-v2,obs_spike_en,neutron current measurement repeated spike events,observation_derived,en,51,7,64,0.5724095106124878,0.5359479188919067,0.2,7
sentence-transformers/all-MiniLM-L6-v2,obs_spike_en,neutron current measurement repeated spike events,observation_derived,en,51,8,64,0.5724095106124878,0.5359479188919067,0.2,7
sentence-transformers/all-MiniLM-L6-v2,obs_spike_en,neutron current measurement repeated spike events,observation_derived,en,51,9,64,0.5724095106124878,0.5359479188919067,0.2,7
sentence-transformers/all-MiniLM-L6-v2,obs_spike_zh,中子电流测量重复尖峰事件,observation_derived,zh,0,0,13,0.24540871381759644,0.1746310293674469,1.0,1
sentence-transformers/all-MiniLM-L6-v2,obs_spike_zh,中子电流测量重复尖峰事件,observation_derived,zh,5,0,18,0.24540871381759644,0.17805668711662292,0.8,1
sentence-transformers/all-MiniLM-L6-v2,obs_spike_zh,中子电流测量重复尖峰事件,observation_derived,zh,5,1,18,0.24540871381759644,0.18335039913654327,0.7,1
sentence-transformers/all-MiniLM-L6-v2,obs_spike_zh,中子电流测量重复尖峰事件,observation_derived,zh,5,2,18,0.24540871381759644,0.17518803477287292,0.9,1
sentence-transformers/all-MiniLM-L6-v2,obs_spike_zh,中子电流测量重复尖峰事件,observation_derived,zh,5,3,18,0.24540871381759644,0.1753532588481903,0.9,1
sentence-transformers/all-MiniLM-L6-v2,obs_spike_zh,中子电流测量重复尖峰事件,observation_derived,zh,5,4,18,0.24540871381759644,0.1911861151456833,0.5,1
sentence-transformers/all-MiniLM-L6-v2,obs_spike_zh,中子电流测量重复尖峰事件,observation_derived,zh,5,5,18,0.24540871381759644,0.19631831347942352,0.6,1
sentence-transformers/all-MiniLM-L6-v2,obs_spike_zh,中子电流测量重复尖峰事件,observation_derived,zh,5,6,18,0.2538450360298157,0.20631811022758484,0.5,2
sentence-transformers/all-MiniLM-L6-v2,obs_spike_zh,中子电流测量重复尖峰事件,observation_derived,zh,5,7,18,0.24540871381759644,0.1753445416688919,0.9,1
sentence-transformers/all-MiniLM-L6-v2,obs_spike_zh,中子电流测量重复尖峰事件,observation_derived,zh,5,8,18,0.24540871381759644,0.17784863710403442,0.8,1
sentence-transformers/all-MiniLM-L6-v2,obs_spike_zh,中子电流测量重复尖峰事件,observation_derived,zh,5,9,18,0.24540871381759644,0.18331919610500336,0.8,1
sentence-transformers/all-MiniLM-L6-v2,obs_spike_zh,中子电流测量重复尖峰事件,observation_derived,zh,10,0,23,0.24540871381759644,0.1849084347486496,0.7,1
sentence-transformers/all-MiniLM-L6-v2,obs_spike_zh,中子电流测量重复尖峰事件,observation_derived,zh,10,1,23,0.24540871381759644,0.1911861151456833,0.5,1
sentence-transformers/all-MiniLM-L6-v2,obs_spike_zh,中子电流测量重复尖峰事件,observation_derived,zh,10,2,23,0.24540871381759644,0.18441829085350037,0.7,1
sentence-transformers/all-MiniLM-L6-v2,obs_spike_zh,中子电流测量重复尖峰事件,observation_derived,zh,10,3,23,0.2538450360298157,0.21829910576343536,0.2,2
sentence-transformers/all-MiniLM-L6-v2,obs_spike_zh,中子电流测量重复尖峰事件,observation_derived,zh,10,4,23,0.24540871381759644,0.18596753478050232,0.6,1
sentence-transformers/all-MiniLM-L6-v2,obs_spike_zh,中子电流测量重复尖峰事件,observation_derived,zh,10,5,23,0.24540871381759644,0.19640806317329407,0.4,1
sentence-transformers/all-MiniLM-L6-v2,obs_spike_zh,中子电流测量重复尖峰事件,observation_derived,zh,10,6,23,0.24540871381759644,0.1911861151456833,0.5,1
sentence-transformers/all-MiniLM-L6-v2,obs_spike_zh,中子电流测量重复尖峰事件,observation_derived,zh,10,7,23,0.2538450360298157,0.21772003173828125,0.3,2
sentence-transformers/all-MiniLM-L6-v2,obs_spike_zh,中子电流测量重复尖峰事件,observation_derived,zh,10,8,23,0.24540871381759644,0.1789235770702362,0.7,1
sentence-transformers/all-MiniLM-L6-v2,obs_spike_zh,中子电流测量重复尖峰事件,observation_derived,zh,10,9,23,0.24540871381759644,0.20532524585723877,0.4,1
sentence-transformers/all-MiniLM-L6-v2,obs_spike_zh,中子电流测量重复尖峰事件,observation_derived,zh,15,0,28,0.2538450360298157,0.2215358465909958,0.2,2
sentence-transformers/all-MiniLM-L6-v2,obs_spike_zh,中子电流测量重复尖峰事件,observation_derived,zh,15,1,28,0.24540871381759644,0.1963479071855545,0.5,1
sentence-transformers/all-MiniLM-L6-v2,obs_spike_zh,中子电流测量重复尖峰事件,observation_derived,zh,15,2,28,0.2538450360298157,0.2198597937822342,0.2,2
sentence-transformers/all-MiniLM-L6-v2,obs_spike_zh,中子电流测量重复尖峰事件,observation_derived,zh,15,3,28,0.2538450360298157,0.2091769278049469,0.4,2
sentence-transformers/all-MiniLM-L6-v2,obs_spike_zh,中子电流测量重复尖峰事件,observation_derived,zh,15,4,28,0.24540871381759644,0.18934135138988495,0.6,1
sentence-transformers/all-MiniLM-L6-v2,obs_spike_zh,中子电流测量重复尖峰事件,observation_derived,zh,15,5,28,0.24540871381759644,0.18508943915367126,0.6,1
sentence-transformers/all-MiniLM-L6-v2,obs_spike_zh,中子电流测量重复尖峰事件,observation_derived,zh,15,6,28,0.2538450360298157,0.21772003173828125,0.3,2
sentence-transformers/all-MiniLM-L6-v2,obs_spike_zh,中子电流测量重复尖峰事件,observation_derived,zh,15,7,28,0.2538450360298157,0.21667976677417755,0.2,2
sentence-transformers/all-MiniLM-L6-v2,obs_spike_zh,中子电流测量重复尖峰事件,observation_derived,zh,15,8,28,0.24540871381759644,0.2067851722240448,0.2,1
sentence-transformers/all-MiniLM-L6-v2,obs_spike_zh,中子电流测量重复尖峰事件,observation_derived,zh,15,9,28,0.24540871381759644,0.19631831347942352,0.6,1
sentence-transformers/all-MiniLM-L6-v2,obs_spike_zh,中子电流测量重复尖峰事件,observation_derived,zh,20,0,33,0.2538450360298157,0.2215358465909958,0.2,2
sentence-transformers/all-MiniLM-L6-v2,obs_spike_zh,中子电流测量重复尖峰事件,observation_derived,zh,20,1,33,0.2538450360298157,0.2223224639892578,0.2,2
sentence-transformers/all-MiniLM-L6-v2,obs_spike_zh,中子电流测量重复尖峰事件,observation_derived,zh,20,2,33,0.2538450360298157,0.22225239872932434,0.2,2
sentence-transformers/all-MiniLM-L6-v2,obs_spike_zh,中子电流测量重复尖峰事件,observation_derived,zh,20,3,33,0.24540871381759644,0.19878974556922913,0.4,1
sentence-transformers/all-MiniLM-L6-v2,obs_spike_zh,中子电流测量重复尖峰事件,observation_derived,zh,20,4,33,0.24540871381759644,0.20239639282226562,0.5,1
sentence-transformers/all-MiniLM-L6-v2,obs_spike_zh,中子电流测量重复尖峰事件,observation_derived,zh,20,5,33,0.2538450360298157,0.21991877257823944,0.2,2
sentence-transformers/all-MiniLM-L6-v2,obs_spike_zh,中子电流测量重复尖峰事件,observation_derived,zh,20,6,33,0.24540871381759644,0.19713124632835388,0.4,1
sentence-transformers/all-MiniLM-L6-v2,obs_spike_zh,中子电流测量重复尖峰事件,observation_derived,zh,20,7,33,0.24540871381759644,0.1996462494134903,0.4,1
sentence-transformers/all-MiniLM-L6-v2,obs_spike_zh,中子电流测量重复尖峰事件,observation_derived,zh,20,8,33,0.24540871381759644,0.1928948312997818,0.6,1
sentence-transformers/all-MiniLM-L6-v2,obs_spike_zh,中子电流测量重复尖峰事件,observation_derived,zh,20,9,33,0.24540871381759644,0.1928204745054245,0.5,1
sentence-transformers/all-MiniLM-L6-v2,obs_spike_zh,中子电流测量重复尖峰事件,observation_derived,zh,25,0,38,0.2538450360298157,0.21991877257823944,0.2,2
sentence-transformers/all-MiniLM-L6-v2,obs_spike_zh,中子电流测量重复尖峰事件,observation_derived,zh,25,1,38,0.24540871381759644,0.20464542508125305,0.3,1
sentence-transformers/all-MiniLM-L6-v2,obs_spike_zh,中子电流测量重复尖峰事件,observation_derived,zh,25,2,38,0.24540871381759644,0.20221145451068878,0.3,1
sentence-transformers/all-MiniLM-L6-v2,obs_spike_zh,中子电流测量重复尖峰事件,observation_derived,zh,25,3,38,0.24540871381759644,0.2052551805973053,0.4,1
sentence-transformers/all-MiniLM-L6-v2,obs_spike_zh,中子电流测量重复尖峰事件,observation_derived,zh,25,4,38,0.24540871381759644,0.21095487475395203,0.2,1
sentence-transformers/all-MiniLM-L6-v2,obs_spike_zh,中子电流测量重复尖峰事件,observation_derived,zh,25,5,38,0.24540871381759644,0.1930585652589798,0.6,1
sentence-transformers/all-MiniLM-L6-v2,obs_spike_zh,中子电流测量重复尖峰事件,observation_derived,zh,25,6,38,0.24540871381759644,0.20148822665214539,0.3,1
sentence-transformers/all-MiniLM-L6-v2,obs_spike_zh,中子电流测量重复尖峰事件,observation_derived,zh,25,7,38,0.2538450360298157,0.21991877257823944,0.2,2
sentence-transformers/all-MiniLM-L6-v2,obs_spike_zh,中子电流测量重复尖峰事件,observation_derived,zh,25,8,38,0.24540871381759644,0.1963379979133606,0.4,1
sentence-transformers/all-MiniLM-L6-v2,obs_spike_zh,中子电流测量重复尖峰事件,observation_derived,zh,25,9,38,0.2538450360298157,0.21928226947784424,0.2,2
sentence-transformers/all-MiniLM-L6-v2,obs_spike_zh,中子电流测量重复尖峰事件,observation_derived,zh,30,0,43,0.2538450360298157,0.2141875922679901,0.2,2
sentence-transformers/all-MiniLM-L6-v2,obs_spike_zh,中子电流测量重复尖峰事件,observation_derived,zh,30,1,43,0.24540871381759644,0.196834534406662,0.5,1
sentence-transformers/all-MiniLM-L6-v2,obs_spike_zh,中子电流测量重复尖峰事件,observation_derived,zh,30,2,43,0.24540871381759644,0.19356609880924225,0.4,1
sentence-transformers/all-MiniLM-L6-v2,obs_spike_zh,中子电流测量重复尖峰事件,observation_derived,zh,30,3,43,0.2538450360298157,0.2214396446943283,0.2,2
sentence-transformers/all-MiniLM-L6-v2,obs_spike_zh,中子电流测量重复尖峰事件,observation_derived,zh,30,4,43,0.24540871381759644,0.21258564293384552,0.2,1
sentence-transformers/all-MiniLM-L6-v2,obs_spike_zh,中子电流测量重复尖峰事件,observation_derived,zh,30,5,43,0.2538450360298157,0.22303704917430878,0.2,2
sentence-transformers/all-MiniLM-L6-v2,obs_spike_zh,中子电流测量重复尖峰事件,observation_derived,zh,30,6,43,0.24540871381759644,0.19403071701526642,0.5,1
sentence-transformers/all-MiniLM-L6-v2,obs_spike_zh,中子电流测量重复尖峰事件,observation_derived,zh,30,7,43,0.2538450360298157,0.21742579340934753,0.2,2
sentence-transformers/all-MiniLM-L6-v2,obs_spike_zh,中子电流测量重复尖峰事件,observation_derived,zh,30,8,43,0.24540871381759644,0.21023166179656982,0.2,1
sentence-transformers/all-MiniLM-L6-v2,obs_spike_zh,中子电流测量重复尖峰事件,observation_derived,zh,30,9,43,0.24540871381759644,0.20950642228126526,0.2,1
sentence-transformers/all-MiniLM-L6-v2,obs_spike_zh,中子电流测量重复尖峰事件,observation_derived,zh,35,0,48,0.2538450360298157,0.2213609665632248,0.2,2
sentence-transformers/all-MiniLM-L6-v2,obs_spike_zh,中子电流测量重复尖峰事件,observation_derived,zh,35,1,48,0.2538450360298157,0.21972978115081787,0.2,2
sentence-transformers/all-MiniLM-L6-v2,obs_spike_zh,中子电流测量重复尖峰事件,observation_derived,zh,35,2,48,0.2538450360298157,0.22128956019878387,0.2,2
sentence-transformers/all-MiniLM-L6-v2,obs_spike_zh,中子电流测量重复尖峰事件,observation_derived,zh,35,3,48,0.2538450360298157,0.22128096222877502,0.2,2
sentence-transformers/all-MiniLM-L6-v2,obs_spike_zh,中子电流测量重复尖峰事件,observation_derived,zh,35,4,48,0.24540871381759644,0.21179237961769104,0.2,1
sentence-transformers/all-MiniLM-L6-v2,obs_spike_zh,中子电流测量重复尖峰事件,observation_derived,zh,35,5,48,0.24540871381759644,0.19665412604808807,0.5,1
sentence-transformers/all-MiniLM-L6-v2,obs_spike_zh,中子电流测量重复尖峰事件,observation_derived,zh,35,6,48,0.2538450360298157,0.22064638137817383,0.2,2
sentence-transformers/all-MiniLM-L6-v2,obs_spike_zh,中子电流测量重复尖峰事件,observation_derived,zh,35,7,48,0.2538450360298157,0.21972978115081787,0.2,2
sentence-transformers/all-MiniLM-L6-v2,obs_spike_zh,中子电流测量重复尖峰事件,observation_derived,zh,35,8,48,0.2538450360298157,0.22304566204547882,0.2,2
sentence-transformers/all-MiniLM-L6-v2,obs_spike_zh,中子电流测量重复尖峰事件,observation_derived,zh,35,9,48,0.2538450360298157,0.21991877257823944,0.2,2
sentence-transformers/all-MiniLM-L6-v2,obs_spike_zh,中子电流测量重复尖峰事件,observation_derived,zh,40,0,53,0.2538450360298157,0.22304566204547882,0.2,2
sentence-transformers/all-MiniLM-L6-v2,obs_spike_zh,中子电流测量重复尖峰事件,observation_derived,zh,40,1,53,0.24540871381759644,0.2127746045589447,0.2,1
sentence-transformers/all-MiniLM-L6-v2,obs_spike_zh,中子电流测量重复尖峰事件,observation_derived,zh,40,2,53,0.2538450360298157,0.22304566204547882,0.2,2
sentence-transformers/all-MiniLM-L6-v2,obs_spike_zh,中子电流测量重复尖峰事件,observation_derived,zh,40,3,53,0.2538450360298157,0.22304566204547882,0.2,2
sentence-transformers/all-MiniLM-L6-v2,obs_spike_zh,中子电流测量重复尖峰事件,observation_derived,zh,40,4,53,0.2538450360298157,0.22303704917430878,0.2,2
sentence-transformers/all-MiniLM-L6-v2,obs_spike_zh,中子电流测量重复尖峰事件,observation_derived,zh,40,5,53,0.2538450360298157,0.22304566204547882,0.2,2
sentence-transformers/all-MiniLM-L6-v2,obs_spike_zh,中子电流测量重复尖峰事件,observation_derived,zh,40,6,53,0.2538450360298157,0.2214396446943283,0.2,2
sentence-transformers/all-MiniLM-L6-v2,obs_spike_zh,中子电流测量重复尖峰事件,observation_derived,zh,40,7,53,0.2538450360298157,0.22303704917430878,0.2,2
sentence-transformers/all-MiniLM-L6-v2,obs_spike_zh,中子电流测量重复尖峰事件,observation_derived,zh,40,8,53,0.2538450360298157,0.21692831814289093,0.2,2
sentence-transformers/all-MiniLM-L6-v2,obs_spike_zh,中子电流测量重复尖峰事件,observation_derived,zh,40,9,53,0.2538450360298157,0.2196597158908844,0.2,2
sentence-transformers/all-MiniLM-L6-v2,obs_spike_zh,中子电流测量重复尖峰事件,observation_derived,zh,45,0,58,0.24540871381759644,0.2127746045589447,0.2,1
sentence-transformers/all-MiniLM-L6-v2,obs_spike_zh,中子电流测量重复尖峰事件,observation_derived,zh,45,1,58,0.24540871381759644,0.21113526821136475,0.2,1
sentence-transformers/all-MiniLM-L6-v2,obs_spike_zh,中子电流测量重复尖峰事件,observation_derived,zh,45,2,58,0.2538450360298157,0.21991877257823944,0.2,2
sentence-transformers/all-MiniLM-L6-v2,obs_spike_zh,中子电流测量重复尖峰事件,observation_derived,zh,45,3,58,0.2538450360298157,0.22304566204547882,0.2,2
sentence-transformers/all-MiniLM-L6-v2,obs_spike_zh,中子电流测量重复尖峰事件,observation_derived,zh,45,4,58,0.24540871381759644,0.2127746045589447,0.2,1
sentence-transformers/all-MiniLM-L6-v2,obs_spike_zh,中子电流测量重复尖峰事件,observation_derived,zh,45,5,58,0.2538450360298157,0.22304566204547882,0.2,2
sentence-transformers/all-MiniLM-L6-v2,obs_spike_zh,中子电流测量重复尖峰事件,observation_derived,zh,45,6,58,0.2538450360298157,0.2214396446943283,0.2,2
sentence-transformers/all-MiniLM-L6-v2,obs_spike_zh,中子电流测量重复尖峰事件,observation_derived,zh,45,7,58,0.24540871381759644,0.2127746045589447,0.2,1
sentence-transformers/all-MiniLM-L6-v2,obs_spike_zh,中子电流测量重复尖峰事件,observation_derived,zh,45,8,58,0.2538450360298157,0.2223224639892578,0.2,2
sentence-transformers/all-MiniLM-L6-v2,obs_spike_zh,中子电流测量重复尖峰事件,observation_derived,zh,45,9,58,0.2538450360298157,0.22304566204547882,0.2,2
sentence-transformers/all-MiniLM-L6-v2,obs_spike_zh,中子电流测量重复尖峰事件,observation_derived,zh,50,0,63,0.2538450360298157,0.22304566204547882,0.2,2
sentence-transformers/all-MiniLM-L6-v2,obs_spike_zh,中子电流测量重复尖峰事件,observation_derived,zh,50,1,63,0.2538450360298157,0.22304566204547882,0.2,2
sentence-transformers/all-MiniLM-L6-v2,obs_spike_zh,中子电流测量重复尖峰事件,observation_derived,zh,50,2,63,0.2538450360298157,0.22304566204547882,0.2,2
sentence-transformers/all-MiniLM-L6-v2,obs_spike_zh,中子电流测量重复尖峰事件,observation_derived,zh,50,3,63,0.2538450360298157,0.22304566204547882,0.2,2
sentence-transformers/all-MiniLM-L6-v2,obs_spike_zh,中子电流测量重复尖峰事件,observation_derived,zh,50,4,63,0.2538450360298157,0.22304566204547882,0.2,2
sentence-transformers/all-MiniLM-L6-v2,obs_spike_zh,中子电流测量重复尖峰事件,observation_derived,zh,50,5,63,0.2538450360298157,0.22304566204547882,0.2,2
sentence-transformers/all-MiniLM-L6-v2,obs_spike_zh,中子电流测量重复尖峰事件,observation_derived,zh,50,6,63,0.2538450360298157,0.22304566204547882,0.2,2
sentence-transformers/all-MiniLM-L6-v2,obs_spike_zh,中子电流测量重复尖峰事件,observation_derived,zh,50,7,63,0.2538450360298157,0.22304566204547882,0.2,2
sentence-transformers/all-MiniLM-L6-v2,obs_spike_zh,中子电流测量重复尖峰事件,observation_derived,zh,50,8,63,0.2538450360298157,0.22304566204547882,0.2,2
sentence-transformers/all-MiniLM-L6-v2,obs_spike_zh,中子电流测量重复尖峰事件,observation_derived,zh,50,9,63,0.2538450360298157,0.22304566204547882,0.2,2
sentence-transformers/all-MiniLM-L6-v2,obs_spike_zh,中子电流测量重复尖峰事件,observation_derived,zh,51,0,64,0.2538450360298157,0.22304566204547882,0.2,2
sentence-transformers/all-MiniLM-L6-v2,obs_spike_zh,中子电流测量重复尖峰事件,observation_derived,zh,51,1,64,0.2538450360298157,0.22304566204547882,0.2,2
sentence-transformers/all-MiniLM-L6-v2,obs_spike_zh,中子电流测量重复尖峰事件,observation_derived,zh,51,2,64,0.2538450360298157,0.22304566204547882,0.2,2
sentence-transformers/all-MiniLM-L6-v2,obs_spike_zh,中子电流测量重复尖峰事件,observation_derived,zh,51,3,64,0.2538450360298157,0.22304566204547882,0.2,2
sentence-transformers/all-MiniLM-L6-v2,obs_spike_zh,中子电流测量重复尖峰事件,observation_derived,zh,51,4,64,0.2538450360298157,0.22304566204547882,0.2,2
sentence-transformers/all-MiniLM-L6-v2,obs_spike_zh,中子电流测量重复尖峰事件,observation_derived,zh,51,5,64,0.2538450360298157,0.22304566204547882,0.2,2
sentence-transformers/all-MiniLM-L6-v2,obs_spike_zh,中子电流测量重复尖峰事件,observation_derived,zh,51,6,64,0.2538450360298157,0.22304566204547882,0.2,2
sentence-transformers/all-MiniLM-L6-v2,obs_spike_zh,中子电流测量重复尖峰事件,observation_derived,zh,51,7,64,0.2538450360298157,0.22304566204547882,0.2,2
sentence-transformers/all-MiniLM-L6-v2,obs_spike_zh,中子电流测量重复尖峰事件,observation_derived,zh,51,8,64,0.2538450360298157,0.22304566204547882,0.2,2
sentence-transformers/all-MiniLM-L6-v2,obs_spike_zh,中子电流测量重复尖峰事件,observation_derived,zh,51,9,64,0.2538450360298157,0.22304566204547882,0.2,2
sentence-transformers/all-MiniLM-L6-v2,obs_zero_en,neutron current measurement synchronized zero-value dropout across channels,observation_derived,en,0,0,13,0.5314745306968689,0.5037814378738403,1.0,1
sentence-transformers/all-MiniLM-L6-v2,obs_zero_en,neutron current measurement synchronized zero-value dropout across channels,observation_derived,en,5,0,18,0.5314745306968689,0.5107148289680481,0.6,1
sentence-transformers/all-MiniLM-L6-v2,obs_zero_en,neutron current measurement synchronized zero-value dropout across channels,observation_derived,en,5,1,18,0.5314745306968689,0.5125030279159546,0.6,1
sentence-transformers/all-MiniLM-L6-v2,obs_zero_en,neutron current measurement synchronized zero-value dropout across channels,observation_derived,en,5,2,18,0.5314745306968689,0.5037814378738403,1.0,1
sentence-transformers/all-MiniLM-L6-v2,obs_zero_en,neutron current measurement synchronized zero-value dropout across channels,observation_derived,en,5,3,18,0.5314745306968689,0.506754994392395,0.8,1
sentence-transformers/all-MiniLM-L6-v2,obs_zero_en,neutron current measurement synchronized zero-value dropout across channels,observation_derived,en,5,4,18,0.5314745306968689,0.5044289827346802,0.9,1
sentence-transformers/all-MiniLM-L6-v2,obs_zero_en,neutron current measurement synchronized zero-value dropout across channels,observation_derived,en,5,5,18,0.5730276107788086,0.5261257886886597,0.4,3
sentence-transformers/all-MiniLM-L6-v2,obs_zero_en,neutron current measurement synchronized zero-value dropout across channels,observation_derived,en,5,6,18,0.5314745306968689,0.506754994392395,0.8,1
sentence-transformers/all-MiniLM-L6-v2,obs_zero_en,neutron current measurement synchronized zero-value dropout across channels,observation_derived,en,5,7,18,0.5314745306968689,0.5090542435646057,0.7,1
sentence-transformers/all-MiniLM-L6-v2,obs_zero_en,neutron current measurement synchronized zero-value dropout across channels,observation_derived,en,5,8,18,0.5314745306968689,0.5037814378738403,1.0,1
sentence-transformers/all-MiniLM-L6-v2,obs_zero_en,neutron current measurement synchronized zero-value dropout across channels,observation_derived,en,5,9,18,0.5314745306968689,0.5037814378738403,1.0,1
sentence-transformers/all-MiniLM-L6-v2,obs_zero_en,neutron current measurement synchronized zero-value dropout across channels,observation_derived,en,10,0,23,0.5730276107788086,0.5303938984870911,0.3,4
sentence-transformers/all-MiniLM-L6-v2,obs_zero_en,neutron current measurement synchronized zero-value dropout across channels,observation_derived,en,10,1,23,0.5314745306968689,0.5070885419845581,0.7,1
sentence-transformers/all-MiniLM-L6-v2,obs_zero_en,neutron current measurement synchronized zero-value dropout across channels,observation_derived,en,10,2,23,0.5504359602928162,0.5125863552093506,0.7,2
sentence-transformers/all-MiniLM-L6-v2,obs_zero_en,neutron current measurement synchronized zero-value dropout across channels,observation_derived,en,10,3,23,0.5314745306968689,0.506754994392395,0.8,1
sentence-transformers/all-MiniLM-L6-v2,obs_zero_en,neutron current measurement synchronized zero-value dropout across channels,observation_derived,en,10,4,23,0.5314745306968689,0.5037814378738403,1.0,1
sentence-transformers/all-MiniLM-L6-v2,obs_zero_en,neutron current measurement synchronized zero-value dropout across channels,observation_derived,en,10,5,23,0.5314745306968689,0.5069944262504578,0.7,1
sentence-transformers/all-MiniLM-L6-v2,obs_zero_en,neutron current measurement synchronized zero-value dropout across channels,observation_derived,en,10,6,23,0.5602302551269531,0.5173985958099365,0.5,2
sentence-transformers/all-MiniLM-L6-v2,obs_zero_en,neutron current measurement synchronized zero-value dropout across channels,observation_derived,en,10,7,23,0.5314745306968689,0.5069332122802734,0.8,1
sentence-transformers/all-MiniLM-L6-v2,obs_zero_en,neutron current measurement synchronized zero-value dropout across channels,observation_derived,en,10,8,23,0.5314745306968689,0.506754994392395,0.8,1
sentence-transformers/all-MiniLM-L6-v2,obs_zero_en,neutron current measurement synchronized zero-value dropout across channels,observation_derived,en,10,9,23,0.5314745306968689,0.5107148289680481,0.6,1
sentence-transformers/all-MiniLM-L6-v2,obs_zero_en,neutron current measurement synchronized zero-value dropout across channels,observation_derived,en,15,0,28,0.5504359602928162,0.5177351236343384,0.5,2
sentence-transformers/all-MiniLM-L6-v2,obs_zero_en,neutron current measurement synchronized zero-value dropout across channels,observation_derived,en,15,1,28,0.5602302551269531,0.5180855989456177,0.5,2
sentence-transformers/all-MiniLM-L6-v2,obs_zero_en,neutron current measurement synchronized zero-value dropout across channels,observation_derived,en,15,2,28,0.5602302551269531,0.523867130279541,0.4,3
sentence-transformers/all-MiniLM-L6-v2,obs_zero_en,neutron current measurement synchronized zero-value dropout across channels,observation_derived,en,15,3,28,0.5730276107788086,0.5281454920768738,0.3,3
sentence-transformers/all-MiniLM-L6-v2,obs_zero_en,neutron current measurement synchronized zero-value dropout across channels,observation_derived,en,15,4,28,0.5602302551269531,0.5183618664741516,0.5,2
sentence-transformers/all-MiniLM-L6-v2,obs_zero_en,neutron current measurement synchronized zero-value dropout across channels,observation_derived,en,15,5,28,0.5602302551269531,0.5217117667198181,0.5,3
sentence-transformers/all-MiniLM-L6-v2,obs_zero_en,neutron current measurement synchronized zero-value dropout across channels,observation_derived,en,15,6,28,0.5504359602928162,0.5161293148994446,0.6,2
sentence-transformers/all-MiniLM-L6-v2,obs_zero_en,neutron current measurement synchronized zero-value dropout across channels,observation_derived,en,15,7,28,0.5730276107788086,0.528096079826355,0.3,3
sentence-transformers/all-MiniLM-L6-v2,obs_zero_en,neutron current measurement synchronized zero-value dropout across channels,observation_derived,en,15,8,28,0.5602302551269531,0.5201878547668457,0.4,2
sentence-transformers/all-MiniLM-L6-v2,obs_zero_en,neutron current measurement synchronized zero-value dropout across channels,observation_derived,en,15,9,28,0.5730276107788086,0.5261257886886597,0.4,3
sentence-transformers/all-MiniLM-L6-v2,obs_zero_en,neutron current measurement synchronized zero-value dropout across channels,observation_derived,en,20,0,33,0.5314745306968689,0.5070003271102905,0.7,1
sentence-transformers/all-MiniLM-L6-v2,obs_zero_en,neutron current measurement synchronized zero-value dropout across channels,observation_derived,en,20,1,33,0.5602302551269531,0.5201878547668457,0.4,2
sentence-transformers/all-MiniLM-L6-v2,obs_zero_en,neutron current measurement synchronized zero-value dropout across channels,observation_derived,en,20,2,33,0.5730276107788086,0.5261257886886597,0.4,3
sentence-transformers/all-MiniLM-L6-v2,obs_zero_en,neutron current measurement synchronized zero-value dropout across channels,observation_derived,en,20,3,33,0.5314745306968689,0.5125030279159546,0.6,1
sentence-transformers/all-MiniLM-L6-v2,obs_zero_en,neutron current measurement synchronized zero-value dropout across channels,observation_derived,en,20,4,33,0.5314745306968689,0.514304518699646,0.4,1
sentence-transformers/all-MiniLM-L6-v2,obs_zero_en,neutron current measurement synchronized zero-value dropout across channels,observation_derived,en,20,5,33,0.5314745306968689,0.5105112195014954,0.6,1
sentence-transformers/all-MiniLM-L6-v2,obs_zero_en,neutron current measurement synchronized zero-value dropout across channels,observation_derived,en,20,6,33,0.5730276107788086,0.5320519208908081,0.3,4
sentence-transformers/all-MiniLM-L6-v2,obs_zero_en,neutron current measurement synchronized zero-value dropout across channels,observation_derived,en,20,7,33,0.5314745306968689,0.506578803062439,0.9,1
sentence-transformers/all-MiniLM-L6-v2,obs_zero_en,neutron current measurement synchronized zero-value dropout across channels,observation_derived,en,20,8,33,0.5504359602928162,0.5177351236343384,0.5,2
sentence-transformers/all-MiniLM-L6-v2,obs_zero_en,neutron current measurement synchronized zero-value dropout across channels,observation_derived,en,20,9,33,0.5314745306968689,0.513421893119812,0.5,1
sentence-transformers/all-MiniLM-L6-v2,obs_zero_en,neutron current measurement synchronized zero-value dropout across channels,observation_derived,en,25,0,38,0.5730276107788086,0.5334154963493347,0.3,4
sentence-transformers/all-MiniLM-L6-v2,obs_zero_en,neutron current measurement synchronized zero-value dropout across channels,observation_derived,en,25,1,38,0.5602302551269531,0.5258826613426208,0.4,3
sentence-transformers/all-MiniLM-L6-v2,obs_zero_en,neutron current measurement synchronized zero-value dropout across channels,observation_derived,en,25,2,38,0.5602302551269531,0.5226751565933228,0.5,3
sentence-transformers/all-MiniLM-L6-v2,obs_zero_en,neutron current measurement synchronized zero-value dropout across channels,observation_derived,en,25,3,38,0.5730276107788086,0.5334154963493347,0.3,4
sentence-transformers/all-MiniLM-L6-v2,obs_zero_en,neutron current measurement synchronized zero-value dropout across channels,observation_derived,en,25,4,38,0.5602302551269531,0.521446704864502,0.4,2
sentence-transformers/all-MiniLM-L6-v2,obs_zero_en,neutron current measurement synchronized zero-value dropout across channels,observation_derived,en,25,5,38,0.5730276107788086,0.5357133150100708,0.3,5
sentence-transformers/all-MiniLM-L6-v2,obs_zero_en,neutron current measurement synchronized zero-value dropout across channels,observation_derived,en,25,6,38,0.5730276107788086,0.5320519208908081,0.3,4
sentence-transformers/all-MiniLM-L6-v2,obs_zero_en,neutron current measurement synchronized zero-value dropout across channels,observation_derived,en,25,7,38,0.5602302551269531,0.5188600420951843,0.5,2
sentence-transformers/all-MiniLM-L6-v2,obs_zero_en,neutron current measurement synchronized zero-value dropout across channels,observation_derived,en,25,8,38,0.5730276107788086,0.5322698950767517,0.3,4
sentence-transformers/all-MiniLM-L6-v2,obs_zero_en,neutron current measurement synchronized zero-value dropout across channels,observation_derived,en,25,9,38,0.5314745306968689,0.5069944262504578,0.7,1
sentence-transformers/all-MiniLM-L6-v2,obs_zero_en,neutron current measurement synchronized zero-value dropout across channels,observation_derived,en,30,0,43,0.5602302551269531,0.5250729322433472,0.4,3
sentence-transformers/all-MiniLM-L6-v2,obs_zero_en,neutron current measurement synchronized zero-value dropout across channels,observation_derived,en,30,1,43,0.5730276107788086,0.5286437273025513,0.3,3
sentence-transformers/all-MiniLM-L6-v2,obs_zero_en,neutron current measurement synchronized zero-value dropout across channels,observation_derived,en,30,2,43,0.5730276107788086,0.5322698950767517,0.3,4
sentence-transformers/all-MiniLM-L6-v2,obs_zero_en,neutron current measurement synchronized zero-value dropout across channels,observation_derived,en,30,3,43,0.5504359602928162,0.5179306864738464,0.4,2
sentence-transformers/all-MiniLM-L6-v2,obs_zero_en,neutron current measurement synchronized zero-value dropout across channels,observation_derived,en,30,4,43,0.5504359602928162,0.5191895961761475,0.4,2
sentence-transformers/all-MiniLM-L6-v2,obs_zero_en,neutron current measurement synchronized zero-value dropout across channels,observation_derived,en,30,5,43,0.5730276107788086,0.5334154963493347,0.3,4
sentence-transformers/all-MiniLM-L6-v2,obs_zero_en,neutron current measurement synchronized zero-value dropout across channels,observation_derived,en,30,6,43,0.5730276107788086,0.5323085188865662,0.3,4
sentence-transformers/all-MiniLM-L6-v2,obs_zero_en,neutron current measurement synchronized zero-value dropout across channels,observation_derived,en,30,7,43,0.5730276107788086,0.5357133150100708,0.3,5
sentence-transformers/all-MiniLM-L6-v2,obs_zero_en,neutron current measurement synchronized zero-value dropout across channels,observation_derived,en,30,8,43,0.5730276107788086,0.5320870876312256,0.3,4
sentence-transformers/all-MiniLM-L6-v2,obs_zero_en,neutron current measurement synchronized zero-value dropout across channels,observation_derived,en,30,9,43,0.5730276107788086,0.5370227098464966,0.2,5
sentence-transformers/all-MiniLM-L6-v2,obs_zero_en,neutron current measurement synchronized zero-value dropout across channels,observation_derived,en,35,0,48,0.5730276107788086,0.5370227098464966,0.2,5
sentence-transformers/all-MiniLM-L6-v2,obs_zero_en,neutron current measurement synchronized zero-value dropout across channels,observation_derived,en,35,1,48,0.5730276107788086,0.5323085188865662,0.3,4
sentence-transformers/all-MiniLM-L6-v2,obs_zero_en,neutron current measurement synchronized zero-value dropout across channels,observation_derived,en,35,2,48,0.5602302551269531,0.5258826613426208,0.4,3
sentence-transformers/all-MiniLM-L6-v2,obs_zero_en,neutron current measurement synchronized zero-value dropout across channels,observation_derived,en,35,3,48,0.5730276107788086,0.5357133150100708,0.3,5
sentence-transformers/all-MiniLM-L6-v2,obs_zero_en,neutron current measurement synchronized zero-value dropout across channels,observation_derived,en,35,4,48,0.5730276107788086,0.5334154963493347,0.3,4
sentence-transformers/all-MiniLM-L6-v2,obs_zero_en,neutron current measurement synchronized zero-value dropout across channels,observation_derived,en,35,5,48,0.5730276107788086,0.5357133150100708,0.3,5
sentence-transformers/all-MiniLM-L6-v2,obs_zero_en,neutron current measurement synchronized zero-value dropout across channels,observation_derived,en,35,6,48,0.5730276107788086,0.5267676711082458,0.3,3
sentence-transformers/all-MiniLM-L6-v2,obs_zero_en,neutron current measurement synchronized zero-value dropout across channels,observation_derived,en,35,7,48,0.5730276107788086,0.5309414863586426,0.3,4
sentence-transformers/all-MiniLM-L6-v2,obs_zero_en,neutron current measurement synchronized zero-value dropout across channels,observation_derived,en,35,8,48,0.5730276107788086,0.5323085188865662,0.3,4
sentence-transformers/all-MiniLM-L6-v2,obs_zero_en,neutron current measurement synchronized zero-value dropout across channels,observation_derived,en,35,9,48,0.5730276107788086,0.5334154963493347,0.3,4
sentence-transformers/all-MiniLM-L6-v2,obs_zero_en,neutron current measurement synchronized zero-value dropout across channels,observation_derived,en,40,0,53,0.5602302551269531,0.5250729322433472,0.4,3
sentence-transformers/all-MiniLM-L6-v2,obs_zero_en,neutron current measurement synchronized zero-value dropout across channels,observation_derived,en,40,1,53,0.5602302551269531,0.5217582583427429,0.4,2
sentence-transformers/all-MiniLM-L6-v2,obs_zero_en,neutron current measurement synchronized zero-value dropout across channels,observation_derived,en,40,2,53,0.5730276107788086,0.5370227098464966,0.2,5
sentence-transformers/all-MiniLM-L6-v2,obs_zero_en,neutron current measurement synchronized zero-value dropout across channels,observation_derived,en,40,3,53,0.5730276107788086,0.5370227098464966,0.2,5
sentence-transformers/all-MiniLM-L6-v2,obs_zero_en,neutron current measurement synchronized zero-value dropout across channels,observation_derived,en,40,4,53,0.5730276107788086,0.5323085188865662,0.3,4
sentence-transformers/all-MiniLM-L6-v2,obs_zero_en,neutron current measurement synchronized zero-value dropout across channels,observation_derived,en,40,5,53,0.5730276107788086,0.5334154963493347,0.3,4
sentence-transformers/all-MiniLM-L6-v2,obs_zero_en,neutron current measurement synchronized zero-value dropout across channels,observation_derived,en,40,6,53,0.5730276107788086,0.5370227098464966,0.2,5
sentence-transformers/all-MiniLM-L6-v2,obs_zero_en,neutron current measurement synchronized zero-value dropout across channels,observation_derived,en,40,7,53,0.5730276107788086,0.5370227098464966,0.2,5
sentence-transformers/all-MiniLM-L6-v2,obs_zero_en,neutron current measurement synchronized zero-value dropout across channels,observation_derived,en,40,8,53,0.5730276107788086,0.5357133150100708,0.3,5
sentence-transformers/all-MiniLM-L6-v2,obs_zero_en,neutron current measurement synchronized zero-value dropout across channels,observation_derived,en,40,9,53,0.5730276107788086,0.5309414863586426,0.3,4
sentence-transformers/all-MiniLM-L6-v2,obs_zero_en,neutron current measurement synchronized zero-value dropout across channels,observation_derived,en,45,0,58,0.5730276107788086,0.5370227098464966,0.2,5
sentence-transformers/all-MiniLM-L6-v2,obs_zero_en,neutron current measurement synchronized zero-value dropout across channels,observation_derived,en,45,1,58,0.5602302551269531,0.5260263681411743,0.3,3
sentence-transformers/all-MiniLM-L6-v2,obs_zero_en,neutron current measurement synchronized zero-value dropout across channels,observation_derived,en,45,2,58,0.5730276107788086,0.5370227098464966,0.2,5
sentence-transformers/all-MiniLM-L6-v2,obs_zero_en,neutron current measurement synchronized zero-value dropout across channels,observation_derived,en,45,3,58,0.5730276107788086,0.5370227098464966,0.2,5
sentence-transformers/all-MiniLM-L6-v2,obs_zero_en,neutron current measurement synchronized zero-value dropout across channels,observation_derived,en,45,4,58,0.5730276107788086,0.5357133150100708,0.3,5
sentence-transformers/all-MiniLM-L6-v2,obs_zero_en,neutron current measurement synchronized zero-value dropout across channels,observation_derived,en,45,5,58,0.5730276107788086,0.5370227098464966,0.2,5
sentence-transformers/all-MiniLM-L6-v2,obs_zero_en,neutron current measurement synchronized zero-value dropout across channels,observation_derived,en,45,6,58,0.5730276107788086,0.5370227098464966,0.2,5
sentence-transformers/all-MiniLM-L6-v2,obs_zero_en,neutron current measurement synchronized zero-value dropout across channels,observation_derived,en,45,7,58,0.5730276107788086,0.5323085188865662,0.3,4
sentence-transformers/all-MiniLM-L6-v2,obs_zero_en,neutron current measurement synchronized zero-value dropout across channels,observation_derived,en,45,8,58,0.5730276107788086,0.5370227098464966,0.2,5
sentence-transformers/all-MiniLM-L6-v2,obs_zero_en,neutron current measurement synchronized zero-value dropout across channels,observation_derived,en,45,9,58,0.5730276107788086,0.5370227098464966,0.2,5
sentence-transformers/all-MiniLM-L6-v2,obs_zero_en,neutron current measurement synchronized zero-value dropout across channels,observation_derived,en,50,0,63,0.5730276107788086,0.5370227098464966,0.2,5
sentence-transformers/all-MiniLM-L6-v2,obs_zero_en,neutron current measurement synchronized zero-value dropout across channels,observation_derived,en,50,1,63,0.5602302551269531,0.5260263681411743,0.3,3
sentence-transformers/all-MiniLM-L6-v2,obs_zero_en,neutron current measurement synchronized zero-value dropout across channels,observation_derived,en,50,2,63,0.5730276107788086,0.5370227098464966,0.2,5
sentence-transformers/all-MiniLM-L6-v2,obs_zero_en,neutron current measurement synchronized zero-value dropout across channels,observation_derived,en,50,3,63,0.5730276107788086,0.5370227098464966,0.2,5
sentence-transformers/all-MiniLM-L6-v2,obs_zero_en,neutron current measurement synchronized zero-value dropout across channels,observation_derived,en,50,4,63,0.5730276107788086,0.5370227098464966,0.2,5
sentence-transformers/all-MiniLM-L6-v2,obs_zero_en,neutron current measurement synchronized zero-value dropout across channels,observation_derived,en,50,5,63,0.5730276107788086,0.5370227098464966,0.2,5
sentence-transformers/all-MiniLM-L6-v2,obs_zero_en,neutron current measurement synchronized zero-value dropout across channels,observation_derived,en,50,6,63,0.5730276107788086,0.5334154963493347,0.3,4
sentence-transformers/all-MiniLM-L6-v2,obs_zero_en,neutron current measurement synchronized zero-value dropout across channels,observation_derived,en,50,7,63,0.5602302551269531,0.5260263681411743,0.3,3
sentence-transformers/all-MiniLM-L6-v2,obs_zero_en,neutron current measurement synchronized zero-value dropout across channels,observation_derived,en,50,8,63,0.5730276107788086,0.5370227098464966,0.2,5
sentence-transformers/all-MiniLM-L6-v2,obs_zero_en,neutron current measurement synchronized zero-value dropout across channels,observation_derived,en,50,9,63,0.5730276107788086,0.5370227098464966,0.2,5
sentence-transformers/all-MiniLM-L6-v2,obs_zero_en,neutron current measurement synchronized zero-value dropout across channels,observation_derived,en,51,0,64,0.5730276107788086,0.5370227098464966,0.2,5
sentence-transformers/all-MiniLM-L6-v2,obs_zero_en,neutron current measurement synchronized zero-value dropout across channels,observation_derived,en,51,1,64,0.5730276107788086,0.5370227098464966,0.2,5
sentence-transformers/all-MiniLM-L6-v2,obs_zero_en,neutron current measurement synchronized zero-value dropout across channels,observation_derived,en,51,2,64,0.5730276107788086,0.5370227098464966,0.2,5
sentence-transformers/all-MiniLM-L6-v2,obs_zero_en,neutron current measurement synchronized zero-value dropout across channels,observation_derived,en,51,3,64,0.5730276107788086,0.5370227098464966,0.2,5
sentence-transformers/all-MiniLM-L6-v2,obs_zero_en,neutron current measurement synchronized zero-value dropout across channels,observation_derived,en,51,4,64,0.5730276107788086,0.5370227098464966,0.2,5
sentence-transformers/all-MiniLM-L6-v2,obs_zero_en,neutron current measurement synchronized zero-value dropout across channels,observation_derived,en,51,5,64,0.5730276107788086,0.5370227098464966,0.2,5
sentence-transformers/all-MiniLM-L6-v2,obs_zero_en,neutron current measurement synchronized zero-value dropout across channels,observation_derived,en,51,6,64,0.5730276107788086,0.5370227098464966,0.2,5
sentence-transformers/all-MiniLM-L6-v2,obs_zero_en,neutron current measurement synchronized zero-value dropout across channels,observation_derived,en,51,7,64,0.5730276107788086,0.5370227098464966,0.2,5
sentence-transformers/all-MiniLM-L6-v2,obs_zero_en,neutron current measurement synchronized zero-value dropout across channels,observation_derived,en,51,8,64,0.5730276107788086,0.5370227098464966,0.2,5
sentence-transformers/all-MiniLM-L6-v2,obs_zero_en,neutron current measurement synchronized zero-value dropout across channels,observation_derived,en,51,9,64,0.5730276107788086,0.5370227098464966,0.2,5
sentence-transformers/all-MiniLM-L6-v2,obs_zero_zh,中子电流测量跨通道同步零值闪断,observation_derived,zh,0,0,13,0.24916169047355652,0.1761578470468521,1.0,1
sentence-transformers/all-MiniLM-L6-v2,obs_zero_zh,中子电流测量跨通道同步零值闪断,observation_derived,zh,5,0,18,0.24916169047355652,0.1761578470468521,1.0,1
sentence-transformers/all-MiniLM-L6-v2,obs_zero_zh,中子电流测量跨通道同步零值闪断,observation_derived,zh,5,1,18,0.24916169047355652,0.1761578470468521,1.0,1
sentence-transformers/all-MiniLM-L6-v2,obs_zero_zh,中子电流测量跨通道同步零值闪断,observation_derived,zh,5,2,18,0.24916169047355652,0.17800487577915192,0.7,1
sentence-transformers/all-MiniLM-L6-v2,obs_zero_zh,中子电流测量跨通道同步零值闪断,observation_derived,zh,5,3,18,0.24916169047355652,0.181740403175354,0.6,1
sentence-transformers/all-MiniLM-L6-v2,obs_zero_zh,中子电流测量跨通道同步零值闪断,observation_derived,zh,5,4,18,0.24916169047355652,0.18026086688041687,0.6,1
sentence-transformers/all-MiniLM-L6-v2,obs_zero_zh,中子电流测量跨通道同步零值闪断,observation_derived,zh,5,5,18,0.24916169047355652,0.1761578470468521,1.0,1
sentence-transformers/all-MiniLM-L6-v2,obs_zero_zh,中子电流测量跨通道同步零值闪断,observation_derived,zh,5,6,18,0.24916169047355652,0.1761578470468521,1.0,1
sentence-transformers/all-MiniLM-L6-v2,obs_zero_zh,中子电流测量跨通道同步零值闪断,observation_derived,zh,5,7,18,0.24916169047355652,0.1790044605731964,0.9,1
sentence-transformers/all-MiniLM-L6-v2,obs_zero_zh,中子电流测量跨通道同步零值闪断,observation_derived,zh,5,8,18,0.24916169047355652,0.1761578470468521,1.0,1
sentence-transformers/all-MiniLM-L6-v2,obs_zero_zh,中子电流测量跨通道同步零值闪断,observation_derived,zh,5,9,18,0.24916169047355652,0.21937969326972961,0.3,1
sentence-transformers/all-MiniLM-L6-v2,obs_zero_zh,中子电流测量跨通道同步零值闪断,observation_derived,zh,10,0,23,0.24916169047355652,0.21937969326972961,0.3,1
sentence-transformers/all-MiniLM-L6-v2,obs_zero_zh,中子电流测量跨通道同步零值闪断,observation_derived,zh,10,1,23,0.24916169047355652,0.18089619278907776,0.6,1
sentence-transformers/all-MiniLM-L6-v2,obs_zero_zh,中子电流测量跨通道同步零值闪断,observation_derived,zh,10,2,23,0.24916169047355652,0.18290942907333374,0.7,1
sentence-transformers/all-MiniLM-L6-v2,obs_zero_zh,中子电流测量跨通道同步零值闪断,observation_derived,zh,10,3,23,0.24916169047355652,0.21937969326972961,0.3,1
sentence-transformers/all-MiniLM-L6-v2,obs_zero_zh,中子电流测量跨通道同步零值闪断,observation_derived,zh,10,4,23,0.24916169047355652,0.21937969326972961,0.3,1
sentence-transformers/all-MiniLM-L6-v2,obs_zero_zh,中子电流测量跨通道同步零值闪断,observation_derived,zh,10,5,23,0.24916169047355652,0.19179396331310272,0.6,1
sentence-transformers/all-MiniLM-L6-v2,obs_zero_zh,中子电流测量跨通道同步零值闪断,observation_derived,zh,10,6,23,0.24916169047355652,0.2352074831724167,0.2,1
sentence-transformers/all-MiniLM-L6-v2,obs_zero_zh,中子电流测量跨通道同步零值闪断,observation_derived,zh,10,7,23,0.24916169047355652,0.19215121865272522,0.6,1
sentence-transformers/all-MiniLM-L6-v2,obs_zero_zh,中子电流测量跨通道同步零值闪断,observation_derived,zh,10,8,23,0.24916169047355652,0.18089619278907776,0.6,1
sentence-transformers/all-MiniLM-L6-v2,obs_zero_zh,中子电流测量跨通道同步零值闪断,observation_derived,zh,10,9,23,0.24916169047355652,0.18124721944332123,0.7,1
sentence-transformers/all-MiniLM-L6-v2,obs_zero_zh,中子电流测量跨通道同步零值闪断,observation_derived,zh,15,0,28,0.24916169047355652,0.2285642921924591,0.2,1
sentence-transformers/all-MiniLM-L6-v2,obs_zero_zh,中子电流测量跨通道同步零值闪断,observation_derived,zh,15,1,28,0.2816244661808014,0.24835434556007385,0.1,3
sentence-transformers/all-MiniLM-L6-v2,obs_zero_zh,中子电流测量跨通道同步零值闪断,observation_derived,zh,15,2,28,0.24916169047355652,0.22166505455970764,0.2,1
sentence-transformers/all-MiniLM-L6-v2,obs_zero_zh,中子电流测量跨通道同步零值闪断,observation_derived,zh,15,3,28,0.24916169047355652,0.2285642921924591,0.2,1
sentence-transformers/all-MiniLM-L6-v2,obs_zero_zh,中子电流测量跨通道同步零值闪断,observation_derived,zh,15,4,28,0.24916169047355652,0.19310566782951355,0.6,1
sentence-transformers/all-MiniLM-L6-v2,obs_zero_zh,中子电流测量跨通道同步零值闪断,observation_derived,zh,15,5,28,0.24916169047355652,0.2352074831724167,0.2,1
sentence-transformers/all-MiniLM-L6-v2,obs_zero_zh,中子电流测量跨通道同步零值闪断,observation_derived,zh,15,6,28,0.24916169047355652,0.18128301203250885,0.6,1
sentence-transformers/all-MiniLM-L6-v2,obs_zero_zh,中子电流测量跨通道同步零值闪断,observation_derived,zh,15,7,28,0.2816244661808014,0.23648826777935028,0.2,3
sentence-transformers/all-MiniLM-L6-v2,obs_zero_zh,中子电流测量跨通道同步零值闪断,observation_derived,zh,15,8,28,0.2816244661808014,0.24835434556007385,0.1,3
sentence-transformers/all-MiniLM-L6-v2,obs_zero_zh,中子电流测量跨通道同步零值闪断,observation_derived,zh,15,9,28,0.24916169047355652,0.18664975464344025,0.6,1
sentence-transformers/all-MiniLM-L6-v2,obs_zero_zh,中子电流测量跨通道同步零值闪断,observation_derived,zh,20,0,33,0.24916169047355652,0.21937969326972961,0.3,1
sentence-transformers/all-MiniLM-L6-v2,obs_zero_zh,中子电流测量跨通道同步零值闪断,observation_derived,zh,20,1,33,0.2816244661808014,0.24453552067279816,0.2,3
sentence-transformers/all-MiniLM-L6-v2,obs_zero_zh,中子电流测量跨通道同步零值闪断,observation_derived,zh,20,2,33,0.24916169047355652,0.22166505455970764,0.2,1
sentence-transformers/all-MiniLM-L6-v2,obs_zero_zh,中子电流测量跨通道同步零值闪断,observation_derived,zh,20,3,33,0.24916169047355652,0.22849294543266296,0.2,1
sentence-transformers/all-MiniLM-L6-v2,obs_zero_zh,中子电流测量跨通道同步零值闪断,observation_derived,zh,20,4,33,0.24916169047355652,0.2285642921924591,0.2,1
sentence-transformers/all-MiniLM-L6-v2,obs_zero_zh,中子电流测量跨通道同步零值闪断,observation_derived,zh,20,5,33,0.24916169047355652,0.21937969326972961,0.3,1
sentence-transformers/all-MiniLM-L6-v2,obs_zero_zh,中子电流测量跨通道同步零值闪断,observation_derived,zh,20,6,33,0.2816244661808014,0.23650844395160675,0.2,3
sentence-transformers/all-MiniLM-L6-v2,obs_zero_zh,中子电流测量跨通道同步零值闪断,observation_derived,zh,20,7,33,0.24916169047355652,0.2285642921924591,0.2,1
sentence-transformers/all-MiniLM-L6-v2,obs_zero_zh,中子电流测量跨通道同步零值闪断,observation_derived,zh,20,8,33,0.24916169047355652,0.1837226301431656,0.7,1
sentence-transformers/all-MiniLM-L6-v2,obs_zero_zh,中子电流测量跨通道同步零值闪断,observation_derived,zh,20,9,33,0.2816244661808014,0.24386028945446014,0.2,3
sentence-transformers/all-MiniLM-L6-v2,obs_zero_zh,中子电流测量跨通道同步零值闪断,observation_derived,zh,25,0,38,0.24916169047355652,0.22849294543266296,0.2,1
sentence-transformers/all-MiniLM-L6-v2,obs_zero_zh,中子电流测量跨通道同步零值闪断,observation_derived,zh,25,1,38,0.24916169047355652,0.2352074831724167,0.2,1
sentence-transformers/all-MiniLM-L6-v2,obs_zero_zh,中子电流测量跨通道同步零值闪断,observation_derived,zh,25,2,38,0.2816244661808014,0.24835434556007385,0.1,3
sentence-transformers/all-MiniLM-L6-v2,obs_zero_zh,中子电流测量跨通道同步零值闪断,observation_derived,zh,25,3,38,0.2816244661808014,0.24453552067279816,0.2,3
sentence-transformers/all-MiniLM-L6-v2,obs_zero_zh,中子电流测量跨通道同步零值闪断,observation_derived,zh,25,4,38,0.2816244661808014,0.24835434556007385,0.1,3
sentence-transformers/all-MiniLM-L6-v2,obs_zero_zh,中子电流测量跨通道同步零值闪断,observation_derived,zh,25,5,38,0.24916169047355652,0.18544678390026093,0.6,1
sentence-transformers/all-MiniLM-L6-v2,obs_zero_zh,中子电流测量跨通道同步零值闪断,observation_derived,zh,25,6,38,0.24916169047355652,0.19397106766700745,0.5,1
sentence-transformers/all-MiniLM-L6-v2,obs_zero_zh,中子电流测量跨通道同步零值闪断,observation_derived,zh,25,7,38,0.24916169047355652,0.2352074831724167,0.2,1
sentence-transformers/all-MiniLM-L6-v2,obs_zero_zh,中子电流测量跨通道同步零值闪断,observation_derived,zh,25,8,38,0.2816244661808014,0.23648826777935028,0.2,3
sentence-transformers/all-MiniLM-L6-v2,obs_zero_zh,中子电流测量跨通道同步零值闪断,observation_derived,zh,25,9,38,0.24916169047355652,0.18838174641132355,0.6,1
sentence-transformers/all-MiniLM-L6-v2,obs_zero_zh,中子电流测量跨通道同步零值闪断,observation_derived,zh,30,0,43,0.24916169047355652,0.1893160492181778,0.5,1
sentence-transformers/all-MiniLM-L6-v2,obs_zero_zh,中子电流测量跨通道同步零值闪断,observation_derived,zh,30,1,43,0.24916169047355652,0.21937969326972961,0.3,1
sentence-transformers/all-MiniLM-L6-v2,obs_zero_zh,中子电流测量跨通道同步零值闪断,observation_derived,zh,30,2,43,0.2816244661808014,0.23648826777935028,0.2,3
sentence-transformers/all-MiniLM-L6-v2,obs_zero_zh,中子电流测量跨通道同步零值闪断,observation_derived,zh,30,3,43,0.2816244661808014,0.24835434556007385,0.1,3
sentence-transformers/all-MiniLM-L6-v2,obs_zero_zh,中子电流测量跨通道同步零值闪断,observation_derived,zh,30,4,43,0.2816244661808014,0.24835434556007385,0.1,3
sentence-transformers/all-MiniLM-L6-v2,obs_zero_zh,中子电流测量跨通道同步零值闪断,observation_derived,zh,30,5,43,0.24916169047355652,0.2352074831724167,0.2,1
sentence-transformers/all-MiniLM-L6-v2,obs_zero_zh,中子电流测量跨通道同步零值闪断,observation_derived,zh,30,6,43,0.24916169047355652,0.19240105152130127,0.6,1
sentence-transformers/all-MiniLM-L6-v2,obs_zero_zh,中子电流测量跨通道同步零值闪断,observation_derived,zh,30,7,43,0.2816244661808014,0.24386028945446014,0.2,3
sentence-transformers/all-MiniLM-L6-v2,obs_zero_zh,中子电流测量跨通道同步零值闪断,observation_derived,zh,30,8,43,0.2816244661808014,0.24386028945446014,0.2,3
sentence-transformers/all-MiniLM-L6-v2,obs_zero_zh,中子电流测量跨通道同步零值闪断,observation_derived,zh,30,9,43,0.2816244661808014,0.24835434556007385,0.1,3
sentence-transformers/all-MiniLM-L6-v2,obs_zero_zh,中子电流测量跨通道同步零值闪断,observation_derived,zh,35,0,48,0.24916169047355652,0.22166505455970764,0.2,1
sentence-transformers/all-MiniLM-L6-v2,obs_zero_zh,中子电流测量跨通道同步零值闪断,observation_derived,zh,35,1,48,0.2816244661808014,0.24835434556007385,0.1,3
sentence-transformers/all-MiniLM-L6-v2,obs_zero_zh,中子电流测量跨通道同步零值闪断,observation_derived,zh,35,2,48,0.2816244661808014,0.24386028945446014,0.2,3
sentence-transformers/all-MiniLM-L6-v2,obs_zero_zh,中子电流测量跨通道同步零值闪断,observation_derived,zh,35,3,48,0.2816244661808014,0.23650844395160675,0.2,3
sentence-transformers/all-MiniLM-L6-v2,obs_zero_zh,中子电流测量跨通道同步零值闪断,observation_derived,zh,35,4,48,0.24916169047355652,0.2352074831724167,0.2,1
sentence-transformers/all-MiniLM-L6-v2,obs_zero_zh,中子电流测量跨通道同步零值闪断,observation_derived,zh,35,5,48,0.2816244661808014,0.24835434556007385,0.1,3
sentence-transformers/all-MiniLM-L6-v2,obs_zero_zh,中子电流测量跨通道同步零值闪断,observation_derived,zh,35,6,48,0.2816244661808014,0.24453552067279816,0.2,3
sentence-transformers/all-MiniLM-L6-v2,obs_zero_zh,中子电流测量跨通道同步零值闪断,observation_derived,zh,35,7,48,0.24916169047355652,0.2352074831724167,0.2,1
sentence-transformers/all-MiniLM-L6-v2,obs_zero_zh,中子电流测量跨通道同步零值闪断,observation_derived,zh,35,8,48,0.24916169047355652,0.19551269710063934,0.4,1
sentence-transformers/all-MiniLM-L6-v2,obs_zero_zh,中子电流测量跨通道同步零值闪断,observation_derived,zh,35,9,48,0.2816244661808014,0.24835434556007385,0.1,3
sentence-transformers/all-MiniLM-L6-v2,obs_zero_zh,中子电流测量跨通道同步零值闪断,observation_derived,zh,40,0,53,0.24916169047355652,0.2352074831724167,0.2,1
sentence-transformers/all-MiniLM-L6-v2,obs_zero_zh,中子电流测量跨通道同步零值闪断,observation_derived,zh,40,1,53,0.24916169047355652,0.2352074831724167,0.2,1
sentence-transformers/all-MiniLM-L6-v2,obs_zero_zh,中子电流测量跨通道同步零值闪断,observation_derived,zh,40,2,53,0.2816244661808014,0.24453552067279816,0.2,3
sentence-transformers/all-MiniLM-L6-v2,obs_zero_zh,中子电流测量跨通道同步零值闪断,observation_derived,zh,40,3,53,0.2816244661808014,0.24453552067279816,0.2,3
sentence-transformers/all-MiniLM-L6-v2,obs_zero_zh,中子电流测量跨通道同步零值闪断,observation_derived,zh,40,4,53,0.24916169047355652,0.2352074831724167,0.2,1
sentence-transformers/all-MiniLM-L6-v2,obs_zero_zh,中子电流测量跨通道同步零值闪断,observation_derived,zh,40,5,53,0.2816244661808014,0.24386028945446014,0.2,3
sentence-transformers/all-MiniLM-L6-v2,obs_zero_zh,中子电流测量跨通道同步零值闪断,observation_derived,zh,40,6,53,0.24916169047355652,0.2352074831724167,0.2,1
sentence-transformers/all-MiniLM-L6-v2,obs_zero_zh,中子电流测量跨通道同步零值闪断,observation_derived,zh,40,7,53,0.2816244661808014,0.24835434556007385,0.1,3
sentence-transformers/all-MiniLM-L6-v2,obs_zero_zh,中子电流测量跨通道同步零值闪断,observation_derived,zh,40,8,53,0.2816244661808014,0.24453552067279816,0.2,3
sentence-transformers/all-MiniLM-L6-v2,obs_zero_zh,中子电流测量跨通道同步零值闪断,observation_derived,zh,40,9,53,0.24916169047355652,0.2352074831724167,0.2,1
sentence-transformers/all-MiniLM-L6-v2,obs_zero_zh,中子电流测量跨通道同步零值闪断,observation_derived,zh,45,0,58,0.2816244661808014,0.24835434556007385,0.1,3
sentence-transformers/all-MiniLM-L6-v2,obs_zero_zh,中子电流测量跨通道同步零值闪断,observation_derived,zh,45,1,58,0.24916169047355652,0.2352074831724167,0.2,1
sentence-transformers/all-MiniLM-L6-v2,obs_zero_zh,中子电流测量跨通道同步零值闪断,observation_derived,zh,45,2,58,0.2816244661808014,0.24835434556007385,0.1,3
sentence-transformers/all-MiniLM-L6-v2,obs_zero_zh,中子电流测量跨通道同步零值闪断,observation_derived,zh,45,3,58,0.2816244661808014,0.24835434556007385,0.1,3
sentence-transformers/all-MiniLM-L6-v2,obs_zero_zh,中子电流测量跨通道同步零值闪断,observation_derived,zh,45,4,58,0.2816244661808014,0.24835434556007385,0.1,3
sentence-transformers/all-MiniLM-L6-v2,obs_zero_zh,中子电流测量跨通道同步零值闪断,observation_derived,zh,45,5,58,0.2816244661808014,0.24835434556007385,0.1,3
sentence-transformers/all-MiniLM-L6-v2,obs_zero_zh,中子电流测量跨通道同步零值闪断,observation_derived,zh,45,6,58,0.24916169047355652,0.22166505455970764,0.2,1
sentence-transformers/all-MiniLM-L6-v2,obs_zero_zh,中子电流测量跨通道同步零值闪断,observation_derived,zh,45,7,58,0.2816244661808014,0.24835434556007385,0.1,3
sentence-transformers/all-MiniLM-L6-v2,obs_zero_zh,中子电流测量跨通道同步零值闪断,observation_derived,zh,45,8,58,0.2816244661808014,0.24835434556007385,0.1,3
sentence-transformers/all-MiniLM-L6-v2,obs_zero_zh,中子电流测量跨通道同步零值闪断,observation_derived,zh,45,9,58,0.24916169047355652,0.2352074831724167,0.2,1
sentence-transformers/all-MiniLM-L6-v2,obs_zero_zh,中子电流测量跨通道同步零值闪断,observation_derived,zh,50,0,63,0.2816244661808014,0.24835434556007385,0.1,3
sentence-transformers/all-MiniLM-L6-v2,obs_zero_zh,中子电流测量跨通道同步零值闪断,observation_derived,zh,50,1,63,0.2816244661808014,0.24835434556007385,0.1,3
sentence-transformers/all-MiniLM-L6-v2,obs_zero_zh,中子电流测量跨通道同步零值闪断,observation_derived,zh,50,2,63,0.2816244661808014,0.24835434556007385,0.1,3
sentence-transformers/all-MiniLM-L6-v2,obs_zero_zh,中子电流测量跨通道同步零值闪断,observation_derived,zh,50,3,63,0.2816244661808014,0.24835434556007385,0.1,3
sentence-transformers/all-MiniLM-L6-v2,obs_zero_zh,中子电流测量跨通道同步零值闪断,observation_derived,zh,50,4,63,0.2816244661808014,0.24835434556007385,0.1,3
sentence-transformers/all-MiniLM-L6-v2,obs_zero_zh,中子电流测量跨通道同步零值闪断,observation_derived,zh,50,5,63,0.2816244661808014,0.24835434556007385,0.1,3
sentence-transformers/all-MiniLM-L6-v2,obs_zero_zh,中子电流测量跨通道同步零值闪断,observation_derived,zh,50,6,63,0.2816244661808014,0.24835434556007385,0.1,3
sentence-transformers/all-MiniLM-L6-v2,obs_zero_zh,中子电流测量跨通道同步零值闪断,observation_derived,zh,50,7,63,0.2816244661808014,0.24835434556007385,0.1,3
sentence-transformers/all-MiniLM-L6-v2,obs_zero_zh,中子电流测量跨通道同步零值闪断,observation_derived,zh,50,8,63,0.2816244661808014,0.24835434556007385,0.1,3
sentence-transformers/all-MiniLM-L6-v2,obs_zero_zh,中子电流测量跨通道同步零值闪断,observation_derived,zh,50,9,63,0.2816244661808014,0.24835434556007385,0.1,3
sentence-transformers/all-MiniLM-L6-v2,obs_zero_zh,中子电流测量跨通道同步零值闪断,observation_derived,zh,51,0,64,0.2816244661808014,0.24835434556007385,0.1,3
sentence-transformers/all-MiniLM-L6-v2,obs_zero_zh,中子电流测量跨通道同步零值闪断,observation_derived,zh,51,1,64,0.2816244661808014,0.24835434556007385,0.1,3
sentence-transformers/all-MiniLM-L6-v2,obs_zero_zh,中子电流测量跨通道同步零值闪断,observation_derived,zh,51,2,64,0.2816244661808014,0.24835434556007385,0.1,3
sentence-transformers/all-MiniLM-L6-v2,obs_zero_zh,中子电流测量跨通道同步零值闪断,observation_derived,zh,51,3,64,0.2816244661808014,0.24835434556007385,0.1,3
sentence-transformers/all-MiniLM-L6-v2,obs_zero_zh,中子电流测量跨通道同步零值闪断,observation_derived,zh,51,4,64,0.2816244661808014,0.24835434556007385,0.1,3
sentence-transformers/all-MiniLM-L6-v2,obs_zero_zh,中子电流测量跨通道同步零值闪断,observation_derived,zh,51,5,64,0.2816244661808014,0.24835434556007385,0.1,3
sentence-transformers/all-MiniLM-L6-v2,obs_zero_zh,中子电流测量跨通道同步零值闪断,observation_derived,zh,51,6,64,0.2816244661808014,0.24835434556007385,0.1,3
sentence-transformers/all-MiniLM-L6-v2,obs_zero_zh,中子电流测量跨通道同步零值闪断,observation_derived,zh,51,7,64,0.2816244661808014,0.24835434556007385,0.1,3
sentence-transformers/all-MiniLM-L6-v2,obs_zero_zh,中子电流测量跨通道同步零值闪断,observation_derived,zh,51,8,64,0.2816244661808014,0.24835434556007385,0.1,3
sentence-transformers/all-MiniLM-L6-v2,obs_zero_zh,中子电流测量跨通道同步零值闪断,observation_derived,zh,51,9,64,0.2816244661808014,0.24835434556007385,0.1,3
sentence-transformers/all-MiniLM-L6-v2,obs_sync_en,neutron current measurement highly synchronized channels without time lag,observation_derived,en,0,0,13,0.5200783014297485,0.48230868577957153,1.0,1
sentence-transformers/all-MiniLM-L6-v2,obs_sync_en,neutron current measurement highly synchronized channels without time lag,observation_derived,en,5,0,18,0.5200783014297485,0.4837439954280853,0.8,1
sentence-transformers/all-MiniLM-L6-v2,obs_sync_en,neutron current measurement highly synchronized channels without time lag,observation_derived,en,5,1,18,0.5200783014297485,0.4879249930381775,0.8,1
sentence-transformers/all-MiniLM-L6-v2,obs_sync_en,neutron current measurement highly synchronized channels without time lag,observation_derived,en,5,2,18,0.5200783014297485,0.4852014482021332,0.8,1
sentence-transformers/all-MiniLM-L6-v2,obs_sync_en,neutron current measurement highly synchronized channels without time lag,observation_derived,en,5,3,18,0.5200783014297485,0.48230868577957153,1.0,1
sentence-transformers/all-MiniLM-L6-v2,obs_sync_en,neutron current measurement highly synchronized channels without time lag,observation_derived,en,5,4,18,0.5200783014297485,0.48782867193222046,0.9,1
sentence-transformers/all-MiniLM-L6-v2,obs_sync_en,neutron current measurement highly synchronized channels without time lag,observation_derived,en,5,5,18,0.5200783014297485,0.48230868577957153,1.0,1
sentence-transformers/all-MiniLM-L6-v2,obs_sync_en,neutron current measurement highly synchronized channels without time lag,observation_derived,en,5,6,18,0.5200783014297485,0.48230868577957153,1.0,1
sentence-transformers/all-MiniLM-L6-v2,obs_sync_en,neutron current measurement highly synchronized channels without time lag,observation_derived,en,5,7,18,0.5200783014297485,0.48230868577957153,1.0,1
sentence-transformers/all-MiniLM-L6-v2,obs_sync_en,neutron current measurement highly synchronized channels without time lag,observation_derived,en,5,8,18,0.5200783014297485,0.48230868577957153,1.0,1
sentence-transformers/all-MiniLM-L6-v2,obs_sync_en,neutron current measurement highly synchronized channels without time lag,observation_derived,en,5,9,18,0.5200783014297485,0.4831657409667969,0.9,1
sentence-transformers/all-MiniLM-L6-v2,obs_sync_en,neutron current measurement highly synchronized channels without time lag,observation_derived,en,10,0,23,0.5200783014297485,0.48514318466186523,0.8,1
sentence-transformers/all-MiniLM-L6-v2,obs_sync_en,neutron current measurement highly synchronized channels without time lag,observation_derived,en,10,1,23,0.5880562663078308,0.5187139511108398,0.4,5
sentence-transformers/all-MiniLM-L6-v2,obs_sync_en,neutron current measurement highly synchronized channels without time lag,observation_derived,en,10,2,23,0.5200783014297485,0.48230868577957153,1.0,1
sentence-transformers/all-MiniLM-L6-v2,obs_sync_en,neutron current measurement highly synchronized channels without time lag,observation_derived,en,10,3,23,0.5422891974449158,0.49771085381507874,0.7,2
sentence-transformers/all-MiniLM-L6-v2,obs_sync_en,neutron current measurement highly synchronized channels without time lag,observation_derived,en,10,4,23,0.5200783014297485,0.48230868577957153,1.0,1
sentence-transformers/all-MiniLM-L6-v2,obs_sync_en,neutron current measurement highly synchronized channels without time lag,observation_derived,en,10,5,23,0.5422891974449158,0.4986903667449951,0.6,2
sentence-transformers/all-MiniLM-L6-v2,obs_sync_en,neutron current measurement highly synchronized channels without time lag,observation_derived,en,10,6,23,0.5200783014297485,0.48230868577957153,1.0,1
sentence-transformers/all-MiniLM-L6-v2,obs_sync_en,neutron current measurement highly synchronized channels without time lag,observation_derived,en,10,7,23,0.5200783014297485,0.4900449216365814,0.7,1
sentence-transformers/all-MiniLM-L6-v2,obs_sync_en,neutron current measurement highly synchronized channels without time lag,observation_derived,en,10,8,23,0.5200783014297485,0.48408523201942444,0.8,1
sentence-transformers/all-MiniLM-L6-v2,obs_sync_en,neutron current measurement highly synchronized channels without time lag,observation_derived,en,10,9,23,0.5200783014297485,0.4883451461791992,0.8,1
sentence-transformers/all-MiniLM-L6-v2,obs_sync_en,neutron current measurement highly synchronized channels without time lag,observation_derived,en,15,0,28,0.5200783014297485,0.48575282096862793,0.8,1
sentence-transformers/all-MiniLM-L6-v2,obs_sync_en,neutron current measurement highly synchronized channels without time lag,observation_derived,en,15,1,28,0.5422891974449158,0.501764178276062,0.6,2
sentence-transformers/all-MiniLM-L6-v2,obs_sync_en,neutron current measurement highly synchronized channels without time lag,observation_derived,en,15,2,28,0.5422891974449158,0.5026471614837646,0.5,2
sentence-transformers/all-MiniLM-L6-v2,obs_sync_en,neutron current measurement highly synchronized channels without time lag,observation_derived,en,15,3,28,0.5200783014297485,0.48300203680992126,0.9,1
sentence-transformers/all-MiniLM-L6-v2,obs_sync_en,neutron current measurement highly synchronized channels without time lag,observation_derived,en,15,4,28,0.5422891974449158,0.4986903667449951,0.6,2
sentence-transformers/all-MiniLM-L6-v2,obs_sync_en,neutron current measurement highly synchronized channels without time lag,observation_derived,en,15,5,28,0.5200783014297485,0.48230868577957153,1.0,1
sentence-transformers/all-MiniLM-L6-v2,obs_sync_en,neutron current measurement highly synchronized channels without time lag,observation_derived,en,15,6,28,0.5880562663078308,0.5187139511108398,0.4,5
sentence-transformers/all-MiniLM-L6-v2,obs_sync_en,neutron current measurement highly synchronized channels without time lag,observation_derived,en,15,7,28,0.5200783014297485,0.48230868577957153,1.0,1
sentence-transformers/all-MiniLM-L6-v2,obs_sync_en,neutron current measurement highly synchronized channels without time lag,observation_derived,en,15,8,28,0.5880562663078308,0.5308436751365662,0.1,6
sentence-transformers/all-MiniLM-L6-v2,obs_sync_en,neutron current measurement highly synchronized channels without time lag,observation_derived,en,15,9,28,0.5200783014297485,0.4933333396911621,0.7,1
sentence-transformers/all-MiniLM-L6-v2,obs_sync_en,neutron current measurement highly synchronized channels without time lag,observation_derived,en,20,0,33,0.5200783014297485,0.4881055951118469,0.7,1
sentence-transformers/all-MiniLM-L6-v2,obs_sync_en,neutron current measurement highly synchronized channels without time lag,observation_derived,en,20,1,33,0.5200783014297485,0.4900449216365814,0.7,1
sentence-transformers/all-MiniLM-L6-v2,obs_sync_en,neutron current measurement highly synchronized channels without time lag,observation_derived,en,20,2,33,0.5200783014297485,0.48392152786254883,0.8,1
sentence-transformers/all-MiniLM-L6-v2,obs_sync_en,neutron current measurement highly synchronized channels without time lag,observation_derived,en,20,3,33,0.5200783014297485,0.48408523201942444,0.8,1
sentence-transformers/all-MiniLM-L6-v2,obs_sync_en,neutron current measurement highly synchronized channels without time lag,observation_derived,en,20,4,33,0.5422891974449158,0.5026471614837646,0.5,2
sentence-transformers/all-MiniLM-L6-v2,obs_sync_en,neutron current measurement highly synchronized channels without time lag,observation_derived,en,20,5,33,0.5200783014297485,0.48408523201942444,0.8,1
sentence-transformers/all-MiniLM-L6-v2,obs_sync_en,neutron current measurement highly synchronized channels without time lag,observation_derived,en,20,6,33,0.5880562663078308,0.5300204753875732,0.1,6
sentence-transformers/all-MiniLM-L6-v2,obs_sync_en,neutron current measurement highly synchronized channels without time lag,observation_derived,en,20,7,33,0.5880562663078308,0.5300204753875732,0.1,6
sentence-transformers/all-MiniLM-L6-v2,obs_sync_en,neutron current measurement highly synchronized channels without time lag,observation_derived,en,20,8,33,0.5200783014297485,0.4933333396911621,0.7,1
sentence-transformers/all-MiniLM-L6-v2,obs_sync_en,neutron current measurement highly synchronized channels without time lag,observation_derived,en,20,9,33,0.5880562663078308,0.5187139511108398,0.4,5
sentence-transformers/all-MiniLM-L6-v2,obs_sync_en,neutron current measurement highly synchronized channels without time lag,observation_derived,en,25,0,38,0.5200783014297485,0.48986440896987915,0.8,1
sentence-transformers/all-MiniLM-L6-v2,obs_sync_en,neutron current measurement highly synchronized channels without time lag,observation_derived,en,25,1,38,0.5200783014297485,0.4890412390232086,0.8,1
sentence-transformers/all-MiniLM-L6-v2,obs_sync_en,neutron current measurement highly synchronized channels without time lag,observation_derived,en,25,2,38,0.5200783014297485,0.49221712350845337,0.7,1
sentence-transformers/all-MiniLM-L6-v2,obs_sync_en,neutron current measurement highly synchronized channels without time lag,observation_derived,en,25,3,38,0.5200783014297485,0.4892217516899109,0.7,1
sentence-transformers/all-MiniLM-L6-v2,obs_sync_en,neutron current measurement highly synchronized channels without time lag,observation_derived,en,25,4,38,0.5880562663078308,0.5187139511108398,0.4,5
sentence-transformers/all-MiniLM-L6-v2,obs_sync_en,neutron current measurement highly synchronized channels without time lag,observation_derived,en,25,5,38,0.5422891974449158,0.5048978328704834,0.5,2
sentence-transformers/all-MiniLM-L6-v2,obs_sync_en,neutron current measurement highly synchronized channels without time lag,observation_derived,en,25,6,38,0.5880562663078308,0.5224909782409668,0.2,5
sentence-transformers/all-MiniLM-L6-v2,obs_sync_en,neutron current measurement highly synchronized channels without time lag,observation_derived,en,25,7,38,0.5880562663078308,0.5215572714805603,0.3,5
sentence-transformers/all-MiniLM-L6-v2,obs_sync_en,neutron current measurement highly synchronized channels without time lag,observation_derived,en,25,8,38,0.5880562663078308,0.5215572714805603,0.3,5
sentence-transformers/all-MiniLM-L6-v2,obs_sync_en,neutron current measurement highly synchronized channels without time lag,observation_derived,en,25,9,38,0.5422891974449158,0.501764178276062,0.6,2
sentence-transformers/all-MiniLM-L6-v2,obs_sync_en,neutron current measurement highly synchronized channels without time lag,observation_derived,en,30,0,43,0.5880562663078308,0.5289068222045898,0.1,6
sentence-transformers/all-MiniLM-L6-v2,obs_sync_en,neutron current measurement highly synchronized channels without time lag,observation_derived,en,30,1,43,0.5880562663078308,0.5247417092323303,0.2,5
sentence-transformers/all-MiniLM-L6-v2,obs_sync_en,neutron current measurement highly synchronized channels without time lag,observation_derived,en,30,2,43,0.5880562663078308,0.5289068222045898,0.1,6
sentence-transformers/all-MiniLM-L6-v2,obs_sync_en,neutron current measurement highly synchronized channels without time lag,observation_derived,en,30,3,43,0.5880562663078308,0.5315233469009399,0.1,6
sentence-transformers/all-MiniLM-L6-v2,obs_sync_en,neutron current measurement highly synchronized channels without time lag,observation_derived,en,30,4,43,0.5880562663078308,0.5247417092323303,0.2,5
sentence-transformers/all-MiniLM-L6-v2,obs_sync_en,neutron current measurement highly synchronized channels without time lag,observation_derived,en,30,5,43,0.5200783014297485,0.4892217516899109,0.7,1
sentence-transformers/all-MiniLM-L6-v2,obs_sync_en,neutron current measurement highly synchronized channels without time lag,observation_derived,en,30,6,43,0.5880562663078308,0.5300204753875732,0.1,6
sentence-transformers/all-MiniLM-L6-v2,obs_sync_en,neutron current measurement highly synchronized channels without time lag,observation_derived,en,30,7,43,0.5422891974449158,0.5018240213394165,0.5,2
sentence-transformers/all-MiniLM-L6-v2,obs_sync_en,neutron current measurement highly synchronized channels without time lag,observation_derived,en,30,8,43,0.5880562663078308,0.5223804116249084,0.3,5
sentence-transformers/all-MiniLM-L6-v2,obs_sync_en,neutron current measurement highly synchronized channels without time lag,observation_derived,en,30,9,43,0.5200783014297485,0.49221712350845337,0.7,1
sentence-transformers/all-MiniLM-L6-v2,obs_sync_en,neutron current measurement highly synchronized channels without time lag,observation_derived,en,35,0,48,0.5880562663078308,0.5289068222045898,0.1,6
sentence-transformers/all-MiniLM-L6-v2,obs_sync_en,neutron current measurement highly synchronized channels without time lag,observation_derived,en,35,1,48,0.5880562663078308,0.5315233469009399,0.1,6
sentence-transformers/all-MiniLM-L6-v2,obs_sync_en,neutron current measurement highly synchronized channels without time lag,observation_derived,en,35,2,48,0.5880562663078308,0.5247417092323303,0.2,5
sentence-transformers/all-MiniLM-L6-v2,obs_sync_en,neutron current measurement highly synchronized channels without time lag,observation_derived,en,35,3,48,0.5880562663078308,0.5308436751365662,0.1,6
sentence-transformers/all-MiniLM-L6-v2,obs_sync_en,neutron current measurement highly synchronized channels without time lag,observation_derived,en,35,4,48,0.5880562663078308,0.5193066000938416,0.3,5
sentence-transformers/all-MiniLM-L6-v2,obs_sync_en,neutron current measurement highly synchronized channels without time lag,observation_derived,en,35,5,48,0.5200783014297485,0.49229559302330017,0.7,1
sentence-transformers/all-MiniLM-L6-v2,obs_sync_en,neutron current measurement highly synchronized channels without time lag,observation_derived,en,35,6,48,0.5880562663078308,0.5300204753875732,0.1,6
sentence-transformers/all-MiniLM-L6-v2,obs_sync_en,neutron current measurement highly synchronized channels without time lag,observation_derived,en,35,7,48,0.5880562663078308,0.5315233469009399,0.1,6
sentence-transformers/all-MiniLM-L6-v2,obs_sync_en,neutron current measurement highly synchronized channels without time lag,observation_derived,en,35,8,48,0.5880562663078308,0.5300204753875732,0.1,6
sentence-transformers/all-MiniLM-L6-v2,obs_sync_en,neutron current measurement highly synchronized channels without time lag,observation_derived,en,35,9,48,0.5200783014297485,0.48986440896987915,0.8,1
sentence-transformers/all-MiniLM-L6-v2,obs_sync_en,neutron current measurement highly synchronized channels without time lag,observation_derived,en,40,0,53,0.5880562663078308,0.5300204753875732,0.1,6
sentence-transformers/all-MiniLM-L6-v2,obs_sync_en,neutron current measurement highly synchronized channels without time lag,observation_derived,en,40,1,53,0.5422891974449158,0.5026471614837646,0.5,2
sentence-transformers/all-MiniLM-L6-v2,obs_sync_en,neutron current measurement highly synchronized channels without time lag,observation_derived,en,40,2,53,0.5880562663078308,0.5315233469009399,0.1,6
sentence-transformers/all-MiniLM-L6-v2,obs_sync_en,neutron current measurement highly synchronized channels without time lag,observation_derived,en,40,3,53,0.5880562663078308,0.5308436751365662,0.1,6
sentence-transformers/all-MiniLM-L6-v2,obs_sync_en,neutron current measurement highly synchronized channels without time lag,observation_derived,en,40,4,53,0.5880562663078308,0.5300204753875732,0.1,6
sentence-transformers/all-MiniLM-L6-v2,obs_sync_en,neutron current measurement highly synchronized channels without time lag,observation_derived,en,40,5,53,0.5880562663078308,0.5308436751365662,0.1,6
sentence-transformers/all-MiniLM-L6-v2,obs_sync_en,neutron current measurement highly synchronized channels without time lag,observation_derived,en,40,6,53,0.5422891974449158,0.5056968927383423,0.4,2
sentence-transformers/all-MiniLM-L6-v2,obs_sync_en,neutron current measurement highly synchronized channels without time lag,observation_derived,en,40,7,53,0.5422891974449158,0.5056968927383423,0.4,2
sentence-transformers/all-MiniLM-L6-v2,obs_sync_en,neutron current measurement highly synchronized channels without time lag,observation_derived,en,40,8,53,0.5880562663078308,0.5308436751365662,0.1,6
sentence-transformers/all-MiniLM-L6-v2,obs_sync_en,neutron current measurement highly synchronized channels without time lag,observation_derived,en,40,9,53,0.5880562663078308,0.5315233469009399,0.1,6
sentence-transformers/all-MiniLM-L6-v2,obs_sync_en,neutron current measurement highly synchronized channels without time lag,observation_derived,en,45,0,58,0.5880562663078308,0.5315233469009399,0.1,6
sentence-transformers/all-MiniLM-L6-v2,obs_sync_en,neutron current measurement highly synchronized channels without time lag,observation_derived,en,45,1,58,0.5880562663078308,0.5315233469009399,0.1,6
sentence-transformers/all-MiniLM-L6-v2,obs_sync_en,neutron current measurement highly synchronized channels without time lag,observation_derived,en,45,2,58,0.5880562663078308,0.5315233469009399,0.1,6
sentence-transformers/all-MiniLM-L6-v2,obs_sync_en,neutron current measurement highly synchronized channels without time lag,observation_derived,en,45,3,58,0.5880562663078308,0.5315233469009399,0.1,6
sentence-transformers/all-MiniLM-L6-v2,obs_sync_en,neutron current measurement highly synchronized channels without time lag,observation_derived,en,45,4,58,0.5880562663078308,0.5247417092323303,0.2,5
sentence-transformers/all-MiniLM-L6-v2,obs_sync_en,neutron current measurement highly synchronized channels without time lag,observation_derived,en,45,5,58,0.5880562663078308,0.5315233469009399,0.1,6
sentence-transformers/all-MiniLM-L6-v2,obs_sync_en,neutron current measurement highly synchronized channels without time lag,observation_derived,en,45,6,58,0.5880562663078308,0.5315233469009399,0.1,6
sentence-transformers/all-MiniLM-L6-v2,obs_sync_en,neutron current measurement highly synchronized channels without time lag,observation_derived,en,45,7,58,0.5880562663078308,0.5315233469009399,0.1,6
sentence-transformers/all-MiniLM-L6-v2,obs_sync_en,neutron current measurement highly synchronized channels without time lag,observation_derived,en,45,8,58,0.5880562663078308,0.5315233469009399,0.1,6
sentence-transformers/all-MiniLM-L6-v2,obs_sync_en,neutron current measurement highly synchronized channels without time lag,observation_derived,en,45,9,58,0.5880562663078308,0.5315233469009399,0.1,6
sentence-transformers/all-MiniLM-L6-v2,obs_sync_en,neutron current measurement highly synchronized channels without time lag,observation_derived,en,50,0,63,0.5880562663078308,0.5315233469009399,0.1,6
sentence-transformers/all-MiniLM-L6-v2,obs_sync_en,neutron current measurement highly synchronized channels without time lag,observation_derived,en,50,1,63,0.5880562663078308,0.5315233469009399,0.1,6
sentence-transformers/all-MiniLM-L6-v2,obs_sync_en,neutron current measurement highly synchronized channels without time lag,observation_derived,en,50,2,63,0.5880562663078308,0.5315233469009399,0.1,6
sentence-transformers/all-MiniLM-L6-v2,obs_sync_en,neutron current measurement highly synchronized channels without time lag,observation_derived,en,50,3,63,0.5880562663078308,0.5315233469009399,0.1,6
sentence-transformers/all-MiniLM-L6-v2,obs_sync_en,neutron current measurement highly synchronized channels without time lag,observation_derived,en,50,4,63,0.5880562663078308,0.5315233469009399,0.1,6
sentence-transformers/all-MiniLM-L6-v2,obs_sync_en,neutron current measurement highly synchronized channels without time lag,observation_derived,en,50,5,63,0.5880562663078308,0.5315233469009399,0.1,6
sentence-transformers/all-MiniLM-L6-v2,obs_sync_en,neutron current measurement highly synchronized channels without time lag,observation_derived,en,50,6,63,0.5880562663078308,0.5315233469009399,0.1,6
sentence-transformers/all-MiniLM-L6-v2,obs_sync_en,neutron current measurement highly synchronized channels without time lag,observation_derived,en,50,7,63,0.5880562663078308,0.5315233469009399,0.1,6
sentence-transformers/all-MiniLM-L6-v2,obs_sync_en,neutron current measurement highly synchronized channels without time lag,observation_derived,en,50,8,63,0.5422891974449158,0.5056968927383423,0.4,2
sentence-transformers/all-MiniLM-L6-v2,obs_sync_en,neutron current measurement highly synchronized channels without time lag,observation_derived,en,50,9,63,0.5880562663078308,0.5315233469009399,0.1,6
sentence-transformers/all-MiniLM-L6-v2,obs_sync_en,neutron current measurement highly synchronized channels without time lag,observation_derived,en,51,0,64,0.5880562663078308,0.5315233469009399,0.1,6
sentence-transformers/all-MiniLM-L6-v2,obs_sync_en,neutron current measurement highly synchronized channels without time lag,observation_derived,en,51,1,64,0.5880562663078308,0.5315233469009399,0.1,6
sentence-transformers/all-MiniLM-L6-v2,obs_sync_en,neutron current measurement highly synchronized channels without time lag,observation_derived,en,51,2,64,0.5880562663078308,0.5315233469009399,0.1,6
sentence-transformers/all-MiniLM-L6-v2,obs_sync_en,neutron current measurement highly synchronized channels without time lag,observation_derived,en,51,3,64,0.5880562663078308,0.5315233469009399,0.1,6
sentence-transformers/all-MiniLM-L6-v2,obs_sync_en,neutron current measurement highly synchronized channels without time lag,observation_derived,en,51,4,64,0.5880562663078308,0.5315233469009399,0.1,6
sentence-transformers/all-MiniLM-L6-v2,obs_sync_en,neutron current measurement highly synchronized channels without time lag,observation_derived,en,51,5,64,0.5880562663078308,0.5315233469009399,0.1,6
sentence-transformers/all-MiniLM-L6-v2,obs_sync_en,neutron current measurement highly synchronized channels without time lag,observation_derived,en,51,6,64,0.5880562663078308,0.5315233469009399,0.1,6
sentence-transformers/all-MiniLM-L6-v2,obs_sync_en,neutron current measurement highly synchronized channels without time lag,observation_derived,en,51,7,64,0.5880562663078308,0.5315233469009399,0.1,6
sentence-transformers/all-MiniLM-L6-v2,obs_sync_en,neutron current measurement highly synchronized channels without time lag,observation_derived,en,51,8,64,0.5880562663078308,0.5315233469009399,0.1,6
sentence-transformers/all-MiniLM-L6-v2,obs_sync_en,neutron current measurement highly synchronized channels without time lag,observation_derived,en,51,9,64,0.5880562663078308,0.5315233469009399,0.1,6
sentence-transformers/all-MiniLM-L6-v2,obs_sync_zh,中子电流测量高同步通道无时间滞后,observation_derived,zh,0,0,13,0.256350040435791,0.1898384541273117,1.0,1
sentence-transformers/all-MiniLM-L6-v2,obs_sync_zh,中子电流测量高同步通道无时间滞后,observation_derived,zh,5,0,18,0.256350040435791,0.1961340755224228,0.8,1
sentence-transformers/all-MiniLM-L6-v2,obs_sync_zh,中子电流测量高同步通道无时间滞后,observation_derived,zh,5,1,18,0.256350040435791,0.1898384541273117,1.0,1
sentence-transformers/all-MiniLM-L6-v2,obs_sync_zh,中子电流测量高同步通道无时间滞后,observation_derived,zh,5,2,18,0.256350040435791,0.20086245238780975,0.5,1
sentence-transformers/all-MiniLM-L6-v2,obs_sync_zh,中子电流测量高同步通道无时间滞后,observation_derived,zh,5,3,18,0.256350040435791,0.19514809548854828,0.9,1
sentence-transformers/all-MiniLM-L6-v2,obs_sync_zh,中子电流测量高同步通道无时间滞后,observation_derived,zh,5,4,18,0.256350040435791,0.20823392271995544,0.5,1
sentence-transformers/all-MiniLM-L6-v2,obs_sync_zh,中子电流测量高同步通道无时间滞后,observation_derived,zh,5,5,18,0.256350040435791,0.2019786834716797,0.5,1
sentence-transformers/all-MiniLM-L6-v2,obs_sync_zh,中子电流测量高同步通道无时间滞后,observation_derived,zh,5,6,18,0.256350040435791,0.195081889629364,0.8,1
sentence-transformers/all-MiniLM-L6-v2,obs_sync_zh,中子电流测量高同步通道无时间滞后,observation_derived,zh,5,7,18,0.256350040435791,0.23098187148571014,0.4,1
sentence-transformers/all-MiniLM-L6-v2,obs_sync_zh,中子电流测量高同步通道无时间滞后,observation_derived,zh,5,8,18,0.256350040435791,0.20764824748039246,0.5,1
sentence-transformers/all-MiniLM-L6-v2,obs_sync_zh,中子电流测量高同步通道无时间滞后,observation_derived,zh,5,9,18,0.256350040435791,0.19189070165157318,0.9,1
sentence-transformers/all-MiniLM-L6-v2,obs_sync_zh,中子电流测量高同步通道无时间滞后,observation_derived,zh,10,0,23,0.3116005063056946,0.2548988461494446,0.3,4
sentence-transformers/all-MiniLM-L6-v2,obs_sync_zh,中子电流测量高同步通道无时间滞后,observation_derived,zh,10,1,23,0.256350040435791,0.20676293969154358,0.5,1
sentence-transformers/all-MiniLM-L6-v2,obs_sync_zh,中子电流测量高同步通道无时间滞后,observation_derived,zh,10,2,23,0.256350040435791,0.19991926848888397,0.6,1
sentence-transformers/all-MiniLM-L6-v2,obs_sync_zh,中子电流测量高同步通道无时间滞后,observation_derived,zh,10,3,23,0.256350040435791,0.2057226449251175,0.5,1
sentence-transformers/all-MiniLM-L6-v2,obs_sync_zh,中子电流测量高同步通道无时间滞后,observation_derived,zh,10,4,23,0.3116005063056946,0.2548988461494446,0.3,4
sentence-transformers/all-MiniLM-L6-v2,obs_sync_zh,中子电流测量高同步通道无时间滞后,observation_derived,zh,10,5,23,0.256350040435791,0.1979171186685562,0.7,1
sentence-transformers/all-MiniLM-L6-v2,obs_sync_zh,中子电流测量高同步通道无时间滞后,observation_derived,zh,10,6,23,0.256350040435791,0.2303154170513153,0.4,1
sentence-transformers/all-MiniLM-L6-v2,obs_sync_zh,中子电流测量高同步通道无时间滞后,observation_derived,zh,10,7,23,0.256350040435791,0.19108615815639496,0.9,1
sentence-transformers/all-MiniLM-L6-v2,obs_sync_zh,中子电流测量高同步通道无时间滞后,observation_derived,zh,10,8,23,0.256350040435791,0.20896634459495544,0.5,1
sentence-transformers/all-MiniLM-L6-v2,obs_sync_zh,中子电流测量高同步通道无时间滞后,observation_derived,zh,10,9,23,0.3116005063056946,0.25186821818351746,0.4,4
sentence-transformers/all-MiniLM-L6-v2,obs_sync_zh,中子电流测量高同步通道无时间滞后,observation_derived,zh,15,0,28,0.256350040435791,0.23203833401203156,0.4,1
sentence-transformers/all-MiniLM-L6-v2,obs_sync_zh,中子电流测量高同步通道无时间滞后,observation_derived,zh,15,1,28,0.256350040435791,0.20691582560539246,0.5,1
sentence-transformers/all-MiniLM-L6-v2,obs_sync_zh,中子电流测量高同步通道无时间滞后,observation_derived,zh,15,2,28,0.3116005063056946,0.2542247474193573,0.4,4
sentence-transformers/all-MiniLM-L6-v2,obs_sync_zh,中子电流测量高同步通道无时间滞后,observation_derived,zh,15,3,28,0.256350040435791,0.2130671739578247,0.4,1
sentence-transformers/all-MiniLM-L6-v2,obs_sync_zh,中子电流测量高同步通道无时间滞后,observation_derived,zh,15,4,28,0.256350040435791,0.2303154170513153,0.4,1
sentence-transformers/all-MiniLM-L6-v2,obs_sync_zh,中子电流测量高同步通道无时间滞后,observation_derived,zh,15,5,28,0.256350040435791,0.23785297572612762,0.3,1
sentence-transformers/all-MiniLM-L6-v2,obs_sync_zh,中子电流测量高同步通道无时间滞后,observation_derived,zh,15,6,28,0.3116005063056946,0.25186821818351746,0.4,4
sentence-transformers/all-MiniLM-L6-v2,obs_sync_zh,中子电流测量高同步通道无时间滞后,observation_derived,zh,15,7,28,0.256350040435791,0.1990819126367569,0.7,1
sentence-transformers/all-MiniLM-L6-v2,obs_sync_zh,中子电流测量高同步通道无时间滞后,observation_derived,zh,15,8,28,0.256350040435791,0.2303154170513153,0.4,1
sentence-transformers/all-MiniLM-L6-v2,obs_sync_zh,中子电流测量高同步通道无时间滞后,observation_derived,zh,15,9,28,0.256350040435791,0.21464312076568604,0.5,1
sentence-transformers/all-MiniLM-L6-v2,obs_sync_zh,中子电流测量高同步通道无时间滞后,observation_derived,zh,20,0,33,0.3116005063056946,0.25795578956604004,0.2,4
sentence-transformers/all-MiniLM-L6-v2,obs_sync_zh,中子电流测量高同步通道无时间滞后,observation_derived,zh,20,1,33,0.3116005063056946,0.25186821818351746,0.4,4
sentence-transformers/all-MiniLM-L6-v2,obs_sync_zh,中子电流测量高同步通道无时间滞后,observation_derived,zh,20,2,33,0.3116005063056946,0.25795578956604004,0.2,4
sentence-transformers/all-MiniLM-L6-v2,obs_sync_zh,中子电流测量高同步通道无时间滞后,observation_derived,zh,20,3,33,0.3116005063056946,0.25186821818351746,0.4,4
sentence-transformers/all-MiniLM-L6-v2,obs_sync_zh,中子电流测量高同步通道无时间滞后,observation_derived,zh,20,4,33,0.256350040435791,0.21408776938915253,0.4,1
sentence-transformers/all-MiniLM-L6-v2,obs_sync_zh,中子电流测量高同步通道无时间滞后,observation_derived,zh,20,5,33,0.256350040435791,0.21842031180858612,0.4,1
sentence-transformers/all-MiniLM-L6-v2,obs_sync_zh,中子电流测量高同步通道无时间滞后,observation_derived,zh,20,6,33,0.256350040435791,0.21664878726005554,0.4,1
sentence-transformers/all-MiniLM-L6-v2,obs_sync_zh,中子电流测量高同步通道无时间滞后,observation_derived,zh,20,7,33,0.256350040435791,0.23960073292255402,0.3,1
sentence-transformers/all-MiniLM-L6-v2,obs_sync_zh,中子电流测量高同步通道无时间滞后,observation_derived,zh,20,8,33,0.256350040435791,0.2024548053741455,0.6,1
sentence-transformers/all-MiniLM-L6-v2,obs_sync_zh,中子电流测量高同步通道无时间滞后,observation_derived,zh,20,9,33,0.256350040435791,0.23785297572612762,0.3,1
sentence-transformers/all-MiniLM-L6-v2,obs_sync_zh,中子电流测量高同步通道无时间滞后,observation_derived,zh,25,0,38,0.3116005063056946,0.25795578956604004,0.2,4
sentence-transformers/all-MiniLM-L6-v2,obs_sync_zh,中子电流测量高同步通道无时间滞后,observation_derived,zh,25,1,38,0.3116005063056946,0.25646883249282837,0.2,4
sentence-transformers/all-MiniLM-L6-v2,obs_sync_zh,中子电流测量高同步通道无时间滞后,observation_derived,zh,25,2,38,0.3116005063056946,0.25646883249282837,0.2,4
sentence-transformers/all-MiniLM-L6-v2,obs_sync_zh,中子电流测量高同步通道无时间滞后,observation_derived,zh,25,3,38,0.256350040435791,0.2142229527235031,0.4,1
sentence-transformers/all-MiniLM-L6-v2,obs_sync_zh,中子电流测量高同步通道无时间滞后,observation_derived,zh,25,4,38,0.256350040435791,0.20664003491401672,0.5,1
sentence-transformers/all-MiniLM-L6-v2,obs_sync_zh,中子电流测量高同步通道无时间滞后,observation_derived,zh,25,5,38,0.3116005063056946,0.2589420676231384,0.2,4
sentence-transformers/all-MiniLM-L6-v2,obs_sync_zh,中子电流测量高同步通道无时间滞后,observation_derived,zh,25,6,38,0.256350040435791,0.23518450558185577,0.4,1
sentence-transformers/all-MiniLM-L6-v2,obs_sync_zh,中子电流测量高同步通道无时间滞后,observation_derived,zh,25,7,38,0.3116005063056946,0.25646883249282837,0.2,4
sentence-transformers/all-MiniLM-L6-v2,obs_sync_zh,中子电流测量高同步通道无时间滞后,observation_derived,zh,25,8,38,0.3116005063056946,0.2600573003292084,0.1,4
sentence-transformers/all-MiniLM-L6-v2,obs_sync_zh,中子电流测量高同步通道无时间滞后,observation_derived,zh,25,9,38,0.3116005063056946,0.2542247474193573,0.4,4
sentence-transformers/all-MiniLM-L6-v2,obs_sync_zh,中子电流测量高同步通道无时间滞后,observation_derived,zh,30,0,43,0.3116005063056946,0.25913363695144653,0.2,4
sentence-transformers/all-MiniLM-L6-v2,obs_sync_zh,中子电流测量高同步通道无时间滞后,observation_derived,zh,30,1,43,0.256350040435791,0.23785297572612762,0.3,1
sentence-transformers/all-MiniLM-L6-v2,obs_sync_zh,中子电流测量高同步通道无时间滞后,observation_derived,zh,30,2,43,0.3116005063056946,0.25186821818351746,0.4,4
sentence-transformers/all-MiniLM-L6-v2,obs_sync_zh,中子电流测量高同步通道无时间滞后,observation_derived,zh,30,3,43,0.256350040435791,0.21284839510917664,0.5,1
sentence-transformers/all-MiniLM-L6-v2,obs_sync_zh,中子电流测量高同步通道无时间滞后,observation_derived,zh,30,4,43,0.256350040435791,0.2360687553882599,0.4,1
sentence-transformers/all-MiniLM-L6-v2,obs_sync_zh,中子电流测量高同步通道无时间滞后,observation_derived,zh,30,5,43,0.256350040435791,0.20358869433403015,0.5,1
sentence-transformers/all-MiniLM-L6-v2,obs_sync_zh,中子电流测量高同步通道无时间滞后,observation_derived,zh,30,6,43,0.256350040435791,0.23960073292255402,0.3,1
sentence-transformers/all-MiniLM-L6-v2,obs_sync_zh,中子电流测量高同步通道无时间滞后,observation_derived,zh,30,7,43,0.3116005063056946,0.2548988461494446,0.3,4
sentence-transformers/all-MiniLM-L6-v2,obs_sync_zh,中子电流测量高同步通道无时间滞后,observation_derived,zh,30,8,43,0.3116005063056946,0.2542247474193573,0.4,4
sentence-transformers/all-MiniLM-L6-v2,obs_sync_zh,中子电流测量高同步通道无时间滞后,observation_derived,zh,30,9,43,0.3116005063056946,0.2589420676231384,0.2,4
sentence-transformers/all-MiniLM-L6-v2,obs_sync_zh,中子电流测量高同步通道无时间滞后,observation_derived,zh,35,0,48,0.256350040435791,0.2329057902097702,0.4,1
sentence-transformers/all-MiniLM-L6-v2,obs_sync_zh,中子电流测量高同步通道无时间滞后,observation_derived,zh,35,1,48,0.3116005063056946,0.2542247474193573,0.4,4
sentence-transformers/all-MiniLM-L6-v2,obs_sync_zh,中子电流测量高同步通道无时间滞后,observation_derived,zh,35,2,48,0.256350040435791,0.2293032705783844,0.4,1
sentence-transformers/all-MiniLM-L6-v2,obs_sync_zh,中子电流测量高同步通道无时间滞后,observation_derived,zh,35,3,48,0.3116005063056946,0.2548988461494446,0.3,4
sentence-transformers/all-MiniLM-L6-v2,obs_sync_zh,中子电流测量高同步通道无时间滞后,observation_derived,zh,35,4,48,0.3116005063056946,0.25186821818351746,0.4,4
sentence-transformers/all-MiniLM-L6-v2,obs_sync_zh,中子电流测量高同步通道无时间滞后,observation_derived,zh,35,5,48,0.256350040435791,0.2360687553882599,0.4,1
sentence-transformers/all-MiniLM-L6-v2,obs_sync_zh,中子电流测量高同步通道无时间滞后,observation_derived,zh,35,6,48,0.256350040435791,0.23785297572612762,0.3,1
sentence-transformers/all-MiniLM-L6-v2,obs_sync_zh,中子电流测量高同步通道无时间滞后,observation_derived,zh,35,7,48,0.256350040435791,0.23785297572612762,0.3,1
sentence-transformers/all-MiniLM-L6-v2,obs_sync_zh,中子电流测量高同步通道无时间滞后,observation_derived,zh,35,8,48,0.3116005063056946,0.2589420676231384,0.2,4
sentence-transformers/all-MiniLM-L6-v2,obs_sync_zh,中子电流测量高同步通道无时间滞后,observation_derived,zh,35,9,48,0.3116005063056946,0.2589420676231384,0.2,4
sentence-transformers/all-MiniLM-L6-v2,obs_sync_zh,中子电流测量高同步通道无时间滞后,observation_derived,zh,40,0,53,0.3116005063056946,0.2600573003292084,0.1,4
sentence-transformers/all-MiniLM-L6-v2,obs_sync_zh,中子电流测量高同步通道无时间滞后,observation_derived,zh,40,1,53,0.3116005063056946,0.2589420676231384,0.2,4
sentence-transformers/all-MiniLM-L6-v2,obs_sync_zh,中子电流测量高同步通道无时间滞后,observation_derived,zh,40,2,53,0.256350040435791,0.23960073292255402,0.3,1
sentence-transformers/all-MiniLM-L6-v2,obs_sync_zh,中子电流测量高同步通道无时间滞后,observation_derived,zh,40,3,53,0.3116005063056946,0.2600573003292084,0.1,4
sentence-transformers/all-MiniLM-L6-v2,obs_sync_zh,中子电流测量高同步通道无时间滞后,observation_derived,zh,40,4,53,0.3116005063056946,0.25646883249282837,0.2,4
sentence-transformers/all-MiniLM-L6-v2,obs_sync_zh,中子电流测量高同步通道无时间滞后,observation_derived,zh,40,5,53,0.3116005063056946,0.2589420676231384,0.2,4
sentence-transformers/all-MiniLM-L6-v2,obs_sync_zh,中子电流测量高同步通道无时间滞后,observation_derived,zh,40,6,53,0.3116005063056946,0.2600573003292084,0.1,4
sentence-transformers/all-MiniLM-L6-v2,obs_sync_zh,中子电流测量高同步通道无时间滞后,observation_derived,zh,40,7,53,0.3116005063056946,0.2600573003292084,0.1,4
sentence-transformers/all-MiniLM-L6-v2,obs_sync_zh,中子电流测量高同步通道无时间滞后,observation_derived,zh,40,8,53,0.256350040435791,0.2293032705783844,0.4,1
sentence-transformers/all-MiniLM-L6-v2,obs_sync_zh,中子电流测量高同步通道无时间滞后,observation_derived,zh,40,9,53,0.256350040435791,0.2329057902097702,0.4,1
sentence-transformers/all-MiniLM-L6-v2,obs_sync_zh,中子电流测量高同步通道无时间滞后,observation_derived,zh,45,0,58,0.3116005063056946,0.2600573003292084,0.1,4
sentence-transformers/all-MiniLM-L6-v2,obs_sync_zh,中子电流测量高同步通道无时间滞后,observation_derived,zh,45,1,58,0.3116005063056946,0.25646883249282837,0.2,4
sentence-transformers/all-MiniLM-L6-v2,obs_sync_zh,中子电流测量高同步通道无时间滞后,observation_derived,zh,45,2,58,0.3116005063056946,0.2600573003292084,0.1,4
sentence-transformers/all-MiniLM-L6-v2,obs_sync_zh,中子电流测量高同步通道无时间滞后,observation_derived,zh,45,3,58,0.3116005063056946,0.2600573003292084,0.1,4
sentence-transformers/all-MiniLM-L6-v2,obs_sync_zh,中子电流测量高同步通道无时间滞后,observation_derived,zh,45,4,58,0.3116005063056946,0.2600573003292084,0.1,4
sentence-transformers/all-MiniLM-L6-v2,obs_sync_zh,中子电流测量高同步通道无时间滞后,observation_derived,zh,45,5,58,0.3116005063056946,0.2600573003292084,0.1,4
sentence-transformers/all-MiniLM-L6-v2,obs_sync_zh,中子电流测量高同步通道无时间滞后,observation_derived,zh,45,6,58,0.3116005063056946,0.25913363695144653,0.2,4
sentence-transformers/all-MiniLM-L6-v2,obs_sync_zh,中子电流测量高同步通道无时间滞后,observation_derived,zh,45,7,58,0.3116005063056946,0.2600573003292084,0.1,4
sentence-transformers/all-MiniLM-L6-v2,obs_sync_zh,中子电流测量高同步通道无时间滞后,observation_derived,zh,45,8,58,0.3116005063056946,0.2600573003292084,0.1,4
sentence-transformers/all-MiniLM-L6-v2,obs_sync_zh,中子电流测量高同步通道无时间滞后,observation_derived,zh,45,9,58,0.3116005063056946,0.2600573003292084,0.1,4
sentence-transformers/all-MiniLM-L6-v2,obs_sync_zh,中子电流测量高同步通道无时间滞后,observation_derived,zh,50,0,63,0.3116005063056946,0.2600573003292084,0.1,4
sentence-transformers/all-MiniLM-L6-v2,obs_sync_zh,中子电流测量高同步通道无时间滞后,observation_derived,zh,50,1,63,0.3116005063056946,0.2600573003292084,0.1,4
sentence-transformers/all-MiniLM-L6-v2,obs_sync_zh,中子电流测量高同步通道无时间滞后,observation_derived,zh,50,2,63,0.3116005063056946,0.25913363695144653,0.2,4
sentence-transformers/all-MiniLM-L6-v2,obs_sync_zh,中子电流测量高同步通道无时间滞后,observation_derived,zh,50,3,63,0.3116005063056946,0.2600573003292084,0.1,4
sentence-transformers/all-MiniLM-L6-v2,obs_sync_zh,中子电流测量高同步通道无时间滞后,observation_derived,zh,50,4,63,0.3116005063056946,0.2600573003292084,0.1,4
sentence-transformers/all-MiniLM-L6-v2,obs_sync_zh,中子电流测量高同步通道无时间滞后,observation_derived,zh,50,5,63,0.3116005063056946,0.2600573003292084,0.1,4
sentence-transformers/all-MiniLM-L6-v2,obs_sync_zh,中子电流测量高同步通道无时间滞后,observation_derived,zh,50,6,63,0.3116005063056946,0.25646883249282837,0.2,4
sentence-transformers/all-MiniLM-L6-v2,obs_sync_zh,中子电流测量高同步通道无时间滞后,observation_derived,zh,50,7,63,0.3116005063056946,0.2600573003292084,0.1,4
sentence-transformers/all-MiniLM-L6-v2,obs_sync_zh,中子电流测量高同步通道无时间滞后,observation_derived,zh,50,8,63,0.3116005063056946,0.2600573003292084,0.1,4
sentence-transformers/all-MiniLM-L6-v2,obs_sync_zh,中子电流测量高同步通道无时间滞后,observation_derived,zh,50,9,63,0.3116005063056946,0.2600573003292084,0.1,4
sentence-transformers/all-MiniLM-L6-v2,obs_sync_zh,中子电流测量高同步通道无时间滞后,observation_derived,zh,51,0,64,0.3116005063056946,0.2600573003292084,0.1,4
sentence-transformers/all-MiniLM-L6-v2,obs_sync_zh,中子电流测量高同步通道无时间滞后,observation_derived,zh,51,1,64,0.3116005063056946,0.2600573003292084,0.1,4
sentence-transformers/all-MiniLM-L6-v2,obs_sync_zh,中子电流测量高同步通道无时间滞后,observation_derived,zh,51,2,64,0.3116005063056946,0.2600573003292084,0.1,4
sentence-transformers/all-MiniLM-L6-v2,obs_sync_zh,中子电流测量高同步通道无时间滞后,observation_derived,zh,51,3,64,0.3116005063056946,0.2600573003292084,0.1,4
sentence-transformers/all-MiniLM-L6-v2,obs_sync_zh,中子电流测量高同步通道无时间滞后,observation_derived,zh,51,4,64,0.3116005063056946,0.2600573003292084,0.1,4
sentence-transformers/all-MiniLM-L6-v2,obs_sync_zh,中子电流测量高同步通道无时间滞后,observation_derived,zh,51,5,64,0.3116005063056946,0.2600573003292084,0.1,4
sentence-transformers/all-MiniLM-L6-v2,obs_sync_zh,中子电流测量高同步通道无时间滞后,observation_derived,zh,51,6,64,0.3116005063056946,0.2600573003292084,0.1,4
sentence-transformers/all-MiniLM-L6-v2,obs_sync_zh,中子电流测量高同步通道无时间滞后,observation_derived,zh,51,7,64,0.3116005063056946,0.2600573003292084,0.1,4
sentence-transformers/all-MiniLM-L6-v2,obs_sync_zh,中子电流测量高同步通道无时间滞后,observation_derived,zh,51,8,64,0.3116005063056946,0.2600573003292084,0.1,4
sentence-transformers/all-MiniLM-L6-v2,obs_sync_zh,中子电流测量高同步通道无时间滞后,observation_derived,zh,51,9,64,0.3116005063056946,0.2600573003292084,0.1,4
