model,query_id,query,family,language,extra_docs,trial,pool_docs,top1_score,top10_mean_score,iaea_priority_top10,first_iaea_rank
sentence-transformers/paraphrase-multilingual-MiniLM-L12-v2,baseline_zh_core,中子,baseline,zh,0,0,13,0.4699205756187439,0.3883191645145416,1.0,1
sentence-transformers/paraphrase-multilingual-MiniLM-L12-v2,baseline_zh_core,中子,baseline,zh,5,0,18,0.4699205756187439,0.39397960901260376,0.9,1
sentence-transformers/paraphrase-multilingual-MiniLM-L12-v2,baseline_zh_core,中子,baseline,zh,5,1,18,0.4699205756187439,0.39397960901260376,0.9,1
sentence-transformers/paraphrase-multilingual-MiniLM-L12-v2,baseline_zh_core,中子,baseline,zh,5,2,18,0.4699205756187439,0.39664220809936523,0.7,1
sentence-transformers/paraphrase-multilingual-MiniLM-L12-v2,baseline_zh_core,中子,baseline,zh,5,3,18,0.4699205756187439,0.4011627733707428,0.6,1
sentence-transformers/paraphrase-multilingual-MiniLM-L12-v2,baseline_zh_core,中子,baseline,zh,5,4,18,0.4699205756187439,0.39533472061157227,0.8,1
sentence-transformers/paraphrase-multilingual-MiniLM-L12-v2,baseline_zh_core,中子,baseline,zh,5,5,18,0.4699205756187439,0.41177454590797424,0.4,1
sentence-transformers/paraphrase-multilingual-MiniLM-L12-v2,baseline_zh_core,中子,baseline,zh,5,6,18,0.4699205756187439,0.4287450313568115,0.4,1
sentence-transformers/paraphrase-multilingual-MiniLM-L12-v2,baseline_zh_core,中子,baseline,zh,5,7,18,0.4699205756187439,0.3883191645145416,1.0,1
sentence-transformers/paraphrase-multilingual-MiniLM-L12-v2,baseline_zh_core,中子,baseline,zh,5,8,18,0.4699205756187439,0.4343954622745514,0.3,1
sentence-transformers/paraphrase-multilingual-MiniLM-L12-v2,baseline_zh_core,中子,baseline,zh,5,9,18,0.4699205756187439,0.3899756073951721,0.8,1
sentence-transformers/paraphrase-multilingual-MiniLM-L12-v2,baseline_zh_core,中子,baseline,zh,10,0,23,0.4699205756187439,0.38922885060310364,0.9,1
sentence-transformers/paraphrase-multilingual-MiniLM-L12-v2,baseline_zh_core,中子,baseline,zh,10,1,23,0.4699205756187439,0.3883191645145416,1.0,1
sentence-transformers/paraphrase-multilingual-MiniLM-L12-v2,baseline_zh_core,中子,baseline,zh,10,2,23,0.4699205756187439,0.3884109854698181,0.9,1
sentence-transformers/paraphrase-multilingual-MiniLM-L12-v2,baseline_zh_core,中子,baseline,zh,10,3,23,0.4699205756187439,0.3992301821708679,0.7,1
sentence-transformers/paraphrase-multilingual-MiniLM-L12-v2,baseline_zh_core,中子,baseline,zh,10,4,23,0.4699205756187439,0.4216230511665344,0.4,1
sentence-transformers/paraphrase-multilingual-MiniLM-L12-v2,baseline_zh_core,中子,baseline,zh,10,5,23,0.4699205756187439,0.4013547897338867,0.7,1
sentence-transformers/paraphrase-multilingual-MiniLM-L12-v2,baseline_zh_core,中子,baseline,zh,10,6,23,0.4699205756187439,0.40904784202575684,0.5,1
sentence-transformers/paraphrase-multilingual-MiniLM-L12-v2,baseline_zh_core,中子,baseline,zh,10,7,23,0.4699205756187439,0.4287450313568115,0.4,1
sentence-transformers/paraphrase-multilingual-MiniLM-L12-v2,baseline_zh_core,中子,baseline,zh,10,8,23,0.4699205756187439,0.4071529805660248,0.5,1
sentence-transformers/paraphrase-multilingual-MiniLM-L12-v2,baseline_zh_core,中子,baseline,zh,10,9,23,0.4699205756187439,0.3883191645145416,1.0,1
sentence-transformers/paraphrase-multilingual-MiniLM-L12-v2,baseline_zh_core,中子,baseline,zh,15,0,28,0.4699205756187439,0.4347350597381592,0.3,1
sentence-transformers/paraphrase-multilingual-MiniLM-L12-v2,baseline_zh_core,中子,baseline,zh,15,1,28,0.4699205756187439,0.4247903823852539,0.4,1
sentence-transformers/paraphrase-multilingual-MiniLM-L12-v2,baseline_zh_core,中子,baseline,zh,15,2,28,0.4699205756187439,0.3992301821708679,0.7,1
sentence-transformers/paraphrase-multilingual-MiniLM-L12-v2,baseline_zh_core,中子,baseline,zh,15,3,28,0.4699205756187439,0.4130246043205261,0.5,1
sentence-transformers/paraphrase-multilingual-MiniLM-L12-v2,baseline_zh_core,中子,baseline,zh,15,4,28,0.4699205756187439,0.4326980710029602,0.3,1
sentence-transformers/paraphrase-multilingual-MiniLM-L12-v2,baseline_zh_core,中子,baseline,zh,15,5,28,0.4699205756187439,0.42295679450035095,0.4,1
sentence-transformers/paraphrase-multilingual-MiniLM-L12-v2,baseline_zh_core,中子,baseline,zh,15,6,28,0.4699205756187439,0.4159007966518402,0.4,1
sentence-transformers/paraphrase-multilingual-MiniLM-L12-v2,baseline_zh_core,中子,baseline,zh,15,7,28,0.4699205756187439,0.4343954622745514,0.3,1
sentence-transformers/paraphrase-multilingual-MiniLM-L12-v2,baseline_zh_core,中子,baseline,zh,15,8,28,0.4699205756187439,0.4159007966518402,0.4,1
sentence-transformers/paraphrase-multilingual-MiniLM-L12-v2,baseline_zh_core,中子,baseline,zh,15,9,28,0.4699205756187439,0.4347251355648041,0.3,1
sentence-transformers/paraphrase-multilingual-MiniLM-L12-v2,baseline_zh_core,中子,baseline,zh,20,0,33,0.4699205756187439,0.43649452924728394,0.3,1
sentence-transformers/paraphrase-multilingual-MiniLM-L12-v2,baseline_zh_core,中子,baseline,zh,20,1,33,0.4699205756187439,0.4361347258090973,0.3,1
sentence-transformers/paraphrase-multilingual-MiniLM-L12-v2,baseline_zh_core,中子,baseline,zh,20,2,33,0.4699205756187439,0.4303007125854492,0.4,1
sentence-transformers/paraphrase-multilingual-MiniLM-L12-v2,baseline_zh_core,中子,baseline,zh,20,3,33,0.4699205756187439,0.42917031049728394,0.4,1
sentence-transformers/paraphrase-multilingual-MiniLM-L12-v2,baseline_zh_core,中子,baseline,zh,20,4,33,0.4699205756187439,0.43196791410446167,0.4,1
sentence-transformers/paraphrase-multilingual-MiniLM-L12-v2,baseline_zh_core,中子,baseline,zh,20,5,33,0.4699205756187439,0.41922926902770996,0.4,1
sentence-transformers/paraphrase-multilingual-MiniLM-L12-v2,baseline_zh_core,中子,baseline,zh,20,6,33,0.4699205756187439,0.4120911955833435,0.4,1
sentence-transformers/paraphrase-multilingual-MiniLM-L12-v2,baseline_zh_core,中子,baseline,zh,20,7,33,0.4699205756187439,0.3955596089363098,0.8,1
sentence-transformers/paraphrase-multilingual-MiniLM-L12-v2,baseline_zh_core,中子,baseline,zh,20,8,33,0.4699205756187439,0.4257444739341736,0.4,1
sentence-transformers/paraphrase-multilingual-MiniLM-L12-v2,baseline_zh_core,中子,baseline,zh,20,9,33,0.4699205756187439,0.4343954622745514,0.3,1
sentence-transformers/paraphrase-multilingual-MiniLM-L12-v2,baseline_zh_core,中子,baseline,zh,25,0,38,0.4699205756187439,0.4249838888645172,0.4,1
sentence-transformers/paraphrase-multilingual-MiniLM-L12-v2,baseline_zh_core,中子,baseline,zh,25,1,38,0.4699205756187439,0.4351678490638733,0.3,1
sentence-transformers/paraphrase-multilingual-MiniLM-L12-v2,baseline_zh_core,中子,baseline,zh,25,2,38,0.4699205756187439,0.4350949227809906,0.3,1
sentence-transformers/paraphrase-multilingual-MiniLM-L12-v2,baseline_zh_core,中子,baseline,zh,25,3,38,0.4699205756187439,0.43828511238098145,0.3,1
sentence-transformers/paraphrase-multilingual-MiniLM-L12-v2,baseline_zh_core,中子,baseline,zh,25,4,38,0.4699205756187439,0.41713327169418335,0.4,1
sentence-transformers/paraphrase-multilingual-MiniLM-L12-v2,baseline_zh_core,中子,baseline,zh,25,5,38,0.4699205756187439,0.4323377013206482,0.4,1
sentence-transformers/paraphrase-multilingual-MiniLM-L12-v2,baseline_zh_core,中子,baseline,zh,25,6,38,0.4699205756187439,0.4379154145717621,0.3,1
sentence-transformers/paraphrase-multilingual-MiniLM-L12-v2,baseline_zh_core,中子,baseline,zh,25,7,38,0.4699205756187439,0.4220268130302429,0.4,1
sentence-transformers/paraphrase-multilingual-MiniLM-L12-v2,baseline_zh_core,中子,baseline,zh,25,8,38,0.4699205756187439,0.4326980710029602,0.3,1
sentence-transformers/paraphrase-multilingual-MiniLM-L12-v2,baseline_zh_core,中子,baseline,zh,25,9,38,0.4699205756187439,0.41826361417770386,0.4,1
sentence-transformers/paraphrase-multilingual-MiniLM-L12-v2,baseline_zh_core,中子,baseline,zh,30,0,43,0.4699205756187439,0.41544586420059204,0.4,1
sentence-transformers/paraphrase-multilingual-MiniLM-L12-v2,baseline_zh_core,中子,baseline,zh,30,1,43,0.4699205756187439,0.43650445342063904,0.3,1
sentence-transformers/paraphrase-multilingual-MiniLM-L12-v2,baseline_zh_core,中子,baseline,zh,30,2,43,0.4699205756187439,0.40276622772216797,0.6,1
sentence-transformers/paraphrase-multilingual-MiniLM-L12-v2,baseline_zh_core,中子,baseline,zh,30,3,43,0.4699205756187439,0.43446746468544006,0.3,1
sentence-transformers/paraphrase-multilingual-MiniLM-L12-v2,baseline_zh_core,中子,baseline,zh,30,4,43,0.4699205756187439,0.4371948838233948,0.3,1
sentence-transformers/paraphrase-multilingual-MiniLM-L12-v2,baseline_zh_core,中子,baseline,zh,30,5,43,0.4699205756187439,0.43828511238098145,0.3,1
sentence-transformers/paraphrase-multilingual-MiniLM-L12-v2,baseline_zh_core,中子,baseline,zh,30,6,43,0.4699205756187439,0.4379154145717621,0.3,1
sentence-transformers/paraphrase-multilingual-MiniLM-L12-v2,baseline_zh_core,中子,baseline,zh,30,7,43,0.4699205756187439,0.4125251770019531,0.5,1
sentence-transformers/paraphrase-multilingual-MiniLM-L12-v2,baseline_zh_core,中子,baseline,zh,30,8,43,0.4699205756187439,0.4261142313480377,0.4,1
sentence-transformers/paraphrase-multilingual-MiniLM-L12-v2,baseline_zh_core,中子,baseline,zh,30,9,43,0.4699205756187439,0.4246240258216858,0.4,1
sentence-transformers/paraphrase-multilingual-MiniLM-L12-v2,baseline_zh_core,中子,baseline,zh,35,0,48,0.4699205756187439,0.4361347258090973,0.3,1
sentence-transformers/paraphrase-multilingual-MiniLM-L12-v2,baseline_zh_core,中子,baseline,zh,35,1,48,0.4699205756187439,0.43306785821914673,0.3,1
sentence-transformers/paraphrase-multilingual-MiniLM-L12-v2,baseline_zh_core,中子,baseline,zh,35,2,48,0.4699205756187439,0.4379252791404724,0.3,1
sentence-transformers/paraphrase-multilingual-MiniLM-L12-v2,baseline_zh_core,中子,baseline,zh,35,3,48,0.4699205756187439,0.4379154145717621,0.3,1
sentence-transformers/paraphrase-multilingual-MiniLM-L12-v2,baseline_zh_core,中子,baseline,zh,35,4,48,0.4699205756187439,0.4171130657196045,0.4,1
sentence-transformers/paraphrase-multilingual-MiniLM-L12-v2,baseline_zh_core,中子,baseline,zh,35,5,48,0.4699205756187439,0.4379154145717621,0.3,1
sentence-transformers/paraphrase-multilingual-MiniLM-L12-v2,baseline_zh_core,中子,baseline,zh,35,6,48,0.4699205756187439,0.4130246043205261,0.5,1
sentence-transformers/paraphrase-multilingual-MiniLM-L12-v2,baseline_zh_core,中子,baseline,zh,35,7,48,0.4699205756187439,0.4379154145717621,0.3,1
sentence-transformers/paraphrase-multilingual-MiniLM-L12-v2,baseline_zh_core,中子,baseline,zh,35,8,48,0.4699205756187439,0.43828511238098145,0.3,1
sentence-transformers/paraphrase-multilingual-MiniLM-L12-v2,baseline_zh_core,中子,baseline,zh,35,9,48,0.4699205756187439,0.43828511238098145,0.3,1
sentence-transformers/paraphrase-multilingual-MiniLM-L12-v2,baseline_zh_core,中子,baseline,zh,40,0,53,0.4699205756187439,0.43828511238098145,0.3,1
sentence-transformers/paraphrase-multilingual-MiniLM-L12-v2,baseline_zh_core,中子,baseline,zh,40,1,53,0.4699205756187439,0.4371948838233948,0.3,1
sentence-transformers/paraphrase-multilingual-MiniLM-L12-v2,baseline_zh_core,中子,baseline,zh,40,2,53,0.4699205756187439,0.43649452924728394,0.3,1
sentence-transformers/paraphrase-multilingual-MiniLM-L12-v2,baseline_zh_core,中子,baseline,zh,40,3,53,0.4699205756187439,0.43828511238098145,0.3,1
sentence-transformers/paraphrase-multilingual-MiniLM-L12-v2,baseline_zh_core,中子,baseline,zh,40,4,53,0.4699205756187439,0.43828511238098145,0.3,1
sentence-transformers/paraphrase-multilingual-MiniLM-L12-v2,baseline_zh_core,中子,baseline,zh,40,5,53,0.4699205756187439,0.43828511238098145,0.3,1
sentence-transformers/paraphrase-multilingual-MiniLM-L12-v2,baseline_zh_core,中子,baseline,zh,40,6,53,0.4699205756187439,0.43828511238098145,0.3,1
sentence-transformers/paraphrase-multilingual-MiniLM-L12-v2,baseline_zh_core,中子,baseline,zh,40,7,53,0.4699205756187439,0.42778143286705017,0.4,1
sentence-transformers/paraphrase-multilingual-MiniLM-L12-v2,baseline_zh_core,中子,baseline,zh,40,8,53,0.4699205756187439,0.4371948838233948,0.3,1
sentence-transformers/paraphrase-multilingual-MiniLM-L12-v2,baseline_zh_core,中子,baseline,zh,40,9,53,0.4699205756187439,0.4371948838233948,0.3,1
sentence-transformers/paraphrase-multilingual-MiniLM-L12-v2,baseline_zh_core,中子,baseline,zh,45,0,58,0.4699205756187439,0.4285116195678711,0.3,1
sentence-transformers/paraphrase-multilingual-MiniLM-L12-v2,baseline_zh_core,中子,baseline,zh,45,1,58,0.4699205756187439,0.43828511238098145,0.3,1
sentence-transformers/paraphrase-multilingual-MiniLM-L12-v2,baseline_zh_core,中子,baseline,zh,45,2,58,0.4699205756187439,0.4371948838233948,0.3,1
sentence-transformers/paraphrase-multilingual-MiniLM-L12-v2,baseline_zh_core,中子,baseline,zh,45,3,58,0.4699205756187439,0.4351579248905182,0.3,1
sentence-transformers/paraphrase-multilingual-MiniLM-L12-v2,baseline_zh_core,中子,baseline,zh,45,4,58,0.4699205756187439,0.4285116195678711,0.3,1
sentence-transformers/paraphrase-multilingual-MiniLM-L12-v2,baseline_zh_core,中子,baseline,zh,45,5,58,0.4699205756187439,0.43828511238098145,0.3,1
sentence-transformers/paraphrase-multilingual-MiniLM-L12-v2,baseline_zh_core,中子,baseline,zh,45,6,58,0.4699205756187439,0.43828511238098145,0.3,1
sentence-transformers/paraphrase-multilingual-MiniLM-L12-v2,baseline_zh_core,中子,baseline,zh,45,7,58,0.4699205756187439,0.43828511238098145,0.3,1
sentence-transformers/paraphrase-multilingual-MiniLM-L12-v2,baseline_zh_core,中子,baseline,zh,45,8,58,0.4699205756187439,0.43828511238098145,0.3,1
sentence-transformers/paraphrase-multilingual-MiniLM-L12-v2,baseline_zh_core,中子,baseline,zh,45,9,58,0.4699205756187439,0.43828511238098145,0.3,1
sentence-transformers/paraphrase-multilingual-MiniLM-L12-v2,baseline_zh_core,中子,baseline,zh,50,0,63,0.4699205756187439,0.43828511238098145,0.3,1
sentence-transformers/paraphrase-multilingual-MiniLM-L12-v2,baseline_zh_core,中子,baseline,zh,50,1,63,0.4699205756187439,0.4379252791404724,0.3,1
sentence-transformers/paraphrase-multilingual-MiniLM-L12-v2,baseline_zh_core,中子,baseline,zh,50,2,63,0.4699205756187439,0.43828511238098145,0.3,1
sentence-transformers/paraphrase-multilingual-MiniLM-L12-v2,baseline_zh_core,中子,baseline,zh,50,3,63,0.4699205756187439,0.43828511238098145,0.3,1
sentence-transformers/paraphrase-multilingual-MiniLM-L12-v2,baseline_zh_core,中子,baseline,zh,50,4,63,0.4699205756187439,0.43828511238098145,0.3,1
sentence-transformers/paraphrase-multilingual-MiniLM-L12-v2,baseline_zh_core,中子,baseline,zh,50,5,63,0.4699205756187439,0.43828511238098145,0.3,1
sentence-transformers/paraphrase-multilingual-MiniLM-L12-v2,baseline_zh_core,中子,baseline,zh,50,6,63,0.4699205756187439,0.43828511238098145,0.3,1
sentence-transformers/paraphrase-multilingual-MiniLM-L12-v2,baseline_zh_core,中子,baseline,zh,50,7,63,0.4699205756187439,0.43828511238098145,0.3,1
sentence-transformers/paraphrase-multilingual-MiniLM-L12-v2,baseline_zh_core,中子,baseline,zh,50,8,63,0.4699205756187439,0.4379252791404724,0.3,1
sentence-transformers/paraphrase-multilingual-MiniLM-L12-v2,baseline_zh_core,中子,baseline,zh,50,9,63,0.4699205756187439,0.43828511238098145,0.3,1
sentence-transformers/paraphrase-multilingual-MiniLM-L12-v2,baseline_zh_core,中子,baseline,zh,51,0,64,0.4699205756187439,0.43828511238098145,0.3,1
sentence-transformers/paraphrase-multilingual-MiniLM-L12-v2,baseline_zh_core,中子,baseline,zh,51,1,64,0.4699205756187439,0.43828511238098145,0.3,1
sentence-transformers/paraphrase-multilingual-MiniLM-L12-v2,baseline_zh_core,中子,baseline,zh,51,2,64,0.4699205756187439,0.43828511238098145,0.3,1
sentence-transformers/paraphrase-multilingual-MiniLM-L12-v2,baseline_zh_core,中子,baseline,zh,51,3,64,0.4699205756187439,0.43828511238098145,0.3,1
sentence-transformers/paraphrase-multilingual-MiniLM-L12-v2,baseline_zh_core,中子,baseline,zh,51,4,64,0.4699205756187439,0.43828511238098145,0.3,1
sentence-transformers/paraphrase-multilingual-MiniLM-L12-v2,baseline_zh_core,中子,baseline,zh,51,5,64,0.4699205756187439,0.43828511238098145,0.3,1
sentence-transformers/paraphrase-multilingual-MiniLM-L12-v2,baseline_zh_core,中子,baseline,zh,51,6,64,0.4699205756187439,0.43828511238098145,0.3,1
sentence-transformers/paraphrase-multilingual-MiniLM-L12-v2,baseline_zh_core,中子,baseline,zh,51,7,64,0.4699205756187439,0.43828511238098145,0.3,1
sentence-transformers/paraphrase-multilingual-MiniLM-L12-v2,baseline_zh_core,中子,baseline,zh,51,8,64,0.4699205756187439,0.43828511238098145,0.3,1
sentence-transformers/paraphrase-multilingual-MiniLM-L12-v2,baseline_zh_core,中子,baseline,zh,51,9,64,0.4699205756187439,0.43828511238098145,0.3,1
sentence-transformers/paraphrase-multilingual-MiniLM-L12-v2,baseline_en_core,neutron,baseline,en,0,0,13,0.5592576265335083,0.5306119918823242,1.0,1
sentence-transformers/paraphrase-multilingual-MiniLM-L12-v2,baseline_en_core,neutron,baseline,en,5,0,18,0.5592576265335083,0.5341521501541138,0.8,1
sentence-transformers/paraphrase-multilingual-MiniLM-L12-v2,baseline_en_core,neutron,baseline,en,5,1,18,0.6437991857528687,0.5723516345024109,0.2,6
sentence-transformers/paraphrase-multilingual-MiniLM-L12-v2,baseline_en_core,neutron,baseline,en,5,2,18,0.6437991857528687,0.5767626762390137,0.2,6
sentence-transformers/paraphrase-multilingual-MiniLM-L12-v2,baseline_en_core,neutron,baseline,en,5,3,18,0.5592576265335083,0.5306119918823242,1.0,1
sentence-transformers/paraphrase-multilingual-MiniLM-L12-v2,baseline_en_core,neutron,baseline,en,5,4,18,0.5592576265335083,0.5306119918823242,1.0,1
sentence-transformers/paraphrase-multilingual-MiniLM-L12-v2,baseline_en_core,neutron,baseline,en,5,5,18,0.5592576265335083,0.5306119918823242,1.0,1
sentence-transformers/paraphrase-multilingual-MiniLM-L12-v2,baseline_en_core,neutron,baseline,en,5,6,18,0.6498503088951111,0.5667603015899658,0.6,5
sentence-transformers/paraphrase-multilingual-MiniLM-L12-v2,baseline_en_core,neutron,baseline,en,5,7,18,0.6307096481323242,0.5589160323143005,0.6,4
sentence-transformers/paraphrase-multilingual-MiniLM-L12-v2,baseline_en_core,neutron,baseline,en,5,8,18,0.6020513772964478,0.5687240958213806,0.2,6
sentence-transformers/paraphrase-multilingual-MiniLM-L12-v2,baseline_en_core,neutron,baseline,en,5,9,18,0.6020513772964478,0.5611319541931152,0.2,4
sentence-transformers/paraphrase-multilingual-MiniLM-L12-v2,baseline_en_core,neutron,baseline,en,10,0,23,0.6584867835044861,0.6021496057510376,0.0,11
sentence-transformers/paraphrase-multilingual-MiniLM-L12-v2,baseline_en_core,neutron,baseline,en,10,1,23,0.5592576265335083,0.532227098941803,0.9,1
sentence-transformers/paraphrase-multilingual-MiniLM-L12-v2,baseline_en_core,neutron,baseline,en,10,2,23,0.6307096481323242,0.5752049684524536,0.2,7
sentence-transformers/paraphrase-multilingual-MiniLM-L12-v2,baseline_en_core,neutron,baseline,en,10,3,23,0.6584867835044861,0.6332060694694519,0.0,11
sentence-transformers/paraphrase-multilingual-MiniLM-L12-v2,baseline_en_core,neutron,baseline,en,10,4,23,0.6523413062095642,0.6029134392738342,0.0,11
sentence-transformers/paraphrase-multilingual-MiniLM-L12-v2,baseline_en_core,neutron,baseline,en,10,5,23,0.7034332752227783,0.664060115814209,0.0,11
sentence-transformers/paraphrase-multilingual-MiniLM-L12-v2,baseline_en_core,neutron,baseline,en,10,6,23,0.7034332752227783,0.6675719022750854,0.0,11
sentence-transformers/paraphrase-multilingual-MiniLM-L12-v2,baseline_en_core,neutron,baseline,en,10,7,23,0.6584867835044861,0.5808591246604919,0.2,6
sentence-transformers/paraphrase-multilingual-MiniLM-L12-v2,baseline_en_core,neutron,baseline,en,10,8,23,0.6437991857528687,0.5896145701408386,0.1,9
sentence-transformers/paraphrase-multilingual-MiniLM-L12-v2,baseline_en_core,neutron,baseline,en,10,9,23,0.6584867835044861,0.6133670806884766,0.0,11
sentence-transformers/paraphrase-multilingual-MiniLM-L12-v2,baseline_en_core,neutron,baseline,en,15,0,28,0.6523413062095642,0.6197603940963745,0.0,11
sentence-transformers/paraphrase-multilingual-MiniLM-L12-v2,baseline_en_core,neutron,baseline,en,15,1,28,0.6498503088951111,0.5916263461112976,0.1,9
sentence-transformers/paraphrase-multilingual-MiniLM-L12-v2,baseline_en_core,neutron,baseline,en,15,2,28,0.7034332752227783,0.6653690338134766,0.0,11
sentence-transformers/paraphrase-multilingual-MiniLM-L12-v2,baseline_en_core,neutron,baseline,en,15,3,28,0.7034332752227783,0.6665742993354797,0.0,11
sentence-transformers/paraphrase-multilingual-MiniLM-L12-v2,baseline_en_core,neutron,baseline,en,15,4,28,0.6523413062095642,0.6115663647651672,0.0,11
sentence-transformers/paraphrase-multilingual-MiniLM-L12-v2,baseline_en_core,neutron,baseline,en,15,5,28,0.6307096481323242,0.5813352465629578,0.1,7
sentence-transformers/paraphrase-multilingual-MiniLM-L12-v2,baseline_en_core,neutron,baseline,en,15,6,28,0.6529061794281006,0.6345317959785461,0.0,11
sentence-transformers/paraphrase-multilingual-MiniLM-L12-v2,baseline_en_core,neutron,baseline,en,15,7,28,0.6529061794281006,0.6243356466293335,0.0,11
sentence-transformers/paraphrase-multilingual-MiniLM-L12-v2,baseline_en_core,neutron,baseline,en,15,8,28,0.6584867835044861,0.615492582321167,0.0,11
sentence-transformers/paraphrase-multilingual-MiniLM-L12-v2,baseline_en_core,neutron,baseline,en,15,9,28,0.6307096481323242,0.5712763071060181,0.4,5
sentence-transformers/paraphrase-multilingual-MiniLM-L12-v2,baseline_en_core,neutron,baseline,en,20,0,33,0.6584867835044861,0.618604302406311,0.0,11
sentence-transformers/paraphrase-multilingual-MiniLM-L12-v2,baseline_en_core,neutron,baseline,en,20,1,33,0.7034332752227783,0.667646050453186,0.0,11
sentence-transformers/paraphrase-multilingual-MiniLM-L12-v2,baseline_en_core,neutron,baseline,en,20,2,33,0.7034332752227783,0.667646050453186,0.0,11
sentence-transformers/paraphrase-multilingual-MiniLM-L12-v2,baseline_en_core,neutron,baseline,en,20,3,33,0.7034332752227783,0.6690624952316284,0.0,11
sentence-transformers/paraphrase-multilingual-MiniLM-L12-v2,baseline_en_core,neutron,baseline,en,20,4,33,0.6529061794281006,0.611359179019928,0.0,11
sentence-transformers/paraphrase-multilingual-MiniLM-L12-v2,baseline_en_core,neutron,baseline,en,20,5,33,0.6529061794281006,0.6345317959785461,0.0,11
sentence-transformers/paraphrase-multilingual-MiniLM-L12-v2,baseline_en_core,neutron,baseline,en,20,6,33,0.6584867835044861,0.6352882385253906,0.0,11
sentence-transformers/paraphrase-multilingual-MiniLM-L12-v2,baseline_en_core,neutron,baseline,en,20,7,33,0.6584867835044861,0.619778037071228,0.0,11
sentence-transformers/paraphrase-multilingual-MiniLM-L12-v2,baseline_en_core,neutron,baseline,en,20,8,33,0.7034332752227783,0.6691488027572632,0.0,11
sentence-transformers/paraphrase-multilingual-MiniLM-L12-v2,baseline_en_core,neutron,baseline,en,20,9,33,0.7034332752227783,0.6681172847747803,0.0,11
sentence-transformers/paraphrase-multilingual-MiniLM-L12-v2,baseline_en_core,neutron,baseline,en,25,0,38,0.6398800015449524,0.6058804392814636,0.0,11
sentence-transformers/paraphrase-multilingual-MiniLM-L12-v2,baseline_en_core,neutron,baseline,en,25,1,38,0.7034332752227783,0.6691488027572632,0.0,11
sentence-transformers/paraphrase-multilingual-MiniLM-L12-v2,baseline_en_core,neutron,baseline,en,25,2,38,0.6529061794281006,0.6264940500259399,0.0,11
sentence-transformers/paraphrase-multilingual-MiniLM-L12-v2,baseline_en_core,neutron,baseline,en,25,3,38,0.7034332752227783,0.6706175804138184,0.0,11
sentence-transformers/paraphrase-multilingual-MiniLM-L12-v2,baseline_en_core,neutron,baseline,en,25,4,38,0.6529061794281006,0.6207019090652466,0.0,11
sentence-transformers/paraphrase-multilingual-MiniLM-L12-v2,baseline_en_core,neutron,baseline,en,25,5,38,0.6584867835044861,0.6308584213256836,0.0,11
sentence-transformers/paraphrase-multilingual-MiniLM-L12-v2,baseline_en_core,neutron,baseline,en,25,6,38,0.6584867835044861,0.6244586706161499,0.0,11
sentence-transformers/paraphrase-multilingual-MiniLM-L12-v2,baseline_en_core,neutron,baseline,en,25,7,38,0.7034332752227783,0.6706740856170654,0.0,11
sentence-transformers/paraphrase-multilingual-MiniLM-L12-v2,baseline_en_core,neutron,baseline,en,25,8,38,0.7034332752227783,0.6706740856170654,0.0,11
sentence-transformers/paraphrase-multilingual-MiniLM-L12-v2,baseline_en_core,neutron,baseline,en,25,9,38,0.6584867835044861,0.6371697187423706,0.0,11
sentence-transformers/paraphrase-multilingual-MiniLM-L12-v2,baseline_en_core,neutron,baseline,en,30,0,43,0.7034332752227783,0.6706175804138184,0.0,11
sentence-transformers/paraphrase-multilingual-MiniLM-L12-v2,baseline_en_core,neutron,baseline,en,30,1,43,0.7034332752227783,0.6700689792633057,0.0,11
sentence-transformers/paraphrase-multilingual-MiniLM-L12-v2,baseline_en_core,neutron,baseline,en,30,2,43,0.7034332752227783,0.669371485710144,0.0,11
sentence-transformers/paraphrase-multilingual-MiniLM-L12-v2,baseline_en_core,neutron,baseline,en,30,3,43,0.7034332752227783,0.6691488027572632,0.0,11
sentence-transformers/paraphrase-multilingual-MiniLM-L12-v2,baseline_en_core,neutron,baseline,en,30,4,43,0.6584867835044861,0.6357048153877258,0.0,11
sentence-transformers/paraphrase-multilingual-MiniLM-L12-v2,baseline_en_core,neutron,baseline,en,30,5,43,0.6230018138885498,0.5958126187324524,0.0,11
sentence-transformers/paraphrase-multilingual-MiniLM-L12-v2,baseline_en_core,neutron,baseline,en,30,6,43,0.7034332752227783,0.6665742993354797,0.0,11
sentence-transformers/paraphrase-multilingual-MiniLM-L12-v2,baseline_en_core,neutron,baseline,en,30,7,43,0.7034332752227783,0.6709231734275818,0.0,11
sentence-transformers/paraphrase-multilingual-MiniLM-L12-v2,baseline_en_core,neutron,baseline,en,30,8,43,0.7034332752227783,0.6706175804138184,0.0,11
sentence-transformers/paraphrase-multilingual-MiniLM-L12-v2,baseline_en_core,neutron,baseline,en,30,9,43,0.7034332752227783,0.6700124740600586,0.0,11
sentence-transformers/paraphrase-multilingual-MiniLM-L12-v2,baseline_en_core,neutron,baseline,en,35,0,48,0.7034332752227783,0.6700689792633057,0.0,11
sentence-transformers/paraphrase-multilingual-MiniLM-L12-v2,baseline_en_core,neutron,baseline,en,35,1,48,0.6529061794281006,0.6166444420814514,0.0,11
sentence-transformers/paraphrase-multilingual-MiniLM-L12-v2,baseline_en_core,neutron,baseline,en,35,2,48,0.6529061794281006,0.6306688785552979,0.0,11
sentence-transformers/paraphrase-multilingual-MiniLM-L12-v2,baseline_en_core,neutron,baseline,en,35,3,48,0.6529061794281006,0.6320282220840454,0.0,11
sentence-transformers/paraphrase-multilingual-MiniLM-L12-v2,baseline_en_core,neutron,baseline,en,35,4,48,0.7034332752227783,0.6709231734275818,0.0,11
sentence-transformers/paraphrase-multilingual-MiniLM-L12-v2,baseline_en_core,neutron,baseline,en,35,5,48,0.7034332752227783,0.6692053079605103,0.0,11
sentence-transformers/paraphrase-multilingual-MiniLM-L12-v2,baseline_en_core,neutron,baseline,en,35,6,48,0.6529061794281006,0.6388342380523682,0.0,11
sentence-transformers/paraphrase-multilingual-MiniLM-L12-v2,baseline_en_core,neutron,baseline,en,35,7,48,0.7034332752227783,0.6675719022750854,0.0,11
sentence-transformers/paraphrase-multilingual-MiniLM-L12-v2,baseline_en_core,neutron,baseline,en,35,8,48,0.7034332752227783,0.6706175804138184,0.0,11
sentence-transformers/paraphrase-multilingual-MiniLM-L12-v2,baseline_en_core,neutron,baseline,en,35,9,48,0.7034332752227783,0.6662797927856445,0.0,11
sentence-transformers/paraphrase-multilingual-MiniLM-L12-v2,baseline_en_core,neutron,baseline,en,40,0,53,0.6584867835044861,0.6421464681625366,0.0,11
sentence-transformers/paraphrase-multilingual-MiniLM-L12-v2,baseline_en_core,neutron,baseline,en,40,1,53,0.7034332752227783,0.6706175804138184,0.0,11
sentence-transformers/paraphrase-multilingual-MiniLM-L12-v2,baseline_en_core,neutron,baseline,en,40,2,53,0.6584867835044861,0.6434491276741028,0.0,11
sentence-transformers/paraphrase-multilingual-MiniLM-L12-v2,baseline_en_core,neutron,baseline,en,40,3,53,0.7034332752227783,0.6709231734275818,0.0,11
sentence-transformers/paraphrase-multilingual-MiniLM-L12-v2,baseline_en_core,neutron,baseline,en,40,4,53,0.7034332752227783,0.6692053079605103,0.0,11
sentence-transformers/paraphrase-multilingual-MiniLM-L12-v2,baseline_en_core,neutron,baseline,en,40,5,53,0.7034332752227783,0.6709231734275818,0.0,11
sentence-transformers/paraphrase-multilingual-MiniLM-L12-v2,baseline_en_core,neutron,baseline,en,40,6,53,0.7034332752227783,0.6691488027572632,0.0,11
sentence-transformers/paraphrase-multilingual-MiniLM-L12-v2,baseline_en_core,neutron,baseline,en,40,7,53,0.7034332752227783,0.6709231734275818,0.0,11
sentence-transformers/paraphrase-multilingual-MiniLM-L12-v2,baseline_en_core,neutron,baseline,en,40,8,53,0.7034332752227783,0.6700595617294312,0.0,11
sentence-transformers/paraphrase-multilingual-MiniLM-L12-v2,baseline_en_core,neutron,baseline,en,40,9,53,0.7034332752227783,0.6709231734275818,0.0,11
sentence-transformers/paraphrase-multilingual-MiniLM-L12-v2,baseline_en_core,neutron,baseline,en,45,0,58,0.7034332752227783,0.6709231734275818,0.0,11
sentence-transformers/paraphrase-multilingual-MiniLM-L12-v2,baseline_en_core,neutron,baseline,en,45,1,58,0.7034332752227783,0.6709231734275818,0.0,11
sentence-transformers/paraphrase-multilingual-MiniLM-L12-v2,baseline_en_core,neutron,baseline,en,45,2,58,0.7034332752227783,0.6709231734275818,0.0,11
sentence-transformers/paraphrase-multilingual-MiniLM-L12-v2,baseline_en_core,neutron,baseline,en,45,3,58,0.7034332752227783,0.6706175804138184,0.0,11
sentence-transformers/paraphrase-multilingual-MiniLM-L12-v2,baseline_en_core,neutron,baseline,en,45,4,58,0.7034332752227783,0.6709231734275818,0.0,11
sentence-transformers/paraphrase-multilingual-MiniLM-L12-v2,baseline_en_core,neutron,baseline,en,45,5,58,0.7034332752227783,0.6709231734275818,0.0,11
sentence-transformers/paraphrase-multilingual-MiniLM-L12-v2,baseline_en_core,neutron,baseline,en,45,6,58,0.7034332752227783,0.6706740856170654,0.0,11
sentence-transformers/paraphrase-multilingual-MiniLM-L12-v2,baseline_en_core,neutron,baseline,en,45,7,58,0.7034332752227783,0.6700595617294312,0.0,11
sentence-transformers/paraphrase-multilingual-MiniLM-L12-v2,baseline_en_core,neutron,baseline,en,45,8,58,0.7034332752227783,0.6709231734275818,0.0,11
sentence-transformers/paraphrase-multilingual-MiniLM-L12-v2,baseline_en_core,neutron,baseline,en,45,9,58,0.7034332752227783,0.6709231734275818,0.0,11
sentence-transformers/paraphrase-multilingual-MiniLM-L12-v2,baseline_en_core,neutron,baseline,en,50,0,63,0.7034332752227783,0.6709231734275818,0.0,11
sentence-transformers/paraphrase-multilingual-MiniLM-L12-v2,baseline_en_core,neutron,baseline,en,50,1,63,0.7034332752227783,0.6709231734275818,0.0,11
sentence-transformers/paraphrase-multilingual-MiniLM-L12-v2,baseline_en_core,neutron,baseline,en,50,2,63,0.7034332752227783,0.6706175804138184,0.0,11
sentence-transformers/paraphrase-multilingual-MiniLM-L12-v2,baseline_en_core,neutron,baseline,en,50,3,63,0.7034332752227783,0.6709231734275818,0.0,11
sentence-transformers/paraphrase-multilingual-MiniLM-L12-v2,baseline_en_core,neutron,baseline,en,50,4,63,0.7034332752227783,0.6709231734275818,0.0,11
sentence-transformers/paraphrase-multilingual-MiniLM-L12-v2,baseline_en_core,neutron,baseline,en,50,5,63,0.7034332752227783,0.6709231734275818,0.0,11
sentence-transformers/paraphrase-multilingual-MiniLM-L12-v2,baseline_en_core,neutron,baseline,en,50,6,63,0.7034332752227783,0.6709231734275818,0.0,11
sentence-transformers/paraphrase-multilingual-MiniLM-L12-v2,baseline_en_core,neutron,baseline,en,50,7,63,0.7034332752227783,0.6709231734275818,0.0,11
sentence-transformers/paraphrase-multilingual-MiniLM-L12-v2,baseline_en_core,neutron,baseline,en,50,8,63,0.7034332752227783,0.6709231734275818,0.0,11
sentence-transformers/paraphrase-multilingual-MiniLM-L12-v2,baseline_en_core,neutron,baseline,en,50,9,63,0.7034332752227783,0.6709231734275818,0.0,11
sentence-transformers/paraphrase-multilingual-MiniLM-L12-v2,baseline_en_core,neutron,baseline,en,51,0,64,0.7034332752227783,0.6709231734275818,0.0,11
sentence-transformers/paraphrase-multilingual-MiniLM-L12-v2,baseline_en_core,neutron,baseline,en,51,1,64,0.7034332752227783,0.6709231734275818,0.0,11
sentence-transformers/paraphrase-multilingual-MiniLM-L12-v2,baseline_en_core,neutron,baseline,en,51,2,64,0.7034332752227783,0.6709231734275818,0.0,11
sentence-transformers/paraphrase-multilingual-MiniLM-L12-v2,baseline_en_core,neutron,baseline,en,51,3,64,0.7034332752227783,0.6709231734275818,0.0,11
sentence-transformers/paraphrase-multilingual-MiniLM-L12-v2,baseline_en_core,neutron,baseline,en,51,4,64,0.7034332752227783,0.6709231734275818,0.0,11
sentence-transformers/paraphrase-multilingual-MiniLM-L12-v2,baseline_en_core,neutron,baseline,en,51,5,64,0.7034332752227783,0.6709231734275818,0.0,11
sentence-transformers/paraphrase-multilingual-MiniLM-L12-v2,baseline_en_core,neutron,baseline,en,51,6,64,0.7034332752227783,0.6709231734275818,0.0,11
sentence-transformers/paraphrase-multilingual-MiniLM-L12-v2,baseline_en_core,neutron,baseline,en,51,7,64,0.7034332752227783,0.6709231734275818,0.0,11
sentence-transformers/paraphrase-multilingual-MiniLM-L12-v2,baseline_en_core,neutron,baseline,en,51,8,64,0.7034332752227783,0.6709231734275818,0.0,11
sentence-transformers/paraphrase-multilingual-MiniLM-L12-v2,baseline_en_core,neutron,baseline,en,51,9,64,0.7034332752227783,0.6709231734275818,0.0,11
sentence-transformers/paraphrase-multilingual-MiniLM-L12-v2,baseline_zh_phrase,中子测量电流,baseline,zh,0,0,13,0.6183747053146362,0.5764946937561035,1.0,1
sentence-transformers/paraphrase-multilingual-MiniLM-L12-v2,baseline_zh_phrase,中子测量电流,baseline,zh,5,0,18,0.6183747053146362,0.5768191814422607,0.9,1
sentence-transformers/paraphrase-multilingual-MiniLM-L12-v2,baseline_zh_phrase,中子测量电流,baseline,zh,5,1,18,0.6183747053146362,0.5770320892333984,0.9,1
sentence-transformers/paraphrase-multilingual-MiniLM-L12-v2,baseline_zh_phrase,中子测量电流,baseline,zh,5,2,18,0.6428494453430176,0.590743362903595,0.6,2
sentence-transformers/paraphrase-multilingual-MiniLM-L12-v2,baseline_zh_phrase,中子测量电流,baseline,zh,5,3,18,0.6183747053146362,0.5764946937561035,1.0,1
sentence-transformers/paraphrase-multilingual-MiniLM-L12-v2,baseline_zh_phrase,中子测量电流,baseline,zh,5,4,18,0.6183747053146362,0.5764946937561035,1.0,1
sentence-transformers/paraphrase-multilingual-MiniLM-L12-v2,baseline_zh_phrase,中子测量电流,baseline,zh,5,5,18,0.6183747053146362,0.5764946937561035,1.0,1
sentence-transformers/paraphrase-multilingual-MiniLM-L12-v2,baseline_zh_phrase,中子测量电流,baseline,zh,5,6,18,0.6428494453430176,0.590743362903595,0.6,2
sentence-transformers/paraphrase-multilingual-MiniLM-L12-v2,baseline_zh_phrase,中子测量电流,baseline,zh,5,7,18,0.6183747053146362,0.5885228514671326,0.7,1
sentence-transformers/paraphrase-multilingual-MiniLM-L12-v2,baseline_zh_phrase,中子测量电流,baseline,zh,5,8,18,0.6183747053146362,0.5764946937561035,1.0,1
sentence-transformers/paraphrase-multilingual-MiniLM-L12-v2,baseline_zh_phrase,中子测量电流,baseline,zh,5,9,18,0.6183747053146362,0.5770323872566223,0.9,1
sentence-transformers/paraphrase-multilingual-MiniLM-L12-v2,baseline_zh_phrase,中子测量电流,baseline,zh,10,0,23,0.6183747053146362,0.5885228514671326,0.7,1
sentence-transformers/paraphrase-multilingual-MiniLM-L12-v2,baseline_zh_phrase,中子测量电流,baseline,zh,10,1,23,0.6270388960838318,0.5919549465179443,0.5,2
sentence-transformers/paraphrase-multilingual-MiniLM-L12-v2,baseline_zh_phrase,中子测量电流,baseline,zh,10,2,23,0.6183747053146362,0.5770782232284546,0.9,1
sentence-transformers/paraphrase-multilingual-MiniLM-L12-v2,baseline_zh_phrase,中子测量电流,baseline,zh,10,3,23,0.6183747053146362,0.5885228514671326,0.7,1
sentence-transformers/paraphrase-multilingual-MiniLM-L12-v2,baseline_zh_phrase,中子测量电流,baseline,zh,10,4,23,0.6183747053146362,0.5916260480880737,0.6,1
sentence-transformers/paraphrase-multilingual-MiniLM-L12-v2,baseline_zh_phrase,中子测量电流,baseline,zh,10,5,23,0.6420094966888428,0.6104771494865417,0.3,5
sentence-transformers/paraphrase-multilingual-MiniLM-L12-v2,baseline_zh_phrase,中子测量电流,baseline,zh,10,6,23,0.6183747053146362,0.5770323872566223,0.9,1
sentence-transformers/paraphrase-multilingual-MiniLM-L12-v2,baseline_zh_phrase,中子测量电流,baseline,zh,10,7,23,0.6298081874847412,0.5921623706817627,0.7,2
sentence-transformers/paraphrase-multilingual-MiniLM-L12-v2,baseline_zh_phrase,中子测量电流,baseline,zh,10,8,23,0.6298081874847412,0.5894162654876709,0.7,2
sentence-transformers/paraphrase-multilingual-MiniLM-L12-v2,baseline_zh_phrase,中子测量电流,baseline,zh,10,9,23,0.6183747053146362,0.5787277221679688,0.8,1
sentence-transformers/paraphrase-multilingual-MiniLM-L12-v2,baseline_zh_phrase,中子测量电流,baseline,zh,15,0,28,0.6270388960838318,0.5997527837753296,0.4,2
sentence-transformers/paraphrase-multilingual-MiniLM-L12-v2,baseline_zh_phrase,中子测量电流,baseline,zh,15,1,28,0.6183747053146362,0.5787277221679688,0.8,1
sentence-transformers/paraphrase-multilingual-MiniLM-L12-v2,baseline_zh_phrase,中子测量电流,baseline,zh,15,2,28,0.6428494453430176,0.6013548970222473,0.4,3
sentence-transformers/paraphrase-multilingual-MiniLM-L12-v2,baseline_zh_phrase,中子测量电流,baseline,zh,15,3,28,0.6270388960838318,0.5919549465179443,0.5,2
sentence-transformers/paraphrase-multilingual-MiniLM-L12-v2,baseline_zh_phrase,中子测量电流,baseline,zh,15,4,28,0.6183747053146362,0.5885228514671326,0.7,1
sentence-transformers/paraphrase-multilingual-MiniLM-L12-v2,baseline_zh_phrase,中子测量电流,baseline,zh,15,5,28,0.6428494453430176,0.5997169613838196,0.4,3
sentence-transformers/paraphrase-multilingual-MiniLM-L12-v2,baseline_zh_phrase,中子测量电流,baseline,zh,15,6,28,0.6183747053146362,0.5813018679618835,0.8,1
sentence-transformers/paraphrase-multilingual-MiniLM-L12-v2,baseline_zh_phrase,中子测量电流,baseline,zh,15,7,28,0.6428494453430176,0.5937436819076538,0.5,2
sentence-transformers/paraphrase-multilingual-MiniLM-L12-v2,baseline_zh_phrase,中子测量电流,baseline,zh,15,8,28,0.6428494453430176,0.6013548970222473,0.4,3
sentence-transformers/paraphrase-multilingual-MiniLM-L12-v2,baseline_zh_phrase,中子测量电流,baseline,zh,15,9,28,0.6420094966888428,0.6104771494865417,0.3,5
sentence-transformers/paraphrase-multilingual-MiniLM-L12-v2,baseline_zh_phrase,中子测量电流,baseline,zh,20,0,33,0.6428494453430176,0.6013548970222473,0.4,3
sentence-transformers/paraphrase-multilingual-MiniLM-L12-v2,baseline_zh_phrase,中子测量电流,baseline,zh,20,1,33,0.6270388960838318,0.5920728445053101,0.5,2
sentence-transformers/paraphrase-multilingual-MiniLM-L12-v2,baseline_zh_phrase,中子测量电流,baseline,zh,20,2,33,0.6298081874847412,0.5978535413742065,0.4,2
sentence-transformers/paraphrase-multilingual-MiniLM-L12-v2,baseline_zh_phrase,中子测量电流,baseline,zh,20,3,33,0.6298081874847412,0.5925195217132568,0.6,2
sentence-transformers/paraphrase-multilingual-MiniLM-L12-v2,baseline_zh_phrase,中子测量电流,baseline,zh,20,4,33,0.6420094966888428,0.6191570162773132,0.2,6
sentence-transformers/paraphrase-multilingual-MiniLM-L12-v2,baseline_zh_phrase,中子测量电流,baseline,zh,20,5,33,0.6420094966888428,0.6147916913032532,0.3,5
sentence-transformers/paraphrase-multilingual-MiniLM-L12-v2,baseline_zh_phrase,中子测量电流,baseline,zh,20,6,33,0.6420094966888428,0.6104771494865417,0.3,5
sentence-transformers/paraphrase-multilingual-MiniLM-L12-v2,baseline_zh_phrase,中子测量电流,baseline,zh,20,7,33,0.6428494453430176,0.6069222688674927,0.4,3
sentence-transformers/paraphrase-multilingual-MiniLM-L12-v2,baseline_zh_phrase,中子测量电流,baseline,zh,20,8,33,0.6428494453430176,0.6035029292106628,0.4,3
sentence-transformers/paraphrase-multilingual-MiniLM-L12-v2,baseline_zh_phrase,中子测量电流,baseline,zh,20,9,33,0.6420094966888428,0.6163963079452515,0.3,6
sentence-transformers/paraphrase-multilingual-MiniLM-L12-v2,baseline_zh_phrase,中子测量电流,baseline,zh,25,0,38,0.6428494453430176,0.6035029292106628,0.4,3
sentence-transformers/paraphrase-multilingual-MiniLM-L12-v2,baseline_zh_phrase,中子测量电流,baseline,zh,25,1,38,0.6420094966888428,0.6104771494865417,0.3,5
sentence-transformers/paraphrase-multilingual-MiniLM-L12-v2,baseline_zh_phrase,中子测量电流,baseline,zh,25,2,38,0.6298081874847412,0.6071243286132812,0.3,3
sentence-transformers/paraphrase-multilingual-MiniLM-L12-v2,baseline_zh_phrase,中子测量电流,baseline,zh,25,3,38,0.6298081874847412,0.6029401421546936,0.4,3
sentence-transformers/paraphrase-multilingual-MiniLM-L12-v2,baseline_zh_phrase,中子测量电流,baseline,zh,25,4,38,0.6420094966888428,0.61918044090271,0.1,6
sentence-transformers/paraphrase-multilingual-MiniLM-L12-v2,baseline_zh_phrase,中子测量电流,baseline,zh,25,5,38,0.6270388960838318,0.5920728445053101,0.5,2
sentence-transformers/paraphrase-multilingual-MiniLM-L12-v2,baseline_zh_phrase,中子测量电流,baseline,zh,25,6,38,0.6428494453430176,0.6012803912162781,0.4,2
sentence-transformers/paraphrase-multilingual-MiniLM-L12-v2,baseline_zh_phrase,中子测量电流,baseline,zh,25,7,38,0.6428494453430176,0.609968364238739,0.3,4
sentence-transformers/paraphrase-multilingual-MiniLM-L12-v2,baseline_zh_phrase,中子测量电流,baseline,zh,25,8,38,0.6428494453430176,0.6235468983650208,0.1,7
sentence-transformers/paraphrase-multilingual-MiniLM-L12-v2,baseline_zh_phrase,中子测量电流,baseline,zh,25,9,38,0.6420094966888428,0.6104771494865417,0.3,5
sentence-transformers/paraphrase-multilingual-MiniLM-L12-v2,baseline_zh_phrase,中子测量电流,baseline,zh,30,0,43,0.6428494453430176,0.6235468983650208,0.1,7
sentence-transformers/paraphrase-multilingual-MiniLM-L12-v2,baseline_zh_phrase,中子测量电流,baseline,zh,30,1,43,0.6428494453430176,0.6214601397514343,0.2,7
sentence-transformers/paraphrase-multilingual-MiniLM-L12-v2,baseline_zh_phrase,中子测量电流,baseline,zh,30,2,43,0.6428494453430176,0.5986802577972412,0.4,2
sentence-transformers/paraphrase-multilingual-MiniLM-L12-v2,baseline_zh_phrase,中子测量电流,baseline,zh,30,3,43,0.6428494453430176,0.6170948147773743,0.3,6
sentence-transformers/paraphrase-multilingual-MiniLM-L12-v2,baseline_zh_phrase,中子测量电流,baseline,zh,30,4,43,0.6298081874847412,0.6083663105964661,0.3,3
sentence-transformers/paraphrase-multilingual-MiniLM-L12-v2,baseline_zh_phrase,中子测量电流,baseline,zh,30,5,43,0.6420094966888428,0.6104771494865417,0.3,5
sentence-transformers/paraphrase-multilingual-MiniLM-L12-v2,baseline_zh_phrase,中子测量电流,baseline,zh,30,6,43,0.6183747053146362,0.5825621485710144,0.8,1
sentence-transformers/paraphrase-multilingual-MiniLM-L12-v2,baseline_zh_phrase,中子测量电流,baseline,zh,30,7,43,0.6428494453430176,0.6170948147773743,0.3,6
sentence-transformers/paraphrase-multilingual-MiniLM-L12-v2,baseline_zh_phrase,中子测量电流,baseline,zh,30,8,43,0.6428494453430176,0.6013548970222473,0.4,3
sentence-transformers/paraphrase-multilingual-MiniLM-L12-v2,baseline_zh_phrase,中子测量电流,baseline,zh,30,9,43,0.6428494453430176,0.6170948147773743,0.3,6
sentence-transformers/paraphrase-multilingual-MiniLM-L12-v2,baseline_zh_phrase,中子测量电流,baseline,zh,35,0,48,0.6420094966888428,0.62224280834198,0.1,7
sentence-transformers/paraphrase-multilingual-MiniLM-L12-v2,baseline_zh_phrase,中子测量电流,baseline,zh,35,1,48,0.6428494453430176,0.6089290976524353,0.3,3
sentence-transformers/paraphrase-multilingual-MiniLM-L12-v2,baseline_zh_phrase,中子测量电流,baseline,zh,35,2,48,0.6420094966888428,0.62224280834198,0.1,7
sentence-transformers/paraphrase-multilingual-MiniLM-L12-v2,baseline_zh_phrase,中子测量电流,baseline,zh,35,3,48,0.6428494453430176,0.6208769679069519,0.3,7
sentence-transformers/paraphrase-multilingual-MiniLM-L12-v2,baseline_zh_phrase,中子测量电流,baseline,zh,35,4,48,0.6428494453430176,0.6214601397514343,0.2,7
sentence-transformers/paraphrase-multilingual-MiniLM-L12-v2,baseline_zh_phrase,中子测量电流,baseline,zh,35,5,48,0.6420094966888428,0.615414023399353,0.3,5
sentence-transformers/paraphrase-multilingual-MiniLM-L12-v2,baseline_zh_phrase,中子测量电流,baseline,zh,35,6,48,0.6428494453430176,0.6204208135604858,0.2,6
sentence-transformers/paraphrase-multilingual-MiniLM-L12-v2,baseline_zh_phrase,中子测量电流,baseline,zh,35,7,48,0.6428494453430176,0.6264061331748962,0.1,8
sentence-transformers/paraphrase-multilingual-MiniLM-L12-v2,baseline_zh_phrase,中子测量电流,baseline,zh,35,8,48,0.6428494453430176,0.6133729815483093,0.2,4
sentence-transformers/paraphrase-multilingual-MiniLM-L12-v2,baseline_zh_phrase,中子测量电流,baseline,zh,35,9,48,0.6428494453430176,0.6235468983650208,0.1,7
sentence-transformers/paraphrase-multilingual-MiniLM-L12-v2,baseline_zh_phrase,中子测量电流,baseline,zh,40,0,53,0.6420094966888428,0.6201626658439636,0.1,7
sentence-transformers/paraphrase-multilingual-MiniLM-L12-v2,baseline_zh_phrase,中子测量电流,baseline,zh,40,1,53,0.6428494453430176,0.6235468983650208,0.1,7
sentence-transformers/paraphrase-multilingual-MiniLM-L12-v2,baseline_zh_phrase,中子测量电流,baseline,zh,40,2,53,0.6428494453430176,0.609968364238739,0.3,4
sentence-transformers/paraphrase-multilingual-MiniLM-L12-v2,baseline_zh_phrase,中子测量电流,baseline,zh,40,3,53,0.6428494453430176,0.6264061331748962,0.1,8
sentence-transformers/paraphrase-multilingual-MiniLM-L12-v2,baseline_zh_phrase,中子测量电流,baseline,zh,40,4,53,0.6428494453430176,0.609968364238739,0.3,4
sentence-transformers/paraphrase-multilingual-MiniLM-L12-v2,baseline_zh_phrase,中子测量电流,baseline,zh,40,5,53,0.6428494453430176,0.6235468983650208,0.1,7
sentence-transformers/paraphrase-multilingual-MiniLM-L12-v2,baseline_zh_phrase,中子测量电流,baseline,zh,40,6,53,0.6428494453430176,0.6264061331748962,0.1,8
sentence-transformers/paraphrase-multilingual-MiniLM-L12-v2,baseline_zh_phrase,中子测量电流,baseline,zh,40,7,53,0.6420094966888428,0.62224280834198,0.1,7
sentence-transformers/paraphrase-multilingual-MiniLM-L12-v2,baseline_zh_phrase,中子测量电流,baseline,zh,40,8,53,0.6420094966888428,0.62224280834198,0.1,7
sentence-transformers/paraphrase-multilingual-MiniLM-L12-v2,baseline_zh_phrase,中子测量电流,baseline,zh,40,9,53,0.6428494453430176,0.6264061331748962,0.1,8
sentence-transformers/paraphrase-multilingual-MiniLM-L12-v2,baseline_zh_phrase,中子测量电流,baseline,zh,45,0,58,0.6428494453430176,0.6245862245559692,0.1,8
sentence-transformers/paraphrase-multilingual-MiniLM-L12-v2,baseline_zh_phrase,中子测量电流,baseline,zh,45,1,58,0.6420094966888428,0.62224280834198,0.1,7
sentence-transformers/paraphrase-multilingual-MiniLM-L12-v2,baseline_zh_phrase,中子测量电流,baseline,zh,45,2,58,0.6428494453430176,0.6204208135604858,0.2,6
sentence-transformers/paraphrase-multilingual-MiniLM-L12-v2,baseline_zh_phrase,中子测量电流,baseline,zh,45,3,58,0.6420094966888428,0.62224280834198,0.1,7
sentence-transformers/paraphrase-multilingual-MiniLM-L12-v2,baseline_zh_phrase,中子测量电流,baseline,zh,45,4,58,0.6428494453430176,0.6214030385017395,0.2,7
sentence-transformers/paraphrase-multilingual-MiniLM-L12-v2,baseline_zh_phrase,中子测量电流,baseline,zh,45,5,58,0.6428494453430176,0.6264061331748962,0.1,8
sentence-transformers/paraphrase-multilingual-MiniLM-L12-v2,baseline_zh_phrase,中子测量电流,baseline,zh,45,6,58,0.6420094966888428,0.62224280834198,0.1,7
sentence-transformers/paraphrase-multilingual-MiniLM-L12-v2,baseline_zh_phrase,中子测量电流,baseline,zh,45,7,58,0.6420094966888428,0.62224280834198,0.1,7
sentence-transformers/paraphrase-multilingual-MiniLM-L12-v2,baseline_zh_phrase,中子测量电流,baseline,zh,45,8,58,0.6428494453430176,0.6264061331748962,0.1,8
sentence-transformers/paraphrase-multilingual-MiniLM-L12-v2,baseline_zh_phrase,中子测量电流,baseline,zh,45,9,58,0.6428494453430176,0.6236039400100708,0.1,7
sentence-transformers/paraphrase-multilingual-MiniLM-L12-v2,baseline_zh_phrase,中子测量电流,baseline,zh,50,0,63,0.6428494453430176,0.6264061331748962,0.1,8
sentence-transformers/paraphrase-multilingual-MiniLM-L12-v2,baseline_zh_phrase,中子测量电流,baseline,zh,50,1,63,0.6428494453430176,0.6264061331748962,0.1,8
sentence-transformers/paraphrase-multilingual-MiniLM-L12-v2,baseline_zh_phrase,中子测量电流,baseline,zh,50,2,63,0.6428494453430176,0.6264061331748962,0.1,8
sentence-transformers/paraphrase-multilingual-MiniLM-L12-v2,baseline_zh_phrase,中子测量电流,baseline,zh,50,3,63,0.6428494453430176,0.6264061331748962,0.1,8
sentence-transformers/paraphrase-multilingual-MiniLM-L12-v2,baseline_zh_phrase,中子测量电流,baseline,zh,50,4,63,0.6428494453430176,0.6264061331748962,0.1,8
sentence-transformers/paraphrase-multilingual-MiniLM-L12-v2,baseline_zh_phrase,中子测量电流,baseline,zh,50,5,63,0.6428494453430176,0.6264061331748962,0.1,8
sentence-transformers/paraphrase-multilingual-MiniLM-L12-v2,baseline_zh_phrase,中子测量电流,baseline,zh,50,6,63,0.6428494453430176,0.6264061331748962,0.1,8
sentence-transformers/paraphrase-multilingual-MiniLM-L12-v2,baseline_zh_phrase,中子测量电流,baseline,zh,50,7,63,0.6428494453430176,0.6264061331748962,0.1,8
sentence-transformers/paraphrase-multilingual-MiniLM-L12-v2,baseline_zh_phrase,中子测量电流,baseline,zh,50,8,63,0.6428494453430176,0.6264061331748962,0.1,8
sentence-transformers/paraphrase-multilingual-MiniLM-L12-v2,baseline_zh_phrase,中子测量电流,baseline,zh,50,9,63,0.6428494453430176,0.6264061331748962,0.1,8
sentence-transformers/paraphrase-multilingual-MiniLM-L12-v2,baseline_zh_phrase,中子测量电流,baseline,zh,51,0,64,0.6428494453430176,0.6264061331748962,0.1,8
sentence-transformers/paraphrase-multilingual-MiniLM-L12-v2,baseline_zh_phrase,中子测量电流,baseline,zh,51,1,64,0.6428494453430176,0.6264061331748962,0.1,8
sentence-transformers/paraphrase-multilingual-MiniLM-L12-v2,baseline_zh_phrase,中子测量电流,baseline,zh,51,2,64,0.6428494453430176,0.6264061331748962,0.1,8
sentence-transformers/paraphrase-multilingual-MiniLM-L12-v2,baseline_zh_phrase,中子测量电流,baseline,zh,51,3,64,0.6428494453430176,0.6264061331748962,0.1,8
sentence-transformers/paraphrase-multilingual-MiniLM-L12-v2,baseline_zh_phrase,中子测量电流,baseline,zh,51,4,64,0.6428494453430176,0.6264061331748962,0.1,8
sentence-transformers/paraphrase-multilingual-MiniLM-L12-v2,baseline_zh_phrase,中子测量电流,baseline,zh,51,5,64,0.6428494453430176,0.6264061331748962,0.1,8
sentence-transformers/paraphrase-multilingual-MiniLM-L12-v2,baseline_zh_phrase,中子测量电流,baseline,zh,51,6,64,0.6428494453430176,0.6264061331748962,0.1,8
sentence-transformers/paraphrase-multilingual-MiniLM-L12-v2,baseline_zh_phrase,中子测量电流,baseline,zh,51,7,64,0.6428494453430176,0.6264061331748962,0.1,8
sentence-transformers/paraphrase-multilingual-MiniLM-L12-v2,baseline_zh_phrase,中子测量电流,baseline,zh,51,8,64,0.6428494453430176,0.6264061331748962,0.1,8
sentence-transformers/paraphrase-multilingual-MiniLM-L12-v2,baseline_zh_phrase,中子测量电流,baseline,zh,51,9,64,0.6428494453430176,0.6264061331748962,0.1,8
sentence-transformers/paraphrase-multilingual-MiniLM-L12-v2,baseline_en_phrase,neutron measurement current,baseline,en,0,0,13,0.6637327671051025,0.6276631951332092,1.0,1
sentence-transformers/paraphrase-multilingual-MiniLM-L12-v2,baseline_en_phrase,neutron measurement current,baseline,en,5,0,18,0.6637327671051025,0.6276631951332092,1.0,1
sentence-transformers/paraphrase-multilingual-MiniLM-L12-v2,baseline_en_phrase,neutron measurement current,baseline,en,5,1,18,0.7031033039093018,0.6450393199920654,0.7,3
sentence-transformers/paraphrase-multilingual-MiniLM-L12-v2,baseline_en_phrase,neutron measurement current,baseline,en,5,2,18,0.7031033039093018,0.6497300267219543,0.5,2
sentence-transformers/paraphrase-multilingual-MiniLM-L12-v2,baseline_en_phrase,neutron measurement current,baseline,en,5,3,18,0.6637327671051025,0.6376359462738037,0.7,1
sentence-transformers/paraphrase-multilingual-MiniLM-L12-v2,baseline_en_phrase,neutron measurement current,baseline,en,5,4,18,0.7356589436531067,0.6730448007583618,0.2,6
sentence-transformers/paraphrase-multilingual-MiniLM-L12-v2,baseline_en_phrase,neutron measurement current,baseline,en,5,5,18,0.7073910236358643,0.6482149958610535,0.6,3
sentence-transformers/paraphrase-multilingual-MiniLM-L12-v2,baseline_en_phrase,neutron measurement current,baseline,en,5,6,18,0.7356589436531067,0.6684796810150146,0.4,6
sentence-transformers/paraphrase-multilingual-MiniLM-L12-v2,baseline_en_phrase,neutron measurement current,baseline,en,5,7,18,0.6637327671051025,0.6421028971672058,0.6,1
sentence-transformers/paraphrase-multilingual-MiniLM-L12-v2,baseline_en_phrase,neutron measurement current,baseline,en,5,8,18,0.7031033039093018,0.6456310153007507,0.6,2
sentence-transformers/paraphrase-multilingual-MiniLM-L12-v2,baseline_en_phrase,neutron measurement current,baseline,en,5,9,18,0.6637327671051025,0.6341357231140137,0.8,1
sentence-transformers/paraphrase-multilingual-MiniLM-L12-v2,baseline_en_phrase,neutron measurement current,baseline,en,10,0,23,0.7031033039093018,0.6475590467453003,0.6,2
sentence-transformers/paraphrase-multilingual-MiniLM-L12-v2,baseline_en_phrase,neutron measurement current,baseline,en,10,1,23,0.7356589436531067,0.65790194272995,0.5,3
sentence-transformers/paraphrase-multilingual-MiniLM-L12-v2,baseline_en_phrase,neutron measurement current,baseline,en,10,2,23,0.6637327671051025,0.6465427875518799,0.5,1
sentence-transformers/paraphrase-multilingual-MiniLM-L12-v2,baseline_en_phrase,neutron measurement current,baseline,en,10,3,23,0.6821401715278625,0.6529914140701294,0.5,3
sentence-transformers/paraphrase-multilingual-MiniLM-L12-v2,baseline_en_phrase,neutron measurement current,baseline,en,10,4,23,0.7356589436531067,0.6676127910614014,0.4,5
sentence-transformers/paraphrase-multilingual-MiniLM-L12-v2,baseline_en_phrase,neutron measurement current,baseline,en,10,5,23,0.6637327671051025,0.6341357231140137,0.8,1
sentence-transformers/paraphrase-multilingual-MiniLM-L12-v2,baseline_en_phrase,neutron measurement current,baseline,en,10,6,23,0.7356589436531067,0.6651780605316162,0.4,4
sentence-transformers/paraphrase-multilingual-MiniLM-L12-v2,baseline_en_phrase,neutron measurement current,baseline,en,10,7,23,0.6637327671051025,0.6376949548721313,0.6,1
sentence-transformers/paraphrase-multilingual-MiniLM-L12-v2,baseline_en_phrase,neutron measurement current,baseline,en,10,8,23,0.7054204940795898,0.6598416566848755,0.4,4
sentence-transformers/paraphrase-multilingual-MiniLM-L12-v2,baseline_en_phrase,neutron measurement current,baseline,en,10,9,23,0.7031033039093018,0.6585959196090698,0.5,4
sentence-transformers/paraphrase-multilingual-MiniLM-L12-v2,baseline_en_phrase,neutron measurement current,baseline,en,15,0,28,0.7356589436531067,0.6759293675422668,0.1,6
sentence-transformers/paraphrase-multilingual-MiniLM-L12-v2,baseline_en_phrase,neutron measurement current,baseline,en,15,1,28,0.7073910236358643,0.660357654094696,0.1,3
sentence-transformers/paraphrase-multilingual-MiniLM-L12-v2,baseline_en_phrase,neutron measurement current,baseline,en,15,2,28,0.6821401715278625,0.6596704721450806,0.2,4
sentence-transformers/paraphrase-multilingual-MiniLM-L12-v2,baseline_en_phrase,neutron measurement current,baseline,en,15,3,28,0.6661217212677002,0.6457467675209045,0.5,2
sentence-transformers/paraphrase-multilingual-MiniLM-L12-v2,baseline_en_phrase,neutron measurement current,baseline,en,15,4,28,0.7356589436531067,0.6552200317382812,0.6,4
sentence-transformers/paraphrase-multilingual-MiniLM-L12-v2,baseline_en_phrase,neutron measurement current,baseline,en,15,5,28,0.6637327671051025,0.6421028971672058,0.6,1
sentence-transformers/paraphrase-multilingual-MiniLM-L12-v2,baseline_en_phrase,neutron measurement current,baseline,en,15,6,28,0.7356589436531067,0.6705054044723511,0.1,5
sentence-transformers/paraphrase-multilingual-MiniLM-L12-v2,baseline_en_phrase,neutron measurement current,baseline,en,15,7,28,0.7031033039093018,0.6521449089050293,0.5,2
sentence-transformers/paraphrase-multilingual-MiniLM-L12-v2,baseline_en_phrase,neutron measurement current,baseline,en,15,8,28,0.7356589436531067,0.6579059362411499,0.6,4
sentence-transformers/paraphrase-multilingual-MiniLM-L12-v2,baseline_en_phrase,neutron measurement current,baseline,en,15,9,28,0.7031033039093018,0.6456310153007507,0.6,2
sentence-transformers/paraphrase-multilingual-MiniLM-L12-v2,baseline_en_phrase,neutron measurement current,baseline,en,20,0,33,0.7054204940795898,0.6685883402824402,0.1,5
sentence-transformers/paraphrase-multilingual-MiniLM-L12-v2,baseline_en_phrase,neutron measurement current,baseline,en,20,1,33,0.7054204940795898,0.6759713292121887,0.1,7
sentence-transformers/paraphrase-multilingual-MiniLM-L12-v2,baseline_en_phrase,neutron measurement current,baseline,en,20,2,33,0.7356589436531067,0.6834743618965149,0.1,8
sentence-transformers/paraphrase-multilingual-MiniLM-L12-v2,baseline_en_phrase,neutron measurement current,baseline,en,20,3,33,0.7031033039093018,0.6497300267219543,0.5,2
sentence-transformers/paraphrase-multilingual-MiniLM-L12-v2,baseline_en_phrase,neutron measurement current,baseline,en,20,4,33,0.7356589436531067,0.6840270161628723,0.1,9
sentence-transformers/paraphrase-multilingual-MiniLM-L12-v2,baseline_en_phrase,neutron measurement current,baseline,en,20,5,33,0.6821401715278625,0.6546962857246399,0.4,3
sentence-transformers/paraphrase-multilingual-MiniLM-L12-v2,baseline_en_phrase,neutron measurement current,baseline,en,20,6,33,0.7054204940795898,0.6668503880500793,0.2,5
sentence-transformers/paraphrase-multilingual-MiniLM-L12-v2,baseline_en_phrase,neutron measurement current,baseline,en,20,7,33,0.7356589436531067,0.6629067659378052,0.3,4
sentence-transformers/paraphrase-multilingual-MiniLM-L12-v2,baseline_en_phrase,neutron measurement current,baseline,en,20,8,33,0.7356589436531067,0.6861720085144043,0.1,9
sentence-transformers/paraphrase-multilingual-MiniLM-L12-v2,baseline_en_phrase,neutron measurement current,baseline,en,20,9,33,0.7054204940795898,0.677202045917511,0.1,8
sentence-transformers/paraphrase-multilingual-MiniLM-L12-v2,baseline_en_phrase,neutron measurement current,baseline,en,25,0,38,0.7356589436531067,0.6819960474967957,0.1,8
sentence-transformers/paraphrase-multilingual-MiniLM-L12-v2,baseline_en_phrase,neutron measurement current,baseline,en,25,1,38,0.7073910236358643,0.6578376889228821,0.3,3
sentence-transformers/paraphrase-multilingual-MiniLM-L12-v2,baseline_en_phrase,neutron measurement current,baseline,en,25,2,38,0.7073910236358643,0.6615229845046997,0.1,4
sentence-transformers/paraphrase-multilingual-MiniLM-L12-v2,baseline_en_phrase,neutron measurement current,baseline,en,25,3,38,0.7073910236358643,0.6639683246612549,0.2,4
sentence-transformers/paraphrase-multilingual-MiniLM-L12-v2,baseline_en_phrase,neutron measurement current,baseline,en,25,4,38,0.7356589436531067,0.6827667951583862,0.1,8
sentence-transformers/paraphrase-multilingual-MiniLM-L12-v2,baseline_en_phrase,neutron measurement current,baseline,en,25,5,38,0.7356589436531067,0.6578953862190247,0.4,3
sentence-transformers/paraphrase-multilingual-MiniLM-L12-v2,baseline_en_phrase,neutron measurement current,baseline,en,25,6,38,0.7054204940795898,0.6730976700782776,0.1,7
sentence-transformers/paraphrase-multilingual-MiniLM-L12-v2,baseline_en_phrase,neutron measurement current,baseline,en,25,7,38,0.7073910236358643,0.673700213432312,0.1,6
sentence-transformers/paraphrase-multilingual-MiniLM-L12-v2,baseline_en_phrase,neutron measurement current,baseline,en,25,8,38,0.7054204940795898,0.6692475080490112,0.1,5
sentence-transformers/paraphrase-multilingual-MiniLM-L12-v2,baseline_en_phrase,neutron measurement current,baseline,en,25,9,38,0.7054204940795898,0.6694844961166382,0.1,6
sentence-transformers/paraphrase-multilingual-MiniLM-L12-v2,baseline_en_phrase,neutron measurement current,baseline,en,30,0,43,0.7073910236358643,0.6675012707710266,0.1,6
sentence-transformers/paraphrase-multilingual-MiniLM-L12-v2,baseline_en_phrase,neutron measurement current,baseline,en,30,1,43,0.7031033039093018,0.667506992816925,0.1,5
sentence-transformers/paraphrase-multilingual-MiniLM-L12-v2,baseline_en_phrase,neutron measurement current,baseline,en,30,2,43,0.7356589436531067,0.6844688653945923,0.1,9
sentence-transformers/paraphrase-multilingual-MiniLM-L12-v2,baseline_en_phrase,neutron measurement current,baseline,en,30,3,43,0.7356589436531067,0.6776729822158813,0.1,7
sentence-transformers/paraphrase-multilingual-MiniLM-L12-v2,baseline_en_phrase,neutron measurement current,baseline,en,30,4,43,0.7356589436531067,0.6861720085144043,0.1,9
sentence-transformers/paraphrase-multilingual-MiniLM-L12-v2,baseline_en_phrase,neutron measurement current,baseline,en,30,5,43,0.7356589436531067,0.6692463755607605,0.3,6
sentence-transformers/paraphrase-multilingual-MiniLM-L12-v2,baseline_en_phrase,neutron measurement current,baseline,en,30,6,43,0.7073910236358643,0.6790011525154114,0.1,9
sentence-transformers/paraphrase-multilingual-MiniLM-L12-v2,baseline_en_phrase,neutron measurement current,baseline,en,30,7,43,0.7356589436531067,0.6841239929199219,0.1,9
sentence-transformers/paraphrase-multilingual-MiniLM-L12-v2,baseline_en_phrase,neutron measurement current,baseline,en,30,8,43,0.7073910236358643,0.6746199727058411,0.1,7
sentence-transformers/paraphrase-multilingual-MiniLM-L12-v2,baseline_en_phrase,neutron measurement current,baseline,en,30,9,43,0.7054204940795898,0.6776747703552246,0.1,8
sentence-transformers/paraphrase-multilingual-MiniLM-L12-v2,baseline_en_phrase,neutron measurement current,baseline,en,35,0,48,0.7356589436531067,0.6914354562759399,0.0,11
sentence-transformers/paraphrase-multilingual-MiniLM-L12-v2,baseline_en_phrase,neutron measurement current,baseline,en,35,1,48,0.7073910236358643,0.674575924873352,0.1,7
sentence-transformers/paraphrase-multilingual-MiniLM-L12-v2,baseline_en_phrase,neutron measurement current,baseline,en,35,2,48,0.7356589436531067,0.6877372860908508,0.0,11
sentence-transformers/paraphrase-multilingual-MiniLM-L12-v2,baseline_en_phrase,neutron measurement current,baseline,en,35,3,48,0.7356589436531067,0.6733505129814148,0.1,5
sentence-transformers/paraphrase-multilingual-MiniLM-L12-v2,baseline_en_phrase,neutron measurement current,baseline,en,35,4,48,0.7073910236358643,0.6741032600402832,0.1,7
sentence-transformers/paraphrase-multilingual-MiniLM-L12-v2,baseline_en_phrase,neutron measurement current,baseline,en,35,5,48,0.7356589436531067,0.6740601658821106,0.1,6
sentence-transformers/paraphrase-multilingual-MiniLM-L12-v2,baseline_en_phrase,neutron measurement current,baseline,en,35,6,48,0.7356589436531067,0.6914354562759399,0.0,11
sentence-transformers/paraphrase-multilingual-MiniLM-L12-v2,baseline_en_phrase,neutron measurement current,baseline,en,35,7,48,0.7356589436531067,0.6841239929199219,0.1,9
sentence-transformers/paraphrase-multilingual-MiniLM-L12-v2,baseline_en_phrase,neutron measurement current,baseline,en,35,8,48,0.7073910236358643,0.6743429899215698,0.1,7
sentence-transformers/paraphrase-multilingual-MiniLM-L12-v2,baseline_en_phrase,neutron measurement current,baseline,en,35,9,48,0.7356589436531067,0.6768251657485962,0.1,7
sentence-transformers/paraphrase-multilingual-MiniLM-L12-v2,baseline_en_phrase,neutron measurement current,baseline,en,40,0,53,0.7073910236358643,0.68317711353302,0.1,10
sentence-transformers/paraphrase-multilingual-MiniLM-L12-v2,baseline_en_phrase,neutron measurement current,baseline,en,40,1,53,0.7356589436531067,0.6862689852714539,0.1,9
sentence-transformers/paraphrase-multilingual-MiniLM-L12-v2,baseline_en_phrase,neutron measurement current,baseline,en,40,2,53,0.7356589436531067,0.6825708150863647,0.1,9
sentence-transformers/paraphrase-multilingual-MiniLM-L12-v2,baseline_en_phrase,neutron measurement current,baseline,en,40,3,53,0.7356589436531067,0.6914354562759399,0.0,11
sentence-transformers/paraphrase-multilingual-MiniLM-L12-v2,baseline_en_phrase,neutron measurement current,baseline,en,40,4,53,0.7073910236358643,0.6826022863388062,0.1,9
sentence-transformers/paraphrase-multilingual-MiniLM-L12-v2,baseline_en_phrase,neutron measurement current,baseline,en,40,5,53,0.7356589436531067,0.6914354562759399,0.0,11
sentence-transformers/paraphrase-multilingual-MiniLM-L12-v2,baseline_en_phrase,neutron measurement current,baseline,en,40,6,53,0.7356589436531067,0.6914354562759399,0.0,11
sentence-transformers/paraphrase-multilingual-MiniLM-L12-v2,baseline_en_phrase,neutron measurement current,baseline,en,40,7,53,0.7356589436531067,0.6914354562759399,0.0,11
sentence-transformers/paraphrase-multilingual-MiniLM-L12-v2,baseline_en_phrase,neutron measurement current,baseline,en,40,8,53,0.7054204940795898,0.672873854637146,0.1,6
sentence-transformers/paraphrase-multilingual-MiniLM-L12-v2,baseline_en_phrase,neutron measurement current,baseline,en,40,9,53,0.7356589436531067,0.6877372860908508,0.0,11
sentence-transformers/paraphrase-multilingual-MiniLM-L12-v2,baseline_en_phrase,neutron measurement current,baseline,en,45,0,58,0.7356589436531067,0.6914354562759399,0.0,11
sentence-transformers/paraphrase-multilingual-MiniLM-L12-v2,baseline_en_phrase,neutron measurement current,baseline,en,45,1,58,0.7356589436531067,0.6914354562759399,0.0,11
sentence-transformers/paraphrase-multilingual-MiniLM-L12-v2,baseline_en_phrase,neutron measurement current,baseline,en,45,2,58,0.7356589436531067,0.6914354562759399,0.0,11
sentence-transformers/paraphrase-multilingual-MiniLM-L12-v2,baseline_en_phrase,neutron measurement current,baseline,en,45,3,58,0.7356589436531067,0.6914354562759399,0.0,11
sentence-transformers/paraphrase-multilingual-MiniLM-L12-v2,baseline_en_phrase,neutron measurement current,baseline,en,45,4,58,0.7356589436531067,0.6914354562759399,0.0,11
sentence-transformers/paraphrase-multilingual-MiniLM-L12-v2,baseline_en_phrase,neutron measurement current,baseline,en,45,5,58,0.7356589436531067,0.6867467761039734,0.1,10
sentence-transformers/paraphrase-multilingual-MiniLM-L12-v2,baseline_en_phrase,neutron measurement current,baseline,en,45,6,58,0.7356589436531067,0.6914354562759399,0.0,11
sentence-transformers/paraphrase-multilingual-MiniLM-L12-v2,baseline_en_phrase,neutron measurement current,baseline,en,45,7,58,0.7356589436531067,0.6877372860908508,0.0,11
sentence-transformers/paraphrase-multilingual-MiniLM-L12-v2,baseline_en_phrase,neutron measurement current,baseline,en,45,8,58,0.7356589436531067,0.6914354562759399,0.0,11
sentence-transformers/paraphrase-multilingual-MiniLM-L12-v2,baseline_en_phrase,neutron measurement current,baseline,en,45,9,58,0.7356589436531067,0.6914354562759399,0.0,11
sentence-transformers/paraphrase-multilingual-MiniLM-L12-v2,baseline_en_phrase,neutron measurement current,baseline,en,50,0,63,0.7356589436531067,0.6914354562759399,0.0,11
sentence-transformers/paraphrase-multilingual-MiniLM-L12-v2,baseline_en_phrase,neutron measurement current,baseline,en,50,1,63,0.7356589436531067,0.6914354562759399,0.0,11
sentence-transformers/paraphrase-multilingual-MiniLM-L12-v2,baseline_en_phrase,neutron measurement current,baseline,en,50,2,63,0.7356589436531067,0.6914354562759399,0.0,11
sentence-transformers/paraphrase-multilingual-MiniLM-L12-v2,baseline_en_phrase,neutron measurement current,baseline,en,50,3,63,0.7356589436531067,0.6877372860908508,0.0,11
sentence-transformers/paraphrase-multilingual-MiniLM-L12-v2,baseline_en_phrase,neutron measurement current,baseline,en,50,4,63,0.7356589436531067,0.6914354562759399,0.0,11
sentence-transformers/paraphrase-multilingual-MiniLM-L12-v2,baseline_en_phrase,neutron measurement current,baseline,en,50,5,63,0.7356589436531067,0.6914354562759399,0.0,11
sentence-transformers/paraphrase-multilingual-MiniLM-L12-v2,baseline_en_phrase,neutron measurement current,baseline,en,50,6,63,0.7356589436531067,0.6914354562759399,0.0,11
sentence-transformers/paraphrase-multilingual-MiniLM-L12-v2,baseline_en_phrase,neutron measurement current,baseline,en,50,7,63,0.7356589436531067,0.6914354562759399,0.0,11
sentence-transformers/paraphrase-multilingual-MiniLM-L12-v2,baseline_en_phrase,neutron measurement current,baseline,en,50,8,63,0.7356589436531067,0.6914354562759399,0.0,11
sentence-transformers/paraphrase-multilingual-MiniLM-L12-v2,baseline_en_phrase,neutron measurement current,baseline,en,50,9,63,0.7356589436531067,0.6841239929199219,0.1,9
sentence-transformers/paraphrase-multilingual-MiniLM-L12-v2,baseline_en_phrase,neutron measurement current,baseline,en,51,0,64,0.7356589436531067,0.6914354562759399,0.0,11
sentence-transformers/paraphrase-multilingual-MiniLM-L12-v2,baseline_en_phrase,neutron measurement current,baseline,en,51,1,64,0.7356589436531067,0.6914354562759399,0.0,11
sentence-transformers/paraphrase-multilingual-MiniLM-L12-v2,baseline_en_phrase,neutron measurement current,baseline,en,51,2,64,0.7356589436531067,0.6914354562759399,0.0,11
sentence-transformers/paraphrase-multilingual-MiniLM-L12-v2,baseline_en_phrase,neutron measurement current,baseline,en,51,3,64,0.7356589436531067,0.6914354562759399,0.0,11
sentence-transformers/paraphrase-multilingual-MiniLM-L12-v2,baseline_en_phrase,neutron measurement current,baseline,en,51,4,64,0.7356589436531067,0.6914354562759399,0.0,11
sentence-transformers/paraphrase-multilingual-MiniLM-L12-v2,baseline_en_phrase,neutron measurement current,baseline,en,51,5,64,0.7356589436531067,0.6914354562759399,0.0,11
sentence-transformers/paraphrase-multilingual-MiniLM-L12-v2,baseline_en_phrase,neutron measurement current,baseline,en,51,6,64,0.7356589436531067,0.6914354562759399,0.0,11
sentence-transformers/paraphrase-multilingual-MiniLM-L12-v2,baseline_en_phrase,neutron measurement current,baseline,en,51,7,64,0.7356589436531067,0.6914354562759399,0.0,11
sentence-transformers/paraphrase-multilingual-MiniLM-L12-v2,baseline_en_phrase,neutron measurement current,baseline,en,51,8,64,0.7356589436531067,0.6914354562759399,0.0,11
sentence-transformers/paraphrase-multilingual-MiniLM-L12-v2,baseline_en_phrase,neutron measurement current,baseline,en,51,9,64,0.7356589436531067,0.6914354562759399,0.0,11
sentence-transformers/paraphrase-multilingual-MiniLM-L12-v2,obs_spike_en,neutron current measurement repeated spike events,observation_derived,en,0,0,13,0.5960785150527954,0.5661399960517883,1.0,1
sentence-transformers/paraphrase-multilingual-MiniLM-L12-v2,obs_spike_en,neutron current measurement repeated spike events,observation_derived,en,5,0,18,0.5960785150527954,0.5838099718093872,0.4,1
sentence-transformers/paraphrase-multilingual-MiniLM-L12-v2,obs_spike_en,neutron current measurement repeated spike events,observation_derived,en,5,1,18,0.6797909736633301,0.5862956047058105,0.6,2
sentence-transformers/paraphrase-multilingual-MiniLM-L12-v2,obs_spike_en,neutron current measurement repeated spike events,observation_derived,en,5,2,18,0.6409368515014648,0.614320695400238,0.2,9
sentence-transformers/paraphrase-multilingual-MiniLM-L12-v2,obs_spike_en,neutron current measurement repeated spike events,observation_derived,en,5,3,18,0.7254466414451599,0.6239813566207886,0.2,8
sentence-transformers/paraphrase-multilingual-MiniLM-L12-v2,obs_spike_en,neutron current measurement repeated spike events,observation_derived,en,5,4,18,0.7254466414451599,0.6078378558158875,0.3,5
sentence-transformers/paraphrase-multilingual-MiniLM-L12-v2,obs_spike_en,neutron current measurement repeated spike events,observation_derived,en,5,5,18,0.6409368515014648,0.6029603481292725,0.4,6
sentence-transformers/paraphrase-multilingual-MiniLM-L12-v2,obs_spike_en,neutron current measurement repeated spike events,observation_derived,en,5,6,18,0.5960785150527954,0.5661399960517883,1.0,1
sentence-transformers/paraphrase-multilingual-MiniLM-L12-v2,obs_spike_en,neutron current measurement repeated spike events,observation_derived,en,5,7,18,0.6395689845085144,0.6035202741622925,0.2,5
sentence-transformers/paraphrase-multilingual-MiniLM-L12-v2,obs_spike_en,neutron current measurement repeated spike events,observation_derived,en,5,8,18,0.6425541639328003,0.580905556678772,0.6,2
sentence-transformers/paraphrase-multilingual-MiniLM-L12-v2,obs_spike_en,neutron current measurement repeated spike events,observation_derived,en,5,9,18,0.7254466414451599,0.6239813566207886,0.2,8
sentence-transformers/paraphrase-multilingual-MiniLM-L12-v2,obs_spike_en,neutron current measurement repeated spike events,observation_derived,en,10,0,23,0.7254466414451599,0.6287079453468323,0.1,10
sentence-transformers/paraphrase-multilingual-MiniLM-L12-v2,obs_spike_en,neutron current measurement repeated spike events,observation_derived,en,10,1,23,0.6379532814025879,0.5893681645393372,0.4,4
sentence-transformers/paraphrase-multilingual-MiniLM-L12-v2,obs_spike_en,neutron current measurement repeated spike events,observation_derived,en,10,2,23,0.6425541639328003,0.5837780833244324,0.5,2
sentence-transformers/paraphrase-multilingual-MiniLM-L12-v2,obs_spike_en,neutron current measurement repeated spike events,observation_derived,en,10,3,23,0.6425541639328003,0.624911904335022,0.1,10
sentence-transformers/paraphrase-multilingual-MiniLM-L12-v2,obs_spike_en,neutron current measurement repeated spike events,observation_derived,en,10,4,23,0.7254466414451599,0.6098524928092957,0.3,5
sentence-transformers/paraphrase-multilingual-MiniLM-L12-v2,obs_spike_en,neutron current measurement repeated spike events,observation_derived,en,10,5,23,0.6797909736633301,0.6143083572387695,0.2,7
sentence-transformers/paraphrase-multilingual-MiniLM-L12-v2,obs_spike_en,neutron current measurement repeated spike events,observation_derived,en,10,6,23,0.7254466414451599,0.626334547996521,0.2,7
sentence-transformers/paraphrase-multilingual-MiniLM-L12-v2,obs_spike_en,neutron current measurement repeated spike events,observation_derived,en,10,7,23,0.6447809934616089,0.591450572013855,0.3,2
sentence-transformers/paraphrase-multilingual-MiniLM-L12-v2,obs_spike_en,neutron current measurement repeated spike events,observation_derived,en,10,8,23,0.7254466414451599,0.6287079453468323,0.1,10
sentence-transformers/paraphrase-multilingual-MiniLM-L12-v2,obs_spike_en,neutron current measurement repeated spike events,observation_derived,en,10,9,23,0.6425541639328003,0.5837780833244324,0.5,2
sentence-transformers/paraphrase-multilingual-MiniLM-L12-v2,obs_spike_en,neutron current measurement repeated spike events,observation_derived,en,15,0,28,0.7254466414451599,0.641442060470581,0.0,11
sentence-transformers/paraphrase-multilingual-MiniLM-L12-v2,obs_spike_en,neutron current measurement repeated spike events,observation_derived,en,15,1,28,0.6409368515014648,0.6162335276603699,0.1,10
sentence-transformers/paraphrase-multilingual-MiniLM-L12-v2,obs_spike_en,neutron current measurement repeated spike events,observation_derived,en,15,2,28,0.7254466414451599,0.6357170939445496,0.0,11
sentence-transformers/paraphrase-multilingual-MiniLM-L12-v2,obs_spike_en,neutron current measurement repeated spike events,observation_derived,en,15,3,28,0.6425541639328003,0.5942413806915283,0.3,2
sentence-transformers/paraphrase-multilingual-MiniLM-L12-v2,obs_spike_en,neutron current measurement repeated spike events,observation_derived,en,15,4,28,0.5960785150527954,0.5839780569076538,0.3,1
sentence-transformers/paraphrase-multilingual-MiniLM-L12-v2,obs_spike_en,neutron current measurement repeated spike events,observation_derived,en,15,5,28,0.6409368515014648,0.6162335276603699,0.1,10
sentence-transformers/paraphrase-multilingual-MiniLM-L12-v2,obs_spike_en,neutron current measurement repeated spike events,observation_derived,en,15,6,28,0.6425541639328003,0.6178171038627625,0.1,9
sentence-transformers/paraphrase-multilingual-MiniLM-L12-v2,obs_spike_en,neutron current measurement repeated spike events,observation_derived,en,15,7,28,0.6797909736633301,0.6052966713905334,0.3,4
sentence-transformers/paraphrase-multilingual-MiniLM-L12-v2,obs_spike_en,neutron current measurement repeated spike events,observation_derived,en,15,8,28,0.6379532814025879,0.5893681645393372,0.4,4
sentence-transformers/paraphrase-multilingual-MiniLM-L12-v2,obs_spike_en,neutron current measurement repeated spike events,observation_derived,en,15,9,28,0.7254466414451599,0.6370792388916016,0.0,11
sentence-transformers/paraphrase-multilingual-MiniLM-L12-v2,obs_spike_en,neutron current measurement repeated spike events,observation_derived,en,20,0,33,0.7254466414451599,0.6284729242324829,0.1,8
sentence-transformers/paraphrase-multilingual-MiniLM-L12-v2,obs_spike_en,neutron current measurement repeated spike events,observation_derived,en,20,1,33,0.6425541639328003,0.6150022149085999,0.1,9
sentence-transformers/paraphrase-multilingual-MiniLM-L12-v2,obs_spike_en,neutron current measurement repeated spike events,observation_derived,en,20,2,33,0.7254466414451599,0.6301407814025879,0.1,9
sentence-transformers/paraphrase-multilingual-MiniLM-L12-v2,obs_spike_en,neutron current measurement repeated spike events,observation_derived,en,20,3,33,0.7254466414451599,0.626459002494812,0.1,9
sentence-transformers/paraphrase-multilingual-MiniLM-L12-v2,obs_spike_en,neutron current measurement repeated spike events,observation_derived,en,20,4,33,0.6425541639328003,0.6141839623451233,0.1,8
sentence-transformers/paraphrase-multilingual-MiniLM-L12-v2,obs_spike_en,neutron current measurement repeated spike events,observation_derived,en,20,5,33,0.7254466414451599,0.6340094804763794,0.1,9
sentence-transformers/paraphrase-multilingual-MiniLM-L12-v2,obs_spike_en,neutron current measurement repeated spike events,observation_derived,en,20,6,33,0.6409368515014648,0.6170544028282166,0.0,11
sentence-transformers/paraphrase-multilingual-MiniLM-L12-v2,obs_spike_en,neutron current measurement repeated spike events,observation_derived,en,20,7,33,0.6409368515014648,0.6201925277709961,0.1,9
sentence-transformers/paraphrase-multilingual-MiniLM-L12-v2,obs_spike_en,neutron current measurement repeated spike events,observation_derived,en,20,8,33,0.7254466414451599,0.6143757700920105,0.1,6
sentence-transformers/paraphrase-multilingual-MiniLM-L12-v2,obs_spike_en,neutron current measurement repeated spike events,observation_derived,en,20,9,33,0.6797909736633301,0.6091994047164917,0.2,4
sentence-transformers/paraphrase-multilingual-MiniLM-L12-v2,obs_spike_en,neutron current measurement repeated spike events,observation_derived,en,25,0,38,0.6425541639328003,0.6208869218826294,0.0,11
sentence-transformers/paraphrase-multilingual-MiniLM-L12-v2,obs_spike_en,neutron current measurement repeated spike events,observation_derived,en,25,1,38,0.7254466414451599,0.6273459196090698,0.1,10
sentence-transformers/paraphrase-multilingual-MiniLM-L12-v2,obs_spike_en,neutron current measurement repeated spike events,observation_derived,en,25,2,38,0.7254466414451599,0.641442060470581,0.0,11
sentence-transformers/paraphrase-multilingual-MiniLM-L12-v2,obs_spike_en,neutron current measurement repeated spike events,observation_derived,en,25,3,38,0.6797909736633301,0.6197682619094849,0.1,8
sentence-transformers/paraphrase-multilingual-MiniLM-L12-v2,obs_spike_en,neutron current measurement repeated spike events,observation_derived,en,25,4,38,0.6425541639328003,0.6208811402320862,0.0,11
sentence-transformers/paraphrase-multilingual-MiniLM-L12-v2,obs_spike_en,neutron current measurement repeated spike events,observation_derived,en,25,5,38,0.5960785150527954,0.5891827344894409,0.3,1
sentence-transformers/paraphrase-multilingual-MiniLM-L12-v2,obs_spike_en,neutron current measurement repeated spike events,observation_derived,en,25,6,38,0.6447809934616089,0.6180340647697449,0.1,9
sentence-transformers/paraphrase-multilingual-MiniLM-L12-v2,obs_spike_en,neutron current measurement repeated spike events,observation_derived,en,25,7,38,0.6447809934616089,0.6170080900192261,0.2,9
sentence-transformers/paraphrase-multilingual-MiniLM-L12-v2,obs_spike_en,neutron current measurement repeated spike events,observation_derived,en,25,8,38,0.6425541639328003,0.6208811402320862,0.0,11
sentence-transformers/paraphrase-multilingual-MiniLM-L12-v2,obs_spike_en,neutron current measurement repeated spike events,observation_derived,en,25,9,38,0.7254466414451599,0.6447826623916626,0.0,11
sentence-transformers/paraphrase-multilingual-MiniLM-L12-v2,obs_spike_en,neutron current measurement repeated spike events,observation_derived,en,30,0,43,0.7254466414451599,0.6401408314704895,0.0,11
sentence-transformers/paraphrase-multilingual-MiniLM-L12-v2,obs_spike_en,neutron current measurement repeated spike events,observation_derived,en,30,1,43,0.7254466414451599,0.6392008662223816,0.0,11
sentence-transformers/paraphrase-multilingual-MiniLM-L12-v2,obs_spike_en,neutron current measurement repeated spike events,observation_derived,en,30,2,43,0.7254466414451599,0.6357381939888,0.0,11
sentence-transformers/paraphrase-multilingual-MiniLM-L12-v2,obs_spike_en,neutron current measurement repeated spike events,observation_derived,en,30,3,43,0.7254466414451599,0.6407592296600342,0.0,11
sentence-transformers/paraphrase-multilingual-MiniLM-L12-v2,obs_spike_en,neutron current measurement repeated spike events,observation_derived,en,30,4,43,0.6447809934616089,0.6294558644294739,0.0,11
sentence-transformers/paraphrase-multilingual-MiniLM-L12-v2,obs_spike_en,neutron current measurement repeated spike events,observation_derived,en,30,5,43,0.7254466414451599,0.6450053453445435,0.0,11
sentence-transformers/paraphrase-multilingual-MiniLM-L12-v2,obs_spike_en,neutron current measurement repeated spike events,observation_derived,en,30,6,43,0.7254466414451599,0.6338598132133484,0.0,11
sentence-transformers/paraphrase-multilingual-MiniLM-L12-v2,obs_spike_en,neutron current measurement repeated spike events,observation_derived,en,30,7,43,0.6447809934616089,0.6297820806503296,0.0,11
sentence-transformers/paraphrase-multilingual-MiniLM-L12-v2,obs_spike_en,neutron current measurement repeated spike events,observation_derived,en,30,8,43,0.6797909736633301,0.6329588294029236,0.0,11
sentence-transformers/paraphrase-multilingual-MiniLM-L12-v2,obs_spike_en,neutron current measurement repeated spike events,observation_derived,en,30,9,43,0.6797909736633301,0.6200478672981262,0.1,8
sentence-transformers/paraphrase-multilingual-MiniLM-L12-v2,obs_spike_en,neutron current measurement repeated spike events,observation_derived,en,35,0,48,0.7254466414451599,0.6334036588668823,0.0,11
sentence-transformers/paraphrase-multilingual-MiniLM-L12-v2,obs_spike_en,neutron current measurement repeated spike events,observation_derived,en,35,1,48,0.7254466414451599,0.6450053453445435,0.0,11
sentence-transformers/paraphrase-multilingual-MiniLM-L12-v2,obs_spike_en,neutron current measurement repeated spike events,observation_derived,en,35,2,48,0.6797909736633301,0.6208443641662598,0.1,8
sentence-transformers/paraphrase-multilingual-MiniLM-L12-v2,obs_spike_en,neutron current measurement repeated spike events,observation_derived,en,35,3,48,0.6447809934616089,0.6160889267921448,0.1,7
sentence-transformers/paraphrase-multilingual-MiniLM-L12-v2,obs_spike_en,neutron current measurement repeated spike events,observation_derived,en,35,4,48,0.7254466414451599,0.6397895216941833,0.0,11
sentence-transformers/paraphrase-multilingual-MiniLM-L12-v2,obs_spike_en,neutron current measurement repeated spike events,observation_derived,en,35,5,48,0.7254466414451599,0.6439732909202576,0.0,11
sentence-transformers/paraphrase-multilingual-MiniLM-L12-v2,obs_spike_en,neutron current measurement repeated spike events,observation_derived,en,35,6,48,0.7254466414451599,0.6493369936943054,0.0,11
sentence-transformers/paraphrase-multilingual-MiniLM-L12-v2,obs_spike_en,neutron current measurement repeated spike events,observation_derived,en,35,7,48,0.7254466414451599,0.6500197649002075,0.0,11
sentence-transformers/paraphrase-multilingual-MiniLM-L12-v2,obs_spike_en,neutron current measurement repeated spike events,observation_derived,en,35,8,48,0.7254466414451599,0.6500197649002075,0.0,11
sentence-transformers/paraphrase-multilingual-MiniLM-L12-v2,obs_spike_en,neutron current measurement repeated spike events,observation_derived,en,35,9,48,0.7254466414451599,0.6458359956741333,0.0,11
sentence-transformers/paraphrase-multilingual-MiniLM-L12-v2,obs_spike_en,neutron current measurement repeated spike events,observation_derived,en,40,0,53,0.7254466414451599,0.6495596766471863,0.0,11
sentence-transformers/paraphrase-multilingual-MiniLM-L12-v2,obs_spike_en,neutron current measurement repeated spike events,observation_derived,en,40,1,53,0.7254466414451599,0.6379150152206421,0.0,11
sentence-transformers/paraphrase-multilingual-MiniLM-L12-v2,obs_spike_en,neutron current measurement repeated spike events,observation_derived,en,40,2,53,0.7254466414451599,0.6443004608154297,0.0,11
sentence-transformers/paraphrase-multilingual-MiniLM-L12-v2,obs_spike_en,neutron current measurement repeated spike events,observation_derived,en,40,3,53,0.7254466414451599,0.6493369936943054,0.0,11
sentence-transformers/paraphrase-multilingual-MiniLM-L12-v2,obs_spike_en,neutron current measurement repeated spike events,observation_derived,en,40,4,53,0.7254466414451599,0.6443004608154297,0.0,11
sentence-transformers/paraphrase-multilingual-MiniLM-L12-v2,obs_spike_en,neutron current measurement repeated spike events,observation_derived,en,40,5,53,0.7254466414451599,0.6480544805526733,0.0,11
sentence-transformers/paraphrase-multilingual-MiniLM-L12-v2,obs_spike_en,neutron current measurement repeated spike events,observation_derived,en,40,6,53,0.7254466414451599,0.6458359956741333,0.0,11
sentence-transformers/paraphrase-multilingual-MiniLM-L12-v2,obs_spike_en,neutron current measurement repeated spike events,observation_derived,en,40,7,53,0.7254466414451599,0.6480544805526733,0.0,11
sentence-transformers/paraphrase-multilingual-MiniLM-L12-v2,obs_spike_en,neutron current measurement repeated spike events,observation_derived,en,40,8,53,0.7254466414451599,0.6458359956741333,0.0,11
sentence-transformers/paraphrase-multilingual-MiniLM-L12-v2,obs_spike_en,neutron current measurement repeated spike events,observation_derived,en,40,9,53,0.7254466414451599,0.6511529088020325,0.0,11
sentence-transformers/paraphrase-multilingual-MiniLM-L12-v2,obs_spike_en,neutron current measurement repeated spike events,observation_derived,en,45,0,58,0.7254466414451599,0.6511529088020325,0.0,11
sentence-transformers/paraphrase-multilingual-MiniLM-L12-v2,obs_spike_en,neutron current measurement repeated spike events,observation_derived,en,45,1,58,0.7254466414451599,0.647339940071106,0.0,11
sentence-transformers/paraphrase-multilingual-MiniLM-L12-v2,obs_spike_en,neutron current measurement repeated spike events,observation_derived,en,45,2,58,0.7254466414451599,0.6511529088020325,0.0,11
sentence-transformers/paraphrase-multilingual-MiniLM-L12-v2,obs_spike_en,neutron current measurement repeated spike events,observation_derived,en,45,3,58,0.6797909736633301,0.640057384967804,0.0,11
sentence-transformers/paraphrase-multilingual-MiniLM-L12-v2,obs_spike_en,neutron current measurement repeated spike events,observation_derived,en,45,4,58,0.7254466414451599,0.6511529088020325,0.0,11
sentence-transformers/paraphrase-multilingual-MiniLM-L12-v2,obs_spike_en,neutron current measurement repeated spike events,observation_derived,en,45,5,58,0.7254466414451599,0.6412193775177002,0.0,11
sentence-transformers/paraphrase-multilingual-MiniLM-L12-v2,obs_spike_en,neutron current measurement repeated spike events,observation_derived,en,45,6,58,0.7254466414451599,0.6443004608154297,0.0,11
sentence-transformers/paraphrase-multilingual-MiniLM-L12-v2,obs_spike_en,neutron current measurement repeated spike events,observation_derived,en,45,7,58,0.7254466414451599,0.6511529088020325,0.0,11
sentence-transformers/paraphrase-multilingual-MiniLM-L12-v2,obs_spike_en,neutron current measurement repeated spike events,observation_derived,en,45,8,58,0.6797909736633301,0.631203830242157,0.0,11
sentence-transformers/paraphrase-multilingual-MiniLM-L12-v2,obs_spike_en,neutron current measurement repeated spike events,observation_derived,en,45,9,58,0.7254466414451599,0.6511529088020325,0.0,11
sentence-transformers/paraphrase-multilingual-MiniLM-L12-v2,obs_spike_en,neutron current measurement repeated spike events,observation_derived,en,50,0,63,0.7254466414451599,0.6511529088020325,0.0,11
sentence-transformers/paraphrase-multilingual-MiniLM-L12-v2,obs_spike_en,neutron current measurement repeated spike events,observation_derived,en,50,1,63,0.7254466414451599,0.6511529088020325,0.0,11
sentence-transformers/paraphrase-multilingual-MiniLM-L12-v2,obs_spike_en,neutron current measurement repeated spike events,observation_derived,en,50,2,63,0.7254466414451599,0.6511529088020325,0.0,11
sentence-transformers/paraphrase-multilingual-MiniLM-L12-v2,obs_spike_en,neutron current measurement repeated spike events,observation_derived,en,50,3,63,0.7254466414451599,0.6511529088020325,0.0,11
sentence-transformers/paraphrase-multilingual-MiniLM-L12-v2,obs_spike_en,neutron current measurement repeated spike events,observation_derived,en,50,4,63,0.7254466414451599,0.6511529088020325,0.0,11
sentence-transformers/paraphrase-multilingual-MiniLM-L12-v2,obs_spike_en,neutron current measurement repeated spike events,observation_derived,en,50,5,63,0.7254466414451599,0.6511529088020325,0.0,11
sentence-transformers/paraphrase-multilingual-MiniLM-L12-v2,obs_spike_en,neutron current measurement repeated spike events,observation_derived,en,50,6,63,0.7254466414451599,0.6511529088020325,0.0,11
sentence-transformers/paraphrase-multilingual-MiniLM-L12-v2,obs_spike_en,neutron current measurement repeated spike events,observation_derived,en,50,7,63,0.7254466414451599,0.6511529088020325,0.0,11
sentence-transformers/paraphrase-multilingual-MiniLM-L12-v2,obs_spike_en,neutron current measurement repeated spike events,observation_derived,en,50,8,63,0.7254466414451599,0.6511529088020325,0.0,11
sentence-transformers/paraphrase-multilingual-MiniLM-L12-v2,obs_spike_en,neutron current measurement repeated spike events,observation_derived,en,50,9,63,0.7254466414451599,0.6511529088020325,0.0,11
sentence-transformers/paraphrase-multilingual-MiniLM-L12-v2,obs_spike_en,neutron current measurement repeated spike events,observation_derived,en,51,0,64,0.7254466414451599,0.6511529088020325,0.0,11
sentence-transformers/paraphrase-multilingual-MiniLM-L12-v2,obs_spike_en,neutron current measurement repeated spike events,observation_derived,en,51,1,64,0.7254466414451599,0.6511529088020325,0.0,11
sentence-transformers/paraphrase-multilingual-MiniLM-L12-v2,obs_spike_en,neutron current measurement repeated spike events,observation_derived,en,51,2,64,0.7254466414451599,0.6511529088020325,0.0,11
sentence-transformers/paraphrase-multilingual-MiniLM-L12-v2,obs_spike_en,neutron current measurement repeated spike events,observation_derived,en,51,3,64,0.7254466414451599,0.6511529088020325,0.0,11
sentence-transformers/paraphrase-multilingual-MiniLM-L12-v2,obs_spike_en,neutron current measurement repeated spike events,observation_derived,en,51,4,64,0.7254466414451599,0.6511529088020325,0.0,11
sentence-transformers/paraphrase-multilingual-MiniLM-L12-v2,obs_spike_en,neutron current measurement repeated spike events,observation_derived,en,51,5,64,0.7254466414451599,0.6511529088020325,0.0,11
sentence-transformers/paraphrase-multilingual-MiniLM-L12-v2,obs_spike_en,neutron current measurement repeated spike events,observation_derived,en,51,6,64,0.7254466414451599,0.6511529088020325,0.0,11
sentence-transformers/paraphrase-multilingual-MiniLM-L12-v2,obs_spike_en,neutron current measurement repeated spike events,observation_derived,en,51,7,64,0.7254466414451599,0.6511529088020325,0.0,11
sentence-transformers/paraphrase-multilingual-MiniLM-L12-v2,obs_spike_en,neutron current measurement repeated spike events,observation_derived,en,51,8,64,0.7254466414451599,0.6511529088020325,0.0,11
sentence-transformers/paraphrase-multilingual-MiniLM-L12-v2,obs_spike_en,neutron current measurement repeated spike events,observation_derived,en,51,9,64,0.7254466414451599,0.6511529088020325,0.0,11
sentence-transformers/paraphrase-multilingual-MiniLM-L12-v2,obs_spike_zh,中子电流测量重复尖峰事件,observation_derived,zh,0,0,13,0.5996183156967163,0.5600287318229675,1.0,1
sentence-transformers/paraphrase-multilingual-MiniLM-L12-v2,obs_spike_zh,中子电流测量重复尖峰事件,observation_derived,zh,5,0,18,0.5996183156967163,0.5642865300178528,0.8,1
sentence-transformers/paraphrase-multilingual-MiniLM-L12-v2,obs_spike_zh,中子电流测量重复尖峰事件,observation_derived,zh,5,1,18,0.6156816482543945,0.5918588638305664,0.2,2
sentence-transformers/paraphrase-multilingual-MiniLM-L12-v2,obs_spike_zh,中子电流测量重复尖峰事件,observation_derived,zh,5,2,18,0.5996183156967163,0.5639705657958984,0.9,1
sentence-transformers/paraphrase-multilingual-MiniLM-L12-v2,obs_spike_zh,中子电流测量重复尖峰事件,observation_derived,zh,5,3,18,0.6152598261833191,0.5793260931968689,0.4,3
sentence-transformers/paraphrase-multilingual-MiniLM-L12-v2,obs_spike_zh,中子电流测量重复尖峰事件,observation_derived,zh,5,4,18,0.646734356880188,0.606117844581604,0.1,5
sentence-transformers/paraphrase-multilingual-MiniLM-L12-v2,obs_spike_zh,中子电流测量重复尖峰事件,observation_derived,zh,5,5,18,0.646734356880188,0.5972877740859985,0.3,4
sentence-transformers/paraphrase-multilingual-MiniLM-L12-v2,obs_spike_zh,中子电流测量重复尖峰事件,observation_derived,zh,5,6,18,0.6389766931533813,0.57911217212677,0.7,2
sentence-transformers/paraphrase-multilingual-MiniLM-L12-v2,obs_spike_zh,中子电流测量重复尖峰事件,observation_derived,zh,5,7,18,0.5996183156967163,0.5600287318229675,1.0,1
sentence-transformers/paraphrase-multilingual-MiniLM-L12-v2,obs_spike_zh,中子电流测量重复尖峰事件,observation_derived,zh,5,8,18,0.5996183156967163,0.5600495934486389,0.9,1
sentence-transformers/paraphrase-multilingual-MiniLM-L12-v2,obs_spike_zh,中子电流测量重复尖峰事件,observation_derived,zh,5,9,18,0.5996183156967163,0.561876654624939,0.9,1
sentence-transformers/paraphrase-multilingual-MiniLM-L12-v2,obs_spike_zh,中子电流测量重复尖峰事件,observation_derived,zh,10,0,23,0.646734356880188,0.6078289747238159,0.1,5
sentence-transformers/paraphrase-multilingual-MiniLM-L12-v2,obs_spike_zh,中子电流测量重复尖峰事件,observation_derived,zh,10,1,23,0.6389766931533813,0.5898200273513794,0.2,2
sentence-transformers/paraphrase-multilingual-MiniLM-L12-v2,obs_spike_zh,中子电流测量重复尖峰事件,observation_derived,zh,10,2,23,0.5997874140739441,0.5879896283149719,0.2,2
sentence-transformers/paraphrase-multilingual-MiniLM-L12-v2,obs_spike_zh,中子电流测量重复尖峰事件,observation_derived,zh,10,3,23,0.5997874140739441,0.58646160364151,0.2,2
sentence-transformers/paraphrase-multilingual-MiniLM-L12-v2,obs_spike_zh,中子电流测量重复尖峰事件,observation_derived,zh,10,4,23,0.6389766931533813,0.5954006910324097,0.2,3
sentence-transformers/paraphrase-multilingual-MiniLM-L12-v2,obs_spike_zh,中子电流测量重复尖峰事件,observation_derived,zh,10,5,23,0.6389766931533813,0.5871542096138,0.4,4
sentence-transformers/paraphrase-multilingual-MiniLM-L12-v2,obs_spike_zh,中子电流测量重复尖峰事件,observation_derived,zh,10,6,23,0.5996183156967163,0.5636976957321167,0.8,1
sentence-transformers/paraphrase-multilingual-MiniLM-L12-v2,obs_spike_zh,中子电流测量重复尖峰事件,observation_derived,zh,10,7,23,0.6389766931533813,0.5709789991378784,0.7,2
sentence-transformers/paraphrase-multilingual-MiniLM-L12-v2,obs_spike_zh,中子电流测量重复尖峰事件,observation_derived,zh,10,8,23,0.5996183156967163,0.5831930041313171,0.2,1
sentence-transformers/paraphrase-multilingual-MiniLM-L12-v2,obs_spike_zh,中子电流测量重复尖峰事件,observation_derived,zh,10,9,23,0.6389766931533813,0.5742754936218262,0.7,2
sentence-transformers/paraphrase-multilingual-MiniLM-L12-v2,obs_spike_zh,中子电流测量重复尖峰事件,observation_derived,zh,15,0,28,0.6389766931533813,0.60135817527771,0.1,5
sentence-transformers/paraphrase-multilingual-MiniLM-L12-v2,obs_spike_zh,中子电流测量重复尖峰事件,observation_derived,zh,15,1,28,0.646734356880188,0.610560417175293,0.1,7
sentence-transformers/paraphrase-multilingual-MiniLM-L12-v2,obs_spike_zh,中子电流测量重复尖峰事件,observation_derived,zh,15,2,28,0.6152598261833191,0.583478569984436,0.3,3
sentence-transformers/paraphrase-multilingual-MiniLM-L12-v2,obs_spike_zh,中子电流测量重复尖峰事件,observation_derived,zh,15,3,28,0.6389766931533813,0.5985020399093628,0.2,5
sentence-transformers/paraphrase-multilingual-MiniLM-L12-v2,obs_spike_zh,中子电流测量重复尖峰事件,observation_derived,zh,15,4,28,0.6389766931533813,0.5948537588119507,0.3,3
sentence-transformers/paraphrase-multilingual-MiniLM-L12-v2,obs_spike_zh,中子电流测量重复尖峰事件,observation_derived,zh,15,5,28,0.6152598261833191,0.5837004780769348,0.3,4
sentence-transformers/paraphrase-multilingual-MiniLM-L12-v2,obs_spike_zh,中子电流测量重复尖峰事件,observation_derived,zh,15,6,28,0.5997874140739441,0.5768324136734009,0.4,2
sentence-transformers/paraphrase-multilingual-MiniLM-L12-v2,obs_spike_zh,中子电流测量重复尖峰事件,observation_derived,zh,15,7,28,0.5997874140739441,0.576644778251648,0.4,2
sentence-transformers/paraphrase-multilingual-MiniLM-L12-v2,obs_spike_zh,中子电流测量重复尖峰事件,observation_derived,zh,15,8,28,0.5996183156967163,0.573199450969696,0.6,1
sentence-transformers/paraphrase-multilingual-MiniLM-L12-v2,obs_spike_zh,中子电流测量重复尖峰事件,observation_derived,zh,15,9,28,0.6389766931533813,0.5741105675697327,0.7,2
sentence-transformers/paraphrase-multilingual-MiniLM-L12-v2,obs_spike_zh,中子电流测量重复尖峰事件,observation_derived,zh,20,0,33,0.6156816482543945,0.597260057926178,0.1,4
sentence-transformers/paraphrase-multilingual-MiniLM-L12-v2,obs_spike_zh,中子电流测量重复尖峰事件,observation_derived,zh,20,1,33,0.646734356880188,0.6159027814865112,0.1,8
sentence-transformers/paraphrase-multilingual-MiniLM-L12-v2,obs_spike_zh,中子电流测量重复尖峰事件,observation_derived,zh,20,2,33,0.646734356880188,0.606251060962677,0.1,6
sentence-transformers/paraphrase-multilingual-MiniLM-L12-v2,obs_spike_zh,中子电流测量重复尖峰事件,observation_derived,zh,20,3,33,0.6389766931533813,0.5942060947418213,0.2,3
sentence-transformers/paraphrase-multilingual-MiniLM-L12-v2,obs_spike_zh,中子电流测量重复尖峰事件,observation_derived,zh,20,4,33,0.6389766931533813,0.5896254181861877,0.2,2
sentence-transformers/paraphrase-multilingual-MiniLM-L12-v2,obs_spike_zh,中子电流测量重复尖峰事件,observation_derived,zh,20,5,33,0.6389766931533813,0.5894016027450562,0.3,3
sentence-transformers/paraphrase-multilingual-MiniLM-L12-v2,obs_spike_zh,中子电流测量重复尖峰事件,observation_derived,zh,20,6,33,0.6156816482543945,0.5897738933563232,0.2,2
sentence-transformers/paraphrase-multilingual-MiniLM-L12-v2,obs_spike_zh,中子电流测量重复尖峰事件,observation_derived,zh,20,7,33,0.6156816482543945,0.590148389339447,0.2,3
sentence-transformers/paraphrase-multilingual-MiniLM-L12-v2,obs_spike_zh,中子电流测量重复尖峰事件,observation_derived,zh,20,8,33,0.646734356880188,0.6074663400650024,0.2,6
sentence-transformers/paraphrase-multilingual-MiniLM-L12-v2,obs_spike_zh,中子电流测量重复尖峰事件,observation_derived,zh,20,9,33,0.646734356880188,0.6092162728309631,0.1,5
sentence-transformers/paraphrase-multilingual-MiniLM-L12-v2,obs_spike_zh,中子电流测量重复尖峰事件,observation_derived,zh,25,0,38,0.6156816482543945,0.5955390334129333,0.2,4
sentence-transformers/paraphrase-multilingual-MiniLM-L12-v2,obs_spike_zh,中子电流测量重复尖峰事件,observation_derived,zh,25,1,38,0.646734356880188,0.6083923578262329,0.1,5
sentence-transformers/paraphrase-multilingual-MiniLM-L12-v2,obs_spike_zh,中子电流测量重复尖峰事件,observation_derived,zh,25,2,38,0.6389766931533813,0.5978134870529175,0.2,4
sentence-transformers/paraphrase-multilingual-MiniLM-L12-v2,obs_spike_zh,中子电流测量重复尖峰事件,observation_derived,zh,25,3,38,0.646734356880188,0.6159027814865112,0.1,8
sentence-transformers/paraphrase-multilingual-MiniLM-L12-v2,obs_spike_zh,中子电流测量重复尖峰事件,observation_derived,zh,25,4,38,0.6389766931533813,0.5779767632484436,0.5,2
sentence-transformers/paraphrase-multilingual-MiniLM-L12-v2,obs_spike_zh,中子电流测量重复尖峰事件,observation_derived,zh,25,5,38,0.646734356880188,0.6092895269393921,0.1,7
sentence-transformers/paraphrase-multilingual-MiniLM-L12-v2,obs_spike_zh,中子电流测量重复尖峰事件,observation_derived,zh,25,6,38,0.6156816482543945,0.5929640531539917,0.1,2
sentence-transformers/paraphrase-multilingual-MiniLM-L12-v2,obs_spike_zh,中子电流测量重复尖峰事件,observation_derived,zh,25,7,38,0.646734356880188,0.6132084131240845,0.1,7
sentence-transformers/paraphrase-multilingual-MiniLM-L12-v2,obs_spike_zh,中子电流测量重复尖峰事件,observation_derived,zh,25,8,38,0.646734356880188,0.6070483326911926,0.2,7
sentence-transformers/paraphrase-multilingual-MiniLM-L12-v2,obs_spike_zh,中子电流测量重复尖峰事件,observation_derived,zh,25,9,38,0.646734356880188,0.6101360321044922,0.1,6
sentence-transformers/paraphrase-multilingual-MiniLM-L12-v2,obs_spike_zh,中子电流测量重复尖峰事件,observation_derived,zh,30,0,43,0.646734356880188,0.6119476556777954,0.1,7
sentence-transformers/paraphrase-multilingual-MiniLM-L12-v2,obs_spike_zh,中子电流测量重复尖峰事件,observation_derived,zh,30,1,43,0.6389766931533813,0.5985020399093628,0.2,5
sentence-transformers/paraphrase-multilingual-MiniLM-L12-v2,obs_spike_zh,中子电流测量重复尖峰事件,observation_derived,zh,30,2,43,0.6389766931533813,0.5978595018386841,0.2,4
sentence-transformers/paraphrase-multilingual-MiniLM-L12-v2,obs_spike_zh,中子电流测量重复尖峰事件,observation_derived,zh,30,3,43,0.646734356880188,0.6159027814865112,0.1,8
sentence-transformers/paraphrase-multilingual-MiniLM-L12-v2,obs_spike_zh,中子电流测量重复尖峰事件,observation_derived,zh,30,4,43,0.646734356880188,0.6092162728309631,0.1,5
sentence-transformers/paraphrase-multilingual-MiniLM-L12-v2,obs_spike_zh,中子电流测量重复尖峰事件,observation_derived,zh,30,5,43,0.646734356880188,0.6159027814865112,0.1,8
sentence-transformers/paraphrase-multilingual-MiniLM-L12-v2,obs_spike_zh,中子电流测量重复尖峰事件,observation_derived,zh,30,6,43,0.646734356880188,0.6083697080612183,0.1,6
sentence-transformers/paraphrase-multilingual-MiniLM-L12-v2,obs_spike_zh,中子电流测量重复尖峰事件,observation_derived,zh,30,7,43,0.5996183156967163,0.5860870480537415,0.2,1
sentence-transformers/paraphrase-multilingual-MiniLM-L12-v2,obs_spike_zh,中子电流测量重复尖峰事件,observation_derived,zh,30,8,43,0.646734356880188,0.6027523875236511,0.2,5
sentence-transformers/paraphrase-multilingual-MiniLM-L12-v2,obs_spike_zh,中子电流测量重复尖峰事件,observation_derived,zh,30,9,43,0.646734356880188,0.6114198565483093,0.1,8
sentence-transformers/paraphrase-multilingual-MiniLM-L12-v2,obs_spike_zh,中子电流测量重复尖峰事件,observation_derived,zh,35,0,48,0.646734356880188,0.6140804290771484,0.1,8
sentence-transformers/paraphrase-multilingual-MiniLM-L12-v2,obs_spike_zh,中子电流测量重复尖峰事件,observation_derived,zh,35,1,48,0.646734356880188,0.6132084131240845,0.1,7
sentence-transformers/paraphrase-multilingual-MiniLM-L12-v2,obs_spike_zh,中子电流测量重复尖峰事件,observation_derived,zh,35,2,48,0.646734356880188,0.6161638498306274,0.1,9
sentence-transformers/paraphrase-multilingual-MiniLM-L12-v2,obs_spike_zh,中子电流测量重复尖峰事件,observation_derived,zh,35,3,48,0.646734356880188,0.61649489402771,0.1,9
sentence-transformers/paraphrase-multilingual-MiniLM-L12-v2,obs_spike_zh,中子电流测量重复尖峰事件,observation_derived,zh,35,4,48,0.646734356880188,0.6134793162345886,0.1,7
sentence-transformers/paraphrase-multilingual-MiniLM-L12-v2,obs_spike_zh,中子电流测量重复尖峰事件,observation_derived,zh,35,5,48,0.6389766931533813,0.6029226779937744,0.1,5
sentence-transformers/paraphrase-multilingual-MiniLM-L12-v2,obs_spike_zh,中子电流测量重复尖峰事件,observation_derived,zh,35,6,48,0.6152598261833191,0.5918856263160706,0.2,3
sentence-transformers/paraphrase-multilingual-MiniLM-L12-v2,obs_spike_zh,中子电流测量重复尖峰事件,observation_derived,zh,35,7,48,0.646734356880188,0.6128674745559692,0.1,8
sentence-transformers/paraphrase-multilingual-MiniLM-L12-v2,obs_spike_zh,中子电流测量重复尖峰事件,observation_derived,zh,35,8,48,0.646734356880188,0.6078289747238159,0.1,5
sentence-transformers/paraphrase-multilingual-MiniLM-L12-v2,obs_spike_zh,中子电流测量重复尖峰事件,observation_derived,zh,35,9,48,0.646734356880188,0.6114198565483093,0.1,8
sentence-transformers/paraphrase-multilingual-MiniLM-L12-v2,obs_spike_zh,中子电流测量重复尖峰事件,observation_derived,zh,40,0,53,0.6389766931533813,0.6004043817520142,0.1,4
sentence-transformers/paraphrase-multilingual-MiniLM-L12-v2,obs_spike_zh,中子电流测量重复尖峰事件,observation_derived,zh,40,1,53,0.646734356880188,0.6128808856010437,0.1,7
sentence-transformers/paraphrase-multilingual-MiniLM-L12-v2,obs_spike_zh,中子电流测量重复尖峰事件,observation_derived,zh,40,2,53,0.646734356880188,0.6092895269393921,0.1,7
sentence-transformers/paraphrase-multilingual-MiniLM-L12-v2,obs_spike_zh,中子电流测量重复尖峰事件,observation_derived,zh,40,3,53,0.646734356880188,0.61649489402771,0.1,9
sentence-transformers/paraphrase-multilingual-MiniLM-L12-v2,obs_spike_zh,中子电流测量重复尖峰事件,observation_derived,zh,40,4,53,0.646734356880188,0.6161638498306274,0.1,9
sentence-transformers/paraphrase-multilingual-MiniLM-L12-v2,obs_spike_zh,中子电流测量重复尖峰事件,observation_derived,zh,40,5,53,0.6389766931533813,0.60135817527771,0.1,5
sentence-transformers/paraphrase-multilingual-MiniLM-L12-v2,obs_spike_zh,中子电流测量重复尖峰事件,observation_derived,zh,40,6,53,0.646734356880188,0.6128808856010437,0.1,7
sentence-transformers/paraphrase-multilingual-MiniLM-L12-v2,obs_spike_zh,中子电流测量重复尖峰事件,observation_derived,zh,40,7,53,0.646734356880188,0.6140804290771484,0.1,8
sentence-transformers/paraphrase-multilingual-MiniLM-L12-v2,obs_spike_zh,中子电流测量重复尖峰事件,observation_derived,zh,40,8,53,0.646734356880188,0.61649489402771,0.1,9
sentence-transformers/paraphrase-multilingual-MiniLM-L12-v2,obs_spike_zh,中子电流测量重复尖峰事件,observation_derived,zh,40,9,53,0.646734356880188,0.6119838953018188,0.1,8
sentence-transformers/paraphrase-multilingual-MiniLM-L12-v2,obs_spike_zh,中子电流测量重复尖峰事件,observation_derived,zh,45,0,58,0.646734356880188,0.61649489402771,0.1,9
sentence-transformers/paraphrase-multilingual-MiniLM-L12-v2,obs_spike_zh,中子电流测量重复尖峰事件,observation_derived,zh,45,1,58,0.646734356880188,0.6159027814865112,0.1,8
sentence-transformers/paraphrase-multilingual-MiniLM-L12-v2,obs_spike_zh,中子电流测量重复尖峰事件,observation_derived,zh,45,2,58,0.646734356880188,0.61649489402771,0.1,9
sentence-transformers/paraphrase-multilingual-MiniLM-L12-v2,obs_spike_zh,中子电流测量重复尖峰事件,observation_derived,zh,45,3,58,0.646734356880188,0.6087010502815247,0.1,6
sentence-transformers/paraphrase-multilingual-MiniLM-L12-v2,obs_spike_zh,中子电流测量重复尖峰事件,observation_derived,zh,45,4,58,0.6156816482543945,0.5990037322044373,0.1,5
sentence-transformers/paraphrase-multilingual-MiniLM-L12-v2,obs_spike_zh,中子电流测量重复尖峰事件,observation_derived,zh,45,5,58,0.646734356880188,0.6159027814865112,0.1,8
sentence-transformers/paraphrase-multilingual-MiniLM-L12-v2,obs_spike_zh,中子电流测量重复尖峰事件,observation_derived,zh,45,6,58,0.646734356880188,0.6159027814865112,0.1,8
sentence-transformers/paraphrase-multilingual-MiniLM-L12-v2,obs_spike_zh,中子电流测量重复尖峰事件,observation_derived,zh,45,7,58,0.646734356880188,0.61649489402771,0.1,9
sentence-transformers/paraphrase-multilingual-MiniLM-L12-v2,obs_spike_zh,中子电流测量重复尖峰事件,observation_derived,zh,45,8,58,0.646734356880188,0.61649489402771,0.1,9
sentence-transformers/paraphrase-multilingual-MiniLM-L12-v2,obs_spike_zh,中子电流测量重复尖峰事件,observation_derived,zh,45,9,58,0.646734356880188,0.6159027814865112,0.1,8
sentence-transformers/paraphrase-multilingual-MiniLM-L12-v2,obs_spike_zh,中子电流测量重复尖峰事件,observation_derived,zh,50,0,63,0.646734356880188,0.61649489402771,0.1,9
sentence-transformers/paraphrase-multilingual-MiniLM-L12-v2,obs_spike_zh,中子电流测量重复尖峰事件,observation_derived,zh,50,1,63,0.646734356880188,0.61649489402771,0.1,9
sentence-transformers/paraphrase-multilingual-MiniLM-L12-v2,obs_spike_zh,中子电流测量重复尖峰事件,observation_derived,zh,50,2,63,0.646734356880188,0.61649489402771,0.1,9
sentence-transformers/paraphrase-multilingual-MiniLM-L12-v2,obs_spike_zh,中子电流测量重复尖峰事件,observation_derived,zh,50,3,63,0.646734356880188,0.61649489402771,0.1,9
sentence-transformers/paraphrase-multilingual-MiniLM-L12-v2,obs_spike_zh,中子电流测量重复尖峰事件,observation_derived,zh,50,4,63,0.646734356880188,0.61649489402771,0.1,9
sentence-transformers/paraphrase-multilingual-MiniLM-L12-v2,obs_spike_zh,中子电流测量重复尖峰事件,observation_derived,zh,50,5,63,0.646734356880188,0.61649489402771,0.1,9
sentence-transformers/paraphrase-multilingual-MiniLM-L12-v2,obs_spike_zh,中子电流测量重复尖峰事件,observation_derived,zh,50,6,63,0.646734356880188,0.61649489402771,0.1,9
sentence-transformers/paraphrase-multilingual-MiniLM-L12-v2,obs_spike_zh,中子电流测量重复尖峰事件,observation_derived,zh,50,7,63,0.646734356880188,0.61649489402771,0.1,9
sentence-transformers/paraphrase-multilingual-MiniLM-L12-v2,obs_spike_zh,中子电流测量重复尖峰事件,observation_derived,zh,50,8,63,0.646734356880188,0.6134793162345886,0.1,7
sentence-transformers/paraphrase-multilingual-MiniLM-L12-v2,obs_spike_zh,中子电流测量重复尖峰事件,observation_derived,zh,50,9,63,0.646734356880188,0.61649489402771,0.1,9
sentence-transformers/paraphrase-multilingual-MiniLM-L12-v2,obs_spike_zh,中子电流测量重复尖峰事件,observation_derived,zh,51,0,64,0.646734356880188,0.61649489402771,0.1,9
sentence-transformers/paraphrase-multilingual-MiniLM-L12-v2,obs_spike_zh,中子电流测量重复尖峰事件,observation_derived,zh,51,1,64,0.646734356880188,0.61649489402771,0.1,9
sentence-transformers/paraphrase-multilingual-MiniLM-L12-v2,obs_spike_zh,中子电流测量重复尖峰事件,observation_derived,zh,51,2,64,0.646734356880188,0.61649489402771,0.1,9
sentence-transformers/paraphrase-multilingual-MiniLM-L12-v2,obs_spike_zh,中子电流测量重复尖峰事件,observation_derived,zh,51,3,64,0.646734356880188,0.61649489402771,0.1,9
sentence-transformers/paraphrase-multilingual-MiniLM-L12-v2,obs_spike_zh,中子电流测量重复尖峰事件,observation_derived,zh,51,4,64,0.646734356880188,0.61649489402771,0.1,9
sentence-transformers/paraphrase-multilingual-MiniLM-L12-v2,obs_spike_zh,中子电流测量重复尖峰事件,observation_derived,zh,51,5,64,0.646734356880188,0.61649489402771,0.1,9
sentence-transformers/paraphrase-multilingual-MiniLM-L12-v2,obs_spike_zh,中子电流测量重复尖峰事件,observation_derived,zh,51,6,64,0.646734356880188,0.61649489402771,0.1,9
sentence-transformers/paraphrase-multilingual-MiniLM-L12-v2,obs_spike_zh,中子电流测量重复尖峰事件,observation_derived,zh,51,7,64,0.646734356880188,0.61649489402771,0.1,9
sentence-transformers/paraphrase-multilingual-MiniLM-L12-v2,obs_spike_zh,中子电流测量重复尖峰事件,observation_derived,zh,51,8,64,0.646734356880188,0.61649489402771,0.1,9
sentence-transformers/paraphrase-multilingual-MiniLM-L12-v2,obs_spike_zh,中子电流测量重复尖峰事件,observation_derived,zh,51,9,64,0.646734356880188,0.61649489402771,0.1,9
sentence-transformers/paraphrase-multilingual-MiniLM-L12-v2,obs_zero_en,neutron current measurement synchronized zero-value dropout across channels,observation_derived,en,0,0,13,0.6168930530548096,0.5824519991874695,1.0,1
sentence-transformers/paraphrase-multilingual-MiniLM-L12-v2,obs_zero_en,neutron current measurement synchronized zero-value dropout across channels,observation_derived,en,5,0,18,0.6168930530548096,0.5824519991874695,1.0,1
sentence-transformers/paraphrase-multilingual-MiniLM-L12-v2,obs_zero_en,neutron current measurement synchronized zero-value dropout across channels,observation_derived,en,5,1,18,0.6168930530548096,0.5824519991874695,1.0,1
sentence-transformers/paraphrase-multilingual-MiniLM-L12-v2,obs_zero_en,neutron current measurement synchronized zero-value dropout across channels,observation_derived,en,5,2,18,0.631607711315155,0.5959783792495728,0.5,2
sentence-transformers/paraphrase-multilingual-MiniLM-L12-v2,obs_zero_en,neutron current measurement synchronized zero-value dropout across channels,observation_derived,en,5,3,18,0.6168930530548096,0.589739203453064,0.6,1
sentence-transformers/paraphrase-multilingual-MiniLM-L12-v2,obs_zero_en,neutron current measurement synchronized zero-value dropout across channels,observation_derived,en,5,4,18,0.6168930530548096,0.5824519991874695,1.0,1
sentence-transformers/paraphrase-multilingual-MiniLM-L12-v2,obs_zero_en,neutron current measurement synchronized zero-value dropout across channels,observation_derived,en,5,5,18,0.6168930530548096,0.5829320549964905,0.9,1
sentence-transformers/paraphrase-multilingual-MiniLM-L12-v2,obs_zero_en,neutron current measurement synchronized zero-value dropout across channels,observation_derived,en,5,6,18,0.6168930530548096,0.5858551263809204,0.9,1
sentence-transformers/paraphrase-multilingual-MiniLM-L12-v2,obs_zero_en,neutron current measurement synchronized zero-value dropout across channels,observation_derived,en,5,7,18,0.6168930530548096,0.5837901830673218,0.9,1
sentence-transformers/paraphrase-multilingual-MiniLM-L12-v2,obs_zero_en,neutron current measurement synchronized zero-value dropout across channels,observation_derived,en,5,8,18,0.628751277923584,0.6039875149726868,0.5,3
sentence-transformers/paraphrase-multilingual-MiniLM-L12-v2,obs_zero_en,neutron current measurement synchronized zero-value dropout across channels,observation_derived,en,5,9,18,0.6168930530548096,0.5916498303413391,0.7,1
sentence-transformers/paraphrase-multilingual-MiniLM-L12-v2,obs_zero_en,neutron current measurement synchronized zero-value dropout across channels,observation_derived,en,10,0,23,0.631607711315155,0.6017359495162964,0.4,2
sentence-transformers/paraphrase-multilingual-MiniLM-L12-v2,obs_zero_en,neutron current measurement synchronized zero-value dropout across channels,observation_derived,en,10,1,23,0.6168930530548096,0.5889728665351868,0.8,1
sentence-transformers/paraphrase-multilingual-MiniLM-L12-v2,obs_zero_en,neutron current measurement synchronized zero-value dropout across channels,observation_derived,en,10,2,23,0.631607711315155,0.599764883518219,0.5,2
sentence-transformers/paraphrase-multilingual-MiniLM-L12-v2,obs_zero_en,neutron current measurement synchronized zero-value dropout across channels,observation_derived,en,10,3,23,0.6168930530548096,0.5847363471984863,0.8,1
sentence-transformers/paraphrase-multilingual-MiniLM-L12-v2,obs_zero_en,neutron current measurement synchronized zero-value dropout across channels,observation_derived,en,10,4,23,0.6168930530548096,0.5850622057914734,0.8,1
sentence-transformers/paraphrase-multilingual-MiniLM-L12-v2,obs_zero_en,neutron current measurement synchronized zero-value dropout across channels,observation_derived,en,10,5,23,0.631607711315155,0.6081575155258179,0.4,4
sentence-transformers/paraphrase-multilingual-MiniLM-L12-v2,obs_zero_en,neutron current measurement synchronized zero-value dropout across channels,observation_derived,en,10,6,23,0.6168930530548096,0.5892500281333923,0.7,1
sentence-transformers/paraphrase-multilingual-MiniLM-L12-v2,obs_zero_en,neutron current measurement synchronized zero-value dropout across channels,observation_derived,en,10,7,23,0.628751277923584,0.6090220212936401,0.3,3
sentence-transformers/paraphrase-multilingual-MiniLM-L12-v2,obs_zero_en,neutron current measurement synchronized zero-value dropout across channels,observation_derived,en,10,8,23,0.6168930530548096,0.5858551263809204,0.9,1
sentence-transformers/paraphrase-multilingual-MiniLM-L12-v2,obs_zero_en,neutron current measurement synchronized zero-value dropout across channels,observation_derived,en,10,9,23,0.631607711315155,0.5959783792495728,0.5,2
sentence-transformers/paraphrase-multilingual-MiniLM-L12-v2,obs_zero_en,neutron current measurement synchronized zero-value dropout across channels,observation_derived,en,15,0,28,0.628751277923584,0.6052994132041931,0.4,3
sentence-transformers/paraphrase-multilingual-MiniLM-L12-v2,obs_zero_en,neutron current measurement synchronized zero-value dropout across channels,observation_derived,en,15,1,28,0.631607711315155,0.6124110817909241,0.3,4
sentence-transformers/paraphrase-multilingual-MiniLM-L12-v2,obs_zero_en,neutron current measurement synchronized zero-value dropout across channels,observation_derived,en,15,2,28,0.6168930530548096,0.5921127200126648,0.5,1
sentence-transformers/paraphrase-multilingual-MiniLM-L12-v2,obs_zero_en,neutron current measurement synchronized zero-value dropout across channels,observation_derived,en,15,3,28,0.631607711315155,0.6045401096343994,0.4,2
sentence-transformers/paraphrase-multilingual-MiniLM-L12-v2,obs_zero_en,neutron current measurement synchronized zero-value dropout across channels,observation_derived,en,15,4,28,0.631607711315155,0.6032282114028931,0.5,2
sentence-transformers/paraphrase-multilingual-MiniLM-L12-v2,obs_zero_en,neutron current measurement synchronized zero-value dropout across channels,observation_derived,en,15,5,28,0.628751277923584,0.6032172441482544,0.5,3
sentence-transformers/paraphrase-multilingual-MiniLM-L12-v2,obs_zero_en,neutron current measurement synchronized zero-value dropout across channels,observation_derived,en,15,6,28,0.6168930530548096,0.5858551263809204,0.9,1
sentence-transformers/paraphrase-multilingual-MiniLM-L12-v2,obs_zero_en,neutron current measurement synchronized zero-value dropout across channels,observation_derived,en,15,7,28,0.631607711315155,0.6124110817909241,0.3,4
sentence-transformers/paraphrase-multilingual-MiniLM-L12-v2,obs_zero_en,neutron current measurement synchronized zero-value dropout across channels,observation_derived,en,15,8,28,0.6168930530548096,0.5900478363037109,0.5,1
sentence-transformers/paraphrase-multilingual-MiniLM-L12-v2,obs_zero_en,neutron current measurement synchronized zero-value dropout across channels,observation_derived,en,15,9,28,0.628751277923584,0.6058210730552673,0.4,3
sentence-transformers/paraphrase-multilingual-MiniLM-L12-v2,obs_zero_en,neutron current measurement synchronized zero-value dropout across channels,observation_derived,en,20,0,33,0.628751277923584,0.6020306348800659,0.5,3
sentence-transformers/paraphrase-multilingual-MiniLM-L12-v2,obs_zero_en,neutron current measurement synchronized zero-value dropout across channels,observation_derived,en,20,1,33,0.631607711315155,0.6135051250457764,0.3,4
sentence-transformers/paraphrase-multilingual-MiniLM-L12-v2,obs_zero_en,neutron current measurement synchronized zero-value dropout across channels,observation_derived,en,20,2,33,0.631607711315155,0.6080601215362549,0.3,2
sentence-transformers/paraphrase-multilingual-MiniLM-L12-v2,obs_zero_en,neutron current measurement synchronized zero-value dropout across channels,observation_derived,en,20,3,33,0.628751277923584,0.6020306348800659,0.5,3
sentence-transformers/paraphrase-multilingual-MiniLM-L12-v2,obs_zero_en,neutron current measurement synchronized zero-value dropout across channels,observation_derived,en,20,4,33,0.628751277923584,0.6083204746246338,0.3,3
sentence-transformers/paraphrase-multilingual-MiniLM-L12-v2,obs_zero_en,neutron current measurement synchronized zero-value dropout across channels,observation_derived,en,20,5,33,0.631607711315155,0.6038752794265747,0.4,2
sentence-transformers/paraphrase-multilingual-MiniLM-L12-v2,obs_zero_en,neutron current measurement synchronized zero-value dropout across channels,observation_derived,en,20,6,33,0.628751277923584,0.6045291423797607,0.4,3
sentence-transformers/paraphrase-multilingual-MiniLM-L12-v2,obs_zero_en,neutron current measurement synchronized zero-value dropout across channels,observation_derived,en,20,7,33,0.631607711315155,0.6081287860870361,0.3,2
sentence-transformers/paraphrase-multilingual-MiniLM-L12-v2,obs_zero_en,neutron current measurement synchronized zero-value dropout across channels,observation_derived,en,20,8,33,0.631607711315155,0.6077181100845337,0.4,2
sentence-transformers/paraphrase-multilingual-MiniLM-L12-v2,obs_zero_en,neutron current measurement synchronized zero-value dropout across channels,observation_derived,en,20,9,33,0.631607711315155,0.6051304936408997,0.4,2
sentence-transformers/paraphrase-multilingual-MiniLM-L12-v2,obs_zero_en,neutron current measurement synchronized zero-value dropout across channels,observation_derived,en,25,0,38,0.631607711315155,0.6057612895965576,0.4,2
sentence-transformers/paraphrase-multilingual-MiniLM-L12-v2,obs_zero_en,neutron current measurement synchronized zero-value dropout across channels,observation_derived,en,25,1,38,0.631607711315155,0.6127349138259888,0.3,4
sentence-transformers/paraphrase-multilingual-MiniLM-L12-v2,obs_zero_en,neutron current measurement synchronized zero-value dropout across channels,observation_derived,en,25,2,38,0.631607711315155,0.6057953834533691,0.4,2
sentence-transformers/paraphrase-multilingual-MiniLM-L12-v2,obs_zero_en,neutron current measurement synchronized zero-value dropout across channels,observation_derived,en,25,3,38,0.631607711315155,0.6124110817909241,0.3,4
sentence-transformers/paraphrase-multilingual-MiniLM-L12-v2,obs_zero_en,neutron current measurement synchronized zero-value dropout across channels,observation_derived,en,25,4,38,0.628751277923584,0.6083204746246338,0.3,3
sentence-transformers/paraphrase-multilingual-MiniLM-L12-v2,obs_zero_en,neutron current measurement synchronized zero-value dropout across channels,observation_derived,en,25,5,38,0.6168930530548096,0.5991007089614868,0.5,1
sentence-transformers/paraphrase-multilingual-MiniLM-L12-v2,obs_zero_en,neutron current measurement synchronized zero-value dropout across channels,observation_derived,en,25,6,38,0.631607711315155,0.60042405128479,0.5,2
sentence-transformers/paraphrase-multilingual-MiniLM-L12-v2,obs_zero_en,neutron current measurement synchronized zero-value dropout across channels,observation_derived,en,25,7,38,0.628751277923584,0.6079784631729126,0.4,3
sentence-transformers/paraphrase-multilingual-MiniLM-L12-v2,obs_zero_en,neutron current measurement synchronized zero-value dropout across channels,observation_derived,en,25,8,38,0.628751277923584,0.6020306348800659,0.5,3
sentence-transformers/paraphrase-multilingual-MiniLM-L12-v2,obs_zero_en,neutron current measurement synchronized zero-value dropout across channels,observation_derived,en,25,9,38,0.631607711315155,0.6144864559173584,0.3,4
sentence-transformers/paraphrase-multilingual-MiniLM-L12-v2,obs_zero_en,neutron current measurement synchronized zero-value dropout across channels,observation_derived,en,30,0,43,0.631607711315155,0.6127349138259888,0.3,4
sentence-transformers/paraphrase-multilingual-MiniLM-L12-v2,obs_zero_en,neutron current measurement synchronized zero-value dropout across channels,observation_derived,en,30,1,43,0.631607711315155,0.6058299541473389,0.4,2
sentence-transformers/paraphrase-multilingual-MiniLM-L12-v2,obs_zero_en,neutron current measurement synchronized zero-value dropout across channels,observation_derived,en,30,2,43,0.628751277923584,0.6039875149726868,0.5,3
sentence-transformers/paraphrase-multilingual-MiniLM-L12-v2,obs_zero_en,neutron current measurement synchronized zero-value dropout across channels,observation_derived,en,30,3,43,0.631607711315155,0.6123424172401428,0.3,4
sentence-transformers/paraphrase-multilingual-MiniLM-L12-v2,obs_zero_en,neutron current measurement synchronized zero-value dropout across channels,observation_derived,en,30,4,43,0.631607711315155,0.6093153357505798,0.3,2
sentence-transformers/paraphrase-multilingual-MiniLM-L12-v2,obs_zero_en,neutron current measurement synchronized zero-value dropout across channels,observation_derived,en,30,5,43,0.631607711315155,0.6133667826652527,0.3,4
sentence-transformers/paraphrase-multilingual-MiniLM-L12-v2,obs_zero_en,neutron current measurement synchronized zero-value dropout across channels,observation_derived,en,30,6,43,0.631607711315155,0.6134684085845947,0.3,4
sentence-transformers/paraphrase-multilingual-MiniLM-L12-v2,obs_zero_en,neutron current measurement synchronized zero-value dropout across channels,observation_derived,en,30,7,43,0.6168930530548096,0.5912456512451172,0.6,1
sentence-transformers/paraphrase-multilingual-MiniLM-L12-v2,obs_zero_en,neutron current measurement synchronized zero-value dropout across channels,observation_derived,en,30,8,43,0.631607711315155,0.61280357837677,0.3,4
sentence-transformers/paraphrase-multilingual-MiniLM-L12-v2,obs_zero_en,neutron current measurement synchronized zero-value dropout across channels,observation_derived,en,30,9,43,0.6168930530548096,0.5981685519218445,0.5,1
sentence-transformers/paraphrase-multilingual-MiniLM-L12-v2,obs_zero_en,neutron current measurement synchronized zero-value dropout across channels,observation_derived,en,35,0,48,0.6168930530548096,0.6022583842277527,0.4,1
sentence-transformers/paraphrase-multilingual-MiniLM-L12-v2,obs_zero_en,neutron current measurement synchronized zero-value dropout across channels,observation_derived,en,35,1,48,0.628751277923584,0.6102086305618286,0.3,3
sentence-transformers/paraphrase-multilingual-MiniLM-L12-v2,obs_zero_en,neutron current measurement synchronized zero-value dropout across channels,observation_derived,en,35,2,48,0.631607711315155,0.6093153357505798,0.3,2
sentence-transformers/paraphrase-multilingual-MiniLM-L12-v2,obs_zero_en,neutron current measurement synchronized zero-value dropout across channels,observation_derived,en,35,3,48,0.631607711315155,0.614068329334259,0.3,4
sentence-transformers/paraphrase-multilingual-MiniLM-L12-v2,obs_zero_en,neutron current measurement synchronized zero-value dropout across channels,observation_derived,en,35,4,48,0.6168930530548096,0.6017937660217285,0.5,1
sentence-transformers/paraphrase-multilingual-MiniLM-L12-v2,obs_zero_en,neutron current measurement synchronized zero-value dropout across channels,observation_derived,en,35,5,48,0.631607711315155,0.6135051250457764,0.3,4
sentence-transformers/paraphrase-multilingual-MiniLM-L12-v2,obs_zero_en,neutron current measurement synchronized zero-value dropout across channels,observation_derived,en,35,6,48,0.6168930530548096,0.5969614386558533,0.5,1
sentence-transformers/paraphrase-multilingual-MiniLM-L12-v2,obs_zero_en,neutron current measurement synchronized zero-value dropout across channels,observation_derived,en,35,7,48,0.631607711315155,0.6064948439598083,0.4,2
sentence-transformers/paraphrase-multilingual-MiniLM-L12-v2,obs_zero_en,neutron current measurement synchronized zero-value dropout across channels,observation_derived,en,35,8,48,0.631607711315155,0.6081287860870361,0.3,2
sentence-transformers/paraphrase-multilingual-MiniLM-L12-v2,obs_zero_en,neutron current measurement synchronized zero-value dropout across channels,observation_derived,en,35,9,48,0.631607711315155,0.6077867746353149,0.4,2
sentence-transformers/paraphrase-multilingual-MiniLM-L12-v2,obs_zero_en,neutron current measurement synchronized zero-value dropout across channels,observation_derived,en,40,0,53,0.631607711315155,0.6133667826652527,0.3,4
sentence-transformers/paraphrase-multilingual-MiniLM-L12-v2,obs_zero_en,neutron current measurement synchronized zero-value dropout across channels,observation_derived,en,40,1,53,0.631607711315155,0.6124110817909241,0.3,4
sentence-transformers/paraphrase-multilingual-MiniLM-L12-v2,obs_zero_en,neutron current measurement synchronized zero-value dropout across channels,observation_derived,en,40,2,53,0.631607711315155,0.6144864559173584,0.3,4
sentence-transformers/paraphrase-multilingual-MiniLM-L12-v2,obs_zero_en,neutron current measurement synchronized zero-value dropout across channels,observation_derived,en,40,3,53,0.631607711315155,0.6081287860870361,0.3,2
sentence-transformers/paraphrase-multilingual-MiniLM-L12-v2,obs_zero_en,neutron current measurement synchronized zero-value dropout across channels,observation_derived,en,40,4,53,0.628751277923584,0.6113346219062805,0.3,3
sentence-transformers/paraphrase-multilingual-MiniLM-L12-v2,obs_zero_en,neutron current measurement synchronized zero-value dropout across channels,observation_derived,en,40,5,53,0.631607711315155,0.6081287860870361,0.3,2
sentence-transformers/paraphrase-multilingual-MiniLM-L12-v2,obs_zero_en,neutron current measurement synchronized zero-value dropout across channels,observation_derived,en,40,6,53,0.628751277923584,0.6113346219062805,0.3,3
sentence-transformers/paraphrase-multilingual-MiniLM-L12-v2,obs_zero_en,neutron current measurement synchronized zero-value dropout across channels,observation_derived,en,40,7,53,0.631607711315155,0.6064948439598083,0.4,2
sentence-transformers/paraphrase-multilingual-MiniLM-L12-v2,obs_zero_en,neutron current measurement synchronized zero-value dropout across channels,observation_derived,en,40,8,53,0.631607711315155,0.6141370534896851,0.3,4
sentence-transformers/paraphrase-multilingual-MiniLM-L12-v2,obs_zero_en,neutron current measurement synchronized zero-value dropout across channels,observation_derived,en,40,9,53,0.628751277923584,0.6113346219062805,0.3,3
sentence-transformers/paraphrase-multilingual-MiniLM-L12-v2,obs_zero_en,neutron current measurement synchronized zero-value dropout across channels,observation_derived,en,45,0,58,0.631607711315155,0.6133667826652527,0.3,4
sentence-transformers/paraphrase-multilingual-MiniLM-L12-v2,obs_zero_en,neutron current measurement synchronized zero-value dropout across channels,observation_derived,en,45,1,58,0.631607711315155,0.614068329334259,0.3,4
sentence-transformers/paraphrase-multilingual-MiniLM-L12-v2,obs_zero_en,neutron current measurement synchronized zero-value dropout across channels,observation_derived,en,45,2,58,0.631607711315155,0.6141370534896851,0.3,4
sentence-transformers/paraphrase-multilingual-MiniLM-L12-v2,obs_zero_en,neutron current measurement synchronized zero-value dropout across channels,observation_derived,en,45,3,58,0.631607711315155,0.6144864559173584,0.3,4
sentence-transformers/paraphrase-multilingual-MiniLM-L12-v2,obs_zero_en,neutron current measurement synchronized zero-value dropout across channels,observation_derived,en,45,4,58,0.631607711315155,0.61280357837677,0.3,4
sentence-transformers/paraphrase-multilingual-MiniLM-L12-v2,obs_zero_en,neutron current measurement synchronized zero-value dropout across channels,observation_derived,en,45,5,58,0.631607711315155,0.6134684085845947,0.3,4
sentence-transformers/paraphrase-multilingual-MiniLM-L12-v2,obs_zero_en,neutron current measurement synchronized zero-value dropout across channels,observation_derived,en,45,6,58,0.631607711315155,0.6144864559173584,0.3,4
sentence-transformers/paraphrase-multilingual-MiniLM-L12-v2,obs_zero_en,neutron current measurement synchronized zero-value dropout across channels,observation_derived,en,45,7,58,0.631607711315155,0.6144864559173584,0.3,4
sentence-transformers/paraphrase-multilingual-MiniLM-L12-v2,obs_zero_en,neutron current measurement synchronized zero-value dropout across channels,observation_derived,en,45,8,58,0.631607711315155,0.6144864559173584,0.3,4
sentence-transformers/paraphrase-multilingual-MiniLM-L12-v2,obs_zero_en,neutron current measurement synchronized zero-value dropout across channels,observation_derived,en,45,9,58,0.631607711315155,0.6144864559173584,0.3,4
sentence-transformers/paraphrase-multilingual-MiniLM-L12-v2,obs_zero_en,neutron current measurement synchronized zero-value dropout across channels,observation_derived,en,50,0,63,0.631607711315155,0.6141370534896851,0.3,4
sentence-transformers/paraphrase-multilingual-MiniLM-L12-v2,obs_zero_en,neutron current measurement synchronized zero-value dropout across channels,observation_derived,en,50,1,63,0.631607711315155,0.6144864559173584,0.3,4
sentence-transformers/paraphrase-multilingual-MiniLM-L12-v2,obs_zero_en,neutron current measurement synchronized zero-value dropout across channels,observation_derived,en,50,2,63,0.631607711315155,0.6144864559173584,0.3,4
sentence-transformers/paraphrase-multilingual-MiniLM-L12-v2,obs_zero_en,neutron current measurement synchronized zero-value dropout across channels,observation_derived,en,50,3,63,0.631607711315155,0.6144864559173584,0.3,4
sentence-transformers/paraphrase-multilingual-MiniLM-L12-v2,obs_zero_en,neutron current measurement synchronized zero-value dropout across channels,observation_derived,en,50,4,63,0.631607711315155,0.6144864559173584,0.3,4
sentence-transformers/paraphrase-multilingual-MiniLM-L12-v2,obs_zero_en,neutron current measurement synchronized zero-value dropout across channels,observation_derived,en,50,5,63,0.631607711315155,0.6144864559173584,0.3,4
sentence-transformers/paraphrase-multilingual-MiniLM-L12-v2,obs_zero_en,neutron current measurement synchronized zero-value dropout across channels,observation_derived,en,50,6,63,0.631607711315155,0.6144864559173584,0.3,4
sentence-transformers/paraphrase-multilingual-MiniLM-L12-v2,obs_zero_en,neutron current measurement synchronized zero-value dropout across channels,observation_derived,en,50,7,63,0.631607711315155,0.6144864559173584,0.3,4
sentence-transformers/paraphrase-multilingual-MiniLM-L12-v2,obs_zero_en,neutron current measurement synchronized zero-value dropout across channels,observation_derived,en,50,8,63,0.631607711315155,0.6144864559173584,0.3,4
sentence-transformers/paraphrase-multilingual-MiniLM-L12-v2,obs_zero_en,neutron current measurement synchronized zero-value dropout across channels,observation_derived,en,50,9,63,0.631607711315155,0.6144864559173584,0.3,4
sentence-transformers/paraphrase-multilingual-MiniLM-L12-v2,obs_zero_en,neutron current measurement synchronized zero-value dropout across channels,observation_derived,en,51,0,64,0.631607711315155,0.6144864559173584,0.3,4
sentence-transformers/paraphrase-multilingual-MiniLM-L12-v2,obs_zero_en,neutron current measurement synchronized zero-value dropout across channels,observation_derived,en,51,1,64,0.631607711315155,0.6144864559173584,0.3,4
sentence-transformers/paraphrase-multilingual-MiniLM-L12-v2,obs_zero_en,neutron current measurement synchronized zero-value dropout across channels,observation_derived,en,51,2,64,0.631607711315155,0.6144864559173584,0.3,4
sentence-transformers/paraphrase-multilingual-MiniLM-L12-v2,obs_zero_en,neutron current measurement synchronized zero-value dropout across channels,observation_derived,en,51,3,64,0.631607711315155,0.6144864559173584,0.3,4
sentence-transformers/paraphrase-multilingual-MiniLM-L12-v2,obs_zero_en,neutron current measurement synchronized zero-value dropout across channels,observation_derived,en,51,4,64,0.631607711315155,0.6144864559173584,0.3,4
sentence-transformers/paraphrase-multilingual-MiniLM-L12-v2,obs_zero_en,neutron current measurement synchronized zero-value dropout across channels,observation_derived,en,51,5,64,0.631607711315155,0.6144864559173584,0.3,4
sentence-transformers/paraphrase-multilingual-MiniLM-L12-v2,obs_zero_en,neutron current measurement synchronized zero-value dropout across channels,observation_derived,en,51,6,64,0.631607711315155,0.6144864559173584,0.3,4
sentence-transformers/paraphrase-multilingual-MiniLM-L12-v2,obs_zero_en,neutron current measurement synchronized zero-value dropout across channels,observation_derived,en,51,7,64,0.631607711315155,0.6144864559173584,0.3,4
sentence-transformers/paraphrase-multilingual-MiniLM-L12-v2,obs_zero_en,neutron current measurement synchronized zero-value dropout across channels,observation_derived,en,51,8,64,0.631607711315155,0.6144864559173584,0.3,4
sentence-transformers/paraphrase-multilingual-MiniLM-L12-v2,obs_zero_en,neutron current measurement synchronized zero-value dropout across channels,observation_derived,en,51,9,64,0.631607711315155,0.6144864559173584,0.3,4
sentence-transformers/paraphrase-multilingual-MiniLM-L12-v2,obs_zero_zh,中子电流测量跨通道同步零值闪断,observation_derived,zh,0,0,13,0.5899688601493835,0.541336715221405,1.0,1
sentence-transformers/paraphrase-multilingual-MiniLM-L12-v2,obs_zero_zh,中子电流测量跨通道同步零值闪断,observation_derived,zh,5,0,18,0.5899688601493835,0.5554635524749756,0.5,1
sentence-transformers/paraphrase-multilingual-MiniLM-L12-v2,obs_zero_zh,中子电流测量跨通道同步零值闪断,observation_derived,zh,5,1,18,0.5899688601493835,0.5647855997085571,0.4,1
sentence-transformers/paraphrase-multilingual-MiniLM-L12-v2,obs_zero_zh,中子电流测量跨通道同步零值闪断,observation_derived,zh,5,2,18,0.5899688601493835,0.5537793636322021,0.6,1
sentence-transformers/paraphrase-multilingual-MiniLM-L12-v2,obs_zero_zh,中子电流测量跨通道同步零值闪断,observation_derived,zh,5,3,18,0.5899688601493835,0.5482780337333679,0.7,1
sentence-transformers/paraphrase-multilingual-MiniLM-L12-v2,obs_zero_zh,中子电流测量跨通道同步零值闪断,observation_derived,zh,5,4,18,0.5899688601493835,0.5494008660316467,0.8,1
sentence-transformers/paraphrase-multilingual-MiniLM-L12-v2,obs_zero_zh,中子电流测量跨通道同步零值闪断,observation_derived,zh,5,5,18,0.5899688601493835,0.5653144121170044,0.5,1
sentence-transformers/paraphrase-multilingual-MiniLM-L12-v2,obs_zero_zh,中子电流测量跨通道同步零值闪断,observation_derived,zh,5,6,18,0.5899688601493835,0.5602830052375793,0.5,1
sentence-transformers/paraphrase-multilingual-MiniLM-L12-v2,obs_zero_zh,中子电流测量跨通道同步零值闪断,observation_derived,zh,5,7,18,0.5899688601493835,0.5481201410293579,0.7,1
sentence-transformers/paraphrase-multilingual-MiniLM-L12-v2,obs_zero_zh,中子电流测量跨通道同步零值闪断,observation_derived,zh,5,8,18,0.5899688601493835,0.5457554459571838,0.9,1
sentence-transformers/paraphrase-multilingual-MiniLM-L12-v2,obs_zero_zh,中子电流测量跨通道同步零值闪断,observation_derived,zh,5,9,18,0.5899688601493835,0.5561290383338928,0.5,1
sentence-transformers/paraphrase-multilingual-MiniLM-L12-v2,obs_zero_zh,中子电流测量跨通道同步零值闪断,observation_derived,zh,10,0,23,0.5899688601493835,0.5522114634513855,0.5,1
sentence-transformers/paraphrase-multilingual-MiniLM-L12-v2,obs_zero_zh,中子电流测量跨通道同步零值闪断,observation_derived,zh,10,1,23,0.6035357117652893,0.5657867193222046,0.5,2
sentence-transformers/paraphrase-multilingual-MiniLM-L12-v2,obs_zero_zh,中子电流测量跨通道同步零值闪断,observation_derived,zh,10,2,23,0.5899688601493835,0.5478757619857788,0.7,1
sentence-transformers/paraphrase-multilingual-MiniLM-L12-v2,obs_zero_zh,中子电流测量跨通道同步零值闪断,observation_derived,zh,10,3,23,0.6085914373397827,0.5787867307662964,0.3,3
sentence-transformers/paraphrase-multilingual-MiniLM-L12-v2,obs_zero_zh,中子电流测量跨通道同步零值闪断,observation_derived,zh,10,4,23,0.5899688601493835,0.5538341999053955,0.5,1
sentence-transformers/paraphrase-multilingual-MiniLM-L12-v2,obs_zero_zh,中子电流测量跨通道同步零值闪断,observation_derived,zh,10,5,23,0.5899688601493835,0.5692291259765625,0.4,1
sentence-transformers/paraphrase-multilingual-MiniLM-L12-v2,obs_zero_zh,中子电流测量跨通道同步零值闪断,observation_derived,zh,10,6,23,0.6085914373397827,0.5707998275756836,0.4,3
sentence-transformers/paraphrase-multilingual-MiniLM-L12-v2,obs_zero_zh,中子电流测量跨通道同步零值闪断,observation_derived,zh,10,7,23,0.5899688601493835,0.5504459142684937,0.6,1
sentence-transformers/paraphrase-multilingual-MiniLM-L12-v2,obs_zero_zh,中子电流测量跨通道同步零值闪断,observation_derived,zh,10,8,23,0.6085914373397827,0.5748807191848755,0.4,3
sentence-transformers/paraphrase-multilingual-MiniLM-L12-v2,obs_zero_zh,中子电流测量跨通道同步零值闪断,observation_derived,zh,10,9,23,0.5899688601493835,0.5702060461044312,0.3,1
sentence-transformers/paraphrase-multilingual-MiniLM-L12-v2,obs_zero_zh,中子电流测量跨通道同步零值闪断,observation_derived,zh,15,0,28,0.5899688601493835,0.5547587871551514,0.5,1
sentence-transformers/paraphrase-multilingual-MiniLM-L12-v2,obs_zero_zh,中子电流测量跨通道同步零值闪断,observation_derived,zh,15,1,28,0.5899688601493835,0.5615864992141724,0.5,1
sentence-transformers/paraphrase-multilingual-MiniLM-L12-v2,obs_zero_zh,中子电流测量跨通道同步零值闪断,observation_derived,zh,15,2,28,0.5899688601493835,0.5726423263549805,0.3,1
sentence-transformers/paraphrase-multilingual-MiniLM-L12-v2,obs_zero_zh,中子电流测量跨通道同步零值闪断,observation_derived,zh,15,3,28,0.5899688601493835,0.555438220500946,0.5,1
sentence-transformers/paraphrase-multilingual-MiniLM-L12-v2,obs_zero_zh,中子电流测量跨通道同步零值闪断,observation_derived,zh,15,4,28,0.6035357117652893,0.5731275677680969,0.3,2
sentence-transformers/paraphrase-multilingual-MiniLM-L12-v2,obs_zero_zh,中子电流测量跨通道同步零值闪断,observation_derived,zh,15,5,28,0.6035357117652893,0.5719584226608276,0.3,2
sentence-transformers/paraphrase-multilingual-MiniLM-L12-v2,obs_zero_zh,中子电流测量跨通道同步零值闪断,observation_derived,zh,15,6,28,0.6035357117652893,0.5677546262741089,0.4,2
sentence-transformers/paraphrase-multilingual-MiniLM-L12-v2,obs_zero_zh,中子电流测量跨通道同步零值闪断,observation_derived,zh,15,7,28,0.5899688601493835,0.5632756948471069,0.4,1
sentence-transformers/paraphrase-multilingual-MiniLM-L12-v2,obs_zero_zh,中子电流测量跨通道同步零值闪断,observation_derived,zh,15,8,28,0.5899688601493835,0.5633786916732788,0.4,1
sentence-transformers/paraphrase-multilingual-MiniLM-L12-v2,obs_zero_zh,中子电流测量跨通道同步零值闪断,observation_derived,zh,15,9,28,0.6085914373397827,0.5760194659233093,0.3,3
sentence-transformers/paraphrase-multilingual-MiniLM-L12-v2,obs_zero_zh,中子电流测量跨通道同步零值闪断,observation_derived,zh,20,0,33,0.6085914373397827,0.581470787525177,0.3,4
sentence-transformers/paraphrase-multilingual-MiniLM-L12-v2,obs_zero_zh,中子电流测量跨通道同步零值闪断,observation_derived,zh,20,1,33,0.6085914373397827,0.5839843153953552,0.3,4
sentence-transformers/paraphrase-multilingual-MiniLM-L12-v2,obs_zero_zh,中子电流测量跨通道同步零值闪断,observation_derived,zh,20,2,33,0.6035357117652893,0.5738843679428101,0.4,2
sentence-transformers/paraphrase-multilingual-MiniLM-L12-v2,obs_zero_zh,中子电流测量跨通道同步零值闪断,observation_derived,zh,20,3,33,0.6085914373397827,0.5852910280227661,0.3,4
sentence-transformers/paraphrase-multilingual-MiniLM-L12-v2,obs_zero_zh,中子电流测量跨通道同步零值闪断,observation_derived,zh,20,4,33,0.6035357117652893,0.5719584226608276,0.3,2
sentence-transformers/paraphrase-multilingual-MiniLM-L12-v2,obs_zero_zh,中子电流测量跨通道同步零值闪断,observation_derived,zh,20,5,33,0.5899688601493835,0.5684823393821716,0.3,1
sentence-transformers/paraphrase-multilingual-MiniLM-L12-v2,obs_zero_zh,中子电流测量跨通道同步零值闪断,observation_derived,zh,20,6,33,0.5899688601493835,0.5719112157821655,0.3,1
sentence-transformers/paraphrase-multilingual-MiniLM-L12-v2,obs_zero_zh,中子电流测量跨通道同步零值闪断,observation_derived,zh,20,7,33,0.5899688601493835,0.561890721321106,0.4,1
sentence-transformers/paraphrase-multilingual-MiniLM-L12-v2,obs_zero_zh,中子电流测量跨通道同步零值闪断,observation_derived,zh,20,8,33,0.6085914373397827,0.5727921724319458,0.3,3
sentence-transformers/paraphrase-multilingual-MiniLM-L12-v2,obs_zero_zh,中子电流测量跨通道同步零值闪断,observation_derived,zh,20,9,33,0.5899688601493835,0.5705841183662415,0.3,1
sentence-transformers/paraphrase-multilingual-MiniLM-L12-v2,obs_zero_zh,中子电流测量跨通道同步零值闪断,observation_derived,zh,25,0,38,0.6085914373397827,0.5719154477119446,0.4,3
sentence-transformers/paraphrase-multilingual-MiniLM-L12-v2,obs_zero_zh,中子电流测量跨通道同步零值闪断,observation_derived,zh,25,1,38,0.6085914373397827,0.5812699198722839,0.3,3
sentence-transformers/paraphrase-multilingual-MiniLM-L12-v2,obs_zero_zh,中子电流测量跨通道同步零值闪断,observation_derived,zh,25,2,38,0.5899688601493835,0.5688604116439819,0.3,1
sentence-transformers/paraphrase-multilingual-MiniLM-L12-v2,obs_zero_zh,中子电流测量跨通道同步零值闪断,observation_derived,zh,25,3,38,0.6085914373397827,0.5800031423568726,0.3,4
sentence-transformers/paraphrase-multilingual-MiniLM-L12-v2,obs_zero_zh,中子电流测量跨通道同步零值闪断,observation_derived,zh,25,4,38,0.6085914373397827,0.5804980397224426,0.3,4
sentence-transformers/paraphrase-multilingual-MiniLM-L12-v2,obs_zero_zh,中子电流测量跨通道同步零值闪断,observation_derived,zh,25,5,38,0.6085914373397827,0.585388720035553,0.2,4
sentence-transformers/paraphrase-multilingual-MiniLM-L12-v2,obs_zero_zh,中子电流测量跨通道同步零值闪断,observation_derived,zh,25,6,38,0.5899688601493835,0.5719112157821655,0.3,1
sentence-transformers/paraphrase-multilingual-MiniLM-L12-v2,obs_zero_zh,中子电流测量跨通道同步零值闪断,observation_derived,zh,25,7,38,0.6085914373397827,0.5833203196525574,0.3,4
sentence-transformers/paraphrase-multilingual-MiniLM-L12-v2,obs_zero_zh,中子电流测量跨通道同步零值闪断,observation_derived,zh,25,8,38,0.6085914373397827,0.5852910280227661,0.3,4
sentence-transformers/paraphrase-multilingual-MiniLM-L12-v2,obs_zero_zh,中子电流测量跨通道同步零值闪断,observation_derived,zh,25,9,38,0.5899688601493835,0.5658713579177856,0.4,1
sentence-transformers/paraphrase-multilingual-MiniLM-L12-v2,obs_zero_zh,中子电流测量跨通道同步零值闪断,observation_derived,zh,30,0,43,0.6085914373397827,0.5804980397224426,0.3,4
sentence-transformers/paraphrase-multilingual-MiniLM-L12-v2,obs_zero_zh,中子电流测量跨通道同步零值闪断,observation_derived,zh,30,1,43,0.6085914373397827,0.5735111236572266,0.3,3
sentence-transformers/paraphrase-multilingual-MiniLM-L12-v2,obs_zero_zh,中子电流测量跨通道同步零值闪断,observation_derived,zh,30,2,43,0.6085914373397827,0.581470787525177,0.3,4
sentence-transformers/paraphrase-multilingual-MiniLM-L12-v2,obs_zero_zh,中子电流测量跨通道同步零值闪断,observation_derived,zh,30,3,43,0.6035357117652893,0.5804125070571899,0.3,2
sentence-transformers/paraphrase-multilingual-MiniLM-L12-v2,obs_zero_zh,中子电流测量跨通道同步零值闪断,observation_derived,zh,30,4,43,0.6035357117652893,0.5804125070571899,0.3,2
sentence-transformers/paraphrase-multilingual-MiniLM-L12-v2,obs_zero_zh,中子电流测量跨通道同步零值闪断,observation_derived,zh,30,5,43,0.6085914373397827,0.5874913930892944,0.2,4
sentence-transformers/paraphrase-multilingual-MiniLM-L12-v2,obs_zero_zh,中子电流测量跨通道同步零值闪断,observation_derived,zh,30,6,43,0.6035357117652893,0.5737675428390503,0.4,2
sentence-transformers/paraphrase-multilingual-MiniLM-L12-v2,obs_zero_zh,中子电流测量跨通道同步零值闪断,observation_derived,zh,30,7,43,0.6035357117652893,0.5760207176208496,0.3,2
sentence-transformers/paraphrase-multilingual-MiniLM-L12-v2,obs_zero_zh,中子电流测量跨通道同步零值闪断,observation_derived,zh,30,8,43,0.6035357117652893,0.5688517093658447,0.4,2
sentence-transformers/paraphrase-multilingual-MiniLM-L12-v2,obs_zero_zh,中子电流测量跨通道同步零值闪断,observation_derived,zh,30,9,43,0.5899688601493835,0.5741735100746155,0.3,1
sentence-transformers/paraphrase-multilingual-MiniLM-L12-v2,obs_zero_zh,中子电流测量跨通道同步零值闪断,observation_derived,zh,35,0,48,0.6035357117652893,0.5804125070571899,0.3,2
sentence-transformers/paraphrase-multilingual-MiniLM-L12-v2,obs_zero_zh,中子电流测量跨通道同步零值闪断,observation_derived,zh,35,1,48,0.5899688601493835,0.5703220963478088,0.3,1
sentence-transformers/paraphrase-multilingual-MiniLM-L12-v2,obs_zero_zh,中子电流测量跨通道同步零值闪断,observation_derived,zh,35,2,48,0.6035357117652893,0.5804125070571899,0.3,2
sentence-transformers/paraphrase-multilingual-MiniLM-L12-v2,obs_zero_zh,中子电流测量跨通道同步零值闪断,observation_derived,zh,35,3,48,0.6085914373397827,0.5792046189308167,0.3,3
sentence-transformers/paraphrase-multilingual-MiniLM-L12-v2,obs_zero_zh,中子电流测量跨通道同步零值闪断,observation_derived,zh,35,4,48,0.6035357117652893,0.5760207176208496,0.3,2
sentence-transformers/paraphrase-multilingual-MiniLM-L12-v2,obs_zero_zh,中子电流测量跨通道同步零值闪断,observation_derived,zh,35,5,48,0.6085914373397827,0.5874913930892944,0.2,4
sentence-transformers/paraphrase-multilingual-MiniLM-L12-v2,obs_zero_zh,中子电流测量跨通道同步零值闪断,observation_derived,zh,35,6,48,0.6085914373397827,0.5839843153953552,0.3,4
sentence-transformers/paraphrase-multilingual-MiniLM-L12-v2,obs_zero_zh,中子电流测量跨通道同步零值闪断,observation_derived,zh,35,7,48,0.6035357117652893,0.5781875848770142,0.3,2
sentence-transformers/paraphrase-multilingual-MiniLM-L12-v2,obs_zero_zh,中子电流测量跨通道同步零值闪断,observation_derived,zh,35,8,48,0.6035357117652893,0.5804125070571899,0.3,2
sentence-transformers/paraphrase-multilingual-MiniLM-L12-v2,obs_zero_zh,中子电流测量跨通道同步零值闪断,observation_derived,zh,35,9,48,0.6085914373397827,0.5874913930892944,0.2,4
sentence-transformers/paraphrase-multilingual-MiniLM-L12-v2,obs_zero_zh,中子电流测量跨通道同步零值闪断,observation_derived,zh,40,0,53,0.6085914373397827,0.5874913930892944,0.2,4
sentence-transformers/paraphrase-multilingual-MiniLM-L12-v2,obs_zero_zh,中子电流测量跨通道同步零值闪断,observation_derived,zh,40,1,53,0.6035357117652893,0.5804125070571899,0.3,2
sentence-transformers/paraphrase-multilingual-MiniLM-L12-v2,obs_zero_zh,中子电流测量跨通道同步零值闪断,observation_derived,zh,40,2,53,0.6085914373397827,0.5874913930892944,0.2,4
sentence-transformers/paraphrase-multilingual-MiniLM-L12-v2,obs_zero_zh,中子电流测量跨通道同步零值闪断,observation_derived,zh,40,3,53,0.6035357117652893,0.5764448046684265,0.3,2
sentence-transformers/paraphrase-multilingual-MiniLM-L12-v2,obs_zero_zh,中子电流测量跨通道同步零值闪断,observation_derived,zh,40,4,53,0.6085914373397827,0.5774871110916138,0.3,3
sentence-transformers/paraphrase-multilingual-MiniLM-L12-v2,obs_zero_zh,中子电流测量跨通道同步零值闪断,observation_derived,zh,40,5,53,0.5899688601493835,0.5719112157821655,0.3,1
sentence-transformers/paraphrase-multilingual-MiniLM-L12-v2,obs_zero_zh,中子电流测量跨通道同步零值闪断,observation_derived,zh,40,6,53,0.6085914373397827,0.5814296007156372,0.3,3
sentence-transformers/paraphrase-multilingual-MiniLM-L12-v2,obs_zero_zh,中子电流测量跨通道同步零值闪断,observation_derived,zh,40,7,53,0.6085914373397827,0.5874913930892944,0.2,4
sentence-transformers/paraphrase-multilingual-MiniLM-L12-v2,obs_zero_zh,中子电流测量跨通道同步零值闪断,observation_derived,zh,40,8,53,0.6085914373397827,0.5813072919845581,0.3,3
sentence-transformers/paraphrase-multilingual-MiniLM-L12-v2,obs_zero_zh,中子电流测量跨通道同步零值闪断,observation_derived,zh,40,9,53,0.6085914373397827,0.5874913930892944,0.2,4
sentence-transformers/paraphrase-multilingual-MiniLM-L12-v2,obs_zero_zh,中子电流测量跨通道同步零值闪断,observation_derived,zh,45,0,58,0.6085914373397827,0.5874913930892944,0.2,4
sentence-transformers/paraphrase-multilingual-MiniLM-L12-v2,obs_zero_zh,中子电流测量跨通道同步零值闪断,observation_derived,zh,45,1,58,0.6085914373397827,0.5874913930892944,0.2,4
sentence-transformers/paraphrase-multilingual-MiniLM-L12-v2,obs_zero_zh,中子电流测量跨通道同步零值闪断,observation_derived,zh,45,2,58,0.6085914373397827,0.5874913930892944,0.2,4
sentence-transformers/paraphrase-multilingual-MiniLM-L12-v2,obs_zero_zh,中子电流测量跨通道同步零值闪断,observation_derived,zh,45,3,58,0.6085914373397827,0.5874913930892944,0.2,4
sentence-transformers/paraphrase-multilingual-MiniLM-L12-v2,obs_zero_zh,中子电流测量跨通道同步零值闪断,observation_derived,zh,45,4,58,0.6085914373397827,0.5874913930892944,0.2,4
sentence-transformers/paraphrase-multilingual-MiniLM-L12-v2,obs_zero_zh,中子电流测量跨通道同步零值闪断,observation_derived,zh,45,5,58,0.6085914373397827,0.5874913930892944,0.2,4
sentence-transformers/paraphrase-multilingual-MiniLM-L12-v2,obs_zero_zh,中子电流测量跨通道同步零值闪断,observation_derived,zh,45,6,58,0.6085914373397827,0.5817290544509888,0.3,4
sentence-transformers/paraphrase-multilingual-MiniLM-L12-v2,obs_zero_zh,中子电流测量跨通道同步零值闪断,observation_derived,zh,45,7,58,0.6085914373397827,0.5874913930892944,0.2,4
sentence-transformers/paraphrase-multilingual-MiniLM-L12-v2,obs_zero_zh,中子电流测量跨通道同步零值闪断,observation_derived,zh,45,8,58,0.6085914373397827,0.5839539766311646,0.3,4
sentence-transformers/paraphrase-multilingual-MiniLM-L12-v2,obs_zero_zh,中子电流测量跨通道同步零值闪断,observation_derived,zh,45,9,58,0.6085914373397827,0.5874913930892944,0.2,4
sentence-transformers/paraphrase-multilingual-MiniLM-L12-v2,obs_zero_zh,中子电流测量跨通道同步零值闪断,observation_derived,zh,50,0,63,0.6085914373397827,0.5874913930892944,0.2,4
sentence-transformers/paraphrase-multilingual-MiniLM-L12-v2,obs_zero_zh,中子电流测量跨通道同步零值闪断,observation_derived,zh,50,1,63,0.6085914373397827,0.5874913930892944,0.2,4
sentence-transformers/paraphrase-multilingual-MiniLM-L12-v2,obs_zero_zh,中子电流测量跨通道同步零值闪断,observation_derived,zh,50,2,63,0.6085914373397827,0.5874913930892944,0.2,4
sentence-transformers/paraphrase-multilingual-MiniLM-L12-v2,obs_zero_zh,中子电流测量跨通道同步零值闪断,observation_derived,zh,50,3,63,0.6085914373397827,0.5874913930892944,0.2,4
sentence-transformers/paraphrase-multilingual-MiniLM-L12-v2,obs_zero_zh,中子电流测量跨通道同步零值闪断,observation_derived,zh,50,4,63,0.6085914373397827,0.5874913930892944,0.2,4
sentence-transformers/paraphrase-multilingual-MiniLM-L12-v2,obs_zero_zh,中子电流测量跨通道同步零值闪断,observation_derived,zh,50,5,63,0.6085914373397827,0.5874913930892944,0.2,4
sentence-transformers/paraphrase-multilingual-MiniLM-L12-v2,obs_zero_zh,中子电流测量跨通道同步零值闪断,observation_derived,zh,50,6,63,0.6085914373397827,0.5814296007156372,0.3,3
sentence-transformers/paraphrase-multilingual-MiniLM-L12-v2,obs_zero_zh,中子电流测量跨通道同步零值闪断,observation_derived,zh,50,7,63,0.6085914373397827,0.5874913930892944,0.2,4
sentence-transformers/paraphrase-multilingual-MiniLM-L12-v2,obs_zero_zh,中子电流测量跨通道同步零值闪断,observation_derived,zh,50,8,63,0.6085914373397827,0.5874913930892944,0.2,4
sentence-transformers/paraphrase-multilingual-MiniLM-L12-v2,obs_zero_zh,中子电流测量跨通道同步零值闪断,observation_derived,zh,50,9,63,0.6085914373397827,0.5874913930892944,0.2,4
sentence-transformers/paraphrase-multilingual-MiniLM-L12-v2,obs_zero_zh,中子电流测量跨通道同步零值闪断,observation_derived,zh,51,0,64,0.6085914373397827,0.5874913930892944,0.2,4
sentence-transformers/paraphrase-multilingual-MiniLM-L12-v2,obs_zero_zh,中子电流测量跨通道同步零值闪断,observation_derived,zh,51,1,64,0.6085914373397827,0.5874913930892944,0.2,4
sentence-transformers/paraphrase-multilingual-MiniLM-L12-v2,obs_zero_zh,中子电流测量跨通道同步零值闪断,observation_derived,zh,51,2,64,0.6085914373397827,0.5874913930892944,0.2,4
sentence-transformers/paraphrase-multilingual-MiniLM-L12-v2,obs_zero_zh,中子电流测量跨通道同步零值闪断,observation_derived,zh,51,3,64,0.6085914373397827,0.5874913930892944,0.2,4
sentence-transformers/paraphrase-multilingual-MiniLM-L12-v2,obs_zero_zh,中子电流测量跨通道同步零值闪断,observation_derived,zh,51,4,64,0.6085914373397827,0.5874913930892944,0.2,4
sentence-transformers/paraphrase-multilingual-MiniLM-L12-v2,obs_zero_zh,中子电流测量跨通道同步零值闪断,observation_derived,zh,51,5,64,0.6085914373397827,0.5874913930892944,0.2,4
sentence-transformers/paraphrase-multilingual-MiniLM-L12-v2,obs_zero_zh,中子电流测量跨通道同步零值闪断,observation_derived,zh,51,6,64,0.6085914373397827,0.5874913930892944,0.2,4
sentence-transformers/paraphrase-multilingual-MiniLM-L12-v2,obs_zero_zh,中子电流测量跨通道同步零值闪断,observation_derived,zh,51,7,64,0.6085914373397827,0.5874913930892944,0.2,4
sentence-transformers/paraphrase-multilingual-MiniLM-L12-v2,obs_zero_zh,中子电流测量跨通道同步零值闪断,observation_derived,zh,51,8,64,0.6085914373397827,0.5874913930892944,0.2,4
sentence-transformers/paraphrase-multilingual-MiniLM-L12-v2,obs_zero_zh,中子电流测量跨通道同步零值闪断,observation_derived,zh,51,9,64,0.6085914373397827,0.5874913930892944,0.2,4
sentence-transformers/paraphrase-multilingual-MiniLM-L12-v2,obs_sync_en,neutron current measurement highly synchronized channels without time lag,observation_derived,en,0,0,13,0.6584986448287964,0.6190425753593445,1.0,1
sentence-transformers/paraphrase-multilingual-MiniLM-L12-v2,obs_sync_en,neutron current measurement highly synchronized channels without time lag,observation_derived,en,5,0,18,0.6584986448287964,0.6205065846443176,0.9,1
sentence-transformers/paraphrase-multilingual-MiniLM-L12-v2,obs_sync_en,neutron current measurement highly synchronized channels without time lag,observation_derived,en,5,1,18,0.6678059101104736,0.6369199156761169,0.5,2
sentence-transformers/paraphrase-multilingual-MiniLM-L12-v2,obs_sync_en,neutron current measurement highly synchronized channels without time lag,observation_derived,en,5,2,18,0.6584986448287964,0.6190425753593445,1.0,1
sentence-transformers/paraphrase-multilingual-MiniLM-L12-v2,obs_sync_en,neutron current measurement highly synchronized channels without time lag,observation_derived,en,5,3,18,0.6678059101104736,0.6329480409622192,0.6,2
sentence-transformers/paraphrase-multilingual-MiniLM-L12-v2,obs_sync_en,neutron current measurement highly synchronized channels without time lag,observation_derived,en,5,4,18,0.6584986448287964,0.6192435026168823,0.9,1
sentence-transformers/paraphrase-multilingual-MiniLM-L12-v2,obs_sync_en,neutron current measurement highly synchronized channels without time lag,observation_derived,en,5,5,18,0.6584986448287964,0.6214150190353394,0.8,1
sentence-transformers/paraphrase-multilingual-MiniLM-L12-v2,obs_sync_en,neutron current measurement highly synchronized channels without time lag,observation_derived,en,5,6,18,0.6584986448287964,0.6190425753593445,1.0,1
sentence-transformers/paraphrase-multilingual-MiniLM-L12-v2,obs_sync_en,neutron current measurement highly synchronized channels without time lag,observation_derived,en,5,7,18,0.6584986448287964,0.6212801933288574,0.9,1
sentence-transformers/paraphrase-multilingual-MiniLM-L12-v2,obs_sync_en,neutron current measurement highly synchronized channels without time lag,observation_derived,en,5,8,18,0.6584986448287964,0.6212801933288574,0.9,1
sentence-transformers/paraphrase-multilingual-MiniLM-L12-v2,obs_sync_en,neutron current measurement highly synchronized channels without time lag,observation_derived,en,5,9,18,0.6584986448287964,0.6213957667350769,0.8,1
sentence-transformers/paraphrase-multilingual-MiniLM-L12-v2,obs_sync_en,neutron current measurement highly synchronized channels without time lag,observation_derived,en,10,0,23,0.6584986448287964,0.6213957667350769,0.8,1
sentence-transformers/paraphrase-multilingual-MiniLM-L12-v2,obs_sync_en,neutron current measurement highly synchronized channels without time lag,observation_derived,en,10,1,23,0.6584986448287964,0.6267210245132446,0.8,1
sentence-transformers/paraphrase-multilingual-MiniLM-L12-v2,obs_sync_en,neutron current measurement highly synchronized channels without time lag,observation_derived,en,10,2,23,0.6584986448287964,0.6212801933288574,0.9,1
sentence-transformers/paraphrase-multilingual-MiniLM-L12-v2,obs_sync_en,neutron current measurement highly synchronized channels without time lag,observation_derived,en,10,3,23,0.6584986448287964,0.6211660504341125,0.9,1
sentence-transformers/paraphrase-multilingual-MiniLM-L12-v2,obs_sync_en,neutron current measurement highly synchronized channels without time lag,observation_derived,en,10,4,23,0.6584986448287964,0.6318317651748657,0.5,1
sentence-transformers/paraphrase-multilingual-MiniLM-L12-v2,obs_sync_en,neutron current measurement highly synchronized channels without time lag,observation_derived,en,10,5,23,0.6584986448287964,0.6213957667350769,0.8,1
sentence-transformers/paraphrase-multilingual-MiniLM-L12-v2,obs_sync_en,neutron current measurement highly synchronized channels without time lag,observation_derived,en,10,6,23,0.6678059101104736,0.6329480409622192,0.6,2
sentence-transformers/paraphrase-multilingual-MiniLM-L12-v2,obs_sync_en,neutron current measurement highly synchronized channels without time lag,observation_derived,en,10,7,23,0.6584986448287964,0.6190550327301025,0.9,1
sentence-transformers/paraphrase-multilingual-MiniLM-L12-v2,obs_sync_en,neutron current measurement highly synchronized channels without time lag,observation_derived,en,10,8,23,0.6584986448287964,0.6274998188018799,0.6,1
sentence-transformers/paraphrase-multilingual-MiniLM-L12-v2,obs_sync_en,neutron current measurement highly synchronized channels without time lag,observation_derived,en,10,9,23,0.6584986448287964,0.6355220079421997,0.5,1
sentence-transformers/paraphrase-multilingual-MiniLM-L12-v2,obs_sync_en,neutron current measurement highly synchronized channels without time lag,observation_derived,en,15,0,28,0.6584986448287964,0.6232998967170715,0.7,1
sentence-transformers/paraphrase-multilingual-MiniLM-L12-v2,obs_sync_en,neutron current measurement highly synchronized channels without time lag,observation_derived,en,15,1,28,0.6584986448287964,0.6218942999839783,0.7,1
sentence-transformers/paraphrase-multilingual-MiniLM-L12-v2,obs_sync_en,neutron current measurement highly synchronized channels without time lag,observation_derived,en,15,2,28,0.6678059101104736,0.6364874839782715,0.5,2
sentence-transformers/paraphrase-multilingual-MiniLM-L12-v2,obs_sync_en,neutron current measurement highly synchronized channels without time lag,observation_derived,en,15,3,28,0.6678059101104736,0.6392942070960999,0.4,2
sentence-transformers/paraphrase-multilingual-MiniLM-L12-v2,obs_sync_en,neutron current measurement highly synchronized channels without time lag,observation_derived,en,15,4,28,0.6678059101104736,0.6392942070960999,0.4,2
sentence-transformers/paraphrase-multilingual-MiniLM-L12-v2,obs_sync_en,neutron current measurement highly synchronized channels without time lag,observation_derived,en,15,5,28,0.6584986448287964,0.6242609620094299,0.6,1
sentence-transformers/paraphrase-multilingual-MiniLM-L12-v2,obs_sync_en,neutron current measurement highly synchronized channels without time lag,observation_derived,en,15,6,28,0.6584986448287964,0.6226679086685181,0.7,1
sentence-transformers/paraphrase-multilingual-MiniLM-L12-v2,obs_sync_en,neutron current measurement highly synchronized channels without time lag,observation_derived,en,15,7,28,0.6584986448287964,0.627219557762146,0.7,1
sentence-transformers/paraphrase-multilingual-MiniLM-L12-v2,obs_sync_en,neutron current measurement highly synchronized channels without time lag,observation_derived,en,15,8,28,0.6678059101104736,0.6329480409622192,0.6,2
sentence-transformers/paraphrase-multilingual-MiniLM-L12-v2,obs_sync_en,neutron current measurement highly synchronized channels without time lag,observation_derived,en,15,9,28,0.6678059101104736,0.6369199156761169,0.5,2
sentence-transformers/paraphrase-multilingual-MiniLM-L12-v2,obs_sync_en,neutron current measurement highly synchronized channels without time lag,observation_derived,en,20,0,33,0.6584986448287964,0.6350191831588745,0.5,1
sentence-transformers/paraphrase-multilingual-MiniLM-L12-v2,obs_sync_en,neutron current measurement highly synchronized channels without time lag,observation_derived,en,20,1,33,0.6584986448287964,0.6231011152267456,0.8,1
sentence-transformers/paraphrase-multilingual-MiniLM-L12-v2,obs_sync_en,neutron current measurement highly synchronized channels without time lag,observation_derived,en,20,2,33,0.6584986448287964,0.6324936747550964,0.5,1
sentence-transformers/paraphrase-multilingual-MiniLM-L12-v2,obs_sync_en,neutron current measurement highly synchronized channels without time lag,observation_derived,en,20,3,33,0.6584986448287964,0.6226679086685181,0.7,1
sentence-transformers/paraphrase-multilingual-MiniLM-L12-v2,obs_sync_en,neutron current measurement highly synchronized channels without time lag,observation_derived,en,20,4,33,0.6584986448287964,0.6383736729621887,0.4,1
sentence-transformers/paraphrase-multilingual-MiniLM-L12-v2,obs_sync_en,neutron current measurement highly synchronized channels without time lag,observation_derived,en,20,5,33,0.6678059101104736,0.6362679600715637,0.5,2
sentence-transformers/paraphrase-multilingual-MiniLM-L12-v2,obs_sync_en,neutron current measurement highly synchronized channels without time lag,observation_derived,en,20,6,33,0.6678059101104736,0.6329480409622192,0.6,2
sentence-transformers/paraphrase-multilingual-MiniLM-L12-v2,obs_sync_en,neutron current measurement highly synchronized channels without time lag,observation_derived,en,20,7,33,0.6678059101104736,0.6392942070960999,0.4,2
sentence-transformers/paraphrase-multilingual-MiniLM-L12-v2,obs_sync_en,neutron current measurement highly synchronized channels without time lag,observation_derived,en,20,8,33,0.6678059101104736,0.6369199156761169,0.5,2
sentence-transformers/paraphrase-multilingual-MiniLM-L12-v2,obs_sync_en,neutron current measurement highly synchronized channels without time lag,observation_derived,en,20,9,33,0.6678059101104736,0.6362679600715637,0.5,2
sentence-transformers/paraphrase-multilingual-MiniLM-L12-v2,obs_sync_en,neutron current measurement highly synchronized channels without time lag,observation_derived,en,25,0,38,0.6678059101104736,0.6412604451179504,0.3,2
sentence-transformers/paraphrase-multilingual-MiniLM-L12-v2,obs_sync_en,neutron current measurement highly synchronized channels without time lag,observation_derived,en,25,1,38,0.6584986448287964,0.6383736729621887,0.4,1
sentence-transformers/paraphrase-multilingual-MiniLM-L12-v2,obs_sync_en,neutron current measurement highly synchronized channels without time lag,observation_derived,en,25,2,38,0.6678059101104736,0.6328337788581848,0.6,2
sentence-transformers/paraphrase-multilingual-MiniLM-L12-v2,obs_sync_en,neutron current measurement highly synchronized channels without time lag,observation_derived,en,25,3,38,0.6584986448287964,0.6243732571601868,0.7,1
sentence-transformers/paraphrase-multilingual-MiniLM-L12-v2,obs_sync_en,neutron current measurement highly synchronized channels without time lag,observation_derived,en,25,4,38,0.6678059101104736,0.6364874839782715,0.5,2
sentence-transformers/paraphrase-multilingual-MiniLM-L12-v2,obs_sync_en,neutron current measurement highly synchronized channels without time lag,observation_derived,en,25,5,38,0.6678059101104736,0.639771580696106,0.4,2
sentence-transformers/paraphrase-multilingual-MiniLM-L12-v2,obs_sync_en,neutron current measurement highly synchronized channels without time lag,observation_derived,en,25,6,38,0.6678059101104736,0.633167564868927,0.6,2
sentence-transformers/paraphrase-multilingual-MiniLM-L12-v2,obs_sync_en,neutron current measurement highly synchronized channels without time lag,observation_derived,en,25,7,38,0.6584986448287964,0.6284075379371643,0.6,1
sentence-transformers/paraphrase-multilingual-MiniLM-L12-v2,obs_sync_en,neutron current measurement highly synchronized channels without time lag,observation_derived,en,25,8,38,0.6584986448287964,0.6383736729621887,0.4,1
sentence-transformers/paraphrase-multilingual-MiniLM-L12-v2,obs_sync_en,neutron current measurement highly synchronized channels without time lag,observation_derived,en,25,9,38,0.6584986448287964,0.6284075379371643,0.6,1
sentence-transformers/paraphrase-multilingual-MiniLM-L12-v2,obs_sync_en,neutron current measurement highly synchronized channels without time lag,observation_derived,en,30,0,43,0.6678059101104736,0.6429345607757568,0.3,2
sentence-transformers/paraphrase-multilingual-MiniLM-L12-v2,obs_sync_en,neutron current measurement highly synchronized channels without time lag,observation_derived,en,30,1,43,0.6678059101104736,0.6429345607757568,0.3,2
sentence-transformers/paraphrase-multilingual-MiniLM-L12-v2,obs_sync_en,neutron current measurement highly synchronized channels without time lag,observation_derived,en,30,2,43,0.6584986448287964,0.6355220079421997,0.5,1
sentence-transformers/paraphrase-multilingual-MiniLM-L12-v2,obs_sync_en,neutron current measurement highly synchronized channels without time lag,observation_derived,en,30,3,43,0.6584986448287964,0.6383736729621887,0.4,1
sentence-transformers/paraphrase-multilingual-MiniLM-L12-v2,obs_sync_en,neutron current measurement highly synchronized channels without time lag,observation_derived,en,30,4,43,0.6584986448287964,0.6282126903533936,0.7,1
sentence-transformers/paraphrase-multilingual-MiniLM-L12-v2,obs_sync_en,neutron current measurement highly synchronized channels without time lag,observation_derived,en,30,5,43,0.6678059101104736,0.6419047713279724,0.4,2
sentence-transformers/paraphrase-multilingual-MiniLM-L12-v2,obs_sync_en,neutron current measurement highly synchronized channels without time lag,observation_derived,en,30,6,43,0.6678059101104736,0.6369199156761169,0.5,2
sentence-transformers/paraphrase-multilingual-MiniLM-L12-v2,obs_sync_en,neutron current measurement highly synchronized channels without time lag,observation_derived,en,30,7,43,0.6584986448287964,0.6355220079421997,0.5,1
sentence-transformers/paraphrase-multilingual-MiniLM-L12-v2,obs_sync_en,neutron current measurement highly synchronized channels without time lag,observation_derived,en,30,8,43,0.6584986448287964,0.6383736729621887,0.4,1
sentence-transformers/paraphrase-multilingual-MiniLM-L12-v2,obs_sync_en,neutron current measurement highly synchronized channels without time lag,observation_derived,en,30,9,43,0.6678059101104736,0.639771580696106,0.4,2
sentence-transformers/paraphrase-multilingual-MiniLM-L12-v2,obs_sync_en,neutron current measurement highly synchronized channels without time lag,observation_derived,en,35,0,48,0.6678059101104736,0.6369199156761169,0.5,2
sentence-transformers/paraphrase-multilingual-MiniLM-L12-v2,obs_sync_en,neutron current measurement highly synchronized channels without time lag,observation_derived,en,35,1,48,0.6678059101104736,0.639771580696106,0.4,2
sentence-transformers/paraphrase-multilingual-MiniLM-L12-v2,obs_sync_en,neutron current measurement highly synchronized channels without time lag,observation_derived,en,35,2,48,0.6678059101104736,0.6429345607757568,0.3,2
sentence-transformers/paraphrase-multilingual-MiniLM-L12-v2,obs_sync_en,neutron current measurement highly synchronized channels without time lag,observation_derived,en,35,3,48,0.6678059101104736,0.6369199156761169,0.5,2
sentence-transformers/paraphrase-multilingual-MiniLM-L12-v2,obs_sync_en,neutron current measurement highly synchronized channels without time lag,observation_derived,en,35,4,48,0.6678059101104736,0.6429345607757568,0.3,2
sentence-transformers/paraphrase-multilingual-MiniLM-L12-v2,obs_sync_en,neutron current measurement highly synchronized channels without time lag,observation_derived,en,35,5,48,0.6678059101104736,0.6412604451179504,0.3,2
sentence-transformers/paraphrase-multilingual-MiniLM-L12-v2,obs_sync_en,neutron current measurement highly synchronized channels without time lag,observation_derived,en,35,6,48,0.6584986448287964,0.6383736729621887,0.4,1
sentence-transformers/paraphrase-multilingual-MiniLM-L12-v2,obs_sync_en,neutron current measurement highly synchronized channels without time lag,observation_derived,en,35,7,48,0.6678059101104736,0.6412604451179504,0.3,2
sentence-transformers/paraphrase-multilingual-MiniLM-L12-v2,obs_sync_en,neutron current measurement highly synchronized channels without time lag,observation_derived,en,35,8,48,0.6584986448287964,0.6277740597724915,0.6,1
sentence-transformers/paraphrase-multilingual-MiniLM-L12-v2,obs_sync_en,neutron current measurement highly synchronized channels without time lag,observation_derived,en,35,9,48,0.6678059101104736,0.6429345607757568,0.3,2
sentence-transformers/paraphrase-multilingual-MiniLM-L12-v2,obs_sync_en,neutron current measurement highly synchronized channels without time lag,observation_derived,en,40,0,53,0.6678059101104736,0.6429345607757568,0.3,2
sentence-transformers/paraphrase-multilingual-MiniLM-L12-v2,obs_sync_en,neutron current measurement highly synchronized channels without time lag,observation_derived,en,40,1,53,0.6678059101104736,0.6419047713279724,0.4,2
sentence-transformers/paraphrase-multilingual-MiniLM-L12-v2,obs_sync_en,neutron current measurement highly synchronized channels without time lag,observation_derived,en,40,2,53,0.6678059101104736,0.6429345607757568,0.3,2
sentence-transformers/paraphrase-multilingual-MiniLM-L12-v2,obs_sync_en,neutron current measurement highly synchronized channels without time lag,observation_derived,en,40,3,53,0.6584986448287964,0.6383736729621887,0.4,1
sentence-transformers/paraphrase-multilingual-MiniLM-L12-v2,obs_sync_en,neutron current measurement highly synchronized channels without time lag,observation_derived,en,40,4,53,0.6678059101104736,0.6419047713279724,0.4,2
sentence-transformers/paraphrase-multilingual-MiniLM-L12-v2,obs_sync_en,neutron current measurement highly synchronized channels without time lag,observation_derived,en,40,5,53,0.6678059101104736,0.6392942070960999,0.4,2
sentence-transformers/paraphrase-multilingual-MiniLM-L12-v2,obs_sync_en,neutron current measurement highly synchronized channels without time lag,observation_derived,en,40,6,53,0.6678059101104736,0.639771580696106,0.4,2
sentence-transformers/paraphrase-multilingual-MiniLM-L12-v2,obs_sync_en,neutron current measurement highly synchronized channels without time lag,observation_derived,en,40,7,53,0.6678059101104736,0.6429345607757568,0.3,2
sentence-transformers/paraphrase-multilingual-MiniLM-L12-v2,obs_sync_en,neutron current measurement highly synchronized channels without time lag,observation_derived,en,40,8,53,0.6678059101104736,0.6429345607757568,0.3,2
sentence-transformers/paraphrase-multilingual-MiniLM-L12-v2,obs_sync_en,neutron current measurement highly synchronized channels without time lag,observation_derived,en,40,9,53,0.6678059101104736,0.6429345607757568,0.3,2
sentence-transformers/paraphrase-multilingual-MiniLM-L12-v2,obs_sync_en,neutron current measurement highly synchronized channels without time lag,observation_derived,en,45,0,58,0.6678059101104736,0.6369199156761169,0.5,2
sentence-transformers/paraphrase-multilingual-MiniLM-L12-v2,obs_sync_en,neutron current measurement highly synchronized channels without time lag,observation_derived,en,45,1,58,0.6678059101104736,0.6429345607757568,0.3,2
sentence-transformers/paraphrase-multilingual-MiniLM-L12-v2,obs_sync_en,neutron current measurement highly synchronized channels without time lag,observation_derived,en,45,2,58,0.6678059101104736,0.6429345607757568,0.3,2
sentence-transformers/paraphrase-multilingual-MiniLM-L12-v2,obs_sync_en,neutron current measurement highly synchronized channels without time lag,observation_derived,en,45,3,58,0.6678059101104736,0.6429345607757568,0.3,2
sentence-transformers/paraphrase-multilingual-MiniLM-L12-v2,obs_sync_en,neutron current measurement highly synchronized channels without time lag,observation_derived,en,45,4,58,0.6584986448287964,0.6383736729621887,0.4,1
sentence-transformers/paraphrase-multilingual-MiniLM-L12-v2,obs_sync_en,neutron current measurement highly synchronized channels without time lag,observation_derived,en,45,5,58,0.6678059101104736,0.6429345607757568,0.3,2
sentence-transformers/paraphrase-multilingual-MiniLM-L12-v2,obs_sync_en,neutron current measurement highly synchronized channels without time lag,observation_derived,en,45,6,58,0.6678059101104736,0.6429345607757568,0.3,2
sentence-transformers/paraphrase-multilingual-MiniLM-L12-v2,obs_sync_en,neutron current measurement highly synchronized channels without time lag,observation_derived,en,45,7,58,0.6678059101104736,0.6419047713279724,0.4,2
sentence-transformers/paraphrase-multilingual-MiniLM-L12-v2,obs_sync_en,neutron current measurement highly synchronized channels without time lag,observation_derived,en,45,8,58,0.6678059101104736,0.6429345607757568,0.3,2
sentence-transformers/paraphrase-multilingual-MiniLM-L12-v2,obs_sync_en,neutron current measurement highly synchronized channels without time lag,observation_derived,en,45,9,58,0.6678059101104736,0.6429345607757568,0.3,2
sentence-transformers/paraphrase-multilingual-MiniLM-L12-v2,obs_sync_en,neutron current measurement highly synchronized channels without time lag,observation_derived,en,50,0,63,0.6678059101104736,0.6429345607757568,0.3,2
sentence-transformers/paraphrase-multilingual-MiniLM-L12-v2,obs_sync_en,neutron current measurement highly synchronized channels without time lag,observation_derived,en,50,1,63,0.6678059101104736,0.6412604451179504,0.3,2
sentence-transformers/paraphrase-multilingual-MiniLM-L12-v2,obs_sync_en,neutron current measurement highly synchronized channels without time lag,observation_derived,en,50,2,63,0.6678059101104736,0.6429345607757568,0.3,2
sentence-transformers/paraphrase-multilingual-MiniLM-L12-v2,obs_sync_en,neutron current measurement highly synchronized channels without time lag,observation_derived,en,50,3,63,0.6678059101104736,0.6429345607757568,0.3,2
sentence-transformers/paraphrase-multilingual-MiniLM-L12-v2,obs_sync_en,neutron current measurement highly synchronized channels without time lag,observation_derived,en,50,4,63,0.6678059101104736,0.6429345607757568,0.3,2
sentence-transformers/paraphrase-multilingual-MiniLM-L12-v2,obs_sync_en,neutron current measurement highly synchronized channels without time lag,observation_derived,en,50,5,63,0.6678059101104736,0.6429345607757568,0.3,2
sentence-transformers/paraphrase-multilingual-MiniLM-L12-v2,obs_sync_en,neutron current measurement highly synchronized channels without time lag,observation_derived,en,50,6,63,0.6678059101104736,0.6429345607757568,0.3,2
sentence-transformers/paraphrase-multilingual-MiniLM-L12-v2,obs_sync_en,neutron current measurement highly synchronized channels without time lag,observation_derived,en,50,7,63,0.6678059101104736,0.6429345607757568,0.3,2
sentence-transformers/paraphrase-multilingual-MiniLM-L12-v2,obs_sync_en,neutron current measurement highly synchronized channels without time lag,observation_derived,en,50,8,63,0.6678059101104736,0.6429345607757568,0.3,2
sentence-transformers/paraphrase-multilingual-MiniLM-L12-v2,obs_sync_en,neutron current measurement highly synchronized channels without time lag,observation_derived,en,50,9,63,0.6678059101104736,0.6429345607757568,0.3,2
sentence-transformers/paraphrase-multilingual-MiniLM-L12-v2,obs_sync_en,neutron current measurement highly synchronized channels without time lag,observation_derived,en,51,0,64,0.6678059101104736,0.6429345607757568,0.3,2
sentence-transformers/paraphrase-multilingual-MiniLM-L12-v2,obs_sync_en,neutron current measurement highly synchronized channels without time lag,observation_derived,en,51,1,64,0.6678059101104736,0.6429345607757568,0.3,2
sentence-transformers/paraphrase-multilingual-MiniLM-L12-v2,obs_sync_en,neutron current measurement highly synchronized channels without time lag,observation_derived,en,51,2,64,0.6678059101104736,0.6429345607757568,0.3,2
sentence-transformers/paraphrase-multilingual-MiniLM-L12-v2,obs_sync_en,neutron current measurement highly synchronized channels without time lag,observation_derived,en,51,3,64,0.6678059101104736,0.6429345607757568,0.3,2
sentence-transformers/paraphrase-multilingual-MiniLM-L12-v2,obs_sync_en,neutron current measurement highly synchronized channels without time lag,observation_derived,en,51,4,64,0.6678059101104736,0.6429345607757568,0.3,2
sentence-transformers/paraphrase-multilingual-MiniLM-L12-v2,obs_sync_en,neutron current measurement highly synchronized channels without time lag,observation_derived,en,51,5,64,0.6678059101104736,0.6429345607757568,0.3,2
sentence-transformers/paraphrase-multilingual-MiniLM-L12-v2,obs_sync_en,neutron current measurement highly synchronized channels without time lag,observation_derived,en,51,6,64,0.6678059101104736,0.6429345607757568,0.3,2
sentence-transformers/paraphrase-multilingual-MiniLM-L12-v2,obs_sync_en,neutron current measurement highly synchronized channels without time lag,observation_derived,en,51,7,64,0.6678059101104736,0.6429345607757568,0.3,2
sentence-transformers/paraphrase-multilingual-MiniLM-L12-v2,obs_sync_en,neutron current measurement highly synchronized channels without time lag,observation_derived,en,51,8,64,0.6678059101104736,0.6429345607757568,0.3,2
sentence-transformers/paraphrase-multilingual-MiniLM-L12-v2,obs_sync_en,neutron current measurement highly synchronized channels without time lag,observation_derived,en,51,9,64,0.6678059101104736,0.6429345607757568,0.3,2
sentence-transformers/paraphrase-multilingual-MiniLM-L12-v2,obs_sync_zh,中子电流测量高同步通道无时间滞后,observation_derived,zh,0,0,13,0.569320023059845,0.5430797338485718,1.0,1
sentence-transformers/paraphrase-multilingual-MiniLM-L12-v2,obs_sync_zh,中子电流测量高同步通道无时间滞后,observation_derived,zh,5,0,18,0.569320023059845,0.5532690286636353,0.6,1
sentence-transformers/paraphrase-multilingual-MiniLM-L12-v2,obs_sync_zh,中子电流测量高同步通道无时间滞后,observation_derived,zh,5,1,18,0.569320023059845,0.5430797338485718,1.0,1
sentence-transformers/paraphrase-multilingual-MiniLM-L12-v2,obs_sync_zh,中子电流测量高同步通道无时间滞后,observation_derived,zh,5,2,18,0.569320023059845,0.5448968410491943,0.9,1
sentence-transformers/paraphrase-multilingual-MiniLM-L12-v2,obs_sync_zh,中子电流测量高同步通道无时间滞后,observation_derived,zh,5,3,18,0.5943968296051025,0.5608514547348022,0.6,3
sentence-transformers/paraphrase-multilingual-MiniLM-L12-v2,obs_sync_zh,中子电流测量高同步通道无时间滞后,observation_derived,zh,5,4,18,0.6117986440658569,0.5702194571495056,0.5,4
sentence-transformers/paraphrase-multilingual-MiniLM-L12-v2,obs_sync_zh,中子电流测量高同步通道无时间滞后,observation_derived,zh,5,5,18,0.569320023059845,0.5539393424987793,0.6,1
sentence-transformers/paraphrase-multilingual-MiniLM-L12-v2,obs_sync_zh,中子电流测量高同步通道无时间滞后,observation_derived,zh,5,6,18,0.569320023059845,0.5526254177093506,0.5,1
sentence-transformers/paraphrase-multilingual-MiniLM-L12-v2,obs_sync_zh,中子电流测量高同步通道无时间滞后,observation_derived,zh,5,7,18,0.569320023059845,0.5557130575180054,0.5,1
sentence-transformers/paraphrase-multilingual-MiniLM-L12-v2,obs_sync_zh,中子电流测量高同步通道无时间滞后,observation_derived,zh,5,8,18,0.569320023059845,0.5430797338485718,1.0,1
sentence-transformers/paraphrase-multilingual-MiniLM-L12-v2,obs_sync_zh,中子电流测量高同步通道无时间滞后,observation_derived,zh,5,9,18,0.569320023059845,0.5532690286636353,0.6,1
sentence-transformers/paraphrase-multilingual-MiniLM-L12-v2,obs_sync_zh,中子电流测量高同步通道无时间滞后,observation_derived,zh,10,0,23,0.569320023059845,0.5519200563430786,0.6,1
sentence-transformers/paraphrase-multilingual-MiniLM-L12-v2,obs_sync_zh,中子电流测量高同步通道无时间滞后,observation_derived,zh,10,1,23,0.569320023059845,0.5555589199066162,0.6,1
sentence-transformers/paraphrase-multilingual-MiniLM-L12-v2,obs_sync_zh,中子电流测量高同步通道无时间滞后,observation_derived,zh,10,2,23,0.569320023059845,0.5464091300964355,0.8,1
sentence-transformers/paraphrase-multilingual-MiniLM-L12-v2,obs_sync_zh,中子电流测量高同步通道无时间滞后,observation_derived,zh,10,3,23,0.569320023059845,0.5443274974822998,0.8,1
sentence-transformers/paraphrase-multilingual-MiniLM-L12-v2,obs_sync_zh,中子电流测量高同步通道无时间滞后,observation_derived,zh,10,4,23,0.6117986440658569,0.5793018341064453,0.3,6
sentence-transformers/paraphrase-multilingual-MiniLM-L12-v2,obs_sync_zh,中子电流测量高同步通道无时间滞后,observation_derived,zh,10,5,23,0.6117986440658569,0.5713207721710205,0.4,4
sentence-transformers/paraphrase-multilingual-MiniLM-L12-v2,obs_sync_zh,中子电流测量高同步通道无时间滞后,observation_derived,zh,10,6,23,0.569320023059845,0.5440727472305298,0.9,1
sentence-transformers/paraphrase-multilingual-MiniLM-L12-v2,obs_sync_zh,中子电流测量高同步通道无时间滞后,observation_derived,zh,10,7,23,0.569320023059845,0.5455409288406372,0.9,1
sentence-transformers/paraphrase-multilingual-MiniLM-L12-v2,obs_sync_zh,中子电流测量高同步通道无时间滞后,observation_derived,zh,10,8,23,0.6117986440658569,0.5794915556907654,0.3,6
sentence-transformers/paraphrase-multilingual-MiniLM-L12-v2,obs_sync_zh,中子电流测量高同步通道无时间滞后,observation_derived,zh,10,9,23,0.6117986440658569,0.5717770457267761,0.4,4
sentence-transformers/paraphrase-multilingual-MiniLM-L12-v2,obs_sync_zh,中子电流测量高同步通道无时间滞后,observation_derived,zh,15,0,28,0.5943968296051025,0.5619810819625854,0.5,3
sentence-transformers/paraphrase-multilingual-MiniLM-L12-v2,obs_sync_zh,中子电流测量高同步通道无时间滞后,observation_derived,zh,15,1,28,0.569320023059845,0.5526348948478699,0.5,1
sentence-transformers/paraphrase-multilingual-MiniLM-L12-v2,obs_sync_zh,中子电流测量高同步通道无时间滞后,observation_derived,zh,15,2,28,0.569320023059845,0.5505849123001099,0.7,1
sentence-transformers/paraphrase-multilingual-MiniLM-L12-v2,obs_sync_zh,中子电流测量高同步通道无时间滞后,observation_derived,zh,15,3,28,0.569320023059845,0.5541982650756836,0.5,1
sentence-transformers/paraphrase-multilingual-MiniLM-L12-v2,obs_sync_zh,中子电流测量高同步通道无时间滞后,observation_derived,zh,15,4,28,0.6117986440658569,0.5724838376045227,0.4,4
sentence-transformers/paraphrase-multilingual-MiniLM-L12-v2,obs_sync_zh,中子电流测量高同步通道无时间滞后,observation_derived,zh,15,5,28,0.569320023059845,0.5564233660697937,0.4,1
sentence-transformers/paraphrase-multilingual-MiniLM-L12-v2,obs_sync_zh,中子电流测量高同步通道无时间滞后,observation_derived,zh,15,6,28,0.5943968296051025,0.5602074265480042,0.6,3
sentence-transformers/paraphrase-multilingual-MiniLM-L12-v2,obs_sync_zh,中子电流测量高同步通道无时间滞后,observation_derived,zh,15,7,28,0.569320023059845,0.556268036365509,0.5,1
sentence-transformers/paraphrase-multilingual-MiniLM-L12-v2,obs_sync_zh,中子电流测量高同步通道无时间滞后,observation_derived,zh,15,8,28,0.6117986440658569,0.5733259916305542,0.3,4
sentence-transformers/paraphrase-multilingual-MiniLM-L12-v2,obs_sync_zh,中子电流测量高同步通道无时间滞后,observation_derived,zh,15,9,28,0.6117986440658569,0.5725175142288208,0.3,4
sentence-transformers/paraphrase-multilingual-MiniLM-L12-v2,obs_sync_zh,中子电流测量高同步通道无时间滞后,observation_derived,zh,20,0,33,0.6117986440658569,0.5719663500785828,0.4,4
sentence-transformers/paraphrase-multilingual-MiniLM-L12-v2,obs_sync_zh,中子电流测量高同步通道无时间滞后,observation_derived,zh,20,1,33,0.569320023059845,0.5487850904464722,0.7,1
sentence-transformers/paraphrase-multilingual-MiniLM-L12-v2,obs_sync_zh,中子电流测量高同步通道无时间滞后,observation_derived,zh,20,2,33,0.5943968296051025,0.5659388303756714,0.4,3
sentence-transformers/paraphrase-multilingual-MiniLM-L12-v2,obs_sync_zh,中子电流测量高同步通道无时间滞后,observation_derived,zh,20,3,33,0.6117986440658569,0.5732923150062561,0.4,4
sentence-transformers/paraphrase-multilingual-MiniLM-L12-v2,obs_sync_zh,中子电流测量高同步通道无时间滞后,observation_derived,zh,20,4,33,0.569320023059845,0.5584434866905212,0.4,1
sentence-transformers/paraphrase-multilingual-MiniLM-L12-v2,obs_sync_zh,中子电流测量高同步通道无时间滞后,observation_derived,zh,20,5,33,0.6117986440658569,0.5803114175796509,0.3,6
sentence-transformers/paraphrase-multilingual-MiniLM-L12-v2,obs_sync_zh,中子电流测量高同步通道无时间滞后,observation_derived,zh,20,6,33,0.569320023059845,0.5578028559684753,0.4,1
sentence-transformers/paraphrase-multilingual-MiniLM-L12-v2,obs_sync_zh,中子电流测量高同步通道无时间滞后,observation_derived,zh,20,7,33,0.569320023059845,0.5546031594276428,0.5,1
sentence-transformers/paraphrase-multilingual-MiniLM-L12-v2,obs_sync_zh,中子电流测量高同步通道无时间滞后,observation_derived,zh,20,8,33,0.569320023059845,0.5549315214157104,0.4,1
sentence-transformers/paraphrase-multilingual-MiniLM-L12-v2,obs_sync_zh,中子电流测量高同步通道无时间滞后,observation_derived,zh,20,9,33,0.569320023059845,0.5519200563430786,0.6,1
sentence-transformers/paraphrase-multilingual-MiniLM-L12-v2,obs_sync_zh,中子电流测量高同步通道无时间滞后,observation_derived,zh,25,0,38,0.6117986440658569,0.5803114175796509,0.3,6
sentence-transformers/paraphrase-multilingual-MiniLM-L12-v2,obs_sync_zh,中子电流测量高同步通道无时间滞后,observation_derived,zh,25,1,38,0.6117986440658569,0.5713207721710205,0.4,4
sentence-transformers/paraphrase-multilingual-MiniLM-L12-v2,obs_sync_zh,中子电流测量高同步通道无时间滞后,observation_derived,zh,25,2,38,0.569320023059845,0.5557134747505188,0.4,1
sentence-transformers/paraphrase-multilingual-MiniLM-L12-v2,obs_sync_zh,中子电流测量高同步通道无时间滞后,observation_derived,zh,25,3,38,0.6117986440658569,0.5736075639724731,0.3,4
sentence-transformers/paraphrase-multilingual-MiniLM-L12-v2,obs_sync_zh,中子电流测量高同步通道无时间滞后,observation_derived,zh,25,4,38,0.5943968296051025,0.5651304125785828,0.4,3
sentence-transformers/paraphrase-multilingual-MiniLM-L12-v2,obs_sync_zh,中子电流测量高同步通道无时间滞后,observation_derived,zh,25,5,38,0.6117986440658569,0.5738396644592285,0.3,4
sentence-transformers/paraphrase-multilingual-MiniLM-L12-v2,obs_sync_zh,中子电流测量高同步通道无时间滞后,observation_derived,zh,25,6,38,0.5943968296051025,0.5648065805435181,0.4,3
sentence-transformers/paraphrase-multilingual-MiniLM-L12-v2,obs_sync_zh,中子电流测量高同步通道无时间滞后,observation_derived,zh,25,7,38,0.6117986440658569,0.5714763402938843,0.4,4
sentence-transformers/paraphrase-multilingual-MiniLM-L12-v2,obs_sync_zh,中子电流测量高同步通道无时间滞后,observation_derived,zh,25,8,38,0.6117986440658569,0.5803114175796509,0.3,6
sentence-transformers/paraphrase-multilingual-MiniLM-L12-v2,obs_sync_zh,中子电流测量高同步通道无时间滞后,observation_derived,zh,25,9,38,0.6117986440658569,0.5793018341064453,0.3,6
sentence-transformers/paraphrase-multilingual-MiniLM-L12-v2,obs_sync_zh,中子电流测量高同步通道无时间滞后,observation_derived,zh,30,0,43,0.6117986440658569,0.5803114175796509,0.3,6
sentence-transformers/paraphrase-multilingual-MiniLM-L12-v2,obs_sync_zh,中子电流测量高同步通道无时间滞后,observation_derived,zh,30,1,43,0.6117986440658569,0.5803114175796509,0.3,6
sentence-transformers/paraphrase-multilingual-MiniLM-L12-v2,obs_sync_zh,中子电流测量高同步通道无时间滞后,observation_derived,zh,30,2,43,0.569320023059845,0.5585420727729797,0.4,1
sentence-transformers/paraphrase-multilingual-MiniLM-L12-v2,obs_sync_zh,中子电流测量高同步通道无时间滞后,observation_derived,zh,30,3,43,0.6117986440658569,0.5803114175796509,0.3,6
sentence-transformers/paraphrase-multilingual-MiniLM-L12-v2,obs_sync_zh,中子电流测量高同步通道无时间滞后,observation_derived,zh,30,4,43,0.569320023059845,0.5590171813964844,0.4,1
sentence-transformers/paraphrase-multilingual-MiniLM-L12-v2,obs_sync_zh,中子电流测量高同步通道无时间滞后,observation_derived,zh,30,5,43,0.6117986440658569,0.5725175142288208,0.3,4
sentence-transformers/paraphrase-multilingual-MiniLM-L12-v2,obs_sync_zh,中子电流测量高同步通道无时间滞后,observation_derived,zh,30,6,43,0.6117986440658569,0.5736499428749084,0.3,4
sentence-transformers/paraphrase-multilingual-MiniLM-L12-v2,obs_sync_zh,中子电流测量高同步通道无时间滞后,observation_derived,zh,30,7,43,0.6117986440658569,0.5724838376045227,0.4,4
sentence-transformers/paraphrase-multilingual-MiniLM-L12-v2,obs_sync_zh,中子电流测量高同步通道无时间滞后,observation_derived,zh,30,8,43,0.6117986440658569,0.5803114175796509,0.3,6
sentence-transformers/paraphrase-multilingual-MiniLM-L12-v2,obs_sync_zh,中子电流测量高同步通道无时间滞后,observation_derived,zh,30,9,43,0.6117986440658569,0.5738396644592285,0.3,4
sentence-transformers/paraphrase-multilingual-MiniLM-L12-v2,obs_sync_zh,中子电流测量高同步通道无时间滞后,observation_derived,zh,35,0,48,0.6117986440658569,0.5724838376045227,0.4,4
sentence-transformers/paraphrase-multilingual-MiniLM-L12-v2,obs_sync_zh,中子电流测量高同步通道无时间滞后,observation_derived,zh,35,1,48,0.6117986440658569,0.5736075639724731,0.3,4
sentence-transformers/paraphrase-multilingual-MiniLM-L12-v2,obs_sync_zh,中子电流测量高同步通道无时间滞后,observation_derived,zh,35,2,48,0.5943968296051025,0.566710352897644,0.3,3
sentence-transformers/paraphrase-multilingual-MiniLM-L12-v2,obs_sync_zh,中子电流测量高同步通道无时间滞后,observation_derived,zh,35,3,48,0.569320023059845,0.5540136694908142,0.5,1
sentence-transformers/paraphrase-multilingual-MiniLM-L12-v2,obs_sync_zh,中子电流测量高同步通道无时间滞后,observation_derived,zh,35,4,48,0.6117986440658569,0.5803114175796509,0.3,6
sentence-transformers/paraphrase-multilingual-MiniLM-L12-v2,obs_sync_zh,中子电流测量高同步通道无时间滞后,observation_derived,zh,35,5,48,0.5943968296051025,0.5658776164054871,0.4,3
sentence-transformers/paraphrase-multilingual-MiniLM-L12-v2,obs_sync_zh,中子电流测量高同步通道无时间滞后,observation_derived,zh,35,6,48,0.6117986440658569,0.5736075639724731,0.3,4
sentence-transformers/paraphrase-multilingual-MiniLM-L12-v2,obs_sync_zh,中子电流测量高同步通道无时间滞后,observation_derived,zh,35,7,48,0.6117986440658569,0.5803114175796509,0.3,6
sentence-transformers/paraphrase-multilingual-MiniLM-L12-v2,obs_sync_zh,中子电流测量高同步通道无时间滞后,observation_derived,zh,35,8,48,0.6117986440658569,0.5803114175796509,0.3,6
sentence-transformers/paraphrase-multilingual-MiniLM-L12-v2,obs_sync_zh,中子电流测量高同步通道无时间滞后,observation_derived,zh,35,9,48,0.6117986440658569,0.5803114175796509,0.3,6
sentence-transformers/paraphrase-multilingual-MiniLM-L12-v2,obs_sync_zh,中子电流测量高同步通道无时间滞后,observation_derived,zh,40,0,53,0.6117986440658569,0.5738396644592285,0.3,4
sentence-transformers/paraphrase-multilingual-MiniLM-L12-v2,obs_sync_zh,中子电流测量高同步通道无时间滞后,observation_derived,zh,40,1,53,0.6117986440658569,0.5803114175796509,0.3,6
sentence-transformers/paraphrase-multilingual-MiniLM-L12-v2,obs_sync_zh,中子电流测量高同步通道无时间滞后,observation_derived,zh,40,2,53,0.5943968296051025,0.5648488998413086,0.4,3
sentence-transformers/paraphrase-multilingual-MiniLM-L12-v2,obs_sync_zh,中子电流测量高同步通道无时间滞后,observation_derived,zh,40,3,53,0.5943968296051025,0.566710352897644,0.3,3
sentence-transformers/paraphrase-multilingual-MiniLM-L12-v2,obs_sync_zh,中子电流测量高同步通道无时间滞后,observation_derived,zh,40,4,53,0.6117986440658569,0.5803114175796509,0.3,6
sentence-transformers/paraphrase-multilingual-MiniLM-L12-v2,obs_sync_zh,中子电流测量高同步通道无时间滞后,observation_derived,zh,40,5,53,0.6117986440658569,0.5803114175796509,0.3,6
sentence-transformers/paraphrase-multilingual-MiniLM-L12-v2,obs_sync_zh,中子电流测量高同步通道无时间滞后,observation_derived,zh,40,6,53,0.6117986440658569,0.5803114175796509,0.3,6
sentence-transformers/paraphrase-multilingual-MiniLM-L12-v2,obs_sync_zh,中子电流测量高同步通道无时间滞后,observation_derived,zh,40,7,53,0.6117986440658569,0.5736499428749084,0.3,4
sentence-transformers/paraphrase-multilingual-MiniLM-L12-v2,obs_sync_zh,中子电流测量高同步通道无时间滞后,observation_derived,zh,40,8,53,0.6117986440658569,0.5803114175796509,0.3,6
sentence-transformers/paraphrase-multilingual-MiniLM-L12-v2,obs_sync_zh,中子电流测量高同步通道无时间滞后,observation_derived,zh,40,9,53,0.6117986440658569,0.5803114175796509,0.3,6
sentence-transformers/paraphrase-multilingual-MiniLM-L12-v2,obs_sync_zh,中子电流测量高同步通道无时间滞后,observation_derived,zh,45,0,58,0.6117986440658569,0.5794915556907654,0.3,6
sentence-transformers/paraphrase-multilingual-MiniLM-L12-v2,obs_sync_zh,中子电流测量高同步通道无时间滞后,observation_derived,zh,45,1,58,0.6117986440658569,0.5803114175796509,0.3,6
sentence-transformers/paraphrase-multilingual-MiniLM-L12-v2,obs_sync_zh,中子电流测量高同步通道无时间滞后,observation_derived,zh,45,2,58,0.6117986440658569,0.5803114175796509,0.3,6
sentence-transformers/paraphrase-multilingual-MiniLM-L12-v2,obs_sync_zh,中子电流测量高同步通道无时间滞后,observation_derived,zh,45,3,58,0.6117986440658569,0.5803114175796509,0.3,6
sentence-transformers/paraphrase-multilingual-MiniLM-L12-v2,obs_sync_zh,中子电流测量高同步通道无时间滞后,observation_derived,zh,45,4,58,0.5943968296051025,0.566710352897644,0.3,3
sentence-transformers/paraphrase-multilingual-MiniLM-L12-v2,obs_sync_zh,中子电流测量高同步通道无时间滞后,observation_derived,zh,45,5,58,0.6117986440658569,0.5803114175796509,0.3,6
sentence-transformers/paraphrase-multilingual-MiniLM-L12-v2,obs_sync_zh,中子电流测量高同步通道无时间滞后,observation_derived,zh,45,6,58,0.5943968296051025,0.566710352897644,0.3,3
sentence-transformers/paraphrase-multilingual-MiniLM-L12-v2,obs_sync_zh,中子电流测量高同步通道无时间滞后,observation_derived,zh,45,7,58,0.6117986440658569,0.5795339345932007,0.3,6
sentence-transformers/paraphrase-multilingual-MiniLM-L12-v2,obs_sync_zh,中子电流测量高同步通道无时间滞后,observation_derived,zh,45,8,58,0.6117986440658569,0.5803114175796509,0.3,6
sentence-transformers/paraphrase-multilingual-MiniLM-L12-v2,obs_sync_zh,中子电流测量高同步通道无时间滞后,observation_derived,zh,45,9,58,0.5943968296051025,0.566710352897644,0.3,3
sentence-transformers/paraphrase-multilingual-MiniLM-L12-v2,obs_sync_zh,中子电流测量高同步通道无时间滞后,observation_derived,zh,50,0,63,0.6117986440658569,0.5803114175796509,0.3,6
sentence-transformers/paraphrase-multilingual-MiniLM-L12-v2,obs_sync_zh,中子电流测量高同步通道无时间滞后,observation_derived,zh,50,1,63,0.6117986440658569,0.5803114175796509,0.3,6
sentence-transformers/paraphrase-multilingual-MiniLM-L12-v2,obs_sync_zh,中子电流测量高同步通道无时间滞后,observation_derived,zh,50,2,63,0.6117986440658569,0.5803114175796509,0.3,6
sentence-transformers/paraphrase-multilingual-MiniLM-L12-v2,obs_sync_zh,中子电流测量高同步通道无时间滞后,observation_derived,zh,50,3,63,0.6117986440658569,0.5803114175796509,0.3,6
sentence-transformers/paraphrase-multilingual-MiniLM-L12-v2,obs_sync_zh,中子电流测量高同步通道无时间滞后,observation_derived,zh,50,4,63,0.6117986440658569,0.5803114175796509,0.3,6
sentence-transformers/paraphrase-multilingual-MiniLM-L12-v2,obs_sync_zh,中子电流测量高同步通道无时间滞后,observation_derived,zh,50,5,63,0.6117986440658569,0.5803114175796509,0.3,6
sentence-transformers/paraphrase-multilingual-MiniLM-L12-v2,obs_sync_zh,中子电流测量高同步通道无时间滞后,observation_derived,zh,50,6,63,0.6117986440658569,0.5803114175796509,0.3,6
sentence-transformers/paraphrase-multilingual-MiniLM-L12-v2,obs_sync_zh,中子电流测量高同步通道无时间滞后,observation_derived,zh,50,7,63,0.6117986440658569,0.5803114175796509,0.3,6
sentence-transformers/paraphrase-multilingual-MiniLM-L12-v2,obs_sync_zh,中子电流测量高同步通道无时间滞后,observation_derived,zh,50,8,63,0.6117986440658569,0.5803114175796509,0.3,6
sentence-transformers/paraphrase-multilingual-MiniLM-L12-v2,obs_sync_zh,中子电流测量高同步通道无时间滞后,observation_derived,zh,50,9,63,0.6117986440658569,0.5803114175796509,0.3,6
sentence-transformers/paraphrase-multilingual-MiniLM-L12-v2,obs_sync_zh,中子电流测量高同步通道无时间滞后,observation_derived,zh,51,0,64,0.6117986440658569,0.5803114175796509,0.3,6
sentence-transformers/paraphrase-multilingual-MiniLM-L12-v2,obs_sync_zh,中子电流测量高同步通道无时间滞后,observation_derived,zh,51,1,64,0.6117986440658569,0.5803114175796509,0.3,6
sentence-transformers/paraphrase-multilingual-MiniLM-L12-v2,obs_sync_zh,中子电流测量高同步通道无时间滞后,observation_derived,zh,51,2,64,0.6117986440658569,0.5803114175796509,0.3,6
sentence-transformers/paraphrase-multilingual-MiniLM-L12-v2,obs_sync_zh,中子电流测量高同步通道无时间滞后,observation_derived,zh,51,3,64,0.6117986440658569,0.5803114175796509,0.3,6
sentence-transformers/paraphrase-multilingual-MiniLM-L12-v2,obs_sync_zh,中子电流测量高同步通道无时间滞后,observation_derived,zh,51,4,64,0.6117986440658569,0.5803114175796509,0.3,6
sentence-transformers/paraphrase-multilingual-MiniLM-L12-v2,obs_sync_zh,中子电流测量高同步通道无时间滞后,observation_derived,zh,51,5,64,0.6117986440658569,0.5803114175796509,0.3,6
sentence-transformers/paraphrase-multilingual-MiniLM-L12-v2,obs_sync_zh,中子电流测量高同步通道无时间滞后,observation_derived,zh,51,6,64,0.6117986440658569,0.5803114175796509,0.3,6
sentence-transformers/paraphrase-multilingual-MiniLM-L12-v2,obs_sync_zh,中子电流测量高同步通道无时间滞后,observation_derived,zh,51,7,64,0.6117986440658569,0.5803114175796509,0.3,6
sentence-transformers/paraphrase-multilingual-MiniLM-L12-v2,obs_sync_zh,中子电流测量高同步通道无时间滞后,observation_derived,zh,51,8,64,0.6117986440658569,0.5803114175796509,0.3,6
sentence-transformers/paraphrase-multilingual-MiniLM-L12-v2,obs_sync_zh,中子电流测量高同步通道无时间滞后,observation_derived,zh,51,9,64,0.6117986440658569,0.5803114175796509,0.3,6
