model,chunk_size,chunk_overlap,query_id,query,family,language,extra_docs,trial,top1_score,top10_mean_score,iaea_priority_top10,first_iaea_rank
sentence-transformers/paraphrase-multilingual-MiniLM-L12-v2,1200,120,baseline_zh_core,中子,baseline,zh,0,0,0.7712782025337219,0.7546126842498779,1.0,1
sentence-transformers/paraphrase-multilingual-MiniLM-L12-v2,1200,120,baseline_zh_core,中子,baseline,zh,5,0,0.7712782025337219,0.7712782621383667,0.7,1
sentence-transformers/paraphrase-multilingual-MiniLM-L12-v2,1200,120,baseline_zh_core,中子,baseline,zh,5,1,0.7712782025337219,0.7712782621383667,0.8,2
sentence-transformers/paraphrase-multilingual-MiniLM-L12-v2,1200,120,baseline_zh_core,中子,baseline,zh,5,2,0.8142980337142944,0.7773939371109009,0.1,10
sentence-transformers/paraphrase-multilingual-MiniLM-L12-v2,1200,120,baseline_zh_core,中子,baseline,zh,5,3,0.7712782025337219,0.7546126842498779,1.0,1
sentence-transformers/paraphrase-multilingual-MiniLM-L12-v2,1200,120,baseline_zh_core,中子,baseline,zh,5,4,0.7712782025337219,0.7546126842498779,1.0,1
sentence-transformers/paraphrase-multilingual-MiniLM-L12-v2,1200,120,baseline_zh_core,中子,baseline,zh,5,5,0.7712782025337219,0.7546126842498779,1.0,1
sentence-transformers/paraphrase-multilingual-MiniLM-L12-v2,1200,120,baseline_zh_core,中子,baseline,zh,5,6,0.7712782025337219,0.7546126842498779,1.0,1
sentence-transformers/paraphrase-multilingual-MiniLM-L12-v2,1200,120,baseline_zh_core,中子,baseline,zh,5,7,0.7766282558441162,0.7718132138252258,0.8,2
sentence-transformers/paraphrase-multilingual-MiniLM-L12-v2,1200,120,baseline_zh_core,中子,baseline,zh,5,8,0.7712782025337219,0.7546126842498779,1.0,1
sentence-transformers/paraphrase-multilingual-MiniLM-L12-v2,1200,120,baseline_zh_core,中子,baseline,zh,5,9,0.7712782025337219,0.7546126842498779,1.0,1
sentence-transformers/paraphrase-multilingual-MiniLM-L12-v2,1200,120,baseline_zh_core,中子,baseline,zh,10,0,0.8142980337142944,0.7779289484024048,0.0,11
sentence-transformers/paraphrase-multilingual-MiniLM-L12-v2,1200,120,baseline_zh_core,中子,baseline,zh,10,1,0.7712782025337219,0.7546126842498779,1.0,1
sentence-transformers/paraphrase-multilingual-MiniLM-L12-v2,1200,120,baseline_zh_core,中子,baseline,zh,10,2,0.7712782025337219,0.7546126842498779,1.0,1
sentence-transformers/paraphrase-multilingual-MiniLM-L12-v2,1200,120,baseline_zh_core,中子,baseline,zh,10,3,0.7712782025337219,0.7546126842498779,1.0,1
sentence-transformers/paraphrase-multilingual-MiniLM-L12-v2,1200,120,baseline_zh_core,中子,baseline,zh,10,4,0.8142980337142944,0.7779289484024048,0.0,11
sentence-transformers/paraphrase-multilingual-MiniLM-L12-v2,1200,120,baseline_zh_core,中子,baseline,zh,10,5,0.7712782025337219,0.7629454731941223,0.9,1
sentence-transformers/paraphrase-multilingual-MiniLM-L12-v2,1200,120,baseline_zh_core,中子,baseline,zh,10,6,0.7712782025337219,0.7546126842498779,1.0,1
sentence-transformers/paraphrase-multilingual-MiniLM-L12-v2,1200,120,baseline_zh_core,中子,baseline,zh,10,7,0.7712782025337219,0.7546126842498779,1.0,1
sentence-transformers/paraphrase-multilingual-MiniLM-L12-v2,1200,120,baseline_zh_core,中子,baseline,zh,10,8,0.7712782025337219,0.7546126842498779,1.0,1
sentence-transformers/paraphrase-multilingual-MiniLM-L12-v2,1200,120,baseline_zh_core,中子,baseline,zh,10,9,0.7712782025337219,0.7546126842498779,1.0,1
sentence-transformers/paraphrase-multilingual-MiniLM-L12-v2,1200,120,baseline_zh_core,中子,baseline,zh,15,0,0.7712782025337219,0.7712782621383667,0.7,1
sentence-transformers/paraphrase-multilingual-MiniLM-L12-v2,1200,120,baseline_zh_core,中子,baseline,zh,15,1,0.7712782025337219,0.7546126842498779,1.0,1
sentence-transformers/paraphrase-multilingual-MiniLM-L12-v2,1200,120,baseline_zh_core,中子,baseline,zh,15,2,0.7766282558441162,0.7718132138252258,0.6,3
sentence-transformers/paraphrase-multilingual-MiniLM-L12-v2,1200,120,baseline_zh_core,中子,baseline,zh,15,3,0.8142980337142944,0.7779289484024048,0.0,11
sentence-transformers/paraphrase-multilingual-MiniLM-L12-v2,1200,120,baseline_zh_core,中子,baseline,zh,15,4,0.8142980337142944,0.7773939371109009,0.1,10
sentence-transformers/paraphrase-multilingual-MiniLM-L12-v2,1200,120,baseline_zh_core,中子,baseline,zh,15,5,0.7712782025337219,0.7712782621383667,0.7,2
sentence-transformers/paraphrase-multilingual-MiniLM-L12-v2,1200,120,baseline_zh_core,中子,baseline,zh,15,6,0.7712782025337219,0.7546126842498779,1.0,1
sentence-transformers/paraphrase-multilingual-MiniLM-L12-v2,1200,120,baseline_zh_core,中子,baseline,zh,15,7,0.8142980337142944,0.7773939371109009,0.0,11
sentence-transformers/paraphrase-multilingual-MiniLM-L12-v2,1200,120,baseline_zh_core,中子,baseline,zh,15,8,0.8142980337142944,0.7773939371109009,0.1,10
sentence-transformers/paraphrase-multilingual-MiniLM-L12-v2,1200,120,baseline_zh_core,中子,baseline,zh,15,9,0.8142980337142944,0.7773939371109009,0.0,11
sentence-transformers/paraphrase-multilingual-MiniLM-L12-v2,1200,120,baseline_zh_core,中子,baseline,zh,20,0,0.7766282558441162,0.7718132138252258,0.5,6
sentence-transformers/paraphrase-multilingual-MiniLM-L12-v2,1200,120,baseline_zh_core,中子,baseline,zh,20,1,0.8142980337142944,0.7779289484024048,0.0,11
sentence-transformers/paraphrase-multilingual-MiniLM-L12-v2,1200,120,baseline_zh_core,中子,baseline,zh,20,2,0.7766282558441162,0.7718132138252258,0.8,3
sentence-transformers/paraphrase-multilingual-MiniLM-L12-v2,1200,120,baseline_zh_core,中子,baseline,zh,20,3,0.8142980337142944,0.7779289484024048,0.0,11
sentence-transformers/paraphrase-multilingual-MiniLM-L12-v2,1200,120,baseline_zh_core,中子,baseline,zh,20,4,0.7766282558441162,0.7718132138252258,0.8,2
sentence-transformers/paraphrase-multilingual-MiniLM-L12-v2,1200,120,baseline_zh_core,中子,baseline,zh,20,5,0.7766282558441162,0.7718132138252258,0.6,2
sentence-transformers/paraphrase-multilingual-MiniLM-L12-v2,1200,120,baseline_zh_core,中子,baseline,zh,20,6,0.7766282558441162,0.7718132138252258,0.7,2
sentence-transformers/paraphrase-multilingual-MiniLM-L12-v2,1200,120,baseline_zh_core,中子,baseline,zh,20,7,0.8142980337142944,0.7773939371109009,0.0,11
sentence-transformers/paraphrase-multilingual-MiniLM-L12-v2,1200,120,baseline_zh_core,中子,baseline,zh,20,8,0.8142980337142944,0.7773939371109009,0.0,11
sentence-transformers/paraphrase-multilingual-MiniLM-L12-v2,1200,120,baseline_zh_core,中子,baseline,zh,20,9,0.8142980337142944,0.7773939371109009,0.0,11
sentence-transformers/paraphrase-multilingual-MiniLM-L12-v2,1200,120,baseline_zh_core,中子,baseline,zh,25,0,0.7712782025337219,0.7712782621383667,0.7,4
sentence-transformers/paraphrase-multilingual-MiniLM-L12-v2,1200,120,baseline_zh_core,中子,baseline,zh,25,1,0.7766282558441162,0.7718132138252258,0.7,2
sentence-transformers/paraphrase-multilingual-MiniLM-L12-v2,1200,120,baseline_zh_core,中子,baseline,zh,25,2,0.7766282558441162,0.7718132138252258,0.5,5
sentence-transformers/paraphrase-multilingual-MiniLM-L12-v2,1200,120,baseline_zh_core,中子,baseline,zh,25,3,0.7766282558441162,0.7718132138252258,0.5,3
sentence-transformers/paraphrase-multilingual-MiniLM-L12-v2,1200,120,baseline_zh_core,中子,baseline,zh,25,4,0.8142980337142944,0.7779289484024048,0.0,11
sentence-transformers/paraphrase-multilingual-MiniLM-L12-v2,1200,120,baseline_zh_core,中子,baseline,zh,25,5,0.8142980337142944,0.7779289484024048,0.0,11
sentence-transformers/paraphrase-multilingual-MiniLM-L12-v2,1200,120,baseline_zh_core,中子,baseline,zh,25,6,0.7766282558441162,0.7718132138252258,0.5,4
sentence-transformers/paraphrase-multilingual-MiniLM-L12-v2,1200,120,baseline_zh_core,中子,baseline,zh,25,7,0.8142980337142944,0.7773939371109009,0.0,11
sentence-transformers/paraphrase-multilingual-MiniLM-L12-v2,1200,120,baseline_zh_core,中子,baseline,zh,25,8,0.7766282558441162,0.7718132138252258,0.7,3
sentence-transformers/paraphrase-multilingual-MiniLM-L12-v2,1200,120,baseline_zh_core,中子,baseline,zh,25,9,0.8142980337142944,0.7779289484024048,0.0,11
sentence-transformers/paraphrase-multilingual-MiniLM-L12-v2,1200,120,baseline_zh_core,中子,baseline,zh,30,0,0.8142980337142944,0.7779289484024048,0.0,11
sentence-transformers/paraphrase-multilingual-MiniLM-L12-v2,1200,120,baseline_zh_core,中子,baseline,zh,30,1,0.7766282558441162,0.7718132138252258,0.7,2
sentence-transformers/paraphrase-multilingual-MiniLM-L12-v2,1200,120,baseline_zh_core,中子,baseline,zh,30,2,0.8142980337142944,0.7773939371109009,0.1,10
sentence-transformers/paraphrase-multilingual-MiniLM-L12-v2,1200,120,baseline_zh_core,中子,baseline,zh,30,3,0.7712782025337219,0.7546126842498779,1.0,1
sentence-transformers/paraphrase-multilingual-MiniLM-L12-v2,1200,120,baseline_zh_core,中子,baseline,zh,30,4,0.7712782025337219,0.7712782621383667,0.7,1
sentence-transformers/paraphrase-multilingual-MiniLM-L12-v2,1200,120,baseline_zh_core,中子,baseline,zh,30,5,0.7766282558441162,0.7718132138252258,0.7,3
sentence-transformers/paraphrase-multilingual-MiniLM-L12-v2,1200,120,baseline_zh_core,中子,baseline,zh,30,6,0.8142980337142944,0.7773939371109009,0.1,10
sentence-transformers/paraphrase-multilingual-MiniLM-L12-v2,1200,120,baseline_zh_core,中子,baseline,zh,30,7,0.8142980337142944,0.7779289484024048,0.0,11
sentence-transformers/paraphrase-multilingual-MiniLM-L12-v2,1200,120,baseline_zh_core,中子,baseline,zh,30,8,0.7766282558441162,0.7718132138252258,0.6,2
sentence-transformers/paraphrase-multilingual-MiniLM-L12-v2,1200,120,baseline_zh_core,中子,baseline,zh,30,9,0.8142980337142944,0.7773939371109009,0.0,11
sentence-transformers/paraphrase-multilingual-MiniLM-L12-v2,1200,120,baseline_zh_core,中子,baseline,zh,35,0,0.8142980337142944,0.7779289484024048,0.0,11
sentence-transformers/paraphrase-multilingual-MiniLM-L12-v2,1200,120,baseline_zh_core,中子,baseline,zh,35,1,0.8142980337142944,0.7773939371109009,0.0,11
sentence-transformers/paraphrase-multilingual-MiniLM-L12-v2,1200,120,baseline_zh_core,中子,baseline,zh,35,2,0.7766282558441162,0.7718132138252258,0.5,2
sentence-transformers/paraphrase-multilingual-MiniLM-L12-v2,1200,120,baseline_zh_core,中子,baseline,zh,35,3,0.7766282558441162,0.7718132138252258,0.5,5
sentence-transformers/paraphrase-multilingual-MiniLM-L12-v2,1200,120,baseline_zh_core,中子,baseline,zh,35,4,0.8142980337142944,0.7779289484024048,0.0,11
sentence-transformers/paraphrase-multilingual-MiniLM-L12-v2,1200,120,baseline_zh_core,中子,baseline,zh,35,5,0.8142980337142944,0.7779289484024048,0.0,11
sentence-transformers/paraphrase-multilingual-MiniLM-L12-v2,1200,120,baseline_zh_core,中子,baseline,zh,35,6,0.7712782025337219,0.7712782621383667,0.7,1
sentence-transformers/paraphrase-multilingual-MiniLM-L12-v2,1200,120,baseline_zh_core,中子,baseline,zh,35,7,0.8142980337142944,0.7779289484024048,0.0,11
sentence-transformers/paraphrase-multilingual-MiniLM-L12-v2,1200,120,baseline_zh_core,中子,baseline,zh,35,8,0.7766282558441162,0.7718132138252258,0.6,2
sentence-transformers/paraphrase-multilingual-MiniLM-L12-v2,1200,120,baseline_zh_core,中子,baseline,zh,35,9,0.8142980337142944,0.7779289484024048,0.0,11
sentence-transformers/paraphrase-multilingual-MiniLM-L12-v2,1200,120,baseline_zh_core,中子,baseline,zh,40,0,0.8142980337142944,0.7773939371109009,0.1,10
sentence-transformers/paraphrase-multilingual-MiniLM-L12-v2,1200,120,baseline_zh_core,中子,baseline,zh,40,1,0.8142980337142944,0.7779289484024048,0.0,11
sentence-transformers/paraphrase-multilingual-MiniLM-L12-v2,1200,120,baseline_zh_core,中子,baseline,zh,40,2,0.7766282558441162,0.7718132138252258,0.5,3
sentence-transformers/paraphrase-multilingual-MiniLM-L12-v2,1200,120,baseline_zh_core,中子,baseline,zh,40,3,0.8142980337142944,0.7779289484024048,0.0,11
sentence-transformers/paraphrase-multilingual-MiniLM-L12-v2,1200,120,baseline_zh_core,中子,baseline,zh,40,4,0.8142980337142944,0.7779289484024048,0.0,11
sentence-transformers/paraphrase-multilingual-MiniLM-L12-v2,1200,120,baseline_zh_core,中子,baseline,zh,40,5,0.7766282558441162,0.7718132138252258,0.6,2
sentence-transformers/paraphrase-multilingual-MiniLM-L12-v2,1200,120,baseline_zh_core,中子,baseline,zh,40,6,0.8142980337142944,0.7779289484024048,0.0,11
sentence-transformers/paraphrase-multilingual-MiniLM-L12-v2,1200,120,baseline_zh_core,中子,baseline,zh,40,7,0.8142980337142944,0.7779289484024048,0.0,11
sentence-transformers/paraphrase-multilingual-MiniLM-L12-v2,1200,120,baseline_zh_core,中子,baseline,zh,40,8,0.7766282558441162,0.7718132138252258,0.5,2
sentence-transformers/paraphrase-multilingual-MiniLM-L12-v2,1200,120,baseline_zh_core,中子,baseline,zh,40,9,0.7766282558441162,0.7718132138252258,0.5,2
sentence-transformers/paraphrase-multilingual-MiniLM-L12-v2,1200,120,baseline_zh_core,中子,baseline,zh,45,0,0.8142980337142944,0.7779289484024048,0.0,11
sentence-transformers/paraphrase-multilingual-MiniLM-L12-v2,1200,120,baseline_zh_core,中子,baseline,zh,45,1,0.8142980337142944,0.7779289484024048,0.0,11
sentence-transformers/paraphrase-multilingual-MiniLM-L12-v2,1200,120,baseline_zh_core,中子,baseline,zh,45,2,0.8142980337142944,0.7779289484024048,0.0,11
sentence-transformers/paraphrase-multilingual-MiniLM-L12-v2,1200,120,baseline_zh_core,中子,baseline,zh,45,3,0.8142980337142944,0.7779289484024048,0.0,11
sentence-transformers/paraphrase-multilingual-MiniLM-L12-v2,1200,120,baseline_zh_core,中子,baseline,zh,45,4,0.8142980337142944,0.7779289484024048,0.0,11
sentence-transformers/paraphrase-multilingual-MiniLM-L12-v2,1200,120,baseline_zh_core,中子,baseline,zh,45,5,0.8142980337142944,0.7779289484024048,0.0,11
sentence-transformers/paraphrase-multilingual-MiniLM-L12-v2,1200,120,baseline_zh_core,中子,baseline,zh,45,6,0.8142980337142944,0.7779289484024048,0.0,11
sentence-transformers/paraphrase-multilingual-MiniLM-L12-v2,1200,120,baseline_zh_core,中子,baseline,zh,45,7,0.8142980337142944,0.7779289484024048,0.0,11
sentence-transformers/paraphrase-multilingual-MiniLM-L12-v2,1200,120,baseline_zh_core,中子,baseline,zh,45,8,0.8142980337142944,0.7779289484024048,0.0,11
sentence-transformers/paraphrase-multilingual-MiniLM-L12-v2,1200,120,baseline_zh_core,中子,baseline,zh,45,9,0.8142980337142944,0.7779289484024048,0.0,11
sentence-transformers/paraphrase-multilingual-MiniLM-L12-v2,1200,120,baseline_zh_core,中子,baseline,zh,50,0,0.8142980337142944,0.7779289484024048,0.0,11
sentence-transformers/paraphrase-multilingual-MiniLM-L12-v2,1200,120,baseline_zh_core,中子,baseline,zh,50,1,0.8142980337142944,0.7779289484024048,0.0,11
sentence-transformers/paraphrase-multilingual-MiniLM-L12-v2,1200,120,baseline_zh_core,中子,baseline,zh,50,2,0.8142980337142944,0.7779289484024048,0.0,11
sentence-transformers/paraphrase-multilingual-MiniLM-L12-v2,1200,120,baseline_zh_core,中子,baseline,zh,50,3,0.8142980337142944,0.7773939371109009,0.0,11
sentence-transformers/paraphrase-multilingual-MiniLM-L12-v2,1200,120,baseline_zh_core,中子,baseline,zh,50,4,0.8142980337142944,0.7779289484024048,0.0,11
sentence-transformers/paraphrase-multilingual-MiniLM-L12-v2,1200,120,baseline_zh_core,中子,baseline,zh,50,5,0.8142980337142944,0.7779289484024048,0.0,11
sentence-transformers/paraphrase-multilingual-MiniLM-L12-v2,1200,120,baseline_zh_core,中子,baseline,zh,50,6,0.8142980337142944,0.7779289484024048,0.0,11
sentence-transformers/paraphrase-multilingual-MiniLM-L12-v2,1200,120,baseline_zh_core,中子,baseline,zh,50,7,0.8142980337142944,0.7779289484024048,0.0,11
sentence-transformers/paraphrase-multilingual-MiniLM-L12-v2,1200,120,baseline_zh_core,中子,baseline,zh,50,8,0.8142980337142944,0.7779289484024048,0.0,11
sentence-transformers/paraphrase-multilingual-MiniLM-L12-v2,1200,120,baseline_zh_core,中子,baseline,zh,50,9,0.8142980337142944,0.7779289484024048,0.0,11
sentence-transformers/paraphrase-multilingual-MiniLM-L12-v2,1200,120,baseline_zh_core,中子,baseline,zh,51,0,0.8142980337142944,0.7779289484024048,0.0,11
sentence-transformers/paraphrase-multilingual-MiniLM-L12-v2,1200,120,baseline_zh_core,中子,baseline,zh,51,1,0.8142980337142944,0.7779289484024048,0.0,11
sentence-transformers/paraphrase-multilingual-MiniLM-L12-v2,1200,120,baseline_zh_core,中子,baseline,zh,51,2,0.8142980337142944,0.7779289484024048,0.0,11
sentence-transformers/paraphrase-multilingual-MiniLM-L12-v2,1200,120,baseline_zh_core,中子,baseline,zh,51,3,0.8142980337142944,0.7779289484024048,0.0,11
sentence-transformers/paraphrase-multilingual-MiniLM-L12-v2,1200,120,baseline_zh_core,中子,baseline,zh,51,4,0.8142980337142944,0.7779289484024048,0.0,11
sentence-transformers/paraphrase-multilingual-MiniLM-L12-v2,1200,120,baseline_zh_core,中子,baseline,zh,51,5,0.8142980337142944,0.7779289484024048,0.0,11
sentence-transformers/paraphrase-multilingual-MiniLM-L12-v2,1200,120,baseline_zh_core,中子,baseline,zh,51,6,0.8142980337142944,0.7779289484024048,0.0,11
sentence-transformers/paraphrase-multilingual-MiniLM-L12-v2,1200,120,baseline_zh_core,中子,baseline,zh,51,7,0.8142980337142944,0.7779289484024048,0.0,11
sentence-transformers/paraphrase-multilingual-MiniLM-L12-v2,1200,120,baseline_zh_core,中子,baseline,zh,51,8,0.8142980337142944,0.7779289484024048,0.0,11
sentence-transformers/paraphrase-multilingual-MiniLM-L12-v2,1200,120,baseline_zh_core,中子,baseline,zh,51,9,0.8142980337142944,0.7779289484024048,0.0,11
sentence-transformers/paraphrase-multilingual-MiniLM-L12-v2,1200,120,baseline_en_core,neutron,baseline,en,0,0,0.7239671349525452,0.6211274266242981,1.0,1
sentence-transformers/paraphrase-multilingual-MiniLM-L12-v2,1200,120,baseline_en_core,neutron,baseline,en,5,0,0.7239671349525452,0.6249368786811829,0.9,1
sentence-transformers/paraphrase-multilingual-MiniLM-L12-v2,1200,120,baseline_en_core,neutron,baseline,en,5,1,0.7239671349525452,0.6570905447006226,0.3,1
sentence-transformers/paraphrase-multilingual-MiniLM-L12-v2,1200,120,baseline_en_core,neutron,baseline,en,5,2,0.7239671349525452,0.6211274266242981,1.0,1
sentence-transformers/paraphrase-multilingual-MiniLM-L12-v2,1200,120,baseline_en_core,neutron,baseline,en,5,3,0.7239671349525452,0.6770018935203552,0.1,1
sentence-transformers/paraphrase-multilingual-MiniLM-L12-v2,1200,120,baseline_en_core,neutron,baseline,en,5,4,0.7239671349525452,0.633130669593811,0.7,1
sentence-transformers/paraphrase-multilingual-MiniLM-L12-v2,1200,120,baseline_en_core,neutron,baseline,en,5,5,0.7239671349525452,0.6266577243804932,0.7,1
sentence-transformers/paraphrase-multilingual-MiniLM-L12-v2,1200,120,baseline_en_core,neutron,baseline,en,5,6,0.7239671349525452,0.632960855960846,0.7,1
sentence-transformers/paraphrase-multilingual-MiniLM-L12-v2,1200,120,baseline_en_core,neutron,baseline,en,5,7,0.7239671349525452,0.6371743083000183,0.8,1
sentence-transformers/paraphrase-multilingual-MiniLM-L12-v2,1200,120,baseline_en_core,neutron,baseline,en,5,8,0.7239671349525452,0.6211274266242981,1.0,1
sentence-transformers/paraphrase-multilingual-MiniLM-L12-v2,1200,120,baseline_en_core,neutron,baseline,en,5,9,0.7239671349525452,0.6855147480964661,0.1,1
sentence-transformers/paraphrase-multilingual-MiniLM-L12-v2,1200,120,baseline_en_core,neutron,baseline,en,10,0,0.7239671349525452,0.6686992645263672,0.2,1
sentence-transformers/paraphrase-multilingual-MiniLM-L12-v2,1200,120,baseline_en_core,neutron,baseline,en,10,1,0.7239671349525452,0.6308581233024597,0.7,1
sentence-transformers/paraphrase-multilingual-MiniLM-L12-v2,1200,120,baseline_en_core,neutron,baseline,en,10,2,0.7239671349525452,0.6855147480964661,0.1,1
sentence-transformers/paraphrase-multilingual-MiniLM-L12-v2,1200,120,baseline_en_core,neutron,baseline,en,10,3,0.7239671349525452,0.6357008218765259,0.6,1
sentence-transformers/paraphrase-multilingual-MiniLM-L12-v2,1200,120,baseline_en_core,neutron,baseline,en,10,4,0.7239671349525452,0.6445032358169556,0.6,1
sentence-transformers/paraphrase-multilingual-MiniLM-L12-v2,1200,120,baseline_en_core,neutron,baseline,en,10,5,0.7239671349525452,0.6805019378662109,0.1,1
sentence-transformers/paraphrase-multilingual-MiniLM-L12-v2,1200,120,baseline_en_core,neutron,baseline,en,10,6,0.7239671349525452,0.6641478538513184,0.2,1
sentence-transformers/paraphrase-multilingual-MiniLM-L12-v2,1200,120,baseline_en_core,neutron,baseline,en,10,7,0.7239671349525452,0.6770018935203552,0.1,1
sentence-transformers/paraphrase-multilingual-MiniLM-L12-v2,1200,120,baseline_en_core,neutron,baseline,en,10,8,0.7239671349525452,0.6351280212402344,0.6,1
sentence-transformers/paraphrase-multilingual-MiniLM-L12-v2,1200,120,baseline_en_core,neutron,baseline,en,10,9,0.7239671349525452,0.6387240886688232,0.6,1
sentence-transformers/paraphrase-multilingual-MiniLM-L12-v2,1200,120,baseline_en_core,neutron,baseline,en,15,0,0.7239671349525452,0.6598483920097351,0.3,1
sentence-transformers/paraphrase-multilingual-MiniLM-L12-v2,1200,120,baseline_en_core,neutron,baseline,en,15,1,0.7239671349525452,0.6770018935203552,0.1,1
sentence-transformers/paraphrase-multilingual-MiniLM-L12-v2,1200,120,baseline_en_core,neutron,baseline,en,15,2,0.7239671349525452,0.6457768678665161,0.5,1
sentence-transformers/paraphrase-multilingual-MiniLM-L12-v2,1200,120,baseline_en_core,neutron,baseline,en,15,3,0.7239671349525452,0.644517183303833,0.6,1
sentence-transformers/paraphrase-multilingual-MiniLM-L12-v2,1200,120,baseline_en_core,neutron,baseline,en,15,4,0.7239671349525452,0.6770018935203552,0.1,1
sentence-transformers/paraphrase-multilingual-MiniLM-L12-v2,1200,120,baseline_en_core,neutron,baseline,en,15,5,0.7239671349525452,0.6400449872016907,0.4,1
sentence-transformers/paraphrase-multilingual-MiniLM-L12-v2,1200,120,baseline_en_core,neutron,baseline,en,15,6,0.7239671349525452,0.6399359107017517,0.5,1
sentence-transformers/paraphrase-multilingual-MiniLM-L12-v2,1200,120,baseline_en_core,neutron,baseline,en,15,7,0.7239671349525452,0.6621441841125488,0.3,1
sentence-transformers/paraphrase-multilingual-MiniLM-L12-v2,1200,120,baseline_en_core,neutron,baseline,en,15,8,0.7239671349525452,0.6770018935203552,0.1,1
sentence-transformers/paraphrase-multilingual-MiniLM-L12-v2,1200,120,baseline_en_core,neutron,baseline,en,15,9,0.7239671349525452,0.623517632484436,0.9,1
sentence-transformers/paraphrase-multilingual-MiniLM-L12-v2,1200,120,baseline_en_core,neutron,baseline,en,20,0,0.7239671349525452,0.6472414135932922,0.4,1
sentence-transformers/paraphrase-multilingual-MiniLM-L12-v2,1200,120,baseline_en_core,neutron,baseline,en,20,1,0.7239671349525452,0.6365885734558105,0.5,1
sentence-transformers/paraphrase-multilingual-MiniLM-L12-v2,1200,120,baseline_en_core,neutron,baseline,en,20,2,0.7239671349525452,0.6885464787483215,0.1,1
sentence-transformers/paraphrase-multilingual-MiniLM-L12-v2,1200,120,baseline_en_core,neutron,baseline,en,20,3,0.7239671349525452,0.6855147480964661,0.1,1
sentence-transformers/paraphrase-multilingual-MiniLM-L12-v2,1200,120,baseline_en_core,neutron,baseline,en,20,4,0.7239671349525452,0.6354697942733765,0.6,1
sentence-transformers/paraphrase-multilingual-MiniLM-L12-v2,1200,120,baseline_en_core,neutron,baseline,en,20,5,0.7239671349525452,0.6598483920097351,0.3,1
sentence-transformers/paraphrase-multilingual-MiniLM-L12-v2,1200,120,baseline_en_core,neutron,baseline,en,20,6,0.7239671349525452,0.6885464787483215,0.1,1
sentence-transformers/paraphrase-multilingual-MiniLM-L12-v2,1200,120,baseline_en_core,neutron,baseline,en,20,7,0.7239671349525452,0.6429778337478638,0.4,1
sentence-transformers/paraphrase-multilingual-MiniLM-L12-v2,1200,120,baseline_en_core,neutron,baseline,en,20,8,0.7239671349525452,0.6885464787483215,0.1,1
sentence-transformers/paraphrase-multilingual-MiniLM-L12-v2,1200,120,baseline_en_core,neutron,baseline,en,20,9,0.7239671349525452,0.6626299619674683,0.2,1
sentence-transformers/paraphrase-multilingual-MiniLM-L12-v2,1200,120,baseline_en_core,neutron,baseline,en,25,0,0.7239671349525452,0.6512771844863892,0.4,1
sentence-transformers/paraphrase-multilingual-MiniLM-L12-v2,1200,120,baseline_en_core,neutron,baseline,en,25,1,0.7239671349525452,0.6885464787483215,0.1,1
sentence-transformers/paraphrase-multilingual-MiniLM-L12-v2,1200,120,baseline_en_core,neutron,baseline,en,25,2,0.7239671349525452,0.6705819368362427,0.2,1
sentence-transformers/paraphrase-multilingual-MiniLM-L12-v2,1200,120,baseline_en_core,neutron,baseline,en,25,3,0.7239671349525452,0.6400449872016907,0.4,1
sentence-transformers/paraphrase-multilingual-MiniLM-L12-v2,1200,120,baseline_en_core,neutron,baseline,en,25,4,0.7239671349525452,0.6885464787483215,0.1,1
sentence-transformers/paraphrase-multilingual-MiniLM-L12-v2,1200,120,baseline_en_core,neutron,baseline,en,25,5,0.7239671349525452,0.6805019378662109,0.1,1
sentence-transformers/paraphrase-multilingual-MiniLM-L12-v2,1200,120,baseline_en_core,neutron,baseline,en,25,6,0.7239671349525452,0.6805019378662109,0.1,1
sentence-transformers/paraphrase-multilingual-MiniLM-L12-v2,1200,120,baseline_en_core,neutron,baseline,en,25,7,0.7239671349525452,0.6420828104019165,0.4,1
sentence-transformers/paraphrase-multilingual-MiniLM-L12-v2,1200,120,baseline_en_core,neutron,baseline,en,25,8,0.7239671349525452,0.6664828062057495,0.2,1
sentence-transformers/paraphrase-multilingual-MiniLM-L12-v2,1200,120,baseline_en_core,neutron,baseline,en,25,9,0.7239671349525452,0.6855147480964661,0.1,1
sentence-transformers/paraphrase-multilingual-MiniLM-L12-v2,1200,120,baseline_en_core,neutron,baseline,en,30,0,0.7239671349525452,0.6805019378662109,0.1,1
sentence-transformers/paraphrase-multilingual-MiniLM-L12-v2,1200,120,baseline_en_core,neutron,baseline,en,30,1,0.7239671349525452,0.6419339179992676,0.5,1
sentence-transformers/paraphrase-multilingual-MiniLM-L12-v2,1200,120,baseline_en_core,neutron,baseline,en,30,2,0.7239671349525452,0.6855147480964661,0.1,1
sentence-transformers/paraphrase-multilingual-MiniLM-L12-v2,1200,120,baseline_en_core,neutron,baseline,en,30,3,0.7239671349525452,0.6855147480964661,0.1,1
sentence-transformers/paraphrase-multilingual-MiniLM-L12-v2,1200,120,baseline_en_core,neutron,baseline,en,30,4,0.7239671349525452,0.6770018935203552,0.1,1
sentence-transformers/paraphrase-multilingual-MiniLM-L12-v2,1200,120,baseline_en_core,neutron,baseline,en,30,5,0.7239671349525452,0.6855147480964661,0.1,1
sentence-transformers/paraphrase-multilingual-MiniLM-L12-v2,1200,120,baseline_en_core,neutron,baseline,en,30,6,0.7239671349525452,0.6805019378662109,0.1,1
sentence-transformers/paraphrase-multilingual-MiniLM-L12-v2,1200,120,baseline_en_core,neutron,baseline,en,30,7,0.7239671349525452,0.6522895097732544,0.4,1
sentence-transformers/paraphrase-multilingual-MiniLM-L12-v2,1200,120,baseline_en_core,neutron,baseline,en,30,8,0.7239671349525452,0.6885464787483215,0.1,1
sentence-transformers/paraphrase-multilingual-MiniLM-L12-v2,1200,120,baseline_en_core,neutron,baseline,en,30,9,0.7239671349525452,0.6664828062057495,0.2,1
sentence-transformers/paraphrase-multilingual-MiniLM-L12-v2,1200,120,baseline_en_core,neutron,baseline,en,35,0,0.7239671349525452,0.6855147480964661,0.1,1
sentence-transformers/paraphrase-multilingual-MiniLM-L12-v2,1200,120,baseline_en_core,neutron,baseline,en,35,1,0.7239671349525452,0.6491376757621765,0.4,1
sentence-transformers/paraphrase-multilingual-MiniLM-L12-v2,1200,120,baseline_en_core,neutron,baseline,en,35,2,0.7239671349525452,0.6805019378662109,0.1,1
sentence-transformers/paraphrase-multilingual-MiniLM-L12-v2,1200,120,baseline_en_core,neutron,baseline,en,35,3,0.7239671349525452,0.6855147480964661,0.1,1
sentence-transformers/paraphrase-multilingual-MiniLM-L12-v2,1200,120,baseline_en_core,neutron,baseline,en,35,4,0.7239671349525452,0.6497858166694641,0.4,1
sentence-transformers/paraphrase-multilingual-MiniLM-L12-v2,1200,120,baseline_en_core,neutron,baseline,en,35,5,0.7239671349525452,0.6805019378662109,0.1,1
sentence-transformers/paraphrase-multilingual-MiniLM-L12-v2,1200,120,baseline_en_core,neutron,baseline,en,35,6,0.7239671349525452,0.6529335975646973,0.2,1
sentence-transformers/paraphrase-multilingual-MiniLM-L12-v2,1200,120,baseline_en_core,neutron,baseline,en,35,7,0.7239671349525452,0.6770018935203552,0.1,1
sentence-transformers/paraphrase-multilingual-MiniLM-L12-v2,1200,120,baseline_en_core,neutron,baseline,en,35,8,0.7239671349525452,0.6664890050888062,0.2,1
sentence-transformers/paraphrase-multilingual-MiniLM-L12-v2,1200,120,baseline_en_core,neutron,baseline,en,35,9,0.7239671349525452,0.6885464787483215,0.1,1
sentence-transformers/paraphrase-multilingual-MiniLM-L12-v2,1200,120,baseline_en_core,neutron,baseline,en,40,0,0.7239671349525452,0.6855147480964661,0.1,1
sentence-transformers/paraphrase-multilingual-MiniLM-L12-v2,1200,120,baseline_en_core,neutron,baseline,en,40,1,0.7239671349525452,0.6855147480964661,0.1,1
sentence-transformers/paraphrase-multilingual-MiniLM-L12-v2,1200,120,baseline_en_core,neutron,baseline,en,40,2,0.7239671349525452,0.6885464787483215,0.1,1
sentence-transformers/paraphrase-multilingual-MiniLM-L12-v2,1200,120,baseline_en_core,neutron,baseline,en,40,3,0.7239671349525452,0.6805019378662109,0.1,1
sentence-transformers/paraphrase-multilingual-MiniLM-L12-v2,1200,120,baseline_en_core,neutron,baseline,en,40,4,0.7239671349525452,0.6664828062057495,0.2,1
sentence-transformers/paraphrase-multilingual-MiniLM-L12-v2,1200,120,baseline_en_core,neutron,baseline,en,40,5,0.7239671349525452,0.6885464787483215,0.1,1
sentence-transformers/paraphrase-multilingual-MiniLM-L12-v2,1200,120,baseline_en_core,neutron,baseline,en,40,6,0.7239671349525452,0.6855147480964661,0.1,1
sentence-transformers/paraphrase-multilingual-MiniLM-L12-v2,1200,120,baseline_en_core,neutron,baseline,en,40,7,0.7239671349525452,0.6805019378662109,0.1,1
sentence-transformers/paraphrase-multilingual-MiniLM-L12-v2,1200,120,baseline_en_core,neutron,baseline,en,40,8,0.7239671349525452,0.6855147480964661,0.1,1
sentence-transformers/paraphrase-multilingual-MiniLM-L12-v2,1200,120,baseline_en_core,neutron,baseline,en,40,9,0.7239671349525452,0.6885464787483215,0.1,1
sentence-transformers/paraphrase-multilingual-MiniLM-L12-v2,1200,120,baseline_en_core,neutron,baseline,en,45,0,0.7239671349525452,0.6855147480964661,0.1,1
sentence-transformers/paraphrase-multilingual-MiniLM-L12-v2,1200,120,baseline_en_core,neutron,baseline,en,45,1,0.7239671349525452,0.6885464787483215,0.1,1
sentence-transformers/paraphrase-multilingual-MiniLM-L12-v2,1200,120,baseline_en_core,neutron,baseline,en,45,2,0.7239671349525452,0.6885464787483215,0.1,1
sentence-transformers/paraphrase-multilingual-MiniLM-L12-v2,1200,120,baseline_en_core,neutron,baseline,en,45,3,0.7239671349525452,0.6885464787483215,0.1,1
sentence-transformers/paraphrase-multilingual-MiniLM-L12-v2,1200,120,baseline_en_core,neutron,baseline,en,45,4,0.7239671349525452,0.6885464787483215,0.1,1
sentence-transformers/paraphrase-multilingual-MiniLM-L12-v2,1200,120,baseline_en_core,neutron,baseline,en,45,5,0.7239671349525452,0.6855147480964661,0.1,1
sentence-transformers/paraphrase-multilingual-MiniLM-L12-v2,1200,120,baseline_en_core,neutron,baseline,en,45,6,0.7239671349525452,0.6855147480964661,0.1,1
sentence-transformers/paraphrase-multilingual-MiniLM-L12-v2,1200,120,baseline_en_core,neutron,baseline,en,45,7,0.7239671349525452,0.6855147480964661,0.1,1
sentence-transformers/paraphrase-multilingual-MiniLM-L12-v2,1200,120,baseline_en_core,neutron,baseline,en,45,8,0.7239671349525452,0.6885464787483215,0.1,1
sentence-transformers/paraphrase-multilingual-MiniLM-L12-v2,1200,120,baseline_en_core,neutron,baseline,en,45,9,0.7239671349525452,0.6885464787483215,0.1,1
sentence-transformers/paraphrase-multilingual-MiniLM-L12-v2,1200,120,baseline_en_core,neutron,baseline,en,50,0,0.7239671349525452,0.6885464787483215,0.1,1
sentence-transformers/paraphrase-multilingual-MiniLM-L12-v2,1200,120,baseline_en_core,neutron,baseline,en,50,1,0.7239671349525452,0.6855147480964661,0.1,1
sentence-transformers/paraphrase-multilingual-MiniLM-L12-v2,1200,120,baseline_en_core,neutron,baseline,en,50,2,0.7239671349525452,0.6885464787483215,0.1,1
sentence-transformers/paraphrase-multilingual-MiniLM-L12-v2,1200,120,baseline_en_core,neutron,baseline,en,50,3,0.7239671349525452,0.6885464787483215,0.1,1
sentence-transformers/paraphrase-multilingual-MiniLM-L12-v2,1200,120,baseline_en_core,neutron,baseline,en,50,4,0.7239671349525452,0.6855147480964661,0.1,1
sentence-transformers/paraphrase-multilingual-MiniLM-L12-v2,1200,120,baseline_en_core,neutron,baseline,en,50,5,0.7239671349525452,0.6885464787483215,0.1,1
sentence-transformers/paraphrase-multilingual-MiniLM-L12-v2,1200,120,baseline_en_core,neutron,baseline,en,50,6,0.7239671349525452,0.6885464787483215,0.1,1
sentence-transformers/paraphrase-multilingual-MiniLM-L12-v2,1200,120,baseline_en_core,neutron,baseline,en,50,7,0.7239671349525452,0.6885464787483215,0.1,1
sentence-transformers/paraphrase-multilingual-MiniLM-L12-v2,1200,120,baseline_en_core,neutron,baseline,en,50,8,0.7239671349525452,0.6885464787483215,0.1,1
sentence-transformers/paraphrase-multilingual-MiniLM-L12-v2,1200,120,baseline_en_core,neutron,baseline,en,50,9,0.7239671349525452,0.6705819368362427,0.2,1
sentence-transformers/paraphrase-multilingual-MiniLM-L12-v2,1200,120,baseline_en_core,neutron,baseline,en,51,0,0.7239671349525452,0.6885464787483215,0.1,1
sentence-transformers/paraphrase-multilingual-MiniLM-L12-v2,1200,120,baseline_en_core,neutron,baseline,en,51,1,0.7239671349525452,0.6885464787483215,0.1,1
sentence-transformers/paraphrase-multilingual-MiniLM-L12-v2,1200,120,baseline_en_core,neutron,baseline,en,51,2,0.7239671349525452,0.6885464787483215,0.1,1
sentence-transformers/paraphrase-multilingual-MiniLM-L12-v2,1200,120,baseline_en_core,neutron,baseline,en,51,3,0.7239671349525452,0.6885464787483215,0.1,1
sentence-transformers/paraphrase-multilingual-MiniLM-L12-v2,1200,120,baseline_en_core,neutron,baseline,en,51,4,0.7239671349525452,0.6885464787483215,0.1,1
sentence-transformers/paraphrase-multilingual-MiniLM-L12-v2,1200,120,baseline_en_core,neutron,baseline,en,51,5,0.7239671349525452,0.6885464787483215,0.1,1
sentence-transformers/paraphrase-multilingual-MiniLM-L12-v2,1200,120,baseline_en_core,neutron,baseline,en,51,6,0.7239671349525452,0.6885464787483215,0.1,1
sentence-transformers/paraphrase-multilingual-MiniLM-L12-v2,1200,120,baseline_en_core,neutron,baseline,en,51,7,0.7239671349525452,0.6885464787483215,0.1,1
sentence-transformers/paraphrase-multilingual-MiniLM-L12-v2,1200,120,baseline_en_core,neutron,baseline,en,51,8,0.7239671349525452,0.6885464787483215,0.1,1
sentence-transformers/paraphrase-multilingual-MiniLM-L12-v2,1200,120,baseline_en_core,neutron,baseline,en,51,9,0.7239671349525452,0.6885464787483215,0.1,1
sentence-transformers/paraphrase-multilingual-MiniLM-L12-v2,1200,120,baseline_zh_phrase,中子测量电流,baseline,zh,0,0,0.6408504843711853,0.6057105660438538,1.0,1
sentence-transformers/paraphrase-multilingual-MiniLM-L12-v2,1200,120,baseline_zh_phrase,中子测量电流,baseline,zh,5,0,0.6408504843711853,0.6057105660438538,1.0,1
sentence-transformers/paraphrase-multilingual-MiniLM-L12-v2,1200,120,baseline_zh_phrase,中子测量电流,baseline,zh,5,1,0.6658176183700562,0.6259375214576721,0.5,3
sentence-transformers/paraphrase-multilingual-MiniLM-L12-v2,1200,120,baseline_zh_phrase,中子测量电流,baseline,zh,5,2,0.6408504843711853,0.6057105660438538,1.0,1
sentence-transformers/paraphrase-multilingual-MiniLM-L12-v2,1200,120,baseline_zh_phrase,中子测量电流,baseline,zh,5,3,0.6408504843711853,0.6069998741149902,0.7,1
sentence-transformers/paraphrase-multilingual-MiniLM-L12-v2,1200,120,baseline_zh_phrase,中子测量电流,baseline,zh,5,4,0.6408504843711853,0.6107226014137268,0.8,1
sentence-transformers/paraphrase-multilingual-MiniLM-L12-v2,1200,120,baseline_zh_phrase,中子测量电流,baseline,zh,5,5,0.6658176183700562,0.6300699710845947,0.5,4
sentence-transformers/paraphrase-multilingual-MiniLM-L12-v2,1200,120,baseline_zh_phrase,中子测量电流,baseline,zh,5,6,0.6408504843711853,0.6071413159370422,0.8,1
sentence-transformers/paraphrase-multilingual-MiniLM-L12-v2,1200,120,baseline_zh_phrase,中子测量电流,baseline,zh,5,7,0.6510241031646729,0.6164734959602356,0.7,2
sentence-transformers/paraphrase-multilingual-MiniLM-L12-v2,1200,120,baseline_zh_phrase,中子测量电流,baseline,zh,5,8,0.6510241031646729,0.6164734959602356,0.7,2
sentence-transformers/paraphrase-multilingual-MiniLM-L12-v2,1200,120,baseline_zh_phrase,中子测量电流,baseline,zh,5,9,0.6508894562721252,0.6177784204483032,0.5,2
sentence-transformers/paraphrase-multilingual-MiniLM-L12-v2,1200,120,baseline_zh_phrase,中子测量电流,baseline,zh,10,0,0.6408504843711853,0.6078077554702759,0.8,1
sentence-transformers/paraphrase-multilingual-MiniLM-L12-v2,1200,120,baseline_zh_phrase,中子测量电流,baseline,zh,10,1,0.6508894562721252,0.6177784204483032,0.5,2
sentence-transformers/paraphrase-multilingual-MiniLM-L12-v2,1200,120,baseline_zh_phrase,中子测量电流,baseline,zh,10,2,0.6658176183700562,0.6259375214576721,0.5,3
sentence-transformers/paraphrase-multilingual-MiniLM-L12-v2,1200,120,baseline_zh_phrase,中子测量电流,baseline,zh,10,3,0.6658176183700562,0.6218803524971008,0.7,3
sentence-transformers/paraphrase-multilingual-MiniLM-L12-v2,1200,120,baseline_zh_phrase,中子测量电流,baseline,zh,10,4,0.6408504843711853,0.6066924333572388,0.9,1
sentence-transformers/paraphrase-multilingual-MiniLM-L12-v2,1200,120,baseline_zh_phrase,中子测量电流,baseline,zh,10,5,0.6408504843711853,0.6078077554702759,0.8,1
sentence-transformers/paraphrase-multilingual-MiniLM-L12-v2,1200,120,baseline_zh_phrase,中子测量电流,baseline,zh,10,6,0.6510241031646729,0.6246631145477295,0.5,3
sentence-transformers/paraphrase-multilingual-MiniLM-L12-v2,1200,120,baseline_zh_phrase,中子测量电流,baseline,zh,10,7,0.6658176183700562,0.6224092841148376,0.6,3
sentence-transformers/paraphrase-multilingual-MiniLM-L12-v2,1200,120,baseline_zh_phrase,中子测量电流,baseline,zh,10,8,0.6508894562721252,0.6256113648414612,0.4,3
sentence-transformers/paraphrase-multilingual-MiniLM-L12-v2,1200,120,baseline_zh_phrase,中子测量电流,baseline,zh,10,9,0.6473555564880371,0.6158586740493774,0.6,2
sentence-transformers/paraphrase-multilingual-MiniLM-L12-v2,1200,120,baseline_zh_phrase,中子测量电流,baseline,zh,15,0,0.6473555564880371,0.6202566623687744,0.5,2
sentence-transformers/paraphrase-multilingual-MiniLM-L12-v2,1200,120,baseline_zh_phrase,中子测量电流,baseline,zh,15,1,0.6408504843711853,0.6070513129234314,0.7,1
sentence-transformers/paraphrase-multilingual-MiniLM-L12-v2,1200,120,baseline_zh_phrase,中子测量电流,baseline,zh,15,2,0.6658176183700562,0.6394374966621399,0.2,5
sentence-transformers/paraphrase-multilingual-MiniLM-L12-v2,1200,120,baseline_zh_phrase,中子测量电流,baseline,zh,15,3,0.6658176183700562,0.6349980235099792,0.2,4
sentence-transformers/paraphrase-multilingual-MiniLM-L12-v2,1200,120,baseline_zh_phrase,中子测量电流,baseline,zh,15,4,0.6658176183700562,0.6230757832527161,0.6,3
sentence-transformers/paraphrase-multilingual-MiniLM-L12-v2,1200,120,baseline_zh_phrase,中子测量电流,baseline,zh,15,5,0.6408504843711853,0.6083210706710815,0.8,1
sentence-transformers/paraphrase-multilingual-MiniLM-L12-v2,1200,120,baseline_zh_phrase,中子测量电流,baseline,zh,15,6,0.6473555564880371,0.6148549914360046,0.8,2
sentence-transformers/paraphrase-multilingual-MiniLM-L12-v2,1200,120,baseline_zh_phrase,中子测量电流,baseline,zh,15,7,0.6658176183700562,0.6321784853935242,0.3,4
sentence-transformers/paraphrase-multilingual-MiniLM-L12-v2,1200,120,baseline_zh_phrase,中子测量电流,baseline,zh,15,8,0.6408504843711853,0.6059309244155884,0.9,1
sentence-transformers/paraphrase-multilingual-MiniLM-L12-v2,1200,120,baseline_zh_phrase,中子测量电流,baseline,zh,15,9,0.6658176183700562,0.6341939568519592,0.2,4
sentence-transformers/paraphrase-multilingual-MiniLM-L12-v2,1200,120,baseline_zh_phrase,中子测量电流,baseline,zh,20,0,0.6658176183700562,0.6262585520744324,0.4,3
sentence-transformers/paraphrase-multilingual-MiniLM-L12-v2,1200,120,baseline_zh_phrase,中子测量电流,baseline,zh,20,1,0.6508894562721252,0.6190773844718933,0.4,2
sentence-transformers/paraphrase-multilingual-MiniLM-L12-v2,1200,120,baseline_zh_phrase,中子测量电流,baseline,zh,20,2,0.6408504843711853,0.6117262840270996,0.6,1
sentence-transformers/paraphrase-multilingual-MiniLM-L12-v2,1200,120,baseline_zh_phrase,中子测量电流,baseline,zh,20,3,0.6510241031646729,0.6267343163490295,0.2,3
sentence-transformers/paraphrase-multilingual-MiniLM-L12-v2,1200,120,baseline_zh_phrase,中子测量电流,baseline,zh,20,4,0.6508894562721252,0.6257919073104858,0.3,3
sentence-transformers/paraphrase-multilingual-MiniLM-L12-v2,1200,120,baseline_zh_phrase,中子测量电流,baseline,zh,20,5,0.6658176183700562,0.6271055936813354,0.3,3
sentence-transformers/paraphrase-multilingual-MiniLM-L12-v2,1200,120,baseline_zh_phrase,中子测量电流,baseline,zh,20,6,0.6658176183700562,0.6343079805374146,0.2,4
sentence-transformers/paraphrase-multilingual-MiniLM-L12-v2,1200,120,baseline_zh_phrase,中子测量电流,baseline,zh,20,7,0.6658176183700562,0.6391304731369019,0.2,5
sentence-transformers/paraphrase-multilingual-MiniLM-L12-v2,1200,120,baseline_zh_phrase,中子测量电流,baseline,zh,20,8,0.6658176183700562,0.6394374966621399,0.2,5
sentence-transformers/paraphrase-multilingual-MiniLM-L12-v2,1200,120,baseline_zh_phrase,中子测量电流,baseline,zh,20,9,0.6510241031646729,0.6246631145477295,0.5,3
sentence-transformers/paraphrase-multilingual-MiniLM-L12-v2,1200,120,baseline_zh_phrase,中子测量电流,baseline,zh,25,0,0.6510241031646729,0.6295519471168518,0.2,3
sentence-transformers/paraphrase-multilingual-MiniLM-L12-v2,1200,120,baseline_zh_phrase,中子测量电流,baseline,zh,25,1,0.6658176183700562,0.6391304731369019,0.2,5
sentence-transformers/paraphrase-multilingual-MiniLM-L12-v2,1200,120,baseline_zh_phrase,中子测量电流,baseline,zh,25,2,0.6658176183700562,0.6260553598403931,0.4,3
sentence-transformers/paraphrase-multilingual-MiniLM-L12-v2,1200,120,baseline_zh_phrase,中子测量电流,baseline,zh,25,3,0.6658176183700562,0.6383263468742371,0.2,5
sentence-transformers/paraphrase-multilingual-MiniLM-L12-v2,1200,120,baseline_zh_phrase,中子测量电流,baseline,zh,25,4,0.6658176183700562,0.6387473344802856,0.2,5
sentence-transformers/paraphrase-multilingual-MiniLM-L12-v2,1200,120,baseline_zh_phrase,中子测量电流,baseline,zh,25,5,0.6508894562721252,0.6180994510650635,0.4,2
sentence-transformers/paraphrase-multilingual-MiniLM-L12-v2,1200,120,baseline_zh_phrase,中子测量电流,baseline,zh,25,6,0.6658176183700562,0.6262585520744324,0.4,3
sentence-transformers/paraphrase-multilingual-MiniLM-L12-v2,1200,120,baseline_zh_phrase,中子测量电流,baseline,zh,25,7,0.6658176183700562,0.6259375214576721,0.5,3
sentence-transformers/paraphrase-multilingual-MiniLM-L12-v2,1200,120,baseline_zh_phrase,中子测量电流,baseline,zh,25,8,0.6510241031646729,0.6216987371444702,0.3,2
sentence-transformers/paraphrase-multilingual-MiniLM-L12-v2,1200,120,baseline_zh_phrase,中子测量电流,baseline,zh,25,9,0.6510241031646729,0.6295519471168518,0.2,3
sentence-transformers/paraphrase-multilingual-MiniLM-L12-v2,1200,120,baseline_zh_phrase,中子测量电流,baseline,zh,30,0,0.6658176183700562,0.6432138681411743,0.2,6
sentence-transformers/paraphrase-multilingual-MiniLM-L12-v2,1200,120,baseline_zh_phrase,中子测量电流,baseline,zh,30,1,0.6658176183700562,0.6387473344802856,0.2,5
sentence-transformers/paraphrase-multilingual-MiniLM-L12-v2,1200,120,baseline_zh_phrase,中子测量电流,baseline,zh,30,2,0.6658176183700562,0.6394374966621399,0.2,5
sentence-transformers/paraphrase-multilingual-MiniLM-L12-v2,1200,120,baseline_zh_phrase,中子测量电流,baseline,zh,30,3,0.6658176183700562,0.6345819234848022,0.2,4
sentence-transformers/paraphrase-multilingual-MiniLM-L12-v2,1200,120,baseline_zh_phrase,中子测量电流,baseline,zh,30,4,0.6658176183700562,0.6432138681411743,0.2,6
sentence-transformers/paraphrase-multilingual-MiniLM-L12-v2,1200,120,baseline_zh_phrase,中子测量电流,baseline,zh,30,5,0.6658176183700562,0.6432138681411743,0.2,6
sentence-transformers/paraphrase-multilingual-MiniLM-L12-v2,1200,120,baseline_zh_phrase,中子测量电流,baseline,zh,30,6,0.6658176183700562,0.6259375214576721,0.5,3
sentence-transformers/paraphrase-multilingual-MiniLM-L12-v2,1200,120,baseline_zh_phrase,中子测量电流,baseline,zh,30,7,0.6508894562721252,0.6288617849349976,0.2,3
sentence-transformers/paraphrase-multilingual-MiniLM-L12-v2,1200,120,baseline_zh_phrase,中子测量电流,baseline,zh,30,8,0.6658176183700562,0.6383263468742371,0.2,5
sentence-transformers/paraphrase-multilingual-MiniLM-L12-v2,1200,120,baseline_zh_phrase,中子测量电流,baseline,zh,30,9,0.6658176183700562,0.6224092841148376,0.6,3
sentence-transformers/paraphrase-multilingual-MiniLM-L12-v2,1200,120,baseline_zh_phrase,中子测量电流,baseline,zh,35,0,0.6510241031646729,0.6295519471168518,0.2,3
sentence-transformers/paraphrase-multilingual-MiniLM-L12-v2,1200,120,baseline_zh_phrase,中子测量电流,baseline,zh,35,1,0.6658176183700562,0.6345819234848022,0.2,4
sentence-transformers/paraphrase-multilingual-MiniLM-L12-v2,1200,120,baseline_zh_phrase,中子测量电流,baseline,zh,35,2,0.6658176183700562,0.6387473344802856,0.2,5
sentence-transformers/paraphrase-multilingual-MiniLM-L12-v2,1200,120,baseline_zh_phrase,中子测量电流,baseline,zh,35,3,0.6658176183700562,0.6387473344802856,0.2,5
sentence-transformers/paraphrase-multilingual-MiniLM-L12-v2,1200,120,baseline_zh_phrase,中子测量电流,baseline,zh,35,4,0.6658176183700562,0.6349980235099792,0.2,4
sentence-transformers/paraphrase-multilingual-MiniLM-L12-v2,1200,120,baseline_zh_phrase,中子测量电流,baseline,zh,35,5,0.6658176183700562,0.6321392059326172,0.3,4
sentence-transformers/paraphrase-multilingual-MiniLM-L12-v2,1200,120,baseline_zh_phrase,中子测量电流,baseline,zh,35,6,0.6510241031646729,0.6282326579093933,0.3,3
sentence-transformers/paraphrase-multilingual-MiniLM-L12-v2,1200,120,baseline_zh_phrase,中子测量电流,baseline,zh,35,7,0.6508894562721252,0.6288617849349976,0.2,3
sentence-transformers/paraphrase-multilingual-MiniLM-L12-v2,1200,120,baseline_zh_phrase,中子测量电流,baseline,zh,35,8,0.6658176183700562,0.6341939568519592,0.2,4
sentence-transformers/paraphrase-multilingual-MiniLM-L12-v2,1200,120,baseline_zh_phrase,中子测量电流,baseline,zh,35,9,0.6658176183700562,0.6312380433082581,0.3,4
sentence-transformers/paraphrase-multilingual-MiniLM-L12-v2,1200,120,baseline_zh_phrase,中子测量电流,baseline,zh,40,0,0.6658176183700562,0.6432138681411743,0.2,6
sentence-transformers/paraphrase-multilingual-MiniLM-L12-v2,1200,120,baseline_zh_phrase,中子测量电流,baseline,zh,40,1,0.6658176183700562,0.6321411728858948,0.2,4
sentence-transformers/paraphrase-multilingual-MiniLM-L12-v2,1200,120,baseline_zh_phrase,中子测量电流,baseline,zh,40,2,0.6658176183700562,0.6432138681411743,0.2,6
sentence-transformers/paraphrase-multilingual-MiniLM-L12-v2,1200,120,baseline_zh_phrase,中子测量电流,baseline,zh,40,3,0.6658176183700562,0.6391304731369019,0.2,5
sentence-transformers/paraphrase-multilingual-MiniLM-L12-v2,1200,120,baseline_zh_phrase,中子测量电流,baseline,zh,40,4,0.6658176183700562,0.6387473344802856,0.2,5
sentence-transformers/paraphrase-multilingual-MiniLM-L12-v2,1200,120,baseline_zh_phrase,中子测量电流,baseline,zh,40,5,0.6658176183700562,0.6394374966621399,0.2,5
sentence-transformers/paraphrase-multilingual-MiniLM-L12-v2,1200,120,baseline_zh_phrase,中子测量电流,baseline,zh,40,6,0.6658176183700562,0.6432138681411743,0.2,6
sentence-transformers/paraphrase-multilingual-MiniLM-L12-v2,1200,120,baseline_zh_phrase,中子测量电流,baseline,zh,40,7,0.6658176183700562,0.6432138681411743,0.2,6
sentence-transformers/paraphrase-multilingual-MiniLM-L12-v2,1200,120,baseline_zh_phrase,中子测量电流,baseline,zh,40,8,0.6658176183700562,0.6432138681411743,0.2,6
sentence-transformers/paraphrase-multilingual-MiniLM-L12-v2,1200,120,baseline_zh_phrase,中子测量电流,baseline,zh,40,9,0.6510241031646729,0.634446918964386,0.2,4
sentence-transformers/paraphrase-multilingual-MiniLM-L12-v2,1200,120,baseline_zh_phrase,中子测量电流,baseline,zh,45,0,0.6510241031646729,0.634446918964386,0.2,4
sentence-transformers/paraphrase-multilingual-MiniLM-L12-v2,1200,120,baseline_zh_phrase,中子测量电流,baseline,zh,45,1,0.6658176183700562,0.6401752233505249,0.2,5
sentence-transformers/paraphrase-multilingual-MiniLM-L12-v2,1200,120,baseline_zh_phrase,中子测量电流,baseline,zh,45,2,0.6658176183700562,0.6432138681411743,0.2,6
sentence-transformers/paraphrase-multilingual-MiniLM-L12-v2,1200,120,baseline_zh_phrase,中子测量电流,baseline,zh,45,3,0.6658176183700562,0.6394374966621399,0.2,5
sentence-transformers/paraphrase-multilingual-MiniLM-L12-v2,1200,120,baseline_zh_phrase,中子测量电流,baseline,zh,45,4,0.6658176183700562,0.6432138681411743,0.2,6
sentence-transformers/paraphrase-multilingual-MiniLM-L12-v2,1200,120,baseline_zh_phrase,中子测量电流,baseline,zh,45,5,0.6658176183700562,0.6432138681411743,0.2,6
sentence-transformers/paraphrase-multilingual-MiniLM-L12-v2,1200,120,baseline_zh_phrase,中子测量电流,baseline,zh,45,6,0.6658176183700562,0.6432138681411743,0.2,6
sentence-transformers/paraphrase-multilingual-MiniLM-L12-v2,1200,120,baseline_zh_phrase,中子测量电流,baseline,zh,45,7,0.6658176183700562,0.6432138681411743,0.2,6
sentence-transformers/paraphrase-multilingual-MiniLM-L12-v2,1200,120,baseline_zh_phrase,中子测量电流,baseline,zh,45,8,0.6658176183700562,0.6432138681411743,0.2,6
sentence-transformers/paraphrase-multilingual-MiniLM-L12-v2,1200,120,baseline_zh_phrase,中子测量电流,baseline,zh,45,9,0.6658176183700562,0.6432138681411743,0.2,6
sentence-transformers/paraphrase-multilingual-MiniLM-L12-v2,1200,120,baseline_zh_phrase,中子测量电流,baseline,zh,50,0,0.6658176183700562,0.6432138681411743,0.2,6
sentence-transformers/paraphrase-multilingual-MiniLM-L12-v2,1200,120,baseline_zh_phrase,中子测量电流,baseline,zh,50,1,0.6658176183700562,0.6432138681411743,0.2,6
sentence-transformers/paraphrase-multilingual-MiniLM-L12-v2,1200,120,baseline_zh_phrase,中子测量电流,baseline,zh,50,2,0.6658176183700562,0.6432138681411743,0.2,6
sentence-transformers/paraphrase-multilingual-MiniLM-L12-v2,1200,120,baseline_zh_phrase,中子测量电流,baseline,zh,50,3,0.6510241031646729,0.634446918964386,0.2,4
sentence-transformers/paraphrase-multilingual-MiniLM-L12-v2,1200,120,baseline_zh_phrase,中子测量电流,baseline,zh,50,4,0.6658176183700562,0.6432138681411743,0.2,6
sentence-transformers/paraphrase-multilingual-MiniLM-L12-v2,1200,120,baseline_zh_phrase,中子测量电流,baseline,zh,50,5,0.6658176183700562,0.6432138681411743,0.2,6
sentence-transformers/paraphrase-multilingual-MiniLM-L12-v2,1200,120,baseline_zh_phrase,中子测量电流,baseline,zh,50,6,0.6658176183700562,0.6432138681411743,0.2,6
sentence-transformers/paraphrase-multilingual-MiniLM-L12-v2,1200,120,baseline_zh_phrase,中子测量电流,baseline,zh,50,7,0.6658176183700562,0.6432138681411743,0.2,6
sentence-transformers/paraphrase-multilingual-MiniLM-L12-v2,1200,120,baseline_zh_phrase,中子测量电流,baseline,zh,50,8,0.6658176183700562,0.6432138681411743,0.2,6
sentence-transformers/paraphrase-multilingual-MiniLM-L12-v2,1200,120,baseline_zh_phrase,中子测量电流,baseline,zh,50,9,0.6658176183700562,0.6432138681411743,0.2,6
sentence-transformers/paraphrase-multilingual-MiniLM-L12-v2,1200,120,baseline_zh_phrase,中子测量电流,baseline,zh,51,0,0.6658176183700562,0.6432138681411743,0.2,6
sentence-transformers/paraphrase-multilingual-MiniLM-L12-v2,1200,120,baseline_zh_phrase,中子测量电流,baseline,zh,51,1,0.6658176183700562,0.6432138681411743,0.2,6
sentence-transformers/paraphrase-multilingual-MiniLM-L12-v2,1200,120,baseline_zh_phrase,中子测量电流,baseline,zh,51,2,0.6658176183700562,0.6432138681411743,0.2,6
sentence-transformers/paraphrase-multilingual-MiniLM-L12-v2,1200,120,baseline_zh_phrase,中子测量电流,baseline,zh,51,3,0.6658176183700562,0.6432138681411743,0.2,6
sentence-transformers/paraphrase-multilingual-MiniLM-L12-v2,1200,120,baseline_zh_phrase,中子测量电流,baseline,zh,51,4,0.6658176183700562,0.6432138681411743,0.2,6
sentence-transformers/paraphrase-multilingual-MiniLM-L12-v2,1200,120,baseline_zh_phrase,中子测量电流,baseline,zh,51,5,0.6658176183700562,0.6432138681411743,0.2,6
sentence-transformers/paraphrase-multilingual-MiniLM-L12-v2,1200,120,baseline_zh_phrase,中子测量电流,baseline,zh,51,6,0.6658176183700562,0.6432138681411743,0.2,6
sentence-transformers/paraphrase-multilingual-MiniLM-L12-v2,1200,120,baseline_zh_phrase,中子测量电流,baseline,zh,51,7,0.6658176183700562,0.6432138681411743,0.2,6
sentence-transformers/paraphrase-multilingual-MiniLM-L12-v2,1200,120,baseline_zh_phrase,中子测量电流,baseline,zh,51,8,0.6658176183700562,0.6432138681411743,0.2,6
sentence-transformers/paraphrase-multilingual-MiniLM-L12-v2,1200,120,baseline_zh_phrase,中子测量电流,baseline,zh,51,9,0.6658176183700562,0.6432138681411743,0.2,6
sentence-transformers/paraphrase-multilingual-MiniLM-L12-v2,1200,120,baseline_en_phrase,neutron measurement current,baseline,en,0,0,0.7573634386062622,0.7155171632766724,1.0,1
sentence-transformers/paraphrase-multilingual-MiniLM-L12-v2,1200,120,baseline_en_phrase,neutron measurement current,baseline,en,5,0,0.7573634386062622,0.7155171632766724,1.0,1
sentence-transformers/paraphrase-multilingual-MiniLM-L12-v2,1200,120,baseline_en_phrase,neutron measurement current,baseline,en,5,1,0.7573634386062622,0.7248135805130005,0.7,1
sentence-transformers/paraphrase-multilingual-MiniLM-L12-v2,1200,120,baseline_en_phrase,neutron measurement current,baseline,en,5,2,0.7573634386062622,0.7155171632766724,1.0,1
sentence-transformers/paraphrase-multilingual-MiniLM-L12-v2,1200,120,baseline_en_phrase,neutron measurement current,baseline,en,5,3,0.7689729332923889,0.723236083984375,0.9,2
sentence-transformers/paraphrase-multilingual-MiniLM-L12-v2,1200,120,baseline_en_phrase,neutron measurement current,baseline,en,5,4,0.7573634386062622,0.7155171632766724,1.0,1
sentence-transformers/paraphrase-multilingual-MiniLM-L12-v2,1200,120,baseline_en_phrase,neutron measurement current,baseline,en,5,5,0.7573634386062622,0.7248135805130005,0.7,1
sentence-transformers/paraphrase-multilingual-MiniLM-L12-v2,1200,120,baseline_en_phrase,neutron measurement current,baseline,en,5,6,0.7573634386062622,0.7155171632766724,1.0,1
sentence-transformers/paraphrase-multilingual-MiniLM-L12-v2,1200,120,baseline_en_phrase,neutron measurement current,baseline,en,5,7,0.7573634386062622,0.7227464914321899,0.7,1
sentence-transformers/paraphrase-multilingual-MiniLM-L12-v2,1200,120,baseline_en_phrase,neutron measurement current,baseline,en,5,8,0.7573634386062622,0.7162343263626099,0.9,1
sentence-transformers/paraphrase-multilingual-MiniLM-L12-v2,1200,120,baseline_en_phrase,neutron measurement current,baseline,en,5,9,0.7573634386062622,0.7227464914321899,0.7,1
sentence-transformers/paraphrase-multilingual-MiniLM-L12-v2,1200,120,baseline_en_phrase,neutron measurement current,baseline,en,10,0,0.7573634386062622,0.7227464914321899,0.7,1
sentence-transformers/paraphrase-multilingual-MiniLM-L12-v2,1200,120,baseline_en_phrase,neutron measurement current,baseline,en,10,1,0.7689729332923889,0.7316577434539795,0.6,2
sentence-transformers/paraphrase-multilingual-MiniLM-L12-v2,1200,120,baseline_en_phrase,neutron measurement current,baseline,en,10,2,0.7573634386062622,0.7155171632766724,1.0,1
sentence-transformers/paraphrase-multilingual-MiniLM-L12-v2,1200,120,baseline_en_phrase,neutron measurement current,baseline,en,10,3,0.7573634386062622,0.7248135805130005,0.7,1
sentence-transformers/paraphrase-multilingual-MiniLM-L12-v2,1200,120,baseline_en_phrase,neutron measurement current,baseline,en,10,4,0.7689729332923889,0.7261912822723389,0.8,2
sentence-transformers/paraphrase-multilingual-MiniLM-L12-v2,1200,120,baseline_en_phrase,neutron measurement current,baseline,en,10,5,0.7689729332923889,0.7295907139778137,0.6,2
sentence-transformers/paraphrase-multilingual-MiniLM-L12-v2,1200,120,baseline_en_phrase,neutron measurement current,baseline,en,10,6,0.7689729332923889,0.7316577434539795,0.6,2
sentence-transformers/paraphrase-multilingual-MiniLM-L12-v2,1200,120,baseline_en_phrase,neutron measurement current,baseline,en,10,7,0.7573634386062622,0.7155171632766724,1.0,1
sentence-transformers/paraphrase-multilingual-MiniLM-L12-v2,1200,120,baseline_en_phrase,neutron measurement current,baseline,en,10,8,0.7573634386062622,0.7250765562057495,0.6,1
sentence-transformers/paraphrase-multilingual-MiniLM-L12-v2,1200,120,baseline_en_phrase,neutron measurement current,baseline,en,10,9,0.7573634386062622,0.7155171632766724,1.0,1
sentence-transformers/paraphrase-multilingual-MiniLM-L12-v2,1200,120,baseline_en_phrase,neutron measurement current,baseline,en,15,0,0.7689729332923889,0.7295907139778137,0.6,2
sentence-transformers/paraphrase-multilingual-MiniLM-L12-v2,1200,120,baseline_en_phrase,neutron measurement current,baseline,en,15,1,0.7689729332923889,0.7261912822723389,0.8,2
sentence-transformers/paraphrase-multilingual-MiniLM-L12-v2,1200,120,baseline_en_phrase,neutron measurement current,baseline,en,15,2,0.7573634386062622,0.715630292892456,0.9,1
sentence-transformers/paraphrase-multilingual-MiniLM-L12-v2,1200,120,baseline_en_phrase,neutron measurement current,baseline,en,15,3,0.7689729332923889,0.723236083984375,0.9,2
sentence-transformers/paraphrase-multilingual-MiniLM-L12-v2,1200,120,baseline_en_phrase,neutron measurement current,baseline,en,15,4,0.7573634386062622,0.7227464914321899,0.7,1
sentence-transformers/paraphrase-multilingual-MiniLM-L12-v2,1200,120,baseline_en_phrase,neutron measurement current,baseline,en,15,5,0.7573634386062622,0.715630292892456,0.9,1
sentence-transformers/paraphrase-multilingual-MiniLM-L12-v2,1200,120,baseline_en_phrase,neutron measurement current,baseline,en,15,6,0.7689729332923889,0.7261912822723389,0.8,2
sentence-transformers/paraphrase-multilingual-MiniLM-L12-v2,1200,120,baseline_en_phrase,neutron measurement current,baseline,en,15,7,0.7689729332923889,0.723236083984375,0.9,2
sentence-transformers/paraphrase-multilingual-MiniLM-L12-v2,1200,120,baseline_en_phrase,neutron measurement current,baseline,en,15,8,0.7573634386062622,0.7155171632766724,1.0,1
sentence-transformers/paraphrase-multilingual-MiniLM-L12-v2,1200,120,baseline_en_phrase,neutron measurement current,baseline,en,15,9,0.7689729332923889,0.723236083984375,0.9,2
sentence-transformers/paraphrase-multilingual-MiniLM-L12-v2,1200,120,baseline_en_phrase,neutron measurement current,baseline,en,20,0,0.7689729332923889,0.7334882020950317,0.5,2
sentence-transformers/paraphrase-multilingual-MiniLM-L12-v2,1200,120,baseline_en_phrase,neutron measurement current,baseline,en,20,1,0.7689729332923889,0.7237036824226379,0.8,2
sentence-transformers/paraphrase-multilingual-MiniLM-L12-v2,1200,120,baseline_en_phrase,neutron measurement current,baseline,en,20,2,0.7689729332923889,0.7334882020950317,0.5,2
sentence-transformers/paraphrase-multilingual-MiniLM-L12-v2,1200,120,baseline_en_phrase,neutron measurement current,baseline,en,20,3,0.7573634386062622,0.7248135805130005,0.7,1
sentence-transformers/paraphrase-multilingual-MiniLM-L12-v2,1200,120,baseline_en_phrase,neutron measurement current,baseline,en,20,4,0.7573634386062622,0.7162343263626099,0.9,1
sentence-transformers/paraphrase-multilingual-MiniLM-L12-v2,1200,120,baseline_en_phrase,neutron measurement current,baseline,en,20,5,0.7689729332923889,0.7295907139778137,0.6,2
sentence-transformers/paraphrase-multilingual-MiniLM-L12-v2,1200,120,baseline_en_phrase,neutron measurement current,baseline,en,20,6,0.7573634386062622,0.7162343263626099,0.9,1
sentence-transformers/paraphrase-multilingual-MiniLM-L12-v2,1200,120,baseline_en_phrase,neutron measurement current,baseline,en,20,7,0.7689729332923889,0.7295907139778137,0.6,2
sentence-transformers/paraphrase-multilingual-MiniLM-L12-v2,1200,120,baseline_en_phrase,neutron measurement current,baseline,en,20,8,0.7573634386062622,0.7227464914321899,0.7,1
sentence-transformers/paraphrase-multilingual-MiniLM-L12-v2,1200,120,baseline_en_phrase,neutron measurement current,baseline,en,20,9,0.7689729332923889,0.7265276908874512,0.7,2
sentence-transformers/paraphrase-multilingual-MiniLM-L12-v2,1200,120,baseline_en_phrase,neutron measurement current,baseline,en,25,0,0.7573634386062622,0.7191895246505737,0.8,1
sentence-transformers/paraphrase-multilingual-MiniLM-L12-v2,1200,120,baseline_en_phrase,neutron measurement current,baseline,en,25,1,0.7689729332923889,0.7316577434539795,0.6,2
sentence-transformers/paraphrase-multilingual-MiniLM-L12-v2,1200,120,baseline_en_phrase,neutron measurement current,baseline,en,25,2,0.7689729332923889,0.7295907139778137,0.6,2
sentence-transformers/paraphrase-multilingual-MiniLM-L12-v2,1200,120,baseline_en_phrase,neutron measurement current,baseline,en,25,3,0.7573634386062622,0.7155171632766724,1.0,1
sentence-transformers/paraphrase-multilingual-MiniLM-L12-v2,1200,120,baseline_en_phrase,neutron measurement current,baseline,en,25,4,0.7573634386062622,0.7227464914321899,0.7,1
sentence-transformers/paraphrase-multilingual-MiniLM-L12-v2,1200,120,baseline_en_phrase,neutron measurement current,baseline,en,25,5,0.7573634386062622,0.7248135805130005,0.7,1
sentence-transformers/paraphrase-multilingual-MiniLM-L12-v2,1200,120,baseline_en_phrase,neutron measurement current,baseline,en,25,6,0.7573634386062622,0.7250765562057495,0.6,1
sentence-transformers/paraphrase-multilingual-MiniLM-L12-v2,1200,120,baseline_en_phrase,neutron measurement current,baseline,en,25,7,0.7689729332923889,0.7334882020950317,0.5,2
sentence-transformers/paraphrase-multilingual-MiniLM-L12-v2,1200,120,baseline_en_phrase,neutron measurement current,baseline,en,25,8,0.7573634386062622,0.7271435856819153,0.6,1
sentence-transformers/paraphrase-multilingual-MiniLM-L12-v2,1200,120,baseline_en_phrase,neutron measurement current,baseline,en,25,9,0.7573634386062622,0.7304049730300903,0.4,1
sentence-transformers/paraphrase-multilingual-MiniLM-L12-v2,1200,120,baseline_en_phrase,neutron measurement current,baseline,en,30,0,0.7573634386062622,0.7250765562057495,0.6,1
sentence-transformers/paraphrase-multilingual-MiniLM-L12-v2,1200,120,baseline_en_phrase,neutron measurement current,baseline,en,30,1,0.7689729332923889,0.7318264245986938,0.6,2
sentence-transformers/paraphrase-multilingual-MiniLM-L12-v2,1200,120,baseline_en_phrase,neutron measurement current,baseline,en,30,2,0.7689729332923889,0.7318264245986938,0.6,2
sentence-transformers/paraphrase-multilingual-MiniLM-L12-v2,1200,120,baseline_en_phrase,neutron measurement current,baseline,en,30,3,0.7689729332923889,0.7318264245986938,0.6,2
sentence-transformers/paraphrase-multilingual-MiniLM-L12-v2,1200,120,baseline_en_phrase,neutron measurement current,baseline,en,30,4,0.7689729332923889,0.7295907139778137,0.6,2
sentence-transformers/paraphrase-multilingual-MiniLM-L12-v2,1200,120,baseline_en_phrase,neutron measurement current,baseline,en,30,5,0.7689729332923889,0.735509991645813,0.4,2
sentence-transformers/paraphrase-multilingual-MiniLM-L12-v2,1200,120,baseline_en_phrase,neutron measurement current,baseline,en,30,6,0.7689729332923889,0.7261912822723389,0.8,2
sentence-transformers/paraphrase-multilingual-MiniLM-L12-v2,1200,120,baseline_en_phrase,neutron measurement current,baseline,en,30,7,0.7689729332923889,0.734919011592865,0.4,2
sentence-transformers/paraphrase-multilingual-MiniLM-L12-v2,1200,120,baseline_en_phrase,neutron measurement current,baseline,en,30,8,0.7689729332923889,0.7318264245986938,0.6,2
sentence-transformers/paraphrase-multilingual-MiniLM-L12-v2,1200,120,baseline_en_phrase,neutron measurement current,baseline,en,30,9,0.7689729332923889,0.7318264245986938,0.6,2
sentence-transformers/paraphrase-multilingual-MiniLM-L12-v2,1200,120,baseline_en_phrase,neutron measurement current,baseline,en,35,0,0.7689729332923889,0.734919011592865,0.4,2
sentence-transformers/paraphrase-multilingual-MiniLM-L12-v2,1200,120,baseline_en_phrase,neutron measurement current,baseline,en,35,1,0.7689729332923889,0.723236083984375,0.9,2
sentence-transformers/paraphrase-multilingual-MiniLM-L12-v2,1200,120,baseline_en_phrase,neutron measurement current,baseline,en,35,2,0.7689729332923889,0.7318264245986938,0.6,2
sentence-transformers/paraphrase-multilingual-MiniLM-L12-v2,1200,120,baseline_en_phrase,neutron measurement current,baseline,en,35,3,0.7573634386062622,0.7248135805130005,0.7,1
sentence-transformers/paraphrase-multilingual-MiniLM-L12-v2,1200,120,baseline_en_phrase,neutron measurement current,baseline,en,35,4,0.7689729332923889,0.735509991645813,0.4,2
sentence-transformers/paraphrase-multilingual-MiniLM-L12-v2,1200,120,baseline_en_phrase,neutron measurement current,baseline,en,35,5,0.7573634386062622,0.7304049730300903,0.4,1
sentence-transformers/paraphrase-multilingual-MiniLM-L12-v2,1200,120,baseline_en_phrase,neutron measurement current,baseline,en,35,6,0.7689729332923889,0.734919011592865,0.4,2
sentence-transformers/paraphrase-multilingual-MiniLM-L12-v2,1200,120,baseline_en_phrase,neutron measurement current,baseline,en,35,7,0.7689729332923889,0.735509991645813,0.4,2
sentence-transformers/paraphrase-multilingual-MiniLM-L12-v2,1200,120,baseline_en_phrase,neutron measurement current,baseline,en,35,8,0.7689729332923889,0.7318264245986938,0.6,2
sentence-transformers/paraphrase-multilingual-MiniLM-L12-v2,1200,120,baseline_en_phrase,neutron measurement current,baseline,en,35,9,0.7689729332923889,0.7295907139778137,0.6,2
sentence-transformers/paraphrase-multilingual-MiniLM-L12-v2,1200,120,baseline_en_phrase,neutron measurement current,baseline,en,40,0,0.7573634386062622,0.7250765562057495,0.6,1
sentence-transformers/paraphrase-multilingual-MiniLM-L12-v2,1200,120,baseline_en_phrase,neutron measurement current,baseline,en,40,1,0.7573634386062622,0.7304049730300903,0.4,1
sentence-transformers/paraphrase-multilingual-MiniLM-L12-v2,1200,120,baseline_en_phrase,neutron measurement current,baseline,en,40,2,0.7573634386062622,0.7304049730300903,0.4,1
sentence-transformers/paraphrase-multilingual-MiniLM-L12-v2,1200,120,baseline_en_phrase,neutron measurement current,baseline,en,40,3,0.7689729332923889,0.735509991645813,0.4,2
sentence-transformers/paraphrase-multilingual-MiniLM-L12-v2,1200,120,baseline_en_phrase,neutron measurement current,baseline,en,40,4,0.7573634386062622,0.7271435856819153,0.6,1
sentence-transformers/paraphrase-multilingual-MiniLM-L12-v2,1200,120,baseline_en_phrase,neutron measurement current,baseline,en,40,5,0.7689729332923889,0.734919011592865,0.4,2
sentence-transformers/paraphrase-multilingual-MiniLM-L12-v2,1200,120,baseline_en_phrase,neutron measurement current,baseline,en,40,6,0.7689729332923889,0.735509991645813,0.4,2
sentence-transformers/paraphrase-multilingual-MiniLM-L12-v2,1200,120,baseline_en_phrase,neutron measurement current,baseline,en,40,7,0.7689729332923889,0.734919011592865,0.4,2
sentence-transformers/paraphrase-multilingual-MiniLM-L12-v2,1200,120,baseline_en_phrase,neutron measurement current,baseline,en,40,8,0.7689729332923889,0.735509991645813,0.4,2
sentence-transformers/paraphrase-multilingual-MiniLM-L12-v2,1200,120,baseline_en_phrase,neutron measurement current,baseline,en,40,9,0.7689729332923889,0.735509991645813,0.4,2
sentence-transformers/paraphrase-multilingual-MiniLM-L12-v2,1200,120,baseline_en_phrase,neutron measurement current,baseline,en,45,0,0.7689729332923889,0.735509991645813,0.4,2
sentence-transformers/paraphrase-multilingual-MiniLM-L12-v2,1200,120,baseline_en_phrase,neutron measurement current,baseline,en,45,1,0.7689729332923889,0.735509991645813,0.4,2
sentence-transformers/paraphrase-multilingual-MiniLM-L12-v2,1200,120,baseline_en_phrase,neutron measurement current,baseline,en,45,2,0.7689729332923889,0.734919011592865,0.4,2
sentence-transformers/paraphrase-multilingual-MiniLM-L12-v2,1200,120,baseline_en_phrase,neutron measurement current,baseline,en,45,3,0.7689729332923889,0.7316577434539795,0.6,2
sentence-transformers/paraphrase-multilingual-MiniLM-L12-v2,1200,120,baseline_en_phrase,neutron measurement current,baseline,en,45,4,0.7689729332923889,0.735509991645813,0.4,2
sentence-transformers/paraphrase-multilingual-MiniLM-L12-v2,1200,120,baseline_en_phrase,neutron measurement current,baseline,en,45,5,0.7573634386062622,0.7271435856819153,0.6,1
sentence-transformers/paraphrase-multilingual-MiniLM-L12-v2,1200,120,baseline_en_phrase,neutron measurement current,baseline,en,45,6,0.7573634386062622,0.7191895246505737,0.8,1
sentence-transformers/paraphrase-multilingual-MiniLM-L12-v2,1200,120,baseline_en_phrase,neutron measurement current,baseline,en,45,7,0.7689729332923889,0.734919011592865,0.4,2
sentence-transformers/paraphrase-multilingual-MiniLM-L12-v2,1200,120,baseline_en_phrase,neutron measurement current,baseline,en,45,8,0.7573634386062622,0.7304049730300903,0.4,1
sentence-transformers/paraphrase-multilingual-MiniLM-L12-v2,1200,120,baseline_en_phrase,neutron measurement current,baseline,en,45,9,0.7573634386062622,0.7304049730300903,0.4,1
sentence-transformers/paraphrase-multilingual-MiniLM-L12-v2,1200,120,baseline_en_phrase,neutron measurement current,baseline,en,50,0,0.7689729332923889,0.735509991645813,0.4,2
sentence-transformers/paraphrase-multilingual-MiniLM-L12-v2,1200,120,baseline_en_phrase,neutron measurement current,baseline,en,50,1,0.7689729332923889,0.734919011592865,0.4,2
sentence-transformers/paraphrase-multilingual-MiniLM-L12-v2,1200,120,baseline_en_phrase,neutron measurement current,baseline,en,50,2,0.7689729332923889,0.735509991645813,0.4,2
sentence-transformers/paraphrase-multilingual-MiniLM-L12-v2,1200,120,baseline_en_phrase,neutron measurement current,baseline,en,50,3,0.7689729332923889,0.735509991645813,0.4,2
sentence-transformers/paraphrase-multilingual-MiniLM-L12-v2,1200,120,baseline_en_phrase,neutron measurement current,baseline,en,50,4,0.7689729332923889,0.735509991645813,0.4,2
sentence-transformers/paraphrase-multilingual-MiniLM-L12-v2,1200,120,baseline_en_phrase,neutron measurement current,baseline,en,50,5,0.7689729332923889,0.735509991645813,0.4,2
sentence-transformers/paraphrase-multilingual-MiniLM-L12-v2,1200,120,baseline_en_phrase,neutron measurement current,baseline,en,50,6,0.7689729332923889,0.735509991645813,0.4,2
sentence-transformers/paraphrase-multilingual-MiniLM-L12-v2,1200,120,baseline_en_phrase,neutron measurement current,baseline,en,50,7,0.7689729332923889,0.735509991645813,0.4,2
sentence-transformers/paraphrase-multilingual-MiniLM-L12-v2,1200,120,baseline_en_phrase,neutron measurement current,baseline,en,50,8,0.7689729332923889,0.735509991645813,0.4,2
sentence-transformers/paraphrase-multilingual-MiniLM-L12-v2,1200,120,baseline_en_phrase,neutron measurement current,baseline,en,50,9,0.7689729332923889,0.735509991645813,0.4,2
sentence-transformers/paraphrase-multilingual-MiniLM-L12-v2,1200,120,baseline_en_phrase,neutron measurement current,baseline,en,51,0,0.7689729332923889,0.735509991645813,0.4,2
sentence-transformers/paraphrase-multilingual-MiniLM-L12-v2,1200,120,baseline_en_phrase,neutron measurement current,baseline,en,51,1,0.7689729332923889,0.735509991645813,0.4,2
sentence-transformers/paraphrase-multilingual-MiniLM-L12-v2,1200,120,baseline_en_phrase,neutron measurement current,baseline,en,51,2,0.7689729332923889,0.735509991645813,0.4,2
sentence-transformers/paraphrase-multilingual-MiniLM-L12-v2,1200,120,baseline_en_phrase,neutron measurement current,baseline,en,51,3,0.7689729332923889,0.735509991645813,0.4,2
sentence-transformers/paraphrase-multilingual-MiniLM-L12-v2,1200,120,baseline_en_phrase,neutron measurement current,baseline,en,51,4,0.7689729332923889,0.735509991645813,0.4,2
sentence-transformers/paraphrase-multilingual-MiniLM-L12-v2,1200,120,baseline_en_phrase,neutron measurement current,baseline,en,51,5,0.7689729332923889,0.735509991645813,0.4,2
sentence-transformers/paraphrase-multilingual-MiniLM-L12-v2,1200,120,baseline_en_phrase,neutron measurement current,baseline,en,51,6,0.7689729332923889,0.735509991645813,0.4,2
sentence-transformers/paraphrase-multilingual-MiniLM-L12-v2,1200,120,baseline_en_phrase,neutron measurement current,baseline,en,51,7,0.7689729332923889,0.735509991645813,0.4,2
sentence-transformers/paraphrase-multilingual-MiniLM-L12-v2,1200,120,baseline_en_phrase,neutron measurement current,baseline,en,51,8,0.7689729332923889,0.735509991645813,0.4,2
sentence-transformers/paraphrase-multilingual-MiniLM-L12-v2,1200,120,baseline_en_phrase,neutron measurement current,baseline,en,51,9,0.7689729332923889,0.735509991645813,0.4,2
sentence-transformers/paraphrase-multilingual-MiniLM-L12-v2,1200,120,obs_spike_en,neutron current measurement repeated spike events,observation_derived,en,0,0,0.6558975577354431,0.6263630986213684,1.0,1
sentence-transformers/paraphrase-multilingual-MiniLM-L12-v2,1200,120,obs_spike_en,neutron current measurement repeated spike events,observation_derived,en,5,0,0.6766740083694458,0.6466134190559387,0.6,4
sentence-transformers/paraphrase-multilingual-MiniLM-L12-v2,1200,120,obs_spike_en,neutron current measurement repeated spike events,observation_derived,en,5,1,0.6558975577354431,0.6263630986213684,1.0,1
sentence-transformers/paraphrase-multilingual-MiniLM-L12-v2,1200,120,obs_spike_en,neutron current measurement repeated spike events,observation_derived,en,5,2,0.6558975577354431,0.6263630986213684,1.0,1
sentence-transformers/paraphrase-multilingual-MiniLM-L12-v2,1200,120,obs_spike_en,neutron current measurement repeated spike events,observation_derived,en,5,3,0.6558975577354431,0.6299403309822083,0.7,1
sentence-transformers/paraphrase-multilingual-MiniLM-L12-v2,1200,120,obs_spike_en,neutron current measurement repeated spike events,observation_derived,en,5,4,0.6558975577354431,0.6263630986213684,1.0,1
sentence-transformers/paraphrase-multilingual-MiniLM-L12-v2,1200,120,obs_spike_en,neutron current measurement repeated spike events,observation_derived,en,5,5,0.6558975577354431,0.6328682899475098,0.8,1
sentence-transformers/paraphrase-multilingual-MiniLM-L12-v2,1200,120,obs_spike_en,neutron current measurement repeated spike events,observation_derived,en,5,6,0.7078279852867126,0.651236891746521,0.6,3
sentence-transformers/paraphrase-multilingual-MiniLM-L12-v2,1200,120,obs_spike_en,neutron current measurement repeated spike events,observation_derived,en,5,7,0.6558975577354431,0.6263630986213684,1.0,1
sentence-transformers/paraphrase-multilingual-MiniLM-L12-v2,1200,120,obs_spike_en,neutron current measurement repeated spike events,observation_derived,en,5,8,0.6618605852127075,0.6419239640235901,0.7,2
sentence-transformers/paraphrase-multilingual-MiniLM-L12-v2,1200,120,obs_spike_en,neutron current measurement repeated spike events,observation_derived,en,5,9,0.6558975577354431,0.6273300051689148,0.9,1
sentence-transformers/paraphrase-multilingual-MiniLM-L12-v2,1200,120,obs_spike_en,neutron current measurement repeated spike events,observation_derived,en,10,0,0.6784382462501526,0.6490594148635864,0.5,3
sentence-transformers/paraphrase-multilingual-MiniLM-L12-v2,1200,120,obs_spike_en,neutron current measurement repeated spike events,observation_derived,en,10,1,0.7078279852867126,0.6620532274246216,0.3,5
sentence-transformers/paraphrase-multilingual-MiniLM-L12-v2,1200,120,obs_spike_en,neutron current measurement repeated spike events,observation_derived,en,10,2,0.6784382462501526,0.651844322681427,0.4,4
sentence-transformers/paraphrase-multilingual-MiniLM-L12-v2,1200,120,obs_spike_en,neutron current measurement repeated spike events,observation_derived,en,10,3,0.7078279852867126,0.6541614532470703,0.6,4
sentence-transformers/paraphrase-multilingual-MiniLM-L12-v2,1200,120,obs_spike_en,neutron current measurement repeated spike events,observation_derived,en,10,4,0.7078279852867126,0.6634246110916138,0.3,6
sentence-transformers/paraphrase-multilingual-MiniLM-L12-v2,1200,120,obs_spike_en,neutron current measurement repeated spike events,observation_derived,en,10,5,0.6558975577354431,0.6328682899475098,0.8,1
sentence-transformers/paraphrase-multilingual-MiniLM-L12-v2,1200,120,obs_spike_en,neutron current measurement repeated spike events,observation_derived,en,10,6,0.6706376075744629,0.6424131989479065,0.7,2
sentence-transformers/paraphrase-multilingual-MiniLM-L12-v2,1200,120,obs_spike_en,neutron current measurement repeated spike events,observation_derived,en,10,7,0.7078279852867126,0.6620532274246216,0.3,5
sentence-transformers/paraphrase-multilingual-MiniLM-L12-v2,1200,120,obs_spike_en,neutron current measurement repeated spike events,observation_derived,en,10,8,0.6558975577354431,0.6263630986213684,1.0,1
sentence-transformers/paraphrase-multilingual-MiniLM-L12-v2,1200,120,obs_spike_en,neutron current measurement repeated spike events,observation_derived,en,10,9,0.6558975577354431,0.6263630986213684,1.0,1
sentence-transformers/paraphrase-multilingual-MiniLM-L12-v2,1200,120,obs_spike_en,neutron current measurement repeated spike events,observation_derived,en,15,0,0.7078279852867126,0.651236891746521,0.6,3
sentence-transformers/paraphrase-multilingual-MiniLM-L12-v2,1200,120,obs_spike_en,neutron current measurement repeated spike events,observation_derived,en,15,1,0.6784382462501526,0.655852198600769,0.4,5
sentence-transformers/paraphrase-multilingual-MiniLM-L12-v2,1200,120,obs_spike_en,neutron current measurement repeated spike events,observation_derived,en,15,2,0.7078279852867126,0.6639168858528137,0.3,6
sentence-transformers/paraphrase-multilingual-MiniLM-L12-v2,1200,120,obs_spike_en,neutron current measurement repeated spike events,observation_derived,en,15,3,0.6558975577354431,0.6263630986213684,1.0,1
sentence-transformers/paraphrase-multilingual-MiniLM-L12-v2,1200,120,obs_spike_en,neutron current measurement repeated spike events,observation_derived,en,15,4,0.6784382462501526,0.6523625254631042,0.3,4
sentence-transformers/paraphrase-multilingual-MiniLM-L12-v2,1200,120,obs_spike_en,neutron current measurement repeated spike events,observation_derived,en,15,5,0.7078279852867126,0.6633987426757812,0.4,6
sentence-transformers/paraphrase-multilingual-MiniLM-L12-v2,1200,120,obs_spike_en,neutron current measurement repeated spike events,observation_derived,en,15,6,0.7078279852867126,0.6608873605728149,0.3,5
sentence-transformers/paraphrase-multilingual-MiniLM-L12-v2,1200,120,obs_spike_en,neutron current measurement repeated spike events,observation_derived,en,15,7,0.6784382462501526,0.6479101777076721,0.6,3
sentence-transformers/paraphrase-multilingual-MiniLM-L12-v2,1200,120,obs_spike_en,neutron current measurement repeated spike events,observation_derived,en,15,8,0.6784382462501526,0.6548274755477905,0.3,5
sentence-transformers/paraphrase-multilingual-MiniLM-L12-v2,1200,120,obs_spike_en,neutron current measurement repeated spike events,observation_derived,en,15,9,0.6766740083694458,0.6497738361358643,0.6,4
sentence-transformers/paraphrase-multilingual-MiniLM-L12-v2,1200,120,obs_spike_en,neutron current measurement repeated spike events,observation_derived,en,20,0,0.7078279852867126,0.6623741388320923,0.3,6
sentence-transformers/paraphrase-multilingual-MiniLM-L12-v2,1200,120,obs_spike_en,neutron current measurement repeated spike events,observation_derived,en,20,1,0.7078279852867126,0.6644315719604492,0.3,6
sentence-transformers/paraphrase-multilingual-MiniLM-L12-v2,1200,120,obs_spike_en,neutron current measurement repeated spike events,observation_derived,en,20,2,0.6618605852127075,0.6419239640235901,0.7,2
sentence-transformers/paraphrase-multilingual-MiniLM-L12-v2,1200,120,obs_spike_en,neutron current measurement repeated spike events,observation_derived,en,20,3,0.7078279852867126,0.6662397384643555,0.3,7
sentence-transformers/paraphrase-multilingual-MiniLM-L12-v2,1200,120,obs_spike_en,neutron current measurement repeated spike events,observation_derived,en,20,4,0.6784382462501526,0.6548274755477905,0.3,5
sentence-transformers/paraphrase-multilingual-MiniLM-L12-v2,1200,120,obs_spike_en,neutron current measurement repeated spike events,observation_derived,en,20,5,0.7078279852867126,0.667461097240448,0.3,7
sentence-transformers/paraphrase-multilingual-MiniLM-L12-v2,1200,120,obs_spike_en,neutron current measurement repeated spike events,observation_derived,en,20,6,0.6766740083694458,0.6466134190559387,0.6,4
sentence-transformers/paraphrase-multilingual-MiniLM-L12-v2,1200,120,obs_spike_en,neutron current measurement repeated spike events,observation_derived,en,20,7,0.7078279852867126,0.6634246110916138,0.3,6
sentence-transformers/paraphrase-multilingual-MiniLM-L12-v2,1200,120,obs_spike_en,neutron current measurement repeated spike events,observation_derived,en,20,8,0.7078279852867126,0.6644315719604492,0.3,6
sentence-transformers/paraphrase-multilingual-MiniLM-L12-v2,1200,120,obs_spike_en,neutron current measurement repeated spike events,observation_derived,en,20,9,0.6706376075744629,0.6424131989479065,0.7,2
sentence-transformers/paraphrase-multilingual-MiniLM-L12-v2,1200,120,obs_spike_en,neutron current measurement repeated spike events,observation_derived,en,25,0,0.6784382462501526,0.6533408164978027,0.3,4
sentence-transformers/paraphrase-multilingual-MiniLM-L12-v2,1200,120,obs_spike_en,neutron current measurement repeated spike events,observation_derived,en,25,1,0.6784382462501526,0.6601134538650513,0.2,7
sentence-transformers/paraphrase-multilingual-MiniLM-L12-v2,1200,120,obs_spike_en,neutron current measurement repeated spike events,observation_derived,en,25,2,0.6766740083694458,0.6466134190559387,0.6,4
sentence-transformers/paraphrase-multilingual-MiniLM-L12-v2,1200,120,obs_spike_en,neutron current measurement repeated spike events,observation_derived,en,25,3,0.6706376075744629,0.643900990486145,0.6,3
sentence-transformers/paraphrase-multilingual-MiniLM-L12-v2,1200,120,obs_spike_en,neutron current measurement repeated spike events,observation_derived,en,25,4,0.6784382462501526,0.6561228632926941,0.3,5
sentence-transformers/paraphrase-multilingual-MiniLM-L12-v2,1200,120,obs_spike_en,neutron current measurement repeated spike events,observation_derived,en,25,5,0.6784382462501526,0.6531397104263306,0.4,4
sentence-transformers/paraphrase-multilingual-MiniLM-L12-v2,1200,120,obs_spike_en,neutron current measurement repeated spike events,observation_derived,en,25,6,0.7078279852867126,0.668265700340271,0.2,8
sentence-transformers/paraphrase-multilingual-MiniLM-L12-v2,1200,120,obs_spike_en,neutron current measurement repeated spike events,observation_derived,en,25,7,0.7078279852867126,0.6621087193489075,0.3,5
sentence-transformers/paraphrase-multilingual-MiniLM-L12-v2,1200,120,obs_spike_en,neutron current measurement repeated spike events,observation_derived,en,25,8,0.7078279852867126,0.6634246110916138,0.3,6
sentence-transformers/paraphrase-multilingual-MiniLM-L12-v2,1200,120,obs_spike_en,neutron current measurement repeated spike events,observation_derived,en,25,9,0.6784382462501526,0.6533408164978027,0.3,4
sentence-transformers/paraphrase-multilingual-MiniLM-L12-v2,1200,120,obs_spike_en,neutron current measurement repeated spike events,observation_derived,en,30,0,0.7078279852867126,0.6726001501083374,0.1,10
sentence-transformers/paraphrase-multilingual-MiniLM-L12-v2,1200,120,obs_spike_en,neutron current measurement repeated spike events,observation_derived,en,30,1,0.7078279852867126,0.6624072194099426,0.3,6
sentence-transformers/paraphrase-multilingual-MiniLM-L12-v2,1200,120,obs_spike_en,neutron current measurement repeated spike events,observation_derived,en,30,2,0.6706376075744629,0.650506317615509,0.4,4
sentence-transformers/paraphrase-multilingual-MiniLM-L12-v2,1200,120,obs_spike_en,neutron current measurement repeated spike events,observation_derived,en,30,3,0.7078279852867126,0.6623741388320923,0.3,6
sentence-transformers/paraphrase-multilingual-MiniLM-L12-v2,1200,120,obs_spike_en,neutron current measurement repeated spike events,observation_derived,en,30,4,0.7078279852867126,0.667461097240448,0.3,7
sentence-transformers/paraphrase-multilingual-MiniLM-L12-v2,1200,120,obs_spike_en,neutron current measurement repeated spike events,observation_derived,en,30,5,0.7078279852867126,0.6635953783988953,0.3,6
sentence-transformers/paraphrase-multilingual-MiniLM-L12-v2,1200,120,obs_spike_en,neutron current measurement repeated spike events,observation_derived,en,30,6,0.7078279852867126,0.6621087193489075,0.3,5
sentence-transformers/paraphrase-multilingual-MiniLM-L12-v2,1200,120,obs_spike_en,neutron current measurement repeated spike events,observation_derived,en,30,7,0.7078279852867126,0.6658294796943665,0.2,7
sentence-transformers/paraphrase-multilingual-MiniLM-L12-v2,1200,120,obs_spike_en,neutron current measurement repeated spike events,observation_derived,en,30,8,0.7078279852867126,0.6634246110916138,0.3,6
sentence-transformers/paraphrase-multilingual-MiniLM-L12-v2,1200,120,obs_spike_en,neutron current measurement repeated spike events,observation_derived,en,30,9,0.6784382462501526,0.6625496745109558,0.2,8
sentence-transformers/paraphrase-multilingual-MiniLM-L12-v2,1200,120,obs_spike_en,neutron current measurement repeated spike events,observation_derived,en,35,0,0.6784382462501526,0.658715546131134,0.3,6
sentence-transformers/paraphrase-multilingual-MiniLM-L12-v2,1200,120,obs_spike_en,neutron current measurement repeated spike events,observation_derived,en,35,1,0.6784382462501526,0.6606945991516113,0.3,7
sentence-transformers/paraphrase-multilingual-MiniLM-L12-v2,1200,120,obs_spike_en,neutron current measurement repeated spike events,observation_derived,en,35,2,0.6784382462501526,0.653657853603363,0.3,4
sentence-transformers/paraphrase-multilingual-MiniLM-L12-v2,1200,120,obs_spike_en,neutron current measurement repeated spike events,observation_derived,en,35,3,0.7078279852867126,0.668265700340271,0.2,8
sentence-transformers/paraphrase-multilingual-MiniLM-L12-v2,1200,120,obs_spike_en,neutron current measurement repeated spike events,observation_derived,en,35,4,0.6784382462501526,0.6601134538650513,0.2,7
sentence-transformers/paraphrase-multilingual-MiniLM-L12-v2,1200,120,obs_spike_en,neutron current measurement repeated spike events,observation_derived,en,35,5,0.7078279852867126,0.6712952256202698,0.2,9
sentence-transformers/paraphrase-multilingual-MiniLM-L12-v2,1200,120,obs_spike_en,neutron current measurement repeated spike events,observation_derived,en,35,6,0.7078279852867126,0.659390926361084,0.4,5
sentence-transformers/paraphrase-multilingual-MiniLM-L12-v2,1200,120,obs_spike_en,neutron current measurement repeated spike events,observation_derived,en,35,7,0.7078279852867126,0.6654366850852966,0.3,7
sentence-transformers/paraphrase-multilingual-MiniLM-L12-v2,1200,120,obs_spike_en,neutron current measurement repeated spike events,observation_derived,en,35,8,0.7078279852867126,0.6701542735099792,0.2,8
sentence-transformers/paraphrase-multilingual-MiniLM-L12-v2,1200,120,obs_spike_en,neutron current measurement repeated spike events,observation_derived,en,35,9,0.7078279852867126,0.6701542735099792,0.2,8
sentence-transformers/paraphrase-multilingual-MiniLM-L12-v2,1200,120,obs_spike_en,neutron current measurement repeated spike events,observation_derived,en,40,0,0.7078279852867126,0.6726001501083374,0.1,10
sentence-transformers/paraphrase-multilingual-MiniLM-L12-v2,1200,120,obs_spike_en,neutron current measurement repeated spike events,observation_derived,en,40,1,0.6784382462501526,0.6606945991516113,0.3,7
sentence-transformers/paraphrase-multilingual-MiniLM-L12-v2,1200,120,obs_spike_en,neutron current measurement repeated spike events,observation_derived,en,40,2,0.7078279852867126,0.6654366850852966,0.3,7
sentence-transformers/paraphrase-multilingual-MiniLM-L12-v2,1200,120,obs_spike_en,neutron current measurement repeated spike events,observation_derived,en,40,3,0.7078279852867126,0.6726001501083374,0.1,10
sentence-transformers/paraphrase-multilingual-MiniLM-L12-v2,1200,120,obs_spike_en,neutron current measurement repeated spike events,observation_derived,en,40,4,0.7078279852867126,0.6704174280166626,0.2,9
sentence-transformers/paraphrase-multilingual-MiniLM-L12-v2,1200,120,obs_spike_en,neutron current measurement repeated spike events,observation_derived,en,40,5,0.7078279852867126,0.66712486743927,0.2,7
sentence-transformers/paraphrase-multilingual-MiniLM-L12-v2,1200,120,obs_spike_en,neutron current measurement repeated spike events,observation_derived,en,40,6,0.7078279852867126,0.6704174280166626,0.2,9
sentence-transformers/paraphrase-multilingual-MiniLM-L12-v2,1200,120,obs_spike_en,neutron current measurement repeated spike events,observation_derived,en,40,7,0.7078279852867126,0.6726001501083374,0.1,10
sentence-transformers/paraphrase-multilingual-MiniLM-L12-v2,1200,120,obs_spike_en,neutron current measurement repeated spike events,observation_derived,en,40,8,0.7078279852867126,0.6704174280166626,0.2,9
sentence-transformers/paraphrase-multilingual-MiniLM-L12-v2,1200,120,obs_spike_en,neutron current measurement repeated spike events,observation_derived,en,40,9,0.7078279852867126,0.6726001501083374,0.1,10
sentence-transformers/paraphrase-multilingual-MiniLM-L12-v2,1200,120,obs_spike_en,neutron current measurement repeated spike events,observation_derived,en,45,0,0.7078279852867126,0.6704174280166626,0.2,9
sentence-transformers/paraphrase-multilingual-MiniLM-L12-v2,1200,120,obs_spike_en,neutron current measurement repeated spike events,observation_derived,en,45,1,0.7078279852867126,0.6726001501083374,0.1,10
sentence-transformers/paraphrase-multilingual-MiniLM-L12-v2,1200,120,obs_spike_en,neutron current measurement repeated spike events,observation_derived,en,45,2,0.7078279852867126,0.6726001501083374,0.1,10
sentence-transformers/paraphrase-multilingual-MiniLM-L12-v2,1200,120,obs_spike_en,neutron current measurement repeated spike events,observation_derived,en,45,3,0.7078279852867126,0.6726001501083374,0.1,10
sentence-transformers/paraphrase-multilingual-MiniLM-L12-v2,1200,120,obs_spike_en,neutron current measurement repeated spike events,observation_derived,en,45,4,0.7078279852867126,0.6676376461982727,0.2,8
sentence-transformers/paraphrase-multilingual-MiniLM-L12-v2,1200,120,obs_spike_en,neutron current measurement repeated spike events,observation_derived,en,45,5,0.7078279852867126,0.6676376461982727,0.2,8
sentence-transformers/paraphrase-multilingual-MiniLM-L12-v2,1200,120,obs_spike_en,neutron current measurement repeated spike events,observation_derived,en,45,6,0.7078279852867126,0.6726001501083374,0.1,10
sentence-transformers/paraphrase-multilingual-MiniLM-L12-v2,1200,120,obs_spike_en,neutron current measurement repeated spike events,observation_derived,en,45,7,0.7078279852867126,0.6726001501083374,0.1,10
sentence-transformers/paraphrase-multilingual-MiniLM-L12-v2,1200,120,obs_spike_en,neutron current measurement repeated spike events,observation_derived,en,45,8,0.7078279852867126,0.6726001501083374,0.1,10
sentence-transformers/paraphrase-multilingual-MiniLM-L12-v2,1200,120,obs_spike_en,neutron current measurement repeated spike events,observation_derived,en,45,9,0.7078279852867126,0.6726001501083374,0.1,10
sentence-transformers/paraphrase-multilingual-MiniLM-L12-v2,1200,120,obs_spike_en,neutron current measurement repeated spike events,observation_derived,en,50,0,0.7078279852867126,0.6726001501083374,0.1,10
sentence-transformers/paraphrase-multilingual-MiniLM-L12-v2,1200,120,obs_spike_en,neutron current measurement repeated spike events,observation_derived,en,50,1,0.7078279852867126,0.6726001501083374,0.1,10
sentence-transformers/paraphrase-multilingual-MiniLM-L12-v2,1200,120,obs_spike_en,neutron current measurement repeated spike events,observation_derived,en,50,2,0.7078279852867126,0.6726001501083374,0.1,10
sentence-transformers/paraphrase-multilingual-MiniLM-L12-v2,1200,120,obs_spike_en,neutron current measurement repeated spike events,observation_derived,en,50,3,0.7078279852867126,0.6726001501083374,0.1,10
sentence-transformers/paraphrase-multilingual-MiniLM-L12-v2,1200,120,obs_spike_en,neutron current measurement repeated spike events,observation_derived,en,50,4,0.7078279852867126,0.6726001501083374,0.1,10
sentence-transformers/paraphrase-multilingual-MiniLM-L12-v2,1200,120,obs_spike_en,neutron current measurement repeated spike events,observation_derived,en,50,5,0.7078279852867126,0.6726001501083374,0.1,10
sentence-transformers/paraphrase-multilingual-MiniLM-L12-v2,1200,120,obs_spike_en,neutron current measurement repeated spike events,observation_derived,en,50,6,0.7078279852867126,0.6726001501083374,0.1,10
sentence-transformers/paraphrase-multilingual-MiniLM-L12-v2,1200,120,obs_spike_en,neutron current measurement repeated spike events,observation_derived,en,50,7,0.7078279852867126,0.6726001501083374,0.1,10
sentence-transformers/paraphrase-multilingual-MiniLM-L12-v2,1200,120,obs_spike_en,neutron current measurement repeated spike events,observation_derived,en,50,8,0.7078279852867126,0.6726001501083374,0.1,10
sentence-transformers/paraphrase-multilingual-MiniLM-L12-v2,1200,120,obs_spike_en,neutron current measurement repeated spike events,observation_derived,en,50,9,0.7078279852867126,0.6726001501083374,0.1,10
sentence-transformers/paraphrase-multilingual-MiniLM-L12-v2,1200,120,obs_spike_en,neutron current measurement repeated spike events,observation_derived,en,51,0,0.7078279852867126,0.6726001501083374,0.1,10
sentence-transformers/paraphrase-multilingual-MiniLM-L12-v2,1200,120,obs_spike_en,neutron current measurement repeated spike events,observation_derived,en,51,1,0.7078279852867126,0.6726001501083374,0.1,10
sentence-transformers/paraphrase-multilingual-MiniLM-L12-v2,1200,120,obs_spike_en,neutron current measurement repeated spike events,observation_derived,en,51,2,0.7078279852867126,0.6726001501083374,0.1,10
sentence-transformers/paraphrase-multilingual-MiniLM-L12-v2,1200,120,obs_spike_en,neutron current measurement repeated spike events,observation_derived,en,51,3,0.7078279852867126,0.6726001501083374,0.1,10
sentence-transformers/paraphrase-multilingual-MiniLM-L12-v2,1200,120,obs_spike_en,neutron current measurement repeated spike events,observation_derived,en,51,4,0.7078279852867126,0.6726001501083374,0.1,10
sentence-transformers/paraphrase-multilingual-MiniLM-L12-v2,1200,120,obs_spike_en,neutron current measurement repeated spike events,observation_derived,en,51,5,0.7078279852867126,0.6726001501083374,0.1,10
sentence-transformers/paraphrase-multilingual-MiniLM-L12-v2,1200,120,obs_spike_en,neutron current measurement repeated spike events,observation_derived,en,51,6,0.7078279852867126,0.6726001501083374,0.1,10
sentence-transformers/paraphrase-multilingual-MiniLM-L12-v2,1200,120,obs_spike_en,neutron current measurement repeated spike events,observation_derived,en,51,7,0.7078279852867126,0.6726001501083374,0.1,10
sentence-transformers/paraphrase-multilingual-MiniLM-L12-v2,1200,120,obs_spike_en,neutron current measurement repeated spike events,observation_derived,en,51,8,0.7078279852867126,0.6726001501083374,0.1,10
sentence-transformers/paraphrase-multilingual-MiniLM-L12-v2,1200,120,obs_spike_en,neutron current measurement repeated spike events,observation_derived,en,51,9,0.7078279852867126,0.6726001501083374,0.1,10
sentence-transformers/paraphrase-multilingual-MiniLM-L12-v2,1200,120,obs_spike_zh,中子电流测量重复尖峰事件,observation_derived,zh,0,0,0.6120133399963379,0.5765624642372131,1.0,1
sentence-transformers/paraphrase-multilingual-MiniLM-L12-v2,1200,120,obs_spike_zh,中子电流测量重复尖峰事件,observation_derived,zh,5,0,0.6120133399963379,0.5851747393608093,0.6,1
sentence-transformers/paraphrase-multilingual-MiniLM-L12-v2,1200,120,obs_spike_zh,中子电流测量重复尖峰事件,observation_derived,zh,5,1,0.6120133399963379,0.5778754353523254,0.9,1
sentence-transformers/paraphrase-multilingual-MiniLM-L12-v2,1200,120,obs_spike_zh,中子电流测量重复尖峰事件,observation_derived,zh,5,2,0.6120133399963379,0.5808731317520142,0.7,1
sentence-transformers/paraphrase-multilingual-MiniLM-L12-v2,1200,120,obs_spike_zh,中子电流测量重复尖峰事件,observation_derived,zh,5,3,0.6120133399963379,0.5765624642372131,1.0,1
sentence-transformers/paraphrase-multilingual-MiniLM-L12-v2,1200,120,obs_spike_zh,中子电流测量重复尖峰事件,observation_derived,zh,5,4,0.6159561276435852,0.5826096534729004,0.9,2
sentence-transformers/paraphrase-multilingual-MiniLM-L12-v2,1200,120,obs_spike_zh,中子电流测量重复尖峰事件,observation_derived,zh,5,5,0.6280274391174316,0.6078519821166992,0.2,4
sentence-transformers/paraphrase-multilingual-MiniLM-L12-v2,1200,120,obs_spike_zh,中子电流测量重复尖峰事件,observation_derived,zh,5,6,0.6120133399963379,0.5804842710494995,0.9,1
sentence-transformers/paraphrase-multilingual-MiniLM-L12-v2,1200,120,obs_spike_zh,中子电流测量重复尖峰事件,observation_derived,zh,5,7,0.6120133399963379,0.578800618648529,0.9,1
sentence-transformers/paraphrase-multilingual-MiniLM-L12-v2,1200,120,obs_spike_zh,中子电流测量重复尖峰事件,observation_derived,zh,5,8,0.6120133399963379,0.5765624642372131,1.0,1
sentence-transformers/paraphrase-multilingual-MiniLM-L12-v2,1200,120,obs_spike_zh,中子电流测量重复尖峰事件,observation_derived,zh,5,9,0.6159561276435852,0.5826096534729004,0.9,2
sentence-transformers/paraphrase-multilingual-MiniLM-L12-v2,1200,120,obs_spike_zh,中子电流测量重复尖峰事件,observation_derived,zh,10,0,0.6499511003494263,0.6227275729179382,0.1,8
sentence-transformers/paraphrase-multilingual-MiniLM-L12-v2,1200,120,obs_spike_zh,中子电流测量重复尖峰事件,observation_derived,zh,10,1,0.6280274391174316,0.6051751971244812,0.3,4
sentence-transformers/paraphrase-multilingual-MiniLM-L12-v2,1200,120,obs_spike_zh,中子电流测量重复尖峰事件,observation_derived,zh,10,2,0.6499511003494263,0.6085403561592102,0.4,5
sentence-transformers/paraphrase-multilingual-MiniLM-L12-v2,1200,120,obs_spike_zh,中子电流测量重复尖峰事件,observation_derived,zh,10,3,0.6120133399963379,0.5795685648918152,0.8,1
sentence-transformers/paraphrase-multilingual-MiniLM-L12-v2,1200,120,obs_spike_zh,中子电流测量重复尖峰事件,observation_derived,zh,10,4,0.6120133399963379,0.5820224285125732,0.7,1
sentence-transformers/paraphrase-multilingual-MiniLM-L12-v2,1200,120,obs_spike_zh,中子电流测量重复尖峰事件,observation_derived,zh,10,5,0.6120133399963379,0.5938341021537781,0.4,1
sentence-transformers/paraphrase-multilingual-MiniLM-L12-v2,1200,120,obs_spike_zh,中子电流测量重复尖峰事件,observation_derived,zh,10,6,0.6120133399963379,0.5915089845657349,0.5,1
sentence-transformers/paraphrase-multilingual-MiniLM-L12-v2,1200,120,obs_spike_zh,中子电流测量重复尖峰事件,observation_derived,zh,10,7,0.6120133399963379,0.586159884929657,0.5,1
sentence-transformers/paraphrase-multilingual-MiniLM-L12-v2,1200,120,obs_spike_zh,中子电流测量重复尖峰事件,observation_derived,zh,10,8,0.6159561276435852,0.5900876522064209,0.5,2
sentence-transformers/paraphrase-multilingual-MiniLM-L12-v2,1200,120,obs_spike_zh,中子电流测量重复尖峰事件,observation_derived,zh,10,9,0.6120133399963379,0.581141471862793,0.6,1
sentence-transformers/paraphrase-multilingual-MiniLM-L12-v2,1200,120,obs_spike_zh,中子电流测量重复尖峰事件,observation_derived,zh,15,0,0.6499511003494263,0.6230766773223877,0.1,8
sentence-transformers/paraphrase-multilingual-MiniLM-L12-v2,1200,120,obs_spike_zh,中子电流测量重复尖峰事件,observation_derived,zh,15,1,0.6159561276435852,0.5917713046073914,0.5,2
sentence-transformers/paraphrase-multilingual-MiniLM-L12-v2,1200,120,obs_spike_zh,中子电流测量重复尖峰事件,observation_derived,zh,15,2,0.6280274391174316,0.6078519821166992,0.2,4
sentence-transformers/paraphrase-multilingual-MiniLM-L12-v2,1200,120,obs_spike_zh,中子电流测量重复尖峰事件,observation_derived,zh,15,3,0.6273267865180969,0.5987339615821838,0.4,3
sentence-transformers/paraphrase-multilingual-MiniLM-L12-v2,1200,120,obs_spike_zh,中子电流测量重复尖峰事件,observation_derived,zh,15,4,0.6120133399963379,0.5932785272598267,0.4,1
sentence-transformers/paraphrase-multilingual-MiniLM-L12-v2,1200,120,obs_spike_zh,中子电流测量重复尖峰事件,observation_derived,zh,15,5,0.6499511003494263,0.6250576972961426,0.1,9
sentence-transformers/paraphrase-multilingual-MiniLM-L12-v2,1200,120,obs_spike_zh,中子电流测量重复尖峰事件,observation_derived,zh,15,6,0.6120133399963379,0.582290768623352,0.6,1
sentence-transformers/paraphrase-multilingual-MiniLM-L12-v2,1200,120,obs_spike_zh,中子电流测量重复尖峰事件,observation_derived,zh,15,7,0.6499511003494263,0.6165245175361633,0.2,6
sentence-transformers/paraphrase-multilingual-MiniLM-L12-v2,1200,120,obs_spike_zh,中子电流测量重复尖峰事件,observation_derived,zh,15,8,0.6499511003494263,0.6085403561592102,0.4,5
sentence-transformers/paraphrase-multilingual-MiniLM-L12-v2,1200,120,obs_spike_zh,中子电流测量重复尖峰事件,observation_derived,zh,15,9,0.6273267865180969,0.5939236283302307,0.5,2
sentence-transformers/paraphrase-multilingual-MiniLM-L12-v2,1200,120,obs_spike_zh,中子电流测量重复尖峰事件,observation_derived,zh,20,0,0.6280274391174316,0.6051751971244812,0.3,4
sentence-transformers/paraphrase-multilingual-MiniLM-L12-v2,1200,120,obs_spike_zh,中子电流测量重复尖峰事件,observation_derived,zh,20,1,0.6280274391174316,0.6079611778259277,0.1,4
sentence-transformers/paraphrase-multilingual-MiniLM-L12-v2,1200,120,obs_spike_zh,中子电流测量重复尖峰事件,observation_derived,zh,20,2,0.6280274391174316,0.6136605739593506,0.1,6
sentence-transformers/paraphrase-multilingual-MiniLM-L12-v2,1200,120,obs_spike_zh,中子电流测量重复尖峰事件,observation_derived,zh,20,3,0.6499511003494263,0.6180922985076904,0.1,6
sentence-transformers/paraphrase-multilingual-MiniLM-L12-v2,1200,120,obs_spike_zh,中子电流测量重复尖峰事件,observation_derived,zh,20,4,0.6280274391174316,0.6125351786613464,0.1,6
sentence-transformers/paraphrase-multilingual-MiniLM-L12-v2,1200,120,obs_spike_zh,中子电流测量重复尖峰事件,observation_derived,zh,20,5,0.6159561276435852,0.5843852162361145,0.7,2
sentence-transformers/paraphrase-multilingual-MiniLM-L12-v2,1200,120,obs_spike_zh,中子电流测量重复尖峰事件,observation_derived,zh,20,6,0.6280274391174316,0.6084872484207153,0.1,4
sentence-transformers/paraphrase-multilingual-MiniLM-L12-v2,1200,120,obs_spike_zh,中子电流测量重复尖峰事件,observation_derived,zh,20,7,0.6273267865180969,0.5939460396766663,0.5,2
sentence-transformers/paraphrase-multilingual-MiniLM-L12-v2,1200,120,obs_spike_zh,中子电流测量重复尖峰事件,observation_derived,zh,20,8,0.6280274391174316,0.6085824370384216,0.2,5
sentence-transformers/paraphrase-multilingual-MiniLM-L12-v2,1200,120,obs_spike_zh,中子电流测量重复尖峰事件,observation_derived,zh,20,9,0.6499511003494263,0.6104540824890137,0.4,5
sentence-transformers/paraphrase-multilingual-MiniLM-L12-v2,1200,120,obs_spike_zh,中子电流测量重复尖峰事件,observation_derived,zh,25,0,0.6159561276435852,0.5972926616668701,0.3,2
sentence-transformers/paraphrase-multilingual-MiniLM-L12-v2,1200,120,obs_spike_zh,中子电流测量重复尖峰事件,observation_derived,zh,25,1,0.6499511003494263,0.6118167638778687,0.3,5
sentence-transformers/paraphrase-multilingual-MiniLM-L12-v2,1200,120,obs_spike_zh,中子电流测量重复尖峰事件,observation_derived,zh,25,2,0.6280274391174316,0.6079611778259277,0.1,4
sentence-transformers/paraphrase-multilingual-MiniLM-L12-v2,1200,120,obs_spike_zh,中子电流测量重复尖峰事件,observation_derived,zh,25,3,0.6499511003494263,0.6251219511032104,0.1,9
sentence-transformers/paraphrase-multilingual-MiniLM-L12-v2,1200,120,obs_spike_zh,中子电流测量重复尖峰事件,observation_derived,zh,25,4,0.6499511003494263,0.6239206194877625,0.1,9
sentence-transformers/paraphrase-multilingual-MiniLM-L12-v2,1200,120,obs_spike_zh,中子电流测量重复尖峰事件,observation_derived,zh,25,5,0.6280274391174316,0.6137465834617615,0.1,6
sentence-transformers/paraphrase-multilingual-MiniLM-L12-v2,1200,120,obs_spike_zh,中子电流测量重复尖峰事件,observation_derived,zh,25,6,0.6499511003494263,0.6251219511032104,0.1,9
sentence-transformers/paraphrase-multilingual-MiniLM-L12-v2,1200,120,obs_spike_zh,中子电流测量重复尖峰事件,observation_derived,zh,25,7,0.6280274391174316,0.6085824370384216,0.2,5
sentence-transformers/paraphrase-multilingual-MiniLM-L12-v2,1200,120,obs_spike_zh,中子电流测量重复尖峰事件,observation_derived,zh,25,8,0.6273267865180969,0.6002174019813538,0.3,2
sentence-transformers/paraphrase-multilingual-MiniLM-L12-v2,1200,120,obs_spike_zh,中子电流测量重复尖峰事件,observation_derived,zh,25,9,0.6273267865180969,0.6017050743103027,0.3,3
sentence-transformers/paraphrase-multilingual-MiniLM-L12-v2,1200,120,obs_spike_zh,中子电流测量重复尖峰事件,observation_derived,zh,30,0,0.6499511003494263,0.6197190880775452,0.1,7
sentence-transformers/paraphrase-multilingual-MiniLM-L12-v2,1200,120,obs_spike_zh,中子电流测量重复尖峰事件,observation_derived,zh,30,1,0.6499511003494263,0.6227275729179382,0.1,8
sentence-transformers/paraphrase-multilingual-MiniLM-L12-v2,1200,120,obs_spike_zh,中子电流测量重复尖峰事件,observation_derived,zh,30,2,0.6499511003494263,0.62596595287323,0.1,10
sentence-transformers/paraphrase-multilingual-MiniLM-L12-v2,1200,120,obs_spike_zh,中子电流测量重复尖峰事件,observation_derived,zh,30,3,0.6499511003494263,0.6250576972961426,0.1,9
sentence-transformers/paraphrase-multilingual-MiniLM-L12-v2,1200,120,obs_spike_zh,中子电流测量重复尖峰事件,observation_derived,zh,30,4,0.6273267865180969,0.5995317697525024,0.4,3
sentence-transformers/paraphrase-multilingual-MiniLM-L12-v2,1200,120,obs_spike_zh,中子电流测量重复尖峰事件,observation_derived,zh,30,5,0.6280274391174316,0.6129053235054016,0.1,6
sentence-transformers/paraphrase-multilingual-MiniLM-L12-v2,1200,120,obs_spike_zh,中子电流测量重复尖峰事件,observation_derived,zh,30,6,0.6499511003494263,0.6251219511032104,0.1,9
sentence-transformers/paraphrase-multilingual-MiniLM-L12-v2,1200,120,obs_spike_zh,中子电流测量重复尖峰事件,observation_derived,zh,30,7,0.6159561276435852,0.5967665910720825,0.3,2
sentence-transformers/paraphrase-multilingual-MiniLM-L12-v2,1200,120,obs_spike_zh,中子电流测量重复尖峰事件,observation_derived,zh,30,8,0.6273267865180969,0.6002174019813538,0.3,2
sentence-transformers/paraphrase-multilingual-MiniLM-L12-v2,1200,120,obs_spike_zh,中子电流测量重复尖峰事件,observation_derived,zh,30,9,0.6280274391174316,0.6129053235054016,0.1,6
sentence-transformers/paraphrase-multilingual-MiniLM-L12-v2,1200,120,obs_spike_zh,中子电流测量重复尖峰事件,observation_derived,zh,35,0,0.6499511003494263,0.6251219511032104,0.1,9
sentence-transformers/paraphrase-multilingual-MiniLM-L12-v2,1200,120,obs_spike_zh,中子电流测量重复尖峰事件,observation_derived,zh,35,1,0.6499511003494263,0.6165151596069336,0.1,6
sentence-transformers/paraphrase-multilingual-MiniLM-L12-v2,1200,120,obs_spike_zh,中子电流测量重复尖峰事件,observation_derived,zh,35,2,0.6499511003494263,0.6239848732948303,0.1,9
sentence-transformers/paraphrase-multilingual-MiniLM-L12-v2,1200,120,obs_spike_zh,中子电流测量重复尖峰事件,observation_derived,zh,35,3,0.6499511003494263,0.62596595287323,0.1,10
sentence-transformers/paraphrase-multilingual-MiniLM-L12-v2,1200,120,obs_spike_zh,中子电流测量重复尖峰事件,observation_derived,zh,35,4,0.6499511003494263,0.618216872215271,0.2,7
sentence-transformers/paraphrase-multilingual-MiniLM-L12-v2,1200,120,obs_spike_zh,中子电流测量重复尖峰事件,observation_derived,zh,35,5,0.6499511003494263,0.6239848732948303,0.1,9
sentence-transformers/paraphrase-multilingual-MiniLM-L12-v2,1200,120,obs_spike_zh,中子电流测量重复尖峰事件,observation_derived,zh,35,6,0.6280274391174316,0.6125351786613464,0.1,6
sentence-transformers/paraphrase-multilingual-MiniLM-L12-v2,1200,120,obs_spike_zh,中子电流测量重复尖峰事件,observation_derived,zh,35,7,0.6280274391174316,0.6085148453712463,0.1,4
sentence-transformers/paraphrase-multilingual-MiniLM-L12-v2,1200,120,obs_spike_zh,中子电流测量重复尖峰事件,observation_derived,zh,35,8,0.6499511003494263,0.618216872215271,0.2,7
sentence-transformers/paraphrase-multilingual-MiniLM-L12-v2,1200,120,obs_spike_zh,中子电流测量重复尖峰事件,observation_derived,zh,35,9,0.6273267865180969,0.5979892015457153,0.4,3
sentence-transformers/paraphrase-multilingual-MiniLM-L12-v2,1200,120,obs_spike_zh,中子电流测量重复尖峰事件,observation_derived,zh,40,0,0.6499511003494263,0.6251219511032104,0.1,9
sentence-transformers/paraphrase-multilingual-MiniLM-L12-v2,1200,120,obs_spike_zh,中子电流测量重复尖峰事件,observation_derived,zh,40,1,0.6499511003494263,0.6251219511032104,0.1,9
sentence-transformers/paraphrase-multilingual-MiniLM-L12-v2,1200,120,obs_spike_zh,中子电流测量重复尖峰事件,observation_derived,zh,40,2,0.6280274391174316,0.6125351786613464,0.1,6
sentence-transformers/paraphrase-multilingual-MiniLM-L12-v2,1200,120,obs_spike_zh,中子电流测量重复尖峰事件,observation_derived,zh,40,3,0.6499511003494263,0.62596595287323,0.1,10
sentence-transformers/paraphrase-multilingual-MiniLM-L12-v2,1200,120,obs_spike_zh,中子电流测量重复尖峰事件,observation_derived,zh,40,4,0.6499511003494263,0.6164059638977051,0.2,6
sentence-transformers/paraphrase-multilingual-MiniLM-L12-v2,1200,120,obs_spike_zh,中子电流测量重复尖峰事件,observation_derived,zh,40,5,0.6280274391174316,0.6125351786613464,0.1,6
sentence-transformers/paraphrase-multilingual-MiniLM-L12-v2,1200,120,obs_spike_zh,中子电流测量重复尖峰事件,observation_derived,zh,40,6,0.6499511003494263,0.6251219511032104,0.1,9
sentence-transformers/paraphrase-multilingual-MiniLM-L12-v2,1200,120,obs_spike_zh,中子电流测量重复尖峰事件,observation_derived,zh,40,7,0.6499511003494263,0.6202451586723328,0.1,7
sentence-transformers/paraphrase-multilingual-MiniLM-L12-v2,1200,120,obs_spike_zh,中子电流测量重复尖峰事件,observation_derived,zh,40,8,0.6280274391174316,0.6136605739593506,0.1,6
sentence-transformers/paraphrase-multilingual-MiniLM-L12-v2,1200,120,obs_spike_zh,中子电流测量重复尖峰事件,observation_derived,zh,40,9,0.6499511003494263,0.6250576972961426,0.1,9
sentence-transformers/paraphrase-multilingual-MiniLM-L12-v2,1200,120,obs_spike_zh,中子电流测量重复尖峰事件,observation_derived,zh,45,0,0.6499511003494263,0.6239848732948303,0.1,9
sentence-transformers/paraphrase-multilingual-MiniLM-L12-v2,1200,120,obs_spike_zh,中子电流测量重复尖峰事件,observation_derived,zh,45,1,0.6499511003494263,0.62596595287323,0.1,10
sentence-transformers/paraphrase-multilingual-MiniLM-L12-v2,1200,120,obs_spike_zh,中子电流测量重复尖峰事件,observation_derived,zh,45,2,0.6499511003494263,0.6251219511032104,0.1,9
sentence-transformers/paraphrase-multilingual-MiniLM-L12-v2,1200,120,obs_spike_zh,中子电流测量重复尖峰事件,observation_derived,zh,45,3,0.6499511003494263,0.62596595287323,0.1,10
sentence-transformers/paraphrase-multilingual-MiniLM-L12-v2,1200,120,obs_spike_zh,中子电流测量重复尖峰事件,observation_derived,zh,45,4,0.6280274391174316,0.6137465834617615,0.1,6
sentence-transformers/paraphrase-multilingual-MiniLM-L12-v2,1200,120,obs_spike_zh,中子电流测量重复尖峰事件,observation_derived,zh,45,5,0.6499511003494263,0.62596595287323,0.1,10
sentence-transformers/paraphrase-multilingual-MiniLM-L12-v2,1200,120,obs_spike_zh,中子电流测量重复尖峰事件,observation_derived,zh,45,6,0.6499511003494263,0.62596595287323,0.1,10
sentence-transformers/paraphrase-multilingual-MiniLM-L12-v2,1200,120,obs_spike_zh,中子电流测量重复尖峰事件,observation_derived,zh,45,7,0.6499511003494263,0.62596595287323,0.1,10
sentence-transformers/paraphrase-multilingual-MiniLM-L12-v2,1200,120,obs_spike_zh,中子电流测量重复尖峰事件,observation_derived,zh,45,8,0.6499511003494263,0.62596595287323,0.1,10
sentence-transformers/paraphrase-multilingual-MiniLM-L12-v2,1200,120,obs_spike_zh,中子电流测量重复尖峰事件,observation_derived,zh,45,9,0.6499511003494263,0.62596595287323,0.1,10
sentence-transformers/paraphrase-multilingual-MiniLM-L12-v2,1200,120,obs_spike_zh,中子电流测量重复尖峰事件,observation_derived,zh,50,0,0.6499511003494263,0.62596595287323,0.1,10
sentence-transformers/paraphrase-multilingual-MiniLM-L12-v2,1200,120,obs_spike_zh,中子电流测量重复尖峰事件,observation_derived,zh,50,1,0.6499511003494263,0.62596595287323,0.1,10
sentence-transformers/paraphrase-multilingual-MiniLM-L12-v2,1200,120,obs_spike_zh,中子电流测量重复尖峰事件,observation_derived,zh,50,2,0.6499511003494263,0.62596595287323,0.1,10
sentence-transformers/paraphrase-multilingual-MiniLM-L12-v2,1200,120,obs_spike_zh,中子电流测量重复尖峰事件,observation_derived,zh,50,3,0.6499511003494263,0.62596595287323,0.1,10
sentence-transformers/paraphrase-multilingual-MiniLM-L12-v2,1200,120,obs_spike_zh,中子电流测量重复尖峰事件,observation_derived,zh,50,4,0.6280274391174316,0.6137465834617615,0.1,6
sentence-transformers/paraphrase-multilingual-MiniLM-L12-v2,1200,120,obs_spike_zh,中子电流测量重复尖峰事件,observation_derived,zh,50,5,0.6499511003494263,0.62596595287323,0.1,10
sentence-transformers/paraphrase-multilingual-MiniLM-L12-v2,1200,120,obs_spike_zh,中子电流测量重复尖峰事件,observation_derived,zh,50,6,0.6499511003494263,0.62596595287323,0.1,10
sentence-transformers/paraphrase-multilingual-MiniLM-L12-v2,1200,120,obs_spike_zh,中子电流测量重复尖峰事件,observation_derived,zh,50,7,0.6499511003494263,0.62596595287323,0.1,10
sentence-transformers/paraphrase-multilingual-MiniLM-L12-v2,1200,120,obs_spike_zh,中子电流测量重复尖峰事件,observation_derived,zh,50,8,0.6499511003494263,0.62596595287323,0.1,10
sentence-transformers/paraphrase-multilingual-MiniLM-L12-v2,1200,120,obs_spike_zh,中子电流测量重复尖峰事件,observation_derived,zh,50,9,0.6499511003494263,0.62596595287323,0.1,10
sentence-transformers/paraphrase-multilingual-MiniLM-L12-v2,1200,120,obs_spike_zh,中子电流测量重复尖峰事件,observation_derived,zh,51,0,0.6499511003494263,0.62596595287323,0.1,10
sentence-transformers/paraphrase-multilingual-MiniLM-L12-v2,1200,120,obs_spike_zh,中子电流测量重复尖峰事件,observation_derived,zh,51,1,0.6499511003494263,0.62596595287323,0.1,10
sentence-transformers/paraphrase-multilingual-MiniLM-L12-v2,1200,120,obs_spike_zh,中子电流测量重复尖峰事件,observation_derived,zh,51,2,0.6499511003494263,0.62596595287323,0.1,10
sentence-transformers/paraphrase-multilingual-MiniLM-L12-v2,1200,120,obs_spike_zh,中子电流测量重复尖峰事件,observation_derived,zh,51,3,0.6499511003494263,0.62596595287323,0.1,10
sentence-transformers/paraphrase-multilingual-MiniLM-L12-v2,1200,120,obs_spike_zh,中子电流测量重复尖峰事件,observation_derived,zh,51,4,0.6499511003494263,0.62596595287323,0.1,10
sentence-transformers/paraphrase-multilingual-MiniLM-L12-v2,1200,120,obs_spike_zh,中子电流测量重复尖峰事件,observation_derived,zh,51,5,0.6499511003494263,0.62596595287323,0.1,10
sentence-transformers/paraphrase-multilingual-MiniLM-L12-v2,1200,120,obs_spike_zh,中子电流测量重复尖峰事件,observation_derived,zh,51,6,0.6499511003494263,0.62596595287323,0.1,10
sentence-transformers/paraphrase-multilingual-MiniLM-L12-v2,1200,120,obs_spike_zh,中子电流测量重复尖峰事件,observation_derived,zh,51,7,0.6499511003494263,0.62596595287323,0.1,10
sentence-transformers/paraphrase-multilingual-MiniLM-L12-v2,1200,120,obs_spike_zh,中子电流测量重复尖峰事件,observation_derived,zh,51,8,0.6499511003494263,0.62596595287323,0.1,10
sentence-transformers/paraphrase-multilingual-MiniLM-L12-v2,1200,120,obs_spike_zh,中子电流测量重复尖峰事件,observation_derived,zh,51,9,0.6499511003494263,0.62596595287323,0.1,10
sentence-transformers/paraphrase-multilingual-MiniLM-L12-v2,1200,120,obs_zero_en,neutron current measurement synchronized zero-value dropout across channels,observation_derived,en,0,0,0.6741911768913269,0.6186484098434448,1.0,1
sentence-transformers/paraphrase-multilingual-MiniLM-L12-v2,1200,120,obs_zero_en,neutron current measurement synchronized zero-value dropout across channels,observation_derived,en,5,0,0.6741911768913269,0.6186484098434448,1.0,1
sentence-transformers/paraphrase-multilingual-MiniLM-L12-v2,1200,120,obs_zero_en,neutron current measurement synchronized zero-value dropout across channels,observation_derived,en,5,1,0.6741911768913269,0.6186484098434448,1.0,1
sentence-transformers/paraphrase-multilingual-MiniLM-L12-v2,1200,120,obs_zero_en,neutron current measurement synchronized zero-value dropout across channels,observation_derived,en,5,2,0.6755560636520386,0.6319651007652283,0.6,2
sentence-transformers/paraphrase-multilingual-MiniLM-L12-v2,1200,120,obs_zero_en,neutron current measurement synchronized zero-value dropout across channels,observation_derived,en,5,3,0.6741911768913269,0.6186484098434448,1.0,1
sentence-transformers/paraphrase-multilingual-MiniLM-L12-v2,1200,120,obs_zero_en,neutron current measurement synchronized zero-value dropout across channels,observation_derived,en,5,4,0.6741911768913269,0.6186484098434448,1.0,1
sentence-transformers/paraphrase-multilingual-MiniLM-L12-v2,1200,120,obs_zero_en,neutron current measurement synchronized zero-value dropout across channels,observation_derived,en,5,5,0.6741911768913269,0.6200315952301025,0.9,1
sentence-transformers/paraphrase-multilingual-MiniLM-L12-v2,1200,120,obs_zero_en,neutron current measurement synchronized zero-value dropout across channels,observation_derived,en,5,6,0.6741911768913269,0.6186484098434448,1.0,1
sentence-transformers/paraphrase-multilingual-MiniLM-L12-v2,1200,120,obs_zero_en,neutron current measurement synchronized zero-value dropout across channels,observation_derived,en,5,7,0.6741911768913269,0.6186484098434448,1.0,1
sentence-transformers/paraphrase-multilingual-MiniLM-L12-v2,1200,120,obs_zero_en,neutron current measurement synchronized zero-value dropout across channels,observation_derived,en,5,8,0.6741911768913269,0.639147162437439,0.3,1
sentence-transformers/paraphrase-multilingual-MiniLM-L12-v2,1200,120,obs_zero_en,neutron current measurement synchronized zero-value dropout across channels,observation_derived,en,5,9,0.6741911768913269,0.6227389574050903,0.8,1
sentence-transformers/paraphrase-multilingual-MiniLM-L12-v2,1200,120,obs_zero_en,neutron current measurement synchronized zero-value dropout across channels,observation_derived,en,10,0,0.6741911768913269,0.6224765777587891,0.9,1
sentence-transformers/paraphrase-multilingual-MiniLM-L12-v2,1200,120,obs_zero_en,neutron current measurement synchronized zero-value dropout across channels,observation_derived,en,10,1,0.6741911768913269,0.620293915271759,0.8,1
sentence-transformers/paraphrase-multilingual-MiniLM-L12-v2,1200,120,obs_zero_en,neutron current measurement synchronized zero-value dropout across channels,observation_derived,en,10,2,0.6741911768913269,0.620293915271759,0.8,1
sentence-transformers/paraphrase-multilingual-MiniLM-L12-v2,1200,120,obs_zero_en,neutron current measurement synchronized zero-value dropout across channels,observation_derived,en,10,3,0.6741911768913269,0.639147162437439,0.3,1
sentence-transformers/paraphrase-multilingual-MiniLM-L12-v2,1200,120,obs_zero_en,neutron current measurement synchronized zero-value dropout across channels,observation_derived,en,10,4,0.6741911768913269,0.627637505531311,0.6,1
sentence-transformers/paraphrase-multilingual-MiniLM-L12-v2,1200,120,obs_zero_en,neutron current measurement synchronized zero-value dropout across channels,observation_derived,en,10,5,0.6741911768913269,0.639147162437439,0.3,1
sentence-transformers/paraphrase-multilingual-MiniLM-L12-v2,1200,120,obs_zero_en,neutron current measurement synchronized zero-value dropout across channels,observation_derived,en,10,6,0.6741911768913269,0.6186484098434448,1.0,1
sentence-transformers/paraphrase-multilingual-MiniLM-L12-v2,1200,120,obs_zero_en,neutron current measurement synchronized zero-value dropout across channels,observation_derived,en,10,7,0.6755560636520386,0.6319651007652283,0.6,2
sentence-transformers/paraphrase-multilingual-MiniLM-L12-v2,1200,120,obs_zero_en,neutron current measurement synchronized zero-value dropout across channels,observation_derived,en,10,8,0.6755560636520386,0.6364785432815552,0.5,2
sentence-transformers/paraphrase-multilingual-MiniLM-L12-v2,1200,120,obs_zero_en,neutron current measurement synchronized zero-value dropout across channels,observation_derived,en,10,9,0.6741911768913269,0.639147162437439,0.3,1
sentence-transformers/paraphrase-multilingual-MiniLM-L12-v2,1200,120,obs_zero_en,neutron current measurement synchronized zero-value dropout across channels,observation_derived,en,15,0,0.6741911768913269,0.6198693513870239,0.9,1
sentence-transformers/paraphrase-multilingual-MiniLM-L12-v2,1200,120,obs_zero_en,neutron current measurement synchronized zero-value dropout across channels,observation_derived,en,15,1,0.6755560636520386,0.6467939615249634,0.3,2
sentence-transformers/paraphrase-multilingual-MiniLM-L12-v2,1200,120,obs_zero_en,neutron current measurement synchronized zero-value dropout across channels,observation_derived,en,15,2,0.6755560636520386,0.6364785432815552,0.5,2
sentence-transformers/paraphrase-multilingual-MiniLM-L12-v2,1200,120,obs_zero_en,neutron current measurement synchronized zero-value dropout across channels,observation_derived,en,15,3,0.6755560636520386,0.6319651007652283,0.6,2
sentence-transformers/paraphrase-multilingual-MiniLM-L12-v2,1200,120,obs_zero_en,neutron current measurement synchronized zero-value dropout across channels,observation_derived,en,15,4,0.6755560636520386,0.6380680799484253,0.4,2
sentence-transformers/paraphrase-multilingual-MiniLM-L12-v2,1200,120,obs_zero_en,neutron current measurement synchronized zero-value dropout across channels,observation_derived,en,15,5,0.6755560636520386,0.6364785432815552,0.5,2
sentence-transformers/paraphrase-multilingual-MiniLM-L12-v2,1200,120,obs_zero_en,neutron current measurement synchronized zero-value dropout across channels,observation_derived,en,15,6,0.6741911768913269,0.6227389574050903,0.8,1
sentence-transformers/paraphrase-multilingual-MiniLM-L12-v2,1200,120,obs_zero_en,neutron current measurement synchronized zero-value dropout across channels,observation_derived,en,15,7,0.6741911768913269,0.6200466752052307,0.8,1
sentence-transformers/paraphrase-multilingual-MiniLM-L12-v2,1200,120,obs_zero_en,neutron current measurement synchronized zero-value dropout across channels,observation_derived,en,15,8,0.6741911768913269,0.627637505531311,0.6,1
sentence-transformers/paraphrase-multilingual-MiniLM-L12-v2,1200,120,obs_zero_en,neutron current measurement synchronized zero-value dropout across channels,observation_derived,en,15,9,0.6741911768913269,0.627637505531311,0.6,1
sentence-transformers/paraphrase-multilingual-MiniLM-L12-v2,1200,120,obs_zero_en,neutron current measurement synchronized zero-value dropout across channels,observation_derived,en,20,0,0.6755560636520386,0.6319651007652283,0.6,2
sentence-transformers/paraphrase-multilingual-MiniLM-L12-v2,1200,120,obs_zero_en,neutron current measurement synchronized zero-value dropout across channels,observation_derived,en,20,1,0.6741911768913269,0.6204155683517456,0.7,1
sentence-transformers/paraphrase-multilingual-MiniLM-L12-v2,1200,120,obs_zero_en,neutron current measurement synchronized zero-value dropout across channels,observation_derived,en,20,2,0.6741911768913269,0.6197842955589294,0.9,1
sentence-transformers/paraphrase-multilingual-MiniLM-L12-v2,1200,120,obs_zero_en,neutron current measurement synchronized zero-value dropout across channels,observation_derived,en,20,3,0.6741911768913269,0.620293915271759,0.8,1
sentence-transformers/paraphrase-multilingual-MiniLM-L12-v2,1200,120,obs_zero_en,neutron current measurement synchronized zero-value dropout across channels,observation_derived,en,20,4,0.6741911768913269,0.6299006342887878,0.5,1
sentence-transformers/paraphrase-multilingual-MiniLM-L12-v2,1200,120,obs_zero_en,neutron current measurement synchronized zero-value dropout across channels,observation_derived,en,20,5,0.6755560636520386,0.6342282295227051,0.5,2
sentence-transformers/paraphrase-multilingual-MiniLM-L12-v2,1200,120,obs_zero_en,neutron current measurement synchronized zero-value dropout across channels,observation_derived,en,20,6,0.6755560636520386,0.6342282295227051,0.5,2
sentence-transformers/paraphrase-multilingual-MiniLM-L12-v2,1200,120,obs_zero_en,neutron current measurement synchronized zero-value dropout across channels,observation_derived,en,20,7,0.6741911768913269,0.6299006342887878,0.5,1
sentence-transformers/paraphrase-multilingual-MiniLM-L12-v2,1200,120,obs_zero_en,neutron current measurement synchronized zero-value dropout across channels,observation_derived,en,20,8,0.6755560636520386,0.6483936905860901,0.3,2
sentence-transformers/paraphrase-multilingual-MiniLM-L12-v2,1200,120,obs_zero_en,neutron current measurement synchronized zero-value dropout across channels,observation_derived,en,20,9,0.6741911768913269,0.6403530836105347,0.3,1
sentence-transformers/paraphrase-multilingual-MiniLM-L12-v2,1200,120,obs_zero_en,neutron current measurement synchronized zero-value dropout across channels,observation_derived,en,25,0,0.6755560636520386,0.6342282295227051,0.5,2
sentence-transformers/paraphrase-multilingual-MiniLM-L12-v2,1200,120,obs_zero_en,neutron current measurement synchronized zero-value dropout across channels,observation_derived,en,25,1,0.6755560636520386,0.6483936905860901,0.3,2
sentence-transformers/paraphrase-multilingual-MiniLM-L12-v2,1200,120,obs_zero_en,neutron current measurement synchronized zero-value dropout across channels,observation_derived,en,25,2,0.6741911768913269,0.642396092414856,0.3,1
sentence-transformers/paraphrase-multilingual-MiniLM-L12-v2,1200,120,obs_zero_en,neutron current measurement synchronized zero-value dropout across channels,observation_derived,en,25,3,0.6741911768913269,0.6403530836105347,0.3,1
sentence-transformers/paraphrase-multilingual-MiniLM-L12-v2,1200,120,obs_zero_en,neutron current measurement synchronized zero-value dropout across channels,observation_derived,en,25,4,0.6741911768913269,0.6202089190483093,0.8,1
sentence-transformers/paraphrase-multilingual-MiniLM-L12-v2,1200,120,obs_zero_en,neutron current measurement synchronized zero-value dropout across channels,observation_derived,en,25,5,0.6755560636520386,0.6467939615249634,0.3,2
sentence-transformers/paraphrase-multilingual-MiniLM-L12-v2,1200,120,obs_zero_en,neutron current measurement synchronized zero-value dropout across channels,observation_derived,en,25,6,0.6755560636520386,0.6483936905860901,0.3,2
sentence-transformers/paraphrase-multilingual-MiniLM-L12-v2,1200,120,obs_zero_en,neutron current measurement synchronized zero-value dropout across channels,observation_derived,en,25,7,0.6741911768913269,0.6403530836105347,0.3,1
sentence-transformers/paraphrase-multilingual-MiniLM-L12-v2,1200,120,obs_zero_en,neutron current measurement synchronized zero-value dropout across channels,observation_derived,en,25,8,0.6755560636520386,0.6460795998573303,0.3,2
sentence-transformers/paraphrase-multilingual-MiniLM-L12-v2,1200,120,obs_zero_en,neutron current measurement synchronized zero-value dropout across channels,observation_derived,en,25,9,0.6741911768913269,0.6413739919662476,0.3,1
sentence-transformers/paraphrase-multilingual-MiniLM-L12-v2,1200,120,obs_zero_en,neutron current measurement synchronized zero-value dropout across channels,observation_derived,en,30,0,0.6755560636520386,0.6342282295227051,0.5,2
sentence-transformers/paraphrase-multilingual-MiniLM-L12-v2,1200,120,obs_zero_en,neutron current measurement synchronized zero-value dropout across channels,observation_derived,en,30,1,0.6755560636520386,0.6380680799484253,0.4,2
sentence-transformers/paraphrase-multilingual-MiniLM-L12-v2,1200,120,obs_zero_en,neutron current measurement synchronized zero-value dropout across channels,observation_derived,en,30,2,0.6741911768913269,0.6413739919662476,0.3,1
sentence-transformers/paraphrase-multilingual-MiniLM-L12-v2,1200,120,obs_zero_en,neutron current measurement synchronized zero-value dropout across channels,observation_derived,en,30,3,0.6755560636520386,0.6478148102760315,0.3,2
sentence-transformers/paraphrase-multilingual-MiniLM-L12-v2,1200,120,obs_zero_en,neutron current measurement synchronized zero-value dropout across channels,observation_derived,en,30,4,0.6741911768913269,0.6226538419723511,0.8,1
sentence-transformers/paraphrase-multilingual-MiniLM-L12-v2,1200,120,obs_zero_en,neutron current measurement synchronized zero-value dropout across channels,observation_derived,en,30,5,0.6741911768913269,0.642396092414856,0.3,1
sentence-transformers/paraphrase-multilingual-MiniLM-L12-v2,1200,120,obs_zero_en,neutron current measurement synchronized zero-value dropout across channels,observation_derived,en,30,6,0.6741911768913269,0.639147162437439,0.3,1
sentence-transformers/paraphrase-multilingual-MiniLM-L12-v2,1200,120,obs_zero_en,neutron current measurement synchronized zero-value dropout across channels,observation_derived,en,30,7,0.6741911768913269,0.6413739919662476,0.3,1
sentence-transformers/paraphrase-multilingual-MiniLM-L12-v2,1200,120,obs_zero_en,neutron current measurement synchronized zero-value dropout across channels,observation_derived,en,30,8,0.6741911768913269,0.6231381297111511,0.6,1
sentence-transformers/paraphrase-multilingual-MiniLM-L12-v2,1200,120,obs_zero_en,neutron current measurement synchronized zero-value dropout across channels,observation_derived,en,30,9,0.6755560636520386,0.6478148102760315,0.3,2
sentence-transformers/paraphrase-multilingual-MiniLM-L12-v2,1200,120,obs_zero_en,neutron current measurement synchronized zero-value dropout across channels,observation_derived,en,35,0,0.6755560636520386,0.6380680799484253,0.4,2
sentence-transformers/paraphrase-multilingual-MiniLM-L12-v2,1200,120,obs_zero_en,neutron current measurement synchronized zero-value dropout across channels,observation_derived,en,35,1,0.6755560636520386,0.6483936905860901,0.3,2
sentence-transformers/paraphrase-multilingual-MiniLM-L12-v2,1200,120,obs_zero_en,neutron current measurement synchronized zero-value dropout across channels,observation_derived,en,35,2,0.6741911768913269,0.6231381297111511,0.6,1
sentence-transformers/paraphrase-multilingual-MiniLM-L12-v2,1200,120,obs_zero_en,neutron current measurement synchronized zero-value dropout across channels,observation_derived,en,35,3,0.6741911768913269,0.642396092414856,0.3,1
sentence-transformers/paraphrase-multilingual-MiniLM-L12-v2,1200,120,obs_zero_en,neutron current measurement synchronized zero-value dropout across channels,observation_derived,en,35,4,0.6741911768913269,0.6299006342887878,0.5,1
sentence-transformers/paraphrase-multilingual-MiniLM-L12-v2,1200,120,obs_zero_en,neutron current measurement synchronized zero-value dropout across channels,observation_derived,en,35,5,0.6755560636520386,0.6483936905860901,0.3,2
sentence-transformers/paraphrase-multilingual-MiniLM-L12-v2,1200,120,obs_zero_en,neutron current measurement synchronized zero-value dropout across channels,observation_derived,en,35,6,0.6741911768913269,0.6403530836105347,0.3,1
sentence-transformers/paraphrase-multilingual-MiniLM-L12-v2,1200,120,obs_zero_en,neutron current measurement synchronized zero-value dropout across channels,observation_derived,en,35,7,0.6755560636520386,0.6478148102760315,0.3,2
sentence-transformers/paraphrase-multilingual-MiniLM-L12-v2,1200,120,obs_zero_en,neutron current measurement synchronized zero-value dropout across channels,observation_derived,en,35,8,0.6741911768913269,0.642396092414856,0.3,1
sentence-transformers/paraphrase-multilingual-MiniLM-L12-v2,1200,120,obs_zero_en,neutron current measurement synchronized zero-value dropout across channels,observation_derived,en,35,9,0.6755560636520386,0.6483936905860901,0.3,2
sentence-transformers/paraphrase-multilingual-MiniLM-L12-v2,1200,120,obs_zero_en,neutron current measurement synchronized zero-value dropout across channels,observation_derived,en,40,0,0.6755560636520386,0.6483936905860901,0.3,2
sentence-transformers/paraphrase-multilingual-MiniLM-L12-v2,1200,120,obs_zero_en,neutron current measurement synchronized zero-value dropout across channels,observation_derived,en,40,1,0.6755560636520386,0.6483936905860901,0.3,2
sentence-transformers/paraphrase-multilingual-MiniLM-L12-v2,1200,120,obs_zero_en,neutron current measurement synchronized zero-value dropout across channels,observation_derived,en,40,2,0.6755560636520386,0.6380680799484253,0.4,2
sentence-transformers/paraphrase-multilingual-MiniLM-L12-v2,1200,120,obs_zero_en,neutron current measurement synchronized zero-value dropout across channels,observation_derived,en,40,3,0.6755560636520386,0.6483936905860901,0.3,2
sentence-transformers/paraphrase-multilingual-MiniLM-L12-v2,1200,120,obs_zero_en,neutron current measurement synchronized zero-value dropout across channels,observation_derived,en,40,4,0.6741911768913269,0.642396092414856,0.3,1
sentence-transformers/paraphrase-multilingual-MiniLM-L12-v2,1200,120,obs_zero_en,neutron current measurement synchronized zero-value dropout across channels,observation_derived,en,40,5,0.6755560636520386,0.6380680799484253,0.4,2
sentence-transformers/paraphrase-multilingual-MiniLM-L12-v2,1200,120,obs_zero_en,neutron current measurement synchronized zero-value dropout across channels,observation_derived,en,40,6,0.6741911768913269,0.639147162437439,0.3,1
sentence-transformers/paraphrase-multilingual-MiniLM-L12-v2,1200,120,obs_zero_en,neutron current measurement synchronized zero-value dropout across channels,observation_derived,en,40,7,0.6741911768913269,0.642396092414856,0.3,1
sentence-transformers/paraphrase-multilingual-MiniLM-L12-v2,1200,120,obs_zero_en,neutron current measurement synchronized zero-value dropout across channels,observation_derived,en,40,8,0.6755560636520386,0.6478148102760315,0.3,2
sentence-transformers/paraphrase-multilingual-MiniLM-L12-v2,1200,120,obs_zero_en,neutron current measurement synchronized zero-value dropout across channels,observation_derived,en,40,9,0.6741911768913269,0.642396092414856,0.3,1
sentence-transformers/paraphrase-multilingual-MiniLM-L12-v2,1200,120,obs_zero_en,neutron current measurement synchronized zero-value dropout across channels,observation_derived,en,45,0,0.6755560636520386,0.6478148102760315,0.3,2
sentence-transformers/paraphrase-multilingual-MiniLM-L12-v2,1200,120,obs_zero_en,neutron current measurement synchronized zero-value dropout across channels,observation_derived,en,45,1,0.6755560636520386,0.6460795998573303,0.3,2
sentence-transformers/paraphrase-multilingual-MiniLM-L12-v2,1200,120,obs_zero_en,neutron current measurement synchronized zero-value dropout across channels,observation_derived,en,45,2,0.6741911768913269,0.642396092414856,0.3,1
sentence-transformers/paraphrase-multilingual-MiniLM-L12-v2,1200,120,obs_zero_en,neutron current measurement synchronized zero-value dropout across channels,observation_derived,en,45,3,0.6755560636520386,0.6483936905860901,0.3,2
sentence-transformers/paraphrase-multilingual-MiniLM-L12-v2,1200,120,obs_zero_en,neutron current measurement synchronized zero-value dropout across channels,observation_derived,en,45,4,0.6755560636520386,0.6380680799484253,0.4,2
sentence-transformers/paraphrase-multilingual-MiniLM-L12-v2,1200,120,obs_zero_en,neutron current measurement synchronized zero-value dropout across channels,observation_derived,en,45,5,0.6755560636520386,0.6483936905860901,0.3,2
sentence-transformers/paraphrase-multilingual-MiniLM-L12-v2,1200,120,obs_zero_en,neutron current measurement synchronized zero-value dropout across channels,observation_derived,en,45,6,0.6755560636520386,0.6483936905860901,0.3,2
sentence-transformers/paraphrase-multilingual-MiniLM-L12-v2,1200,120,obs_zero_en,neutron current measurement synchronized zero-value dropout across channels,observation_derived,en,45,7,0.6755560636520386,0.6478148102760315,0.3,2
sentence-transformers/paraphrase-multilingual-MiniLM-L12-v2,1200,120,obs_zero_en,neutron current measurement synchronized zero-value dropout across channels,observation_derived,en,45,8,0.6755560636520386,0.6478148102760315,0.3,2
sentence-transformers/paraphrase-multilingual-MiniLM-L12-v2,1200,120,obs_zero_en,neutron current measurement synchronized zero-value dropout across channels,observation_derived,en,45,9,0.6755560636520386,0.6483936905860901,0.3,2
sentence-transformers/paraphrase-multilingual-MiniLM-L12-v2,1200,120,obs_zero_en,neutron current measurement synchronized zero-value dropout across channels,observation_derived,en,50,0,0.6755560636520386,0.6483936905860901,0.3,2
sentence-transformers/paraphrase-multilingual-MiniLM-L12-v2,1200,120,obs_zero_en,neutron current measurement synchronized zero-value dropout across channels,observation_derived,en,50,1,0.6755560636520386,0.6483936905860901,0.3,2
sentence-transformers/paraphrase-multilingual-MiniLM-L12-v2,1200,120,obs_zero_en,neutron current measurement synchronized zero-value dropout across channels,observation_derived,en,50,2,0.6755560636520386,0.6483936905860901,0.3,2
sentence-transformers/paraphrase-multilingual-MiniLM-L12-v2,1200,120,obs_zero_en,neutron current measurement synchronized zero-value dropout across channels,observation_derived,en,50,3,0.6755560636520386,0.6483936905860901,0.3,2
sentence-transformers/paraphrase-multilingual-MiniLM-L12-v2,1200,120,obs_zero_en,neutron current measurement synchronized zero-value dropout across channels,observation_derived,en,50,4,0.6755560636520386,0.6483936905860901,0.3,2
sentence-transformers/paraphrase-multilingual-MiniLM-L12-v2,1200,120,obs_zero_en,neutron current measurement synchronized zero-value dropout across channels,observation_derived,en,50,5,0.6755560636520386,0.6483936905860901,0.3,2
sentence-transformers/paraphrase-multilingual-MiniLM-L12-v2,1200,120,obs_zero_en,neutron current measurement synchronized zero-value dropout across channels,observation_derived,en,50,6,0.6755560636520386,0.6483936905860901,0.3,2
sentence-transformers/paraphrase-multilingual-MiniLM-L12-v2,1200,120,obs_zero_en,neutron current measurement synchronized zero-value dropout across channels,observation_derived,en,50,7,0.6755560636520386,0.6483936905860901,0.3,2
sentence-transformers/paraphrase-multilingual-MiniLM-L12-v2,1200,120,obs_zero_en,neutron current measurement synchronized zero-value dropout across channels,observation_derived,en,50,8,0.6755560636520386,0.6483936905860901,0.3,2
sentence-transformers/paraphrase-multilingual-MiniLM-L12-v2,1200,120,obs_zero_en,neutron current measurement synchronized zero-value dropout across channels,observation_derived,en,50,9,0.6755560636520386,0.6467939615249634,0.3,2
sentence-transformers/paraphrase-multilingual-MiniLM-L12-v2,1200,120,obs_zero_en,neutron current measurement synchronized zero-value dropout across channels,observation_derived,en,51,0,0.6755560636520386,0.6483936905860901,0.3,2
sentence-transformers/paraphrase-multilingual-MiniLM-L12-v2,1200,120,obs_zero_en,neutron current measurement synchronized zero-value dropout across channels,observation_derived,en,51,1,0.6755560636520386,0.6483936905860901,0.3,2
sentence-transformers/paraphrase-multilingual-MiniLM-L12-v2,1200,120,obs_zero_en,neutron current measurement synchronized zero-value dropout across channels,observation_derived,en,51,2,0.6755560636520386,0.6483936905860901,0.3,2
sentence-transformers/paraphrase-multilingual-MiniLM-L12-v2,1200,120,obs_zero_en,neutron current measurement synchronized zero-value dropout across channels,observation_derived,en,51,3,0.6755560636520386,0.6483936905860901,0.3,2
sentence-transformers/paraphrase-multilingual-MiniLM-L12-v2,1200,120,obs_zero_en,neutron current measurement synchronized zero-value dropout across channels,observation_derived,en,51,4,0.6755560636520386,0.6483936905860901,0.3,2
sentence-transformers/paraphrase-multilingual-MiniLM-L12-v2,1200,120,obs_zero_en,neutron current measurement synchronized zero-value dropout across channels,observation_derived,en,51,5,0.6755560636520386,0.6483936905860901,0.3,2
sentence-transformers/paraphrase-multilingual-MiniLM-L12-v2,1200,120,obs_zero_en,neutron current measurement synchronized zero-value dropout across channels,observation_derived,en,51,6,0.6755560636520386,0.6483936905860901,0.3,2
sentence-transformers/paraphrase-multilingual-MiniLM-L12-v2,1200,120,obs_zero_en,neutron current measurement synchronized zero-value dropout across channels,observation_derived,en,51,7,0.6755560636520386,0.6483936905860901,0.3,2
sentence-transformers/paraphrase-multilingual-MiniLM-L12-v2,1200,120,obs_zero_en,neutron current measurement synchronized zero-value dropout across channels,observation_derived,en,51,8,0.6755560636520386,0.6483936905860901,0.3,2
sentence-transformers/paraphrase-multilingual-MiniLM-L12-v2,1200,120,obs_zero_en,neutron current measurement synchronized zero-value dropout across channels,observation_derived,en,51,9,0.6755560636520386,0.6483936905860901,0.3,2
sentence-transformers/paraphrase-multilingual-MiniLM-L12-v2,1200,120,obs_zero_zh,中子电流测量跨通道同步零值闪断,observation_derived,zh,0,0,0.6285901069641113,0.5669611692428589,1.0,1
sentence-transformers/paraphrase-multilingual-MiniLM-L12-v2,1200,120,obs_zero_zh,中子电流测量跨通道同步零值闪断,observation_derived,zh,5,0,0.6285901069641113,0.5858858823776245,0.6,1
sentence-transformers/paraphrase-multilingual-MiniLM-L12-v2,1200,120,obs_zero_zh,中子电流测量跨通道同步零值闪断,observation_derived,zh,5,1,0.6285901069641113,0.5779397487640381,0.6,1
sentence-transformers/paraphrase-multilingual-MiniLM-L12-v2,1200,120,obs_zero_zh,中子电流测量跨通道同步零值闪断,observation_derived,zh,5,2,0.6285901069641113,0.5670880079269409,0.9,1
sentence-transformers/paraphrase-multilingual-MiniLM-L12-v2,1200,120,obs_zero_zh,中子电流测量跨通道同步零值闪断,observation_derived,zh,5,3,0.6285901069641113,0.5717766880989075,0.7,1
sentence-transformers/paraphrase-multilingual-MiniLM-L12-v2,1200,120,obs_zero_zh,中子电流测量跨通道同步零值闪断,observation_derived,zh,5,4,0.6285901069641113,0.5789508819580078,0.6,1
sentence-transformers/paraphrase-multilingual-MiniLM-L12-v2,1200,120,obs_zero_zh,中子电流测量跨通道同步零值闪断,observation_derived,zh,5,5,0.6285901069641113,0.575793445110321,0.7,1
sentence-transformers/paraphrase-multilingual-MiniLM-L12-v2,1200,120,obs_zero_zh,中子电流测量跨通道同步零值闪断,observation_derived,zh,5,6,0.6285901069641113,0.5722566843032837,0.8,1
sentence-transformers/paraphrase-multilingual-MiniLM-L12-v2,1200,120,obs_zero_zh,中子电流测量跨通道同步零值闪断,observation_derived,zh,5,7,0.6285901069641113,0.5858858823776245,0.6,1
sentence-transformers/paraphrase-multilingual-MiniLM-L12-v2,1200,120,obs_zero_zh,中子电流测量跨通道同步零值闪断,observation_derived,zh,5,8,0.6285901069641113,0.5669611692428589,1.0,1
sentence-transformers/paraphrase-multilingual-MiniLM-L12-v2,1200,120,obs_zero_zh,中子电流测量跨通道同步零值闪断,observation_derived,zh,5,9,0.6285901069641113,0.5738074779510498,0.8,1
sentence-transformers/paraphrase-multilingual-MiniLM-L12-v2,1200,120,obs_zero_zh,中子电流测量跨通道同步零值闪断,observation_derived,zh,10,0,0.6285901069641113,0.5713627338409424,0.9,1
sentence-transformers/paraphrase-multilingual-MiniLM-L12-v2,1200,120,obs_zero_zh,中子电流测量跨通道同步零值闪断,observation_derived,zh,10,1,0.6285901069641113,0.6055761575698853,0.3,1
sentence-transformers/paraphrase-multilingual-MiniLM-L12-v2,1200,120,obs_zero_zh,中子电流测量跨通道同步零值闪断,observation_derived,zh,10,2,0.6285901069641113,0.6043292880058289,0.4,1
sentence-transformers/paraphrase-multilingual-MiniLM-L12-v2,1200,120,obs_zero_zh,中子电流测量跨通道同步零值闪断,observation_derived,zh,10,3,0.6285901069641113,0.5883941054344177,0.5,1
sentence-transformers/paraphrase-multilingual-MiniLM-L12-v2,1200,120,obs_zero_zh,中子电流测量跨通道同步零值闪断,observation_derived,zh,10,4,0.6285901069641113,0.5828553438186646,0.5,1
sentence-transformers/paraphrase-multilingual-MiniLM-L12-v2,1200,120,obs_zero_zh,中子电流测量跨通道同步零值闪断,observation_derived,zh,10,5,0.6285901069641113,0.6012763977050781,0.4,1
sentence-transformers/paraphrase-multilingual-MiniLM-L12-v2,1200,120,obs_zero_zh,中子电流测量跨通道同步零值闪断,observation_derived,zh,10,6,0.6285901069641113,0.5717998743057251,0.7,1
sentence-transformers/paraphrase-multilingual-MiniLM-L12-v2,1200,120,obs_zero_zh,中子电流测量跨通道同步零值闪断,observation_derived,zh,10,7,0.6285901069641113,0.5994943380355835,0.4,1
sentence-transformers/paraphrase-multilingual-MiniLM-L12-v2,1200,120,obs_zero_zh,中子电流测量跨通道同步零值闪断,observation_derived,zh,10,8,0.6285901069641113,0.5952987670898438,0.5,1
sentence-transformers/paraphrase-multilingual-MiniLM-L12-v2,1200,120,obs_zero_zh,中子电流测量跨通道同步零值闪断,observation_derived,zh,10,9,0.6285901069641113,0.571409285068512,0.8,1
sentence-transformers/paraphrase-multilingual-MiniLM-L12-v2,1200,120,obs_zero_zh,中子电流测量跨通道同步零值闪断,observation_derived,zh,15,0,0.6285901069641113,0.5952836871147156,0.4,1
sentence-transformers/paraphrase-multilingual-MiniLM-L12-v2,1200,120,obs_zero_zh,中子电流测量跨通道同步零值闪断,observation_derived,zh,15,1,0.6285901069641113,0.6043292880058289,0.4,1
sentence-transformers/paraphrase-multilingual-MiniLM-L12-v2,1200,120,obs_zero_zh,中子电流测量跨通道同步零值闪断,observation_derived,zh,15,2,0.6285901069641113,0.5994325876235962,0.4,1
sentence-transformers/paraphrase-multilingual-MiniLM-L12-v2,1200,120,obs_zero_zh,中子电流测量跨通道同步零值闪断,observation_derived,zh,15,3,0.6285901069641113,0.601823627948761,0.4,1
sentence-transformers/paraphrase-multilingual-MiniLM-L12-v2,1200,120,obs_zero_zh,中子电流测量跨通道同步零值闪断,observation_derived,zh,15,4,0.6285901069641113,0.5939928889274597,0.5,1
sentence-transformers/paraphrase-multilingual-MiniLM-L12-v2,1200,120,obs_zero_zh,中子电流测量跨通道同步零值闪断,observation_derived,zh,15,5,0.6285901069641113,0.5990176200866699,0.4,1
sentence-transformers/paraphrase-multilingual-MiniLM-L12-v2,1200,120,obs_zero_zh,中子电流测量跨通道同步零值闪断,observation_derived,zh,15,6,0.6285901069641113,0.5947636961936951,0.4,1
sentence-transformers/paraphrase-multilingual-MiniLM-L12-v2,1200,120,obs_zero_zh,中子电流测量跨通道同步零值闪断,observation_derived,zh,15,7,0.6285901069641113,0.5959738492965698,0.4,1
sentence-transformers/paraphrase-multilingual-MiniLM-L12-v2,1200,120,obs_zero_zh,中子电流测量跨通道同步零值闪断,observation_derived,zh,15,8,0.6285901069641113,0.5884954333305359,0.5,1
sentence-transformers/paraphrase-multilingual-MiniLM-L12-v2,1200,120,obs_zero_zh,中子电流测量跨通道同步零值闪断,observation_derived,zh,15,9,0.6285901069641113,0.5802581906318665,0.6,1
sentence-transformers/paraphrase-multilingual-MiniLM-L12-v2,1200,120,obs_zero_zh,中子电流测量跨通道同步零值闪断,observation_derived,zh,20,0,0.6285901069641113,0.5920531153678894,0.5,1
sentence-transformers/paraphrase-multilingual-MiniLM-L12-v2,1200,120,obs_zero_zh,中子电流测量跨通道同步零值闪断,observation_derived,zh,20,1,0.6285901069641113,0.598699688911438,0.4,1
sentence-transformers/paraphrase-multilingual-MiniLM-L12-v2,1200,120,obs_zero_zh,中子电流测量跨通道同步零值闪断,observation_derived,zh,20,2,0.6285901069641113,0.6045324802398682,0.3,1
sentence-transformers/paraphrase-multilingual-MiniLM-L12-v2,1200,120,obs_zero_zh,中子电流测量跨通道同步零值闪断,observation_derived,zh,20,3,0.6285901069641113,0.6001659631729126,0.4,1
sentence-transformers/paraphrase-multilingual-MiniLM-L12-v2,1200,120,obs_zero_zh,中子电流测量跨通道同步零值闪断,observation_derived,zh,20,4,0.6285901069641113,0.5997423529624939,0.4,1
sentence-transformers/paraphrase-multilingual-MiniLM-L12-v2,1200,120,obs_zero_zh,中子电流测量跨通道同步零值闪断,observation_derived,zh,20,5,0.6285901069641113,0.6043292880058289,0.4,1
sentence-transformers/paraphrase-multilingual-MiniLM-L12-v2,1200,120,obs_zero_zh,中子电流测量跨通道同步零值闪断,observation_derived,zh,20,6,0.6285901069641113,0.6055761575698853,0.3,1
sentence-transformers/paraphrase-multilingual-MiniLM-L12-v2,1200,120,obs_zero_zh,中子电流测量跨通道同步零值闪断,observation_derived,zh,20,7,0.6285901069641113,0.6052621006965637,0.3,1
sentence-transformers/paraphrase-multilingual-MiniLM-L12-v2,1200,120,obs_zero_zh,中子电流测量跨通道同步零值闪断,observation_derived,zh,20,8,0.6285901069641113,0.6011077761650085,0.4,1
sentence-transformers/paraphrase-multilingual-MiniLM-L12-v2,1200,120,obs_zero_zh,中子电流测量跨通道同步零值闪断,observation_derived,zh,20,9,0.6285901069641113,0.5863677859306335,0.5,1
sentence-transformers/paraphrase-multilingual-MiniLM-L12-v2,1200,120,obs_zero_zh,中子电流测量跨通道同步零值闪断,observation_derived,zh,25,0,0.6285901069641113,0.5968143939971924,0.4,1
sentence-transformers/paraphrase-multilingual-MiniLM-L12-v2,1200,120,obs_zero_zh,中子电流测量跨通道同步零值闪断,observation_derived,zh,25,1,0.6285901069641113,0.6029127836227417,0.4,1
sentence-transformers/paraphrase-multilingual-MiniLM-L12-v2,1200,120,obs_zero_zh,中子电流测量跨通道同步零值闪断,observation_derived,zh,25,2,0.6285901069641113,0.5997423529624939,0.4,1
sentence-transformers/paraphrase-multilingual-MiniLM-L12-v2,1200,120,obs_zero_zh,中子电流测量跨通道同步零值闪断,observation_derived,zh,25,3,0.6285901069641113,0.6037136912345886,0.4,1
sentence-transformers/paraphrase-multilingual-MiniLM-L12-v2,1200,120,obs_zero_zh,中子电流测量跨通道同步零值闪断,observation_derived,zh,25,4,0.6285901069641113,0.6055752635002136,0.3,1
sentence-transformers/paraphrase-multilingual-MiniLM-L12-v2,1200,120,obs_zero_zh,中子电流测量跨通道同步零值闪断,observation_derived,zh,25,5,0.6285901069641113,0.5904592275619507,0.5,1
sentence-transformers/paraphrase-multilingual-MiniLM-L12-v2,1200,120,obs_zero_zh,中子电流测量跨通道同步零值闪断,observation_derived,zh,25,6,0.6285901069641113,0.6014012694358826,0.4,1
sentence-transformers/paraphrase-multilingual-MiniLM-L12-v2,1200,120,obs_zero_zh,中子电流测量跨通道同步零值闪断,observation_derived,zh,25,7,0.6285901069641113,0.5995610952377319,0.4,1
sentence-transformers/paraphrase-multilingual-MiniLM-L12-v2,1200,120,obs_zero_zh,中子电流测量跨通道同步零值闪断,observation_derived,zh,25,8,0.6285901069641113,0.6030364036560059,0.4,1
sentence-transformers/paraphrase-multilingual-MiniLM-L12-v2,1200,120,obs_zero_zh,中子电流测量跨通道同步零值闪断,observation_derived,zh,25,9,0.6285901069641113,0.5982807874679565,0.4,1
sentence-transformers/paraphrase-multilingual-MiniLM-L12-v2,1200,120,obs_zero_zh,中子电流测量跨通道同步零值闪断,observation_derived,zh,30,0,0.6285901069641113,0.6040404438972473,0.3,1
sentence-transformers/paraphrase-multilingual-MiniLM-L12-v2,1200,120,obs_zero_zh,中子电流测量跨通道同步零值闪断,observation_derived,zh,30,1,0.6285901069641113,0.5947781205177307,0.4,1
sentence-transformers/paraphrase-multilingual-MiniLM-L12-v2,1200,120,obs_zero_zh,中子电流测量跨通道同步零值闪断,observation_derived,zh,30,2,0.6285901069641113,0.6032395362854004,0.3,1
sentence-transformers/paraphrase-multilingual-MiniLM-L12-v2,1200,120,obs_zero_zh,中子电流测量跨通道同步零值闪断,observation_derived,zh,30,3,0.6285901069641113,0.6003562808036804,0.4,1
sentence-transformers/paraphrase-multilingual-MiniLM-L12-v2,1200,120,obs_zero_zh,中子电流测量跨通道同步零值闪断,observation_derived,zh,30,4,0.6285901069641113,0.607695460319519,0.2,1
sentence-transformers/paraphrase-multilingual-MiniLM-L12-v2,1200,120,obs_zero_zh,中子电流测量跨通道同步零值闪断,observation_derived,zh,30,5,0.6285901069641113,0.6017000079154968,0.4,1
sentence-transformers/paraphrase-multilingual-MiniLM-L12-v2,1200,120,obs_zero_zh,中子电流测量跨通道同步零值闪断,observation_derived,zh,30,6,0.6285901069641113,0.6055761575698853,0.3,1
sentence-transformers/paraphrase-multilingual-MiniLM-L12-v2,1200,120,obs_zero_zh,中子电流测量跨通道同步零值闪断,observation_derived,zh,30,7,0.6285901069641113,0.605129599571228,0.3,1
sentence-transformers/paraphrase-multilingual-MiniLM-L12-v2,1200,120,obs_zero_zh,中子电流测量跨通道同步零值闪断,observation_derived,zh,30,8,0.6285901069641113,0.6052621006965637,0.3,1
sentence-transformers/paraphrase-multilingual-MiniLM-L12-v2,1200,120,obs_zero_zh,中子电流测量跨通道同步零值闪断,observation_derived,zh,30,9,0.6285901069641113,0.5988231301307678,0.4,1
sentence-transformers/paraphrase-multilingual-MiniLM-L12-v2,1200,120,obs_zero_zh,中子电流测量跨通道同步零值闪断,observation_derived,zh,35,0,0.6285901069641113,0.6050921678543091,0.3,1
sentence-transformers/paraphrase-multilingual-MiniLM-L12-v2,1200,120,obs_zero_zh,中子电流测量跨通道同步零值闪断,observation_derived,zh,35,1,0.6285901069641113,0.6002327799797058,0.4,1
sentence-transformers/paraphrase-multilingual-MiniLM-L12-v2,1200,120,obs_zero_zh,中子电流测量跨通道同步零值闪断,observation_derived,zh,35,2,0.6285901069641113,0.602150559425354,0.4,1
sentence-transformers/paraphrase-multilingual-MiniLM-L12-v2,1200,120,obs_zero_zh,中子电流测量跨通道同步零值闪断,observation_derived,zh,35,3,0.6285901069641113,0.6003562808036804,0.4,1
sentence-transformers/paraphrase-multilingual-MiniLM-L12-v2,1200,120,obs_zero_zh,中子电流测量跨通道同步零值闪断,observation_derived,zh,35,4,0.6285901069641113,0.6040404438972473,0.3,1
sentence-transformers/paraphrase-multilingual-MiniLM-L12-v2,1200,120,obs_zero_zh,中子电流测量跨通道同步零值闪断,observation_derived,zh,35,5,0.6285901069641113,0.6050921678543091,0.3,1
sentence-transformers/paraphrase-multilingual-MiniLM-L12-v2,1200,120,obs_zero_zh,中子电流测量跨通道同步零值闪断,observation_derived,zh,35,6,0.6285901069641113,0.6030364036560059,0.4,1
sentence-transformers/paraphrase-multilingual-MiniLM-L12-v2,1200,120,obs_zero_zh,中子电流测量跨通道同步零值闪断,observation_derived,zh,35,7,0.6285901069641113,0.5953435301780701,0.4,1
sentence-transformers/paraphrase-multilingual-MiniLM-L12-v2,1200,120,obs_zero_zh,中子电流测量跨通道同步零值闪断,observation_derived,zh,35,8,0.6285901069641113,0.6069213151931763,0.3,1
sentence-transformers/paraphrase-multilingual-MiniLM-L12-v2,1200,120,obs_zero_zh,中子电流测量跨通道同步零值闪断,observation_derived,zh,35,9,0.6285901069641113,0.600357174873352,0.4,1
sentence-transformers/paraphrase-multilingual-MiniLM-L12-v2,1200,120,obs_zero_zh,中子电流测量跨通道同步零值闪断,observation_derived,zh,40,0,0.6285901069641113,0.5996073484420776,0.4,1
sentence-transformers/paraphrase-multilingual-MiniLM-L12-v2,1200,120,obs_zero_zh,中子电流测量跨通道同步零值闪断,observation_derived,zh,40,1,0.6285901069641113,0.6078287959098816,0.2,1
sentence-transformers/paraphrase-multilingual-MiniLM-L12-v2,1200,120,obs_zero_zh,中子电流测量跨通道同步零值闪断,observation_derived,zh,40,2,0.6285901069641113,0.6070278882980347,0.2,1
sentence-transformers/paraphrase-multilingual-MiniLM-L12-v2,1200,120,obs_zero_zh,中子电流测量跨通道同步零值闪断,observation_derived,zh,40,3,0.6285901069641113,0.606482744216919,0.2,1
sentence-transformers/paraphrase-multilingual-MiniLM-L12-v2,1200,120,obs_zero_zh,中子电流测量跨通道同步零值闪断,observation_derived,zh,40,4,0.6285901069641113,0.6026700735092163,0.4,1
sentence-transformers/paraphrase-multilingual-MiniLM-L12-v2,1200,120,obs_zero_zh,中子电流测量跨通道同步零值闪断,observation_derived,zh,40,5,0.6285901069641113,0.6032395362854004,0.3,1
sentence-transformers/paraphrase-multilingual-MiniLM-L12-v2,1200,120,obs_zero_zh,中子电流测量跨通道同步零值闪断,observation_derived,zh,40,6,0.6285901069641113,0.6090415716171265,0.2,1
sentence-transformers/paraphrase-multilingual-MiniLM-L12-v2,1200,120,obs_zero_zh,中子电流测量跨通道同步零值闪断,observation_derived,zh,40,7,0.6285901069641113,0.6080706715583801,0.2,1
sentence-transformers/paraphrase-multilingual-MiniLM-L12-v2,1200,120,obs_zero_zh,中子电流测量跨通道同步零值闪断,observation_derived,zh,40,8,0.6285901069641113,0.6045324802398682,0.3,1
sentence-transformers/paraphrase-multilingual-MiniLM-L12-v2,1200,120,obs_zero_zh,中子电流测量跨通道同步零值闪断,observation_derived,zh,40,9,0.6285901069641113,0.6080706715583801,0.2,1
sentence-transformers/paraphrase-multilingual-MiniLM-L12-v2,1200,120,obs_zero_zh,中子电流测量跨通道同步零值闪断,observation_derived,zh,45,0,0.6285901069641113,0.6064113974571228,0.2,1
sentence-transformers/paraphrase-multilingual-MiniLM-L12-v2,1200,120,obs_zero_zh,中子电流测量跨通道同步零值闪断,observation_derived,zh,45,1,0.6285901069641113,0.604210376739502,0.3,1
sentence-transformers/paraphrase-multilingual-MiniLM-L12-v2,1200,120,obs_zero_zh,中子电流测量跨通道同步零值闪断,observation_derived,zh,45,2,0.6285901069641113,0.6096183657646179,0.2,1
sentence-transformers/paraphrase-multilingual-MiniLM-L12-v2,1200,120,obs_zero_zh,中子电流测量跨通道同步零值闪断,observation_derived,zh,45,3,0.6285901069641113,0.6096183657646179,0.2,1
sentence-transformers/paraphrase-multilingual-MiniLM-L12-v2,1200,120,obs_zero_zh,中子电流测量跨通道同步零值闪断,observation_derived,zh,45,4,0.6285901069641113,0.6090415716171265,0.2,1
sentence-transformers/paraphrase-multilingual-MiniLM-L12-v2,1200,120,obs_zero_zh,中子电流测量跨通道同步零值闪断,observation_derived,zh,45,5,0.6285901069641113,0.6096183657646179,0.2,1
sentence-transformers/paraphrase-multilingual-MiniLM-L12-v2,1200,120,obs_zero_zh,中子电流测量跨通道同步零值闪断,observation_derived,zh,45,6,0.6285901069641113,0.6096183657646179,0.2,1
sentence-transformers/paraphrase-multilingual-MiniLM-L12-v2,1200,120,obs_zero_zh,中子电流测量跨通道同步零值闪断,observation_derived,zh,45,7,0.6285901069641113,0.6039160490036011,0.3,1
sentence-transformers/paraphrase-multilingual-MiniLM-L12-v2,1200,120,obs_zero_zh,中子电流测量跨通道同步零值闪断,observation_derived,zh,45,8,0.6285901069641113,0.6096183657646179,0.2,1
sentence-transformers/paraphrase-multilingual-MiniLM-L12-v2,1200,120,obs_zero_zh,中子电流测量跨通道同步零值闪断,observation_derived,zh,45,9,0.6285901069641113,0.6096183657646179,0.2,1
sentence-transformers/paraphrase-multilingual-MiniLM-L12-v2,1200,120,obs_zero_zh,中子电流测量跨通道同步零值闪断,observation_derived,zh,50,0,0.6285901069641113,0.6096183657646179,0.2,1
sentence-transformers/paraphrase-multilingual-MiniLM-L12-v2,1200,120,obs_zero_zh,中子电流测量跨通道同步零值闪断,observation_derived,zh,50,1,0.6285901069641113,0.607695460319519,0.2,1
sentence-transformers/paraphrase-multilingual-MiniLM-L12-v2,1200,120,obs_zero_zh,中子电流测量跨通道同步零值闪断,observation_derived,zh,50,2,0.6285901069641113,0.6096183657646179,0.2,1
sentence-transformers/paraphrase-multilingual-MiniLM-L12-v2,1200,120,obs_zero_zh,中子电流测量跨通道同步零值闪断,observation_derived,zh,50,3,0.6285901069641113,0.6096183657646179,0.2,1
sentence-transformers/paraphrase-multilingual-MiniLM-L12-v2,1200,120,obs_zero_zh,中子电流测量跨通道同步零值闪断,observation_derived,zh,50,4,0.6285901069641113,0.6096183657646179,0.2,1
sentence-transformers/paraphrase-multilingual-MiniLM-L12-v2,1200,120,obs_zero_zh,中子电流测量跨通道同步零值闪断,observation_derived,zh,50,5,0.6285901069641113,0.6096183657646179,0.2,1
sentence-transformers/paraphrase-multilingual-MiniLM-L12-v2,1200,120,obs_zero_zh,中子电流测量跨通道同步零值闪断,observation_derived,zh,50,6,0.6285901069641113,0.6096183657646179,0.2,1
sentence-transformers/paraphrase-multilingual-MiniLM-L12-v2,1200,120,obs_zero_zh,中子电流测量跨通道同步零值闪断,observation_derived,zh,50,7,0.6285901069641113,0.6096183657646179,0.2,1
sentence-transformers/paraphrase-multilingual-MiniLM-L12-v2,1200,120,obs_zero_zh,中子电流测量跨通道同步零值闪断,observation_derived,zh,50,8,0.6285901069641113,0.6096183657646179,0.2,1
sentence-transformers/paraphrase-multilingual-MiniLM-L12-v2,1200,120,obs_zero_zh,中子电流测量跨通道同步零值闪断,observation_derived,zh,50,9,0.6285901069641113,0.6096183657646179,0.2,1
sentence-transformers/paraphrase-multilingual-MiniLM-L12-v2,1200,120,obs_zero_zh,中子电流测量跨通道同步零值闪断,observation_derived,zh,51,0,0.6285901069641113,0.6096183657646179,0.2,1
sentence-transformers/paraphrase-multilingual-MiniLM-L12-v2,1200,120,obs_zero_zh,中子电流测量跨通道同步零值闪断,observation_derived,zh,51,1,0.6285901069641113,0.6096183657646179,0.2,1
sentence-transformers/paraphrase-multilingual-MiniLM-L12-v2,1200,120,obs_zero_zh,中子电流测量跨通道同步零值闪断,observation_derived,zh,51,2,0.6285901069641113,0.6096183657646179,0.2,1
sentence-transformers/paraphrase-multilingual-MiniLM-L12-v2,1200,120,obs_zero_zh,中子电流测量跨通道同步零值闪断,observation_derived,zh,51,3,0.6285901069641113,0.6096183657646179,0.2,1
sentence-transformers/paraphrase-multilingual-MiniLM-L12-v2,1200,120,obs_zero_zh,中子电流测量跨通道同步零值闪断,observation_derived,zh,51,4,0.6285901069641113,0.6096183657646179,0.2,1
sentence-transformers/paraphrase-multilingual-MiniLM-L12-v2,1200,120,obs_zero_zh,中子电流测量跨通道同步零值闪断,observation_derived,zh,51,5,0.6285901069641113,0.6096183657646179,0.2,1
sentence-transformers/paraphrase-multilingual-MiniLM-L12-v2,1200,120,obs_zero_zh,中子电流测量跨通道同步零值闪断,observation_derived,zh,51,6,0.6285901069641113,0.6096183657646179,0.2,1
sentence-transformers/paraphrase-multilingual-MiniLM-L12-v2,1200,120,obs_zero_zh,中子电流测量跨通道同步零值闪断,observation_derived,zh,51,7,0.6285901069641113,0.6096183657646179,0.2,1
sentence-transformers/paraphrase-multilingual-MiniLM-L12-v2,1200,120,obs_zero_zh,中子电流测量跨通道同步零值闪断,observation_derived,zh,51,8,0.6285901069641113,0.6096183657646179,0.2,1
sentence-transformers/paraphrase-multilingual-MiniLM-L12-v2,1200,120,obs_zero_zh,中子电流测量跨通道同步零值闪断,observation_derived,zh,51,9,0.6285901069641113,0.6096183657646179,0.2,1
sentence-transformers/paraphrase-multilingual-MiniLM-L12-v2,1200,120,obs_sync_en,neutron current measurement highly synchronized channels without time lag,observation_derived,en,0,0,0.7047668695449829,0.6494761109352112,1.0,1
sentence-transformers/paraphrase-multilingual-MiniLM-L12-v2,1200,120,obs_sync_en,neutron current measurement highly synchronized channels without time lag,observation_derived,en,5,0,0.7047668695449829,0.6494761109352112,1.0,1
sentence-transformers/paraphrase-multilingual-MiniLM-L12-v2,1200,120,obs_sync_en,neutron current measurement highly synchronized channels without time lag,observation_derived,en,5,1,0.7047668695449829,0.6494761109352112,1.0,1
sentence-transformers/paraphrase-multilingual-MiniLM-L12-v2,1200,120,obs_sync_en,neutron current measurement highly synchronized channels without time lag,observation_derived,en,5,2,0.7047668695449829,0.6494761109352112,1.0,1
sentence-transformers/paraphrase-multilingual-MiniLM-L12-v2,1200,120,obs_sync_en,neutron current measurement highly synchronized channels without time lag,observation_derived,en,5,3,0.7047668695449829,0.6531533598899841,0.9,1
sentence-transformers/paraphrase-multilingual-MiniLM-L12-v2,1200,120,obs_sync_en,neutron current measurement highly synchronized channels without time lag,observation_derived,en,5,4,0.7047668695449829,0.6494761109352112,1.0,1
sentence-transformers/paraphrase-multilingual-MiniLM-L12-v2,1200,120,obs_sync_en,neutron current measurement highly synchronized channels without time lag,observation_derived,en,5,5,0.7047668695449829,0.6494761109352112,1.0,1
sentence-transformers/paraphrase-multilingual-MiniLM-L12-v2,1200,120,obs_sync_en,neutron current measurement highly synchronized channels without time lag,observation_derived,en,5,6,0.7047668695449829,0.6494761109352112,1.0,1
sentence-transformers/paraphrase-multilingual-MiniLM-L12-v2,1200,120,obs_sync_en,neutron current measurement highly synchronized channels without time lag,observation_derived,en,5,7,0.7047668695449829,0.6494761109352112,1.0,1
sentence-transformers/paraphrase-multilingual-MiniLM-L12-v2,1200,120,obs_sync_en,neutron current measurement highly synchronized channels without time lag,observation_derived,en,5,8,0.7047668695449829,0.6494761109352112,1.0,1
sentence-transformers/paraphrase-multilingual-MiniLM-L12-v2,1200,120,obs_sync_en,neutron current measurement highly synchronized channels without time lag,observation_derived,en,5,9,0.7047668695449829,0.6494761109352112,1.0,1
sentence-transformers/paraphrase-multilingual-MiniLM-L12-v2,1200,120,obs_sync_en,neutron current measurement highly synchronized channels without time lag,observation_derived,en,10,0,0.7047668695449829,0.6494761109352112,1.0,1
sentence-transformers/paraphrase-multilingual-MiniLM-L12-v2,1200,120,obs_sync_en,neutron current measurement highly synchronized channels without time lag,observation_derived,en,10,1,0.7047668695449829,0.6494761109352112,1.0,1
sentence-transformers/paraphrase-multilingual-MiniLM-L12-v2,1200,120,obs_sync_en,neutron current measurement highly synchronized channels without time lag,observation_derived,en,10,2,0.7047668695449829,0.6531533598899841,0.9,1
sentence-transformers/paraphrase-multilingual-MiniLM-L12-v2,1200,120,obs_sync_en,neutron current measurement highly synchronized channels without time lag,observation_derived,en,10,3,0.7047668695449829,0.6539901494979858,0.9,1
sentence-transformers/paraphrase-multilingual-MiniLM-L12-v2,1200,120,obs_sync_en,neutron current measurement highly synchronized channels without time lag,observation_derived,en,10,4,0.7047668695449829,0.6569322347640991,0.8,1
sentence-transformers/paraphrase-multilingual-MiniLM-L12-v2,1200,120,obs_sync_en,neutron current measurement highly synchronized channels without time lag,observation_derived,en,10,5,0.7047668695449829,0.6539901494979858,0.9,1
sentence-transformers/paraphrase-multilingual-MiniLM-L12-v2,1200,120,obs_sync_en,neutron current measurement highly synchronized channels without time lag,observation_derived,en,10,6,0.7047668695449829,0.6494761109352112,1.0,1
sentence-transformers/paraphrase-multilingual-MiniLM-L12-v2,1200,120,obs_sync_en,neutron current measurement highly synchronized channels without time lag,observation_derived,en,10,7,0.7047668695449829,0.6494761109352112,1.0,1
sentence-transformers/paraphrase-multilingual-MiniLM-L12-v2,1200,120,obs_sync_en,neutron current measurement highly synchronized channels without time lag,observation_derived,en,10,8,0.7047668695449829,0.6569322347640991,0.8,1
sentence-transformers/paraphrase-multilingual-MiniLM-L12-v2,1200,120,obs_sync_en,neutron current measurement highly synchronized channels without time lag,observation_derived,en,10,9,0.7047668695449829,0.6494761109352112,1.0,1
sentence-transformers/paraphrase-multilingual-MiniLM-L12-v2,1200,120,obs_sync_en,neutron current measurement highly synchronized channels without time lag,observation_derived,en,15,0,0.7047668695449829,0.6569322347640991,0.8,1
sentence-transformers/paraphrase-multilingual-MiniLM-L12-v2,1200,120,obs_sync_en,neutron current measurement highly synchronized channels without time lag,observation_derived,en,15,1,0.7047668695449829,0.666245698928833,0.4,1
sentence-transformers/paraphrase-multilingual-MiniLM-L12-v2,1200,120,obs_sync_en,neutron current measurement highly synchronized channels without time lag,observation_derived,en,15,2,0.7047668695449829,0.6569270491600037,0.8,1
sentence-transformers/paraphrase-multilingual-MiniLM-L12-v2,1200,120,obs_sync_en,neutron current measurement highly synchronized channels without time lag,observation_derived,en,15,3,0.7047668695449829,0.6689689755439758,0.3,1
sentence-transformers/paraphrase-multilingual-MiniLM-L12-v2,1200,120,obs_sync_en,neutron current measurement highly synchronized channels without time lag,observation_derived,en,15,4,0.7047668695449829,0.666245698928833,0.4,1
sentence-transformers/paraphrase-multilingual-MiniLM-L12-v2,1200,120,obs_sync_en,neutron current measurement highly synchronized channels without time lag,observation_derived,en,15,5,0.7047668695449829,0.6494761109352112,1.0,1
sentence-transformers/paraphrase-multilingual-MiniLM-L12-v2,1200,120,obs_sync_en,neutron current measurement highly synchronized channels without time lag,observation_derived,en,15,6,0.7047668695449829,0.6494761109352112,1.0,1
sentence-transformers/paraphrase-multilingual-MiniLM-L12-v2,1200,120,obs_sync_en,neutron current measurement highly synchronized channels without time lag,observation_derived,en,15,7,0.7047668695449829,0.6497701406478882,0.9,1
sentence-transformers/paraphrase-multilingual-MiniLM-L12-v2,1200,120,obs_sync_en,neutron current measurement highly synchronized channels without time lag,observation_derived,en,15,8,0.7047668695449829,0.6497701406478882,0.9,1
sentence-transformers/paraphrase-multilingual-MiniLM-L12-v2,1200,120,obs_sync_en,neutron current measurement highly synchronized channels without time lag,observation_derived,en,15,9,0.7047668695449829,0.6683838963508606,0.3,1
sentence-transformers/paraphrase-multilingual-MiniLM-L12-v2,1200,120,obs_sync_en,neutron current measurement highly synchronized channels without time lag,observation_derived,en,20,0,0.7047668695449829,0.666245698928833,0.4,1
sentence-transformers/paraphrase-multilingual-MiniLM-L12-v2,1200,120,obs_sync_en,neutron current measurement highly synchronized channels without time lag,observation_derived,en,20,1,0.7047668695449829,0.6598139405250549,0.7,1
sentence-transformers/paraphrase-multilingual-MiniLM-L12-v2,1200,120,obs_sync_en,neutron current measurement highly synchronized channels without time lag,observation_derived,en,20,2,0.7047668695449829,0.6569270491600037,0.8,1
sentence-transformers/paraphrase-multilingual-MiniLM-L12-v2,1200,120,obs_sync_en,neutron current measurement highly synchronized channels without time lag,observation_derived,en,20,3,0.7047668695449829,0.6598139405250549,0.7,1
sentence-transformers/paraphrase-multilingual-MiniLM-L12-v2,1200,120,obs_sync_en,neutron current measurement highly synchronized channels without time lag,observation_derived,en,20,4,0.7047668695449829,0.6689689755439758,0.3,1
sentence-transformers/paraphrase-multilingual-MiniLM-L12-v2,1200,120,obs_sync_en,neutron current measurement highly synchronized channels without time lag,observation_derived,en,20,5,0.7047668695449829,0.666245698928833,0.4,1
sentence-transformers/paraphrase-multilingual-MiniLM-L12-v2,1200,120,obs_sync_en,neutron current measurement highly synchronized channels without time lag,observation_derived,en,20,6,0.7047668695449829,0.6569322347640991,0.8,1
sentence-transformers/paraphrase-multilingual-MiniLM-L12-v2,1200,120,obs_sync_en,neutron current measurement highly synchronized channels without time lag,observation_derived,en,20,7,0.7047668695449829,0.6531533598899841,0.9,1
sentence-transformers/paraphrase-multilingual-MiniLM-L12-v2,1200,120,obs_sync_en,neutron current measurement highly synchronized channels without time lag,observation_derived,en,20,8,0.7047668695449829,0.6634607911109924,0.6,1
sentence-transformers/paraphrase-multilingual-MiniLM-L12-v2,1200,120,obs_sync_en,neutron current measurement highly synchronized channels without time lag,observation_derived,en,20,9,0.7047668695449829,0.6629983186721802,0.5,1
sentence-transformers/paraphrase-multilingual-MiniLM-L12-v2,1200,120,obs_sync_en,neutron current measurement highly synchronized channels without time lag,observation_derived,en,25,0,0.7047668695449829,0.6654089689254761,0.4,1
sentence-transformers/paraphrase-multilingual-MiniLM-L12-v2,1200,120,obs_sync_en,neutron current measurement highly synchronized channels without time lag,observation_derived,en,25,1,0.7047668695449829,0.6569322347640991,0.8,1
sentence-transformers/paraphrase-multilingual-MiniLM-L12-v2,1200,120,obs_sync_en,neutron current measurement highly synchronized channels without time lag,observation_derived,en,25,2,0.7047668695449829,0.6634607911109924,0.6,1
sentence-transformers/paraphrase-multilingual-MiniLM-L12-v2,1200,120,obs_sync_en,neutron current measurement highly synchronized channels without time lag,observation_derived,en,25,3,0.7047668695449829,0.6654089689254761,0.4,1
sentence-transformers/paraphrase-multilingual-MiniLM-L12-v2,1200,120,obs_sync_en,neutron current measurement highly synchronized channels without time lag,observation_derived,en,25,4,0.7047668695449829,0.6689689755439758,0.3,1
sentence-transformers/paraphrase-multilingual-MiniLM-L12-v2,1200,120,obs_sync_en,neutron current measurement highly synchronized channels without time lag,observation_derived,en,25,5,0.7047668695449829,0.6703422665596008,0.3,1
sentence-transformers/paraphrase-multilingual-MiniLM-L12-v2,1200,120,obs_sync_en,neutron current measurement highly synchronized channels without time lag,observation_derived,en,25,6,0.7047668695449829,0.6698057651519775,0.3,1
sentence-transformers/paraphrase-multilingual-MiniLM-L12-v2,1200,120,obs_sync_en,neutron current measurement highly synchronized channels without time lag,observation_derived,en,25,7,0.7047668695449829,0.6629983186721802,0.5,1
sentence-transformers/paraphrase-multilingual-MiniLM-L12-v2,1200,120,obs_sync_en,neutron current measurement highly synchronized channels without time lag,observation_derived,en,25,8,0.7047668695449829,0.6683838963508606,0.3,1
sentence-transformers/paraphrase-multilingual-MiniLM-L12-v2,1200,120,obs_sync_en,neutron current measurement highly synchronized channels without time lag,observation_derived,en,25,9,0.7047668695449829,0.6629983186721802,0.5,1
sentence-transformers/paraphrase-multilingual-MiniLM-L12-v2,1200,120,obs_sync_en,neutron current measurement highly synchronized channels without time lag,observation_derived,en,30,0,0.7047668695449829,0.6683838963508606,0.3,1
sentence-transformers/paraphrase-multilingual-MiniLM-L12-v2,1200,120,obs_sync_en,neutron current measurement highly synchronized channels without time lag,observation_derived,en,30,1,0.7047668695449829,0.6698057651519775,0.3,1
sentence-transformers/paraphrase-multilingual-MiniLM-L12-v2,1200,120,obs_sync_en,neutron current measurement highly synchronized channels without time lag,observation_derived,en,30,2,0.7047668695449829,0.6539901494979858,0.9,1
sentence-transformers/paraphrase-multilingual-MiniLM-L12-v2,1200,120,obs_sync_en,neutron current measurement highly synchronized channels without time lag,observation_derived,en,30,3,0.7047668695449829,0.6698057651519775,0.3,1
sentence-transformers/paraphrase-multilingual-MiniLM-L12-v2,1200,120,obs_sync_en,neutron current measurement highly synchronized channels without time lag,observation_derived,en,30,4,0.7047668695449829,0.6683788299560547,0.3,1
sentence-transformers/paraphrase-multilingual-MiniLM-L12-v2,1200,120,obs_sync_en,neutron current measurement highly synchronized channels without time lag,observation_derived,en,30,5,0.7047668695449829,0.6634607911109924,0.6,1
sentence-transformers/paraphrase-multilingual-MiniLM-L12-v2,1200,120,obs_sync_en,neutron current measurement highly synchronized channels without time lag,observation_derived,en,30,6,0.7047668695449829,0.6654089689254761,0.4,1
sentence-transformers/paraphrase-multilingual-MiniLM-L12-v2,1200,120,obs_sync_en,neutron current measurement highly synchronized channels without time lag,observation_derived,en,30,7,0.7047668695449829,0.6634607911109924,0.6,1
sentence-transformers/paraphrase-multilingual-MiniLM-L12-v2,1200,120,obs_sync_en,neutron current measurement highly synchronized channels without time lag,observation_derived,en,30,8,0.7047668695449829,0.6606506705284119,0.7,1
sentence-transformers/paraphrase-multilingual-MiniLM-L12-v2,1200,120,obs_sync_en,neutron current measurement highly synchronized channels without time lag,observation_derived,en,30,9,0.7047668695449829,0.6683838963508606,0.3,1
sentence-transformers/paraphrase-multilingual-MiniLM-L12-v2,1200,120,obs_sync_en,neutron current measurement highly synchronized channels without time lag,observation_derived,en,35,0,0.7047668695449829,0.6689689755439758,0.3,1
sentence-transformers/paraphrase-multilingual-MiniLM-L12-v2,1200,120,obs_sync_en,neutron current measurement highly synchronized channels without time lag,observation_derived,en,35,1,0.7047668695449829,0.6703422665596008,0.3,1
sentence-transformers/paraphrase-multilingual-MiniLM-L12-v2,1200,120,obs_sync_en,neutron current measurement highly synchronized channels without time lag,observation_derived,en,35,2,0.7047668695449829,0.6654089689254761,0.4,1
sentence-transformers/paraphrase-multilingual-MiniLM-L12-v2,1200,120,obs_sync_en,neutron current measurement highly synchronized channels without time lag,observation_derived,en,35,3,0.7047668695449829,0.6703422665596008,0.3,1
sentence-transformers/paraphrase-multilingual-MiniLM-L12-v2,1200,120,obs_sync_en,neutron current measurement highly synchronized channels without time lag,observation_derived,en,35,4,0.7047668695449829,0.6703422665596008,0.3,1
sentence-transformers/paraphrase-multilingual-MiniLM-L12-v2,1200,120,obs_sync_en,neutron current measurement highly synchronized channels without time lag,observation_derived,en,35,5,0.7047668695449829,0.6703422665596008,0.3,1
sentence-transformers/paraphrase-multilingual-MiniLM-L12-v2,1200,120,obs_sync_en,neutron current measurement highly synchronized channels without time lag,observation_derived,en,35,6,0.7047668695449829,0.6654089689254761,0.4,1
sentence-transformers/paraphrase-multilingual-MiniLM-L12-v2,1200,120,obs_sync_en,neutron current measurement highly synchronized channels without time lag,observation_derived,en,35,7,0.7047668695449829,0.6569322347640991,0.8,1
sentence-transformers/paraphrase-multilingual-MiniLM-L12-v2,1200,120,obs_sync_en,neutron current measurement highly synchronized channels without time lag,observation_derived,en,35,8,0.7047668695449829,0.6539901494979858,0.9,1
sentence-transformers/paraphrase-multilingual-MiniLM-L12-v2,1200,120,obs_sync_en,neutron current measurement highly synchronized channels without time lag,observation_derived,en,35,9,0.7047668695449829,0.6703422665596008,0.3,1
sentence-transformers/paraphrase-multilingual-MiniLM-L12-v2,1200,120,obs_sync_en,neutron current measurement highly synchronized channels without time lag,observation_derived,en,40,0,0.7047668695449829,0.6703422665596008,0.3,1
sentence-transformers/paraphrase-multilingual-MiniLM-L12-v2,1200,120,obs_sync_en,neutron current measurement highly synchronized channels without time lag,observation_derived,en,40,1,0.7047668695449829,0.6531533598899841,0.9,1
sentence-transformers/paraphrase-multilingual-MiniLM-L12-v2,1200,120,obs_sync_en,neutron current measurement highly synchronized channels without time lag,observation_derived,en,40,2,0.7047668695449829,0.6703422665596008,0.3,1
sentence-transformers/paraphrase-multilingual-MiniLM-L12-v2,1200,120,obs_sync_en,neutron current measurement highly synchronized channels without time lag,observation_derived,en,40,3,0.7047668695449829,0.6606506705284119,0.7,1
sentence-transformers/paraphrase-multilingual-MiniLM-L12-v2,1200,120,obs_sync_en,neutron current measurement highly synchronized channels without time lag,observation_derived,en,40,4,0.7047668695449829,0.6703422665596008,0.3,1
sentence-transformers/paraphrase-multilingual-MiniLM-L12-v2,1200,120,obs_sync_en,neutron current measurement highly synchronized channels without time lag,observation_derived,en,40,5,0.7047668695449829,0.6683788299560547,0.3,1
sentence-transformers/paraphrase-multilingual-MiniLM-L12-v2,1200,120,obs_sync_en,neutron current measurement highly synchronized channels without time lag,observation_derived,en,40,6,0.7047668695449829,0.6689689755439758,0.3,1
sentence-transformers/paraphrase-multilingual-MiniLM-L12-v2,1200,120,obs_sync_en,neutron current measurement highly synchronized channels without time lag,observation_derived,en,40,7,0.7047668695449829,0.6703422665596008,0.3,1
sentence-transformers/paraphrase-multilingual-MiniLM-L12-v2,1200,120,obs_sync_en,neutron current measurement highly synchronized channels without time lag,observation_derived,en,40,8,0.7047668695449829,0.6703422665596008,0.3,1
sentence-transformers/paraphrase-multilingual-MiniLM-L12-v2,1200,120,obs_sync_en,neutron current measurement highly synchronized channels without time lag,observation_derived,en,40,9,0.7047668695449829,0.6703422665596008,0.3,1
sentence-transformers/paraphrase-multilingual-MiniLM-L12-v2,1200,120,obs_sync_en,neutron current measurement highly synchronized channels without time lag,observation_derived,en,45,0,0.7047668695449829,0.6703422665596008,0.3,1
sentence-transformers/paraphrase-multilingual-MiniLM-L12-v2,1200,120,obs_sync_en,neutron current measurement highly synchronized channels without time lag,observation_derived,en,45,1,0.7047668695449829,0.6683838963508606,0.3,1
sentence-transformers/paraphrase-multilingual-MiniLM-L12-v2,1200,120,obs_sync_en,neutron current measurement highly synchronized channels without time lag,observation_derived,en,45,2,0.7047668695449829,0.6703422665596008,0.3,1
sentence-transformers/paraphrase-multilingual-MiniLM-L12-v2,1200,120,obs_sync_en,neutron current measurement highly synchronized channels without time lag,observation_derived,en,45,3,0.7047668695449829,0.6703422665596008,0.3,1
sentence-transformers/paraphrase-multilingual-MiniLM-L12-v2,1200,120,obs_sync_en,neutron current measurement highly synchronized channels without time lag,observation_derived,en,45,4,0.7047668695449829,0.6634607911109924,0.6,1
sentence-transformers/paraphrase-multilingual-MiniLM-L12-v2,1200,120,obs_sync_en,neutron current measurement highly synchronized channels without time lag,observation_derived,en,45,5,0.7047668695449829,0.6698057651519775,0.3,1
sentence-transformers/paraphrase-multilingual-MiniLM-L12-v2,1200,120,obs_sync_en,neutron current measurement highly synchronized channels without time lag,observation_derived,en,45,6,0.7047668695449829,0.6703422665596008,0.3,1
sentence-transformers/paraphrase-multilingual-MiniLM-L12-v2,1200,120,obs_sync_en,neutron current measurement highly synchronized channels without time lag,observation_derived,en,45,7,0.7047668695449829,0.6698057651519775,0.3,1
sentence-transformers/paraphrase-multilingual-MiniLM-L12-v2,1200,120,obs_sync_en,neutron current measurement highly synchronized channels without time lag,observation_derived,en,45,8,0.7047668695449829,0.6634607911109924,0.6,1
sentence-transformers/paraphrase-multilingual-MiniLM-L12-v2,1200,120,obs_sync_en,neutron current measurement highly synchronized channels without time lag,observation_derived,en,45,9,0.7047668695449829,0.6703422665596008,0.3,1
sentence-transformers/paraphrase-multilingual-MiniLM-L12-v2,1200,120,obs_sync_en,neutron current measurement highly synchronized channels without time lag,observation_derived,en,50,0,0.7047668695449829,0.6703422665596008,0.3,1
sentence-transformers/paraphrase-multilingual-MiniLM-L12-v2,1200,120,obs_sync_en,neutron current measurement highly synchronized channels without time lag,observation_derived,en,50,1,0.7047668695449829,0.6703422665596008,0.3,1
sentence-transformers/paraphrase-multilingual-MiniLM-L12-v2,1200,120,obs_sync_en,neutron current measurement highly synchronized channels without time lag,observation_derived,en,50,2,0.7047668695449829,0.6703422665596008,0.3,1
sentence-transformers/paraphrase-multilingual-MiniLM-L12-v2,1200,120,obs_sync_en,neutron current measurement highly synchronized channels without time lag,observation_derived,en,50,3,0.7047668695449829,0.6703422665596008,0.3,1
sentence-transformers/paraphrase-multilingual-MiniLM-L12-v2,1200,120,obs_sync_en,neutron current measurement highly synchronized channels without time lag,observation_derived,en,50,4,0.7047668695449829,0.6703422665596008,0.3,1
sentence-transformers/paraphrase-multilingual-MiniLM-L12-v2,1200,120,obs_sync_en,neutron current measurement highly synchronized channels without time lag,observation_derived,en,50,5,0.7047668695449829,0.6703422665596008,0.3,1
sentence-transformers/paraphrase-multilingual-MiniLM-L12-v2,1200,120,obs_sync_en,neutron current measurement highly synchronized channels without time lag,observation_derived,en,50,6,0.7047668695449829,0.6703422665596008,0.3,1
sentence-transformers/paraphrase-multilingual-MiniLM-L12-v2,1200,120,obs_sync_en,neutron current measurement highly synchronized channels without time lag,observation_derived,en,50,7,0.7047668695449829,0.6703422665596008,0.3,1
sentence-transformers/paraphrase-multilingual-MiniLM-L12-v2,1200,120,obs_sync_en,neutron current measurement highly synchronized channels without time lag,observation_derived,en,50,8,0.7047668695449829,0.6703422665596008,0.3,1
sentence-transformers/paraphrase-multilingual-MiniLM-L12-v2,1200,120,obs_sync_en,neutron current measurement highly synchronized channels without time lag,observation_derived,en,50,9,0.7047668695449829,0.6703422665596008,0.3,1
sentence-transformers/paraphrase-multilingual-MiniLM-L12-v2,1200,120,obs_sync_en,neutron current measurement highly synchronized channels without time lag,observation_derived,en,51,0,0.7047668695449829,0.6703422665596008,0.3,1
sentence-transformers/paraphrase-multilingual-MiniLM-L12-v2,1200,120,obs_sync_en,neutron current measurement highly synchronized channels without time lag,observation_derived,en,51,1,0.7047668695449829,0.6703422665596008,0.3,1
sentence-transformers/paraphrase-multilingual-MiniLM-L12-v2,1200,120,obs_sync_en,neutron current measurement highly synchronized channels without time lag,observation_derived,en,51,2,0.7047668695449829,0.6703422665596008,0.3,1
sentence-transformers/paraphrase-multilingual-MiniLM-L12-v2,1200,120,obs_sync_en,neutron current measurement highly synchronized channels without time lag,observation_derived,en,51,3,0.7047668695449829,0.6703422665596008,0.3,1
sentence-transformers/paraphrase-multilingual-MiniLM-L12-v2,1200,120,obs_sync_en,neutron current measurement highly synchronized channels without time lag,observation_derived,en,51,4,0.7047668695449829,0.6703422665596008,0.3,1
sentence-transformers/paraphrase-multilingual-MiniLM-L12-v2,1200,120,obs_sync_en,neutron current measurement highly synchronized channels without time lag,observation_derived,en,51,5,0.7047668695449829,0.6703422665596008,0.3,1
sentence-transformers/paraphrase-multilingual-MiniLM-L12-v2,1200,120,obs_sync_en,neutron current measurement highly synchronized channels without time lag,observation_derived,en,51,6,0.7047668695449829,0.6703422665596008,0.3,1
sentence-transformers/paraphrase-multilingual-MiniLM-L12-v2,1200,120,obs_sync_en,neutron current measurement highly synchronized channels without time lag,observation_derived,en,51,7,0.7047668695449829,0.6703422665596008,0.3,1
sentence-transformers/paraphrase-multilingual-MiniLM-L12-v2,1200,120,obs_sync_en,neutron current measurement highly synchronized channels without time lag,observation_derived,en,51,8,0.7047668695449829,0.6703422665596008,0.3,1
sentence-transformers/paraphrase-multilingual-MiniLM-L12-v2,1200,120,obs_sync_en,neutron current measurement highly synchronized channels without time lag,observation_derived,en,51,9,0.7047668695449829,0.6703422665596008,0.3,1
sentence-transformers/paraphrase-multilingual-MiniLM-L12-v2,1200,120,obs_sync_zh,中子电流测量高同步通道无时间滞后,observation_derived,zh,0,0,0.5946500301361084,0.5608664751052856,1.0,1
sentence-transformers/paraphrase-multilingual-MiniLM-L12-v2,1200,120,obs_sync_zh,中子电流测量高同步通道无时间滞后,observation_derived,zh,5,0,0.5946500301361084,0.5629345178604126,0.8,1
sentence-transformers/paraphrase-multilingual-MiniLM-L12-v2,1200,120,obs_sync_zh,中子电流测量高同步通道无时间滞后,observation_derived,zh,5,1,0.5946500301361084,0.5771704316139221,0.5,1
sentence-transformers/paraphrase-multilingual-MiniLM-L12-v2,1200,120,obs_sync_zh,中子电流测量高同步通道无时间滞后,observation_derived,zh,5,2,0.5946500301361084,0.5749784111976624,0.6,1
sentence-transformers/paraphrase-multilingual-MiniLM-L12-v2,1200,120,obs_sync_zh,中子电流测量高同步通道无时间滞后,observation_derived,zh,5,3,0.5946500301361084,0.5638313293457031,0.9,1
sentence-transformers/paraphrase-multilingual-MiniLM-L12-v2,1200,120,obs_sync_zh,中子电流测量高同步通道无时间滞后,observation_derived,zh,5,4,0.5946500301361084,0.5638313293457031,0.9,1
sentence-transformers/paraphrase-multilingual-MiniLM-L12-v2,1200,120,obs_sync_zh,中子电流测量高同步通道无时间滞后,observation_derived,zh,5,5,0.5946500301361084,0.5636755228042603,0.8,1
sentence-transformers/paraphrase-multilingual-MiniLM-L12-v2,1200,120,obs_sync_zh,中子电流测量高同步通道无时间滞后,observation_derived,zh,5,6,0.5946500301361084,0.5624373555183411,0.9,1
sentence-transformers/paraphrase-multilingual-MiniLM-L12-v2,1200,120,obs_sync_zh,中子电流测量高同步通道无时间滞后,observation_derived,zh,5,7,0.5946500301361084,0.5608664751052856,1.0,1
sentence-transformers/paraphrase-multilingual-MiniLM-L12-v2,1200,120,obs_sync_zh,中子电流测量高同步通道无时间滞后,observation_derived,zh,5,8,0.5946500301361084,0.566407322883606,0.8,1
sentence-transformers/paraphrase-multilingual-MiniLM-L12-v2,1200,120,obs_sync_zh,中子电流测量高同步通道无时间滞后,observation_derived,zh,5,9,0.5946500301361084,0.5636323094367981,0.9,1
sentence-transformers/paraphrase-multilingual-MiniLM-L12-v2,1200,120,obs_sync_zh,中子电流测量高同步通道无时间滞后,observation_derived,zh,10,0,0.5946500301361084,0.5658249855041504,0.9,1
sentence-transformers/paraphrase-multilingual-MiniLM-L12-v2,1200,120,obs_sync_zh,中子电流测量高同步通道无时间滞后,observation_derived,zh,10,1,0.6167357563972473,0.5884191989898682,0.3,4
sentence-transformers/paraphrase-multilingual-MiniLM-L12-v2,1200,120,obs_sync_zh,中子电流测量高同步通道无时间滞后,observation_derived,zh,10,2,0.5946500301361084,0.5751767158508301,0.5,1
sentence-transformers/paraphrase-multilingual-MiniLM-L12-v2,1200,120,obs_sync_zh,中子电流测量高同步通道无时间滞后,observation_derived,zh,10,3,0.6167357563972473,0.593092143535614,0.2,4
sentence-transformers/paraphrase-multilingual-MiniLM-L12-v2,1200,120,obs_sync_zh,中子电流测量高同步通道无时间滞后,observation_derived,zh,10,4,0.6167357563972473,0.5872777104377747,0.3,4
sentence-transformers/paraphrase-multilingual-MiniLM-L12-v2,1200,120,obs_sync_zh,中子电流测量高同步通道无时间滞后,observation_derived,zh,10,5,0.5946500301361084,0.5638313293457031,0.9,1
sentence-transformers/paraphrase-multilingual-MiniLM-L12-v2,1200,120,obs_sync_zh,中子电流测量高同步通道无时间滞后,observation_derived,zh,10,6,0.6167357563972473,0.5850661993026733,0.4,4
sentence-transformers/paraphrase-multilingual-MiniLM-L12-v2,1200,120,obs_sync_zh,中子电流测量高同步通道无时间滞后,observation_derived,zh,10,7,0.5946500301361084,0.566407322883606,0.8,1
sentence-transformers/paraphrase-multilingual-MiniLM-L12-v2,1200,120,obs_sync_zh,中子电流测量高同步通道无时间滞后,observation_derived,zh,10,8,0.6514567732810974,0.5893230438232422,0.3,2
sentence-transformers/paraphrase-multilingual-MiniLM-L12-v2,1200,120,obs_sync_zh,中子电流测量高同步通道无时间滞后,observation_derived,zh,10,9,0.5946500301361084,0.5666034817695618,0.8,1
sentence-transformers/paraphrase-multilingual-MiniLM-L12-v2,1200,120,obs_sync_zh,中子电流测量高同步通道无时间滞后,observation_derived,zh,15,0,0.6514567732810974,0.5875357985496521,0.4,2
sentence-transformers/paraphrase-multilingual-MiniLM-L12-v2,1200,120,obs_sync_zh,中子电流测量高同步通道无时间滞后,observation_derived,zh,15,1,0.5946500301361084,0.5666304230690002,0.8,1
sentence-transformers/paraphrase-multilingual-MiniLM-L12-v2,1200,120,obs_sync_zh,中子电流测量高同步通道无时间滞后,observation_derived,zh,15,2,0.5946500301361084,0.5636755228042603,0.8,1
sentence-transformers/paraphrase-multilingual-MiniLM-L12-v2,1200,120,obs_sync_zh,中子电流测量高同步通道无时间滞后,observation_derived,zh,15,3,0.5946500301361084,0.5658249855041504,0.9,1
sentence-transformers/paraphrase-multilingual-MiniLM-L12-v2,1200,120,obs_sync_zh,中子电流测量高同步通道无时间滞后,observation_derived,zh,15,4,0.5946500301361084,0.564212441444397,0.8,1
sentence-transformers/paraphrase-multilingual-MiniLM-L12-v2,1200,120,obs_sync_zh,中子电流测量高同步通道无时间滞后,observation_derived,zh,15,5,0.6514567732810974,0.5847395062446594,0.4,2
sentence-transformers/paraphrase-multilingual-MiniLM-L12-v2,1200,120,obs_sync_zh,中子电流测量高同步通道无时间滞后,observation_derived,zh,15,6,0.5946500301361084,0.5706150531768799,0.7,1
sentence-transformers/paraphrase-multilingual-MiniLM-L12-v2,1200,120,obs_sync_zh,中子电流测量高同步通道无时间滞后,observation_derived,zh,15,7,0.5946500301361084,0.5609350204467773,0.9,1
sentence-transformers/paraphrase-multilingual-MiniLM-L12-v2,1200,120,obs_sync_zh,中子电流测量高同步通道无时间滞后,observation_derived,zh,15,8,0.6514567732810974,0.5826020240783691,0.5,2
sentence-transformers/paraphrase-multilingual-MiniLM-L12-v2,1200,120,obs_sync_zh,中子电流测量高同步通道无时间滞后,observation_derived,zh,15,9,0.6514567732810974,0.5808811783790588,0.6,2
sentence-transformers/paraphrase-multilingual-MiniLM-L12-v2,1200,120,obs_sync_zh,中子电流测量高同步通道无时间滞后,observation_derived,zh,20,0,0.5946500301361084,0.5790544748306274,0.3,1
sentence-transformers/paraphrase-multilingual-MiniLM-L12-v2,1200,120,obs_sync_zh,中子电流测量高同步通道无时间滞后,observation_derived,zh,20,1,0.6167357563972473,0.5868533253669739,0.3,4
sentence-transformers/paraphrase-multilingual-MiniLM-L12-v2,1200,120,obs_sync_zh,中子电流测量高同步通道无时间滞后,observation_derived,zh,20,2,0.6167357563972473,0.5888435244560242,0.3,4
sentence-transformers/paraphrase-multilingual-MiniLM-L12-v2,1200,120,obs_sync_zh,中子电流测量高同步通道无时间滞后,observation_derived,zh,20,3,0.6514567732810974,0.5916767120361328,0.3,2
sentence-transformers/paraphrase-multilingual-MiniLM-L12-v2,1200,120,obs_sync_zh,中子电流测量高同步通道无时间滞后,observation_derived,zh,20,4,0.5946500301361084,0.5651967525482178,0.8,1
sentence-transformers/paraphrase-multilingual-MiniLM-L12-v2,1200,120,obs_sync_zh,中子电流测量高同步通道无时间滞后,observation_derived,zh,20,5,0.5946500301361084,0.5698942542076111,0.7,1
sentence-transformers/paraphrase-multilingual-MiniLM-L12-v2,1200,120,obs_sync_zh,中子电流测量高同步通道无时间滞后,observation_derived,zh,20,6,0.5946500301361084,0.5726064443588257,0.6,1
sentence-transformers/paraphrase-multilingual-MiniLM-L12-v2,1200,120,obs_sync_zh,中子电流测量高同步通道无时间滞后,observation_derived,zh,20,7,0.6167357563972473,0.5935108065605164,0.2,4
sentence-transformers/paraphrase-multilingual-MiniLM-L12-v2,1200,120,obs_sync_zh,中子电流测量高同步通道无时间滞后,observation_derived,zh,20,8,0.5946500301361084,0.5801997184753418,0.3,1
sentence-transformers/paraphrase-multilingual-MiniLM-L12-v2,1200,120,obs_sync_zh,中子电流测量高同步通道无时间滞后,observation_derived,zh,20,9,0.6167357563972473,0.588910698890686,0.3,4
sentence-transformers/paraphrase-multilingual-MiniLM-L12-v2,1200,120,obs_sync_zh,中子电流测量高同步通道无时间滞后,observation_derived,zh,25,0,0.6167357563972473,0.5881023406982422,0.3,4
sentence-transformers/paraphrase-multilingual-MiniLM-L12-v2,1200,120,obs_sync_zh,中子电流测量高同步通道无时间滞后,observation_derived,zh,25,1,0.6514567732810974,0.5847395062446594,0.4,2
sentence-transformers/paraphrase-multilingual-MiniLM-L12-v2,1200,120,obs_sync_zh,中子电流测量高同步通道无时间滞后,observation_derived,zh,25,2,0.6167357563972473,0.5871666669845581,0.3,4
sentence-transformers/paraphrase-multilingual-MiniLM-L12-v2,1200,120,obs_sync_zh,中子电流测量高同步通道无时间滞后,observation_derived,zh,25,3,0.6514567732810974,0.6007644534111023,0.2,5
sentence-transformers/paraphrase-multilingual-MiniLM-L12-v2,1200,120,obs_sync_zh,中子电流测量高同步通道无时间滞后,observation_derived,zh,25,4,0.5946500301361084,0.575191855430603,0.4,1
sentence-transformers/paraphrase-multilingual-MiniLM-L12-v2,1200,120,obs_sync_zh,中子电流测量高同步通道无时间滞后,observation_derived,zh,25,5,0.6514567732810974,0.5994905233383179,0.2,5
sentence-transformers/paraphrase-multilingual-MiniLM-L12-v2,1200,120,obs_sync_zh,中子电流测量高同步通道无时间滞后,observation_derived,zh,25,6,0.6514567732810974,0.5868634581565857,0.3,2
sentence-transformers/paraphrase-multilingual-MiniLM-L12-v2,1200,120,obs_sync_zh,中子电流测量高同步通道无时间滞后,observation_derived,zh,25,7,0.6514567732810974,0.5979667901992798,0.3,5
sentence-transformers/paraphrase-multilingual-MiniLM-L12-v2,1200,120,obs_sync_zh,中子电流测量高同步通道无时间滞后,observation_derived,zh,25,8,0.6167357563972473,0.5919927358627319,0.3,4
sentence-transformers/paraphrase-multilingual-MiniLM-L12-v2,1200,120,obs_sync_zh,中子电流测量高同步通道无时间滞后,observation_derived,zh,25,9,0.6514567732810974,0.598391056060791,0.3,5
sentence-transformers/paraphrase-multilingual-MiniLM-L12-v2,1200,120,obs_sync_zh,中子电流测量高同步通道无时间滞后,observation_derived,zh,30,0,0.5946500301361084,0.5797321796417236,0.4,1
sentence-transformers/paraphrase-multilingual-MiniLM-L12-v2,1200,120,obs_sync_zh,中子电流测量高同步通道无时间滞后,observation_derived,zh,30,1,0.6514567732810974,0.6007644534111023,0.2,5
sentence-transformers/paraphrase-multilingual-MiniLM-L12-v2,1200,120,obs_sync_zh,中子电流测量高同步通道无时间滞后,observation_derived,zh,30,2,0.6514567732810974,0.5994905233383179,0.2,5
sentence-transformers/paraphrase-multilingual-MiniLM-L12-v2,1200,120,obs_sync_zh,中子电流测量高同步通道无时间滞后,observation_derived,zh,30,3,0.6514567732810974,0.6007644534111023,0.2,5
sentence-transformers/paraphrase-multilingual-MiniLM-L12-v2,1200,120,obs_sync_zh,中子电流测量高同步通道无时间滞后,observation_derived,zh,30,4,0.6514567732810974,0.5994905233383179,0.2,5
sentence-transformers/paraphrase-multilingual-MiniLM-L12-v2,1200,120,obs_sync_zh,中子电流测量高同步通道无时间滞后,observation_derived,zh,30,5,0.5946500301361084,0.5735255479812622,0.5,1
sentence-transformers/paraphrase-multilingual-MiniLM-L12-v2,1200,120,obs_sync_zh,中子电流测量高同步通道无时间滞后,observation_derived,zh,30,6,0.6167357563972473,0.5922366380691528,0.2,4
sentence-transformers/paraphrase-multilingual-MiniLM-L12-v2,1200,120,obs_sync_zh,中子电流测量高同步通道无时间滞后,observation_derived,zh,30,7,0.5946500301361084,0.5706150531768799,0.7,1
sentence-transformers/paraphrase-multilingual-MiniLM-L12-v2,1200,120,obs_sync_zh,中子电流测量高同步通道无时间滞后,observation_derived,zh,30,8,0.6514567732810974,0.6007644534111023,0.2,5
sentence-transformers/paraphrase-multilingual-MiniLM-L12-v2,1200,120,obs_sync_zh,中子电流测量高同步通道无时间滞后,observation_derived,zh,30,9,0.6514567732810974,0.601195752620697,0.2,5
sentence-transformers/paraphrase-multilingual-MiniLM-L12-v2,1200,120,obs_sync_zh,中子电流测量高同步通道无时间滞后,observation_derived,zh,35,0,0.6167357563972473,0.5935108065605164,0.2,4
sentence-transformers/paraphrase-multilingual-MiniLM-L12-v2,1200,120,obs_sync_zh,中子电流测量高同步通道无时间滞后,observation_derived,zh,35,1,0.6514567732810974,0.601195752620697,0.2,5
sentence-transformers/paraphrase-multilingual-MiniLM-L12-v2,1200,120,obs_sync_zh,中子电流测量高同步通道无时间滞后,observation_derived,zh,35,2,0.6514567732810974,0.5923448801040649,0.2,2
sentence-transformers/paraphrase-multilingual-MiniLM-L12-v2,1200,120,obs_sync_zh,中子电流测量高同步通道无时间滞后,observation_derived,zh,35,3,0.6514567732810974,0.601195752620697,0.2,5
sentence-transformers/paraphrase-multilingual-MiniLM-L12-v2,1200,120,obs_sync_zh,中子电流测量高同步通道无时间滞后,observation_derived,zh,35,4,0.6514567732810974,0.601195752620697,0.2,5
sentence-transformers/paraphrase-multilingual-MiniLM-L12-v2,1200,120,obs_sync_zh,中子电流测量高同步通道无时间滞后,observation_derived,zh,35,5,0.6514567732810974,0.601195752620697,0.2,5
sentence-transformers/paraphrase-multilingual-MiniLM-L12-v2,1200,120,obs_sync_zh,中子电流测量高同步通道无时间滞后,observation_derived,zh,35,6,0.6167357563972473,0.5926609039306641,0.2,4
sentence-transformers/paraphrase-multilingual-MiniLM-L12-v2,1200,120,obs_sync_zh,中子电流测量高同步通道无时间滞后,observation_derived,zh,35,7,0.6167357563972473,0.593092143535614,0.2,4
sentence-transformers/paraphrase-multilingual-MiniLM-L12-v2,1200,120,obs_sync_zh,中子电流测量高同步通道无时间滞后,observation_derived,zh,35,8,0.6514567732810974,0.601195752620697,0.2,5
sentence-transformers/paraphrase-multilingual-MiniLM-L12-v2,1200,120,obs_sync_zh,中子电流测量高同步通道无时间滞后,observation_derived,zh,35,9,0.6514567732810974,0.588527500629425,0.3,2
sentence-transformers/paraphrase-multilingual-MiniLM-L12-v2,1200,120,obs_sync_zh,中子电流测量高同步通道无时间滞后,observation_derived,zh,40,0,0.6167357563972473,0.5926609039306641,0.2,4
sentence-transformers/paraphrase-multilingual-MiniLM-L12-v2,1200,120,obs_sync_zh,中子电流测量高同步通道无时间滞后,observation_derived,zh,40,1,0.5946500301361084,0.5816978216171265,0.3,1
sentence-transformers/paraphrase-multilingual-MiniLM-L12-v2,1200,120,obs_sync_zh,中子电流测量高同步通道无时间滞后,observation_derived,zh,40,2,0.6514567732810974,0.5994905233383179,0.2,5
sentence-transformers/paraphrase-multilingual-MiniLM-L12-v2,1200,120,obs_sync_zh,中子电流测量高同步通道无时间滞后,observation_derived,zh,40,3,0.6167357563972473,0.593092143535614,0.2,4
sentence-transformers/paraphrase-multilingual-MiniLM-L12-v2,1200,120,obs_sync_zh,中子电流测量高同步通道无时间滞后,observation_derived,zh,40,4,0.6514567732810974,0.601195752620697,0.2,5
sentence-transformers/paraphrase-multilingual-MiniLM-L12-v2,1200,120,obs_sync_zh,中子电流测量高同步通道无时间滞后,observation_derived,zh,40,5,0.6514567732810974,0.5923448801040649,0.2,2
sentence-transformers/paraphrase-multilingual-MiniLM-L12-v2,1200,120,obs_sync_zh,中子电流测量高同步通道无时间滞后,observation_derived,zh,40,6,0.6514567732810974,0.601195752620697,0.2,5
sentence-transformers/paraphrase-multilingual-MiniLM-L12-v2,1200,120,obs_sync_zh,中子电流测量高同步通道无时间滞后,observation_derived,zh,40,7,0.6514567732810974,0.5994905233383179,0.2,5
sentence-transformers/paraphrase-multilingual-MiniLM-L12-v2,1200,120,obs_sync_zh,中子电流测量高同步通道无时间滞后,observation_derived,zh,40,8,0.6514567732810974,0.6007644534111023,0.2,5
sentence-transformers/paraphrase-multilingual-MiniLM-L12-v2,1200,120,obs_sync_zh,中子电流测量高同步通道无时间滞后,observation_derived,zh,40,9,0.6514567732810974,0.601195752620697,0.2,5
sentence-transformers/paraphrase-multilingual-MiniLM-L12-v2,1200,120,obs_sync_zh,中子电流测量高同步通道无时间滞后,observation_derived,zh,45,0,0.6514567732810974,0.601195752620697,0.2,5
sentence-transformers/paraphrase-multilingual-MiniLM-L12-v2,1200,120,obs_sync_zh,中子电流测量高同步通道无时间滞后,observation_derived,zh,45,1,0.6167357563972473,0.593092143535614,0.2,4
sentence-transformers/paraphrase-multilingual-MiniLM-L12-v2,1200,120,obs_sync_zh,中子电流测量高同步通道无时间滞后,observation_derived,zh,45,2,0.6514567732810974,0.601195752620697,0.2,5
sentence-transformers/paraphrase-multilingual-MiniLM-L12-v2,1200,120,obs_sync_zh,中子电流测量高同步通道无时间滞后,observation_derived,zh,45,3,0.6514567732810974,0.6007644534111023,0.2,5
sentence-transformers/paraphrase-multilingual-MiniLM-L12-v2,1200,120,obs_sync_zh,中子电流测量高同步通道无时间滞后,observation_derived,zh,45,4,0.6514567732810974,0.601195752620697,0.2,5
sentence-transformers/paraphrase-multilingual-MiniLM-L12-v2,1200,120,obs_sync_zh,中子电流测量高同步通道无时间滞后,observation_derived,zh,45,5,0.6514567732810974,0.592100977897644,0.3,2
sentence-transformers/paraphrase-multilingual-MiniLM-L12-v2,1200,120,obs_sync_zh,中子电流测量高同步通道无时间滞后,observation_derived,zh,45,6,0.6514567732810974,0.601195752620697,0.2,5
sentence-transformers/paraphrase-multilingual-MiniLM-L12-v2,1200,120,obs_sync_zh,中子电流测量高同步通道无时间滞后,observation_derived,zh,45,7,0.6514567732810974,0.601195752620697,0.2,5
sentence-transformers/paraphrase-multilingual-MiniLM-L12-v2,1200,120,obs_sync_zh,中子电流测量高同步通道无时间滞后,observation_derived,zh,45,8,0.6514567732810974,0.601195752620697,0.2,5
sentence-transformers/paraphrase-multilingual-MiniLM-L12-v2,1200,120,obs_sync_zh,中子电流测量高同步通道无时间滞后,observation_derived,zh,45,9,0.6514567732810974,0.601195752620697,0.2,5
sentence-transformers/paraphrase-multilingual-MiniLM-L12-v2,1200,120,obs_sync_zh,中子电流测量高同步通道无时间滞后,observation_derived,zh,50,0,0.6514567732810974,0.5923448801040649,0.2,2
sentence-transformers/paraphrase-multilingual-MiniLM-L12-v2,1200,120,obs_sync_zh,中子电流测量高同步通道无时间滞后,observation_derived,zh,50,1,0.6514567732810974,0.601195752620697,0.2,5
sentence-transformers/paraphrase-multilingual-MiniLM-L12-v2,1200,120,obs_sync_zh,中子电流测量高同步通道无时间滞后,observation_derived,zh,50,2,0.6514567732810974,0.601195752620697,0.2,5
sentence-transformers/paraphrase-multilingual-MiniLM-L12-v2,1200,120,obs_sync_zh,中子电流测量高同步通道无时间滞后,observation_derived,zh,50,3,0.6514567732810974,0.601195752620697,0.2,5
sentence-transformers/paraphrase-multilingual-MiniLM-L12-v2,1200,120,obs_sync_zh,中子电流测量高同步通道无时间滞后,observation_derived,zh,50,4,0.6514567732810974,0.601195752620697,0.2,5
sentence-transformers/paraphrase-multilingual-MiniLM-L12-v2,1200,120,obs_sync_zh,中子电流测量高同步通道无时间滞后,observation_derived,zh,50,5,0.6514567732810974,0.601195752620697,0.2,5
sentence-transformers/paraphrase-multilingual-MiniLM-L12-v2,1200,120,obs_sync_zh,中子电流测量高同步通道无时间滞后,observation_derived,zh,50,6,0.6514567732810974,0.601195752620697,0.2,5
sentence-transformers/paraphrase-multilingual-MiniLM-L12-v2,1200,120,obs_sync_zh,中子电流测量高同步通道无时间滞后,observation_derived,zh,50,7,0.6514567732810974,0.601195752620697,0.2,5
sentence-transformers/paraphrase-multilingual-MiniLM-L12-v2,1200,120,obs_sync_zh,中子电流测量高同步通道无时间滞后,observation_derived,zh,50,8,0.6514567732810974,0.601195752620697,0.2,5
sentence-transformers/paraphrase-multilingual-MiniLM-L12-v2,1200,120,obs_sync_zh,中子电流测量高同步通道无时间滞后,observation_derived,zh,50,9,0.6514567732810974,0.5994905233383179,0.2,5
sentence-transformers/paraphrase-multilingual-MiniLM-L12-v2,1200,120,obs_sync_zh,中子电流测量高同步通道无时间滞后,observation_derived,zh,51,0,0.6514567732810974,0.601195752620697,0.2,5
sentence-transformers/paraphrase-multilingual-MiniLM-L12-v2,1200,120,obs_sync_zh,中子电流测量高同步通道无时间滞后,observation_derived,zh,51,1,0.6514567732810974,0.601195752620697,0.2,5
sentence-transformers/paraphrase-multilingual-MiniLM-L12-v2,1200,120,obs_sync_zh,中子电流测量高同步通道无时间滞后,observation_derived,zh,51,2,0.6514567732810974,0.601195752620697,0.2,5
sentence-transformers/paraphrase-multilingual-MiniLM-L12-v2,1200,120,obs_sync_zh,中子电流测量高同步通道无时间滞后,observation_derived,zh,51,3,0.6514567732810974,0.601195752620697,0.2,5
sentence-transformers/paraphrase-multilingual-MiniLM-L12-v2,1200,120,obs_sync_zh,中子电流测量高同步通道无时间滞后,observation_derived,zh,51,4,0.6514567732810974,0.601195752620697,0.2,5
sentence-transformers/paraphrase-multilingual-MiniLM-L12-v2,1200,120,obs_sync_zh,中子电流测量高同步通道无时间滞后,observation_derived,zh,51,5,0.6514567732810974,0.601195752620697,0.2,5
sentence-transformers/paraphrase-multilingual-MiniLM-L12-v2,1200,120,obs_sync_zh,中子电流测量高同步通道无时间滞后,observation_derived,zh,51,6,0.6514567732810974,0.601195752620697,0.2,5
sentence-transformers/paraphrase-multilingual-MiniLM-L12-v2,1200,120,obs_sync_zh,中子电流测量高同步通道无时间滞后,observation_derived,zh,51,7,0.6514567732810974,0.601195752620697,0.2,5
sentence-transformers/paraphrase-multilingual-MiniLM-L12-v2,1200,120,obs_sync_zh,中子电流测量高同步通道无时间滞后,observation_derived,zh,51,8,0.6514567732810974,0.601195752620697,0.2,5
sentence-transformers/paraphrase-multilingual-MiniLM-L12-v2,1200,120,obs_sync_zh,中子电流测量高同步通道无时间滞后,observation_derived,zh,51,9,0.6514567732810974,0.601195752620697,0.2,5
