scope,extra_docs,trial,query_tag,lang,query,pool_docs,pool_chunks,iaea_docs,extra_sampled,top1_score,top3_mean_score,top10_mean_score,max_score,iaea_count_topk,iaea_purity_topk,first_iaea_rank,retrieved_k,top_k
IAEA_only,0,0,core_term,zh,中子,13,16158,13,0,0.5201177000999451,0.5182703733444214,0.5105352640151978,0.5201177000999451,10,1.0,1,10,10
IAEA_only,0,0,core_term,en,neutron,13,16158,13,0,0.6899797916412354,0.6767170627911886,0.6589956402778625,0.6899797916412354,10,1.0,1,10,10
IAEA_only,0,0,phrase,zh,中子测量电流,13,16158,13,0,0.5488024353981018,0.5465351541837057,0.5417552173137665,0.5488024353981018,10,1.0,1,10,10
IAEA_only,0,0,phrase,en,neutron measurement current,13,16158,13,0,0.6957577466964722,0.6816319227218628,0.6601194024085999,0.6957577466964722,10,1.0,1,10,10
IAEA_plus_5,5,0,core_term,zh,中子,18,18391,13,5,0.6103138327598572,0.6073058644930521,0.6030639231204986,0.6103138327598572,0,0.0,0,10,10
IAEA_plus_5,5,0,core_term,en,neutron,18,18391,13,5,0.6899797916412354,0.6767170627911886,0.6589956402778625,0.6899797916412354,10,1.0,1,10,10
IAEA_plus_5,5,0,phrase,zh,中子测量电流,18,18391,13,5,0.664697527885437,0.6631498535474142,0.6563639521598816,0.664697527885437,0,0.0,0,10,10
IAEA_plus_5,5,0,phrase,en,neutron measurement current,18,18391,13,5,0.6957577466964722,0.6816319227218628,0.6601194024085999,0.6957577466964722,10,1.0,1,10,10
IAEA_plus_5,5,1,core_term,zh,中子,18,22474,13,5,0.5201177000999451,0.5182703733444214,0.5105352640151978,0.5201177000999451,10,1.0,1,10,10
IAEA_plus_5,5,1,core_term,en,neutron,18,22474,13,5,0.6899797916412354,0.6767170627911886,0.6628393471240998,0.6899797916412354,6,0.6,1,10,10
IAEA_plus_5,5,1,phrase,zh,中子测量电流,18,22474,13,5,0.5488024353981018,0.5465351541837057,0.5417552173137665,0.5488024353981018,10,1.0,1,10,10
IAEA_plus_5,5,1,phrase,en,neutron measurement current,18,22474,13,5,0.7035508155822754,0.6991282900174459,0.6767319321632386,0.7035508155822754,5,0.5,3,10,10
IAEA_plus_5,5,2,core_term,zh,中子,18,21444,13,5,0.6089305877685547,0.6050087412198385,0.561081051826477,0.6089305877685547,0,0.0,0,10,10
IAEA_plus_5,5,2,core_term,en,neutron,18,21444,13,5,0.6899797916412354,0.6767170627911886,0.6608629584312439,0.6899797916412354,9,0.9,1,10,10
IAEA_plus_5,5,2,phrase,zh,中子测量电流,18,21444,13,5,0.6693858504295349,0.6599276463190714,0.6124734222888947,0.6693858504295349,0,0.0,0,10,10
IAEA_plus_5,5,2,phrase,en,neutron measurement current,18,21444,13,5,0.6957577466964722,0.6816319227218628,0.6601194024085999,0.6957577466964722,10,1.0,1,10,10
IAEA_plus_5,5,3,core_term,zh,中子,18,19984,13,5,0.5843064188957214,0.5828381180763245,0.5800861120223999,0.5843064188957214,0,0.0,0,10,10
IAEA_plus_5,5,3,core_term,en,neutron,18,19984,13,5,0.6899797916412354,0.6767170627911886,0.6589956402778625,0.6899797916412354,10,1.0,1,10,10
IAEA_plus_5,5,3,phrase,zh,中子测量电流,18,19984,13,5,0.6185203194618225,0.6168049176534017,0.6148931562900544,0.6185203194618225,0,0.0,0,10,10
IAEA_plus_5,5,3,phrase,en,neutron measurement current,18,19984,13,5,0.6957577466964722,0.6816319227218628,0.6616231620311737,0.6957577466964722,9,0.9,1,10,10
IAEA_plus_5,5,4,core_term,zh,中子,18,20322,13,5,0.6376688480377197,0.6259249647458395,0.6175918519496918,0.6376688480377197,0,0.0,0,10,10
IAEA_plus_5,5,4,core_term,en,neutron,18,20322,13,5,0.6899797916412354,0.6767170627911886,0.6628393471240998,0.6899797916412354,6,0.6,1,10,10
IAEA_plus_5,5,4,phrase,zh,中子测量电流,18,20322,13,5,0.6772618889808655,0.6712039709091187,0.6662477493286133,0.6772618889808655,0,0.0,0,10,10
IAEA_plus_5,5,4,phrase,en,neutron measurement current,18,20322,13,5,0.7035508155822754,0.6991282900174459,0.6767319321632386,0.7035508155822754,5,0.5,3,10,10
IAEA_plus_5,5,5,core_term,zh,中子,18,21529,13,5,0.6089305877685547,0.6050087412198385,0.5682592988014221,0.6089305877685547,0,0.0,0,10,10
IAEA_plus_5,5,5,core_term,en,neutron,18,21529,13,5,0.6899797916412354,0.6767170627911886,0.6589956402778625,0.6899797916412354,10,1.0,1,10,10
IAEA_plus_5,5,5,phrase,zh,中子测量电流,18,21529,13,5,0.6693858504295349,0.6599276463190714,0.6124986588954926,0.6693858504295349,0,0.0,0,10,10
IAEA_plus_5,5,5,phrase,en,neutron measurement current,18,21529,13,5,0.6957577466964722,0.6816319227218628,0.6601194024085999,0.6957577466964722,10,1.0,1,10,10
IAEA_plus_5,5,6,core_term,zh,中子,18,17696,13,5,0.6376688480377197,0.6259249647458395,0.6175918519496918,0.6376688480377197,0,0.0,0,10,10
IAEA_plus_5,5,6,core_term,en,neutron,18,17696,13,5,0.6899797916412354,0.6767170627911886,0.6621435642242431,0.6899797916412354,6,0.6,1,10,10
IAEA_plus_5,5,6,phrase,zh,中子测量电流,18,17696,13,5,0.6772618889808655,0.6698199510574341,0.6651476860046387,0.6772618889808655,0,0.0,0,10,10
IAEA_plus_5,5,6,phrase,en,neutron measurement current,18,17696,13,5,0.6957577466964722,0.6816319227218628,0.6602667510509491,0.6957577466964722,9,0.9,1,10,10
IAEA_plus_5,5,7,core_term,zh,中子,18,19703,13,5,0.5201177000999451,0.5182703733444214,0.5105352640151978,0.5201177000999451,10,1.0,1,10,10
IAEA_plus_5,5,7,core_term,en,neutron,18,19703,13,5,0.6899797916412354,0.6767170627911886,0.6589956402778625,0.6899797916412354,10,1.0,1,10,10
IAEA_plus_5,5,7,phrase,zh,中子测量电流,18,19703,13,5,0.5488024353981018,0.5465351541837057,0.5419471800327301,0.5488024353981018,9,0.9,1,10,10
IAEA_plus_5,5,7,phrase,en,neutron measurement current,18,19703,13,5,0.6957577466964722,0.6816319227218628,0.6601194024085999,0.6957577466964722,10,1.0,1,10,10
IAEA_plus_5,5,8,core_term,zh,中子,18,22974,13,5,0.5525250434875488,0.5513811707496643,0.5466454863548279,0.5525250434875488,0,0.0,0,10,10
IAEA_plus_5,5,8,core_term,en,neutron,18,22974,13,5,0.6899797916412354,0.6767170627911886,0.6612394988536835,0.6899797916412354,7,0.7,1,10,10
IAEA_plus_5,5,8,phrase,zh,中子测量电流,18,22974,13,5,0.5844036936759949,0.581782341003418,0.5792111873626709,0.5844036936759949,0,0.0,0,10,10
IAEA_plus_5,5,8,phrase,en,neutron measurement current,18,22974,13,5,0.7035508155822754,0.6991282900174459,0.6767319321632386,0.7035508155822754,5,0.5,3,10,10
IAEA_plus_5,5,9,core_term,zh,中子,18,18370,13,5,0.5478966236114502,0.5469457308451334,0.5450950860977173,0.5478966236114502,0,0.0,0,10,10
IAEA_plus_5,5,9,core_term,en,neutron,18,18370,13,5,0.6899797916412354,0.6767170627911886,0.658995634317398,0.6899797916412354,10,1.0,1,10,10
IAEA_plus_5,5,9,phrase,zh,中子测量电流,18,18370,13,5,0.5860769152641296,0.5854836304982504,0.5834032416343689,0.5860769152641296,0,0.0,0,10,10
IAEA_plus_5,5,9,phrase,en,neutron measurement current,18,18370,13,5,0.6957577466964722,0.6816319227218628,0.6601194024085999,0.6957577466964722,10,1.0,1,10,10
IAEA_plus_5,5,10,core_term,zh,中子,18,21671,13,5,0.5478966236114502,0.5469457308451334,0.5447748005390167,0.5478966236114502,0,0.0,0,10,10
IAEA_plus_5,5,10,core_term,en,neutron,18,21671,13,5,0.6899797916412354,0.6767170627911886,0.6589956402778625,0.6899797916412354,10,1.0,1,10,10
IAEA_plus_5,5,10,phrase,zh,中子测量电流,18,21671,13,5,0.5860769152641296,0.5854836304982504,0.5834032416343689,0.5860769152641296,0,0.0,0,10,10
IAEA_plus_5,5,10,phrase,en,neutron measurement current,18,21671,13,5,0.6957577466964722,0.6816319227218628,0.6601194024085999,0.6957577466964722,10,1.0,1,10,10
IAEA_plus_5,5,11,core_term,zh,中子,18,25214,13,5,0.5478966236114502,0.5469457308451334,0.5447748005390167,0.5478966236114502,0,0.0,0,10,10
IAEA_plus_5,5,11,core_term,en,neutron,18,25214,13,5,0.6899797916412354,0.6767170627911886,0.6606558859348297,0.6899797916412354,9,0.9,1,10,10
IAEA_plus_5,5,11,phrase,zh,中子测量电流,18,25214,13,5,0.5860769152641296,0.5854836304982504,0.5834032416343689,0.5860769152641296,0,0.0,0,10,10
IAEA_plus_5,5,11,phrase,en,neutron measurement current,18,25214,13,5,0.6957577466964722,0.6816319227218628,0.6601194024085999,0.6957577466964722,10,1.0,1,10,10
IAEA_plus_5,5,12,core_term,zh,中子,18,22255,13,5,0.5478966236114502,0.5469457308451334,0.5447748005390167,0.5478966236114502,0,0.0,0,10,10
IAEA_plus_5,5,12,core_term,en,neutron,18,22255,13,5,0.6899797916412354,0.6767170627911886,0.6591778516769409,0.6899797916412354,9,0.9,1,10,10
IAEA_plus_5,5,12,phrase,zh,中子测量电流,18,22255,13,5,0.5860769152641296,0.5854836304982504,0.5834032416343689,0.5860769152641296,0,0.0,0,10,10
IAEA_plus_5,5,12,phrase,en,neutron measurement current,18,22255,13,5,0.6957577466964722,0.6816319227218628,0.6612965226173401,0.6957577466964722,9,0.9,1,10,10
IAEA_plus_5,5,13,core_term,zh,中子,18,23993,13,5,0.5515786409378052,0.5461797714233398,0.5422600924968719,0.5515786409378052,0,0.0,0,10,10
IAEA_plus_5,5,13,core_term,en,neutron,18,23993,13,5,0.6899797916412354,0.6767170627911886,0.6589956402778625,0.6899797916412354,10,1.0,1,10,10
IAEA_plus_5,5,13,phrase,zh,中子测量电流,18,23993,13,5,0.59007328748703,0.5880124568939209,0.5857645511627197,0.59007328748703,0,0.0,0,10,10
IAEA_plus_5,5,13,phrase,en,neutron measurement current,18,23993,13,5,0.6957577466964722,0.6816319227218628,0.6601194024085999,0.6957577466964722,10,1.0,1,10,10
IAEA_plus_5,5,14,core_term,zh,中子,18,24335,13,5,0.5515786409378052,0.5461797714233398,0.5422600924968719,0.5515786409378052,0,0.0,0,10,10
IAEA_plus_5,5,14,core_term,en,neutron,18,24335,13,5,0.6899797916412354,0.6767170627911886,0.6608629584312439,0.6899797916412354,9,0.9,1,10,10
IAEA_plus_5,5,14,phrase,zh,中子测量电流,18,24335,13,5,0.5860552191734314,0.5855854550997416,0.5836730897426605,0.5860552191734314,0,0.0,0,10,10
IAEA_plus_5,5,14,phrase,en,neutron measurement current,18,24335,13,5,0.6957577466964722,0.6816319227218628,0.6601194024085999,0.6957577466964722,10,1.0,1,10,10
IAEA_plus_5,5,15,core_term,zh,中子,18,22396,13,5,0.6116806268692017,0.6109298268953959,0.6096568167209625,0.6116806268692017,0,0.0,0,10,10
IAEA_plus_5,5,15,core_term,en,neutron,18,22396,13,5,0.6899797916412354,0.6775538325309753,0.6626602947711945,0.6899797916412354,6,0.6,1,10,10
IAEA_plus_5,5,15,phrase,zh,中子测量电流,18,22396,13,5,0.6652456521987915,0.6637954115867615,0.6617978990077973,0.6652456521987915,0,0.0,0,10,10
IAEA_plus_5,5,15,phrase,en,neutron measurement current,18,22396,13,5,0.6957577466964722,0.6816319227218628,0.6620904743671417,0.6957577466964722,8,0.8,1,10,10
IAEA_plus_5,5,16,core_term,zh,中子,18,20615,13,5,0.5478966236114502,0.5469457308451334,0.5447748005390167,0.5478966236114502,0,0.0,0,10,10
IAEA_plus_5,5,16,core_term,en,neutron,18,20615,13,5,0.6899797916412354,0.6767170627911886,0.6589956402778625,0.6899797916412354,10,1.0,1,10,10
IAEA_plus_5,5,16,phrase,zh,中子测量电流,18,20615,13,5,0.5860769152641296,0.5854836304982504,0.5834032416343689,0.5860769152641296,0,0.0,0,10,10
IAEA_plus_5,5,16,phrase,en,neutron measurement current,18,20615,13,5,0.6957577466964722,0.6816319227218628,0.6601194024085999,0.6957577466964722,10,1.0,1,10,10
IAEA_plus_5,5,17,core_term,zh,中子,18,22983,13,5,0.6116806268692017,0.6109298268953959,0.6096568167209625,0.6116806268692017,0,0.0,0,10,10
IAEA_plus_5,5,17,core_term,en,neutron,18,22983,13,5,0.6899797916412354,0.6775538325309753,0.6626602947711945,0.6899797916412354,6,0.6,1,10,10
IAEA_plus_5,5,17,phrase,zh,中子测量电流,18,22983,13,5,0.6652456521987915,0.6637954115867615,0.6617978990077973,0.6652456521987915,0,0.0,0,10,10
IAEA_plus_5,5,17,phrase,en,neutron measurement current,18,22983,13,5,0.6957577466964722,0.6816319227218628,0.6620904743671417,0.6957577466964722,8,0.8,1,10,10
IAEA_plus_5,5,18,core_term,zh,中子,18,21543,13,5,0.5515786409378052,0.5461797714233398,0.5422600924968719,0.5515786409378052,0,0.0,0,10,10
IAEA_plus_5,5,18,core_term,en,neutron,18,21543,13,5,0.6899797916412354,0.6767170627911886,0.6589956402778625,0.6899797916412354,10,1.0,1,10,10
IAEA_plus_5,5,18,phrase,zh,中子测量电流,18,21543,13,5,0.5860552191734314,0.5855854550997416,0.5836730897426605,0.5860552191734314,0,0.0,0,10,10
IAEA_plus_5,5,18,phrase,en,neutron measurement current,18,21543,13,5,0.6957577466964722,0.6816319227218628,0.6601194024085999,0.6957577466964722,10,1.0,1,10,10
IAEA_plus_5,5,19,core_term,zh,中子,18,17972,13,5,0.5201177000999451,0.5182703733444214,0.5105352640151978,0.5201177000999451,10,1.0,1,10,10
IAEA_plus_5,5,19,core_term,en,neutron,18,17972,13,5,0.6899797916412354,0.6767170627911886,0.6589956402778625,0.6899797916412354,10,1.0,1,10,10
IAEA_plus_5,5,19,phrase,zh,中子测量电流,18,17972,13,5,0.5488024353981018,0.5465351541837057,0.5417552173137665,0.5488024353981018,10,1.0,1,10,10
IAEA_plus_5,5,19,phrase,en,neutron measurement current,18,17972,13,5,0.6957577466964722,0.6816319227218628,0.6616231620311737,0.6957577466964722,9,0.9,1,10,10
IAEA_plus_5,5,20,core_term,zh,中子,18,28736,13,5,0.6116806268692017,0.6109298268953959,0.6096568167209625,0.6116806268692017,0,0.0,0,10,10
IAEA_plus_5,5,20,core_term,en,neutron,18,28736,13,5,0.6899797916412354,0.6775538325309753,0.6639917671680451,0.6899797916412354,6,0.6,1,10,10
IAEA_plus_5,5,20,phrase,zh,中子测量电流,18,28736,13,5,0.6652456521987915,0.6637954115867615,0.6617978990077973,0.6652456521987915,0,0.0,0,10,10
IAEA_plus_5,5,20,phrase,en,neutron measurement current,18,28736,13,5,0.6957577466964722,0.6816319227218628,0.6620904743671417,0.6957577466964722,8,0.8,1,10,10
IAEA_plus_5,5,21,core_term,zh,中子,18,18169,13,5,0.5563935041427612,0.5481297969818115,0.5416045546531677,0.5563935041427612,0,0.0,0,10,10
IAEA_plus_5,5,21,core_term,en,neutron,18,18169,13,5,0.6899797916412354,0.6767170627911886,0.6591778516769409,0.6899797916412354,9,0.9,1,10,10
IAEA_plus_5,5,21,phrase,zh,中子测量电流,18,18169,13,5,0.589178740978241,0.58561772108078,0.5820689916610717,0.589178740978241,0,0.0,0,10,10
IAEA_plus_5,5,21,phrase,en,neutron measurement current,18,18169,13,5,0.6957577466964722,0.6816319227218628,0.6612965226173401,0.6957577466964722,9,0.9,1,10,10
IAEA_plus_5,5,22,core_term,zh,中子,18,21128,13,5,0.5843064188957214,0.5828381180763245,0.5800861120223999,0.5843064188957214,0,0.0,0,10,10
IAEA_plus_5,5,22,core_term,en,neutron,18,21128,13,5,0.6899797916412354,0.6767170627911886,0.6589956402778625,0.6899797916412354,10,1.0,1,10,10
IAEA_plus_5,5,22,phrase,zh,中子测量电流,18,21128,13,5,0.6185203194618225,0.6168049176534017,0.6148931562900544,0.6185203194618225,0,0.0,0,10,10
IAEA_plus_5,5,22,phrase,en,neutron measurement current,18,21128,13,5,0.6957577466964722,0.6816319227218628,0.6601194024085999,0.6957577466964722,10,1.0,1,10,10
IAEA_plus_5,5,23,core_term,zh,中子,18,23805,13,5,0.6228203177452087,0.6219706535339355,0.61971395611763,0.6228203177452087,0,0.0,0,10,10
IAEA_plus_5,5,23,core_term,en,neutron,18,23805,13,5,0.6899797916412354,0.6767170627911886,0.6606558859348297,0.6899797916412354,9,0.9,1,10,10
IAEA_plus_5,5,23,phrase,zh,中子测量电流,18,23805,13,5,0.674386739730835,0.6738664507865906,0.6699054360389709,0.674386739730835,0,0.0,0,10,10
IAEA_plus_5,5,23,phrase,en,neutron measurement current,18,23805,13,5,0.6957577466964722,0.6816319227218628,0.6601194024085999,0.6957577466964722,10,1.0,1,10,10
IAEA_plus_5,5,24,core_term,zh,中子,18,19377,13,5,0.5397503972053528,0.5358525514602661,0.5308340430259705,0.5397503972053528,0,0.0,0,10,10
IAEA_plus_5,5,24,core_term,en,neutron,18,19377,13,5,0.6899797916412354,0.6767170627911886,0.6621435642242431,0.6899797916412354,6,0.6,1,10,10
IAEA_plus_5,5,24,phrase,zh,中子测量电流,18,19377,13,5,0.5790097117424011,0.5775527159372965,0.5729158997535706,0.5790097117424011,0,0.0,0,10,10
IAEA_plus_5,5,24,phrase,en,neutron measurement current,18,19377,13,5,0.6957577466964722,0.6816319227218628,0.6602667510509491,0.6957577466964722,9,0.9,1,10,10
IAEA_plus_5,5,25,core_term,zh,中子,18,25741,13,5,0.5389195084571838,0.5352636377016703,0.5309778928756714,0.5389195084571838,0,0.0,0,10,10
IAEA_plus_5,5,25,core_term,en,neutron,18,25741,13,5,0.6899797916412354,0.6767170627911886,0.6612394988536835,0.6899797916412354,7,0.7,1,10,10
IAEA_plus_5,5,25,phrase,zh,中子测量电流,18,25741,13,5,0.59007328748703,0.5880124568939209,0.584699934720993,0.59007328748703,0,0.0,0,10,10
IAEA_plus_5,5,25,phrase,en,neutron measurement current,18,25741,13,5,0.7035508155822754,0.6991282900174459,0.6767319321632386,0.7035508155822754,5,0.5,3,10,10
IAEA_plus_5,5,26,core_term,zh,中子,18,20074,13,5,0.6103138327598572,0.6073058644930521,0.6030639231204986,0.6103138327598572,0,0.0,0,10,10
IAEA_plus_5,5,26,core_term,en,neutron,18,20074,13,5,0.6899797916412354,0.6767170627911886,0.6589956402778625,0.6899797916412354,10,1.0,1,10,10
IAEA_plus_5,5,26,phrase,zh,中子测量电流,18,20074,13,5,0.664697527885437,0.6631498535474142,0.6563639521598816,0.664697527885437,0,0.0,0,10,10
IAEA_plus_5,5,26,phrase,en,neutron measurement current,18,20074,13,5,0.6957577466964722,0.6816319227218628,0.6601194024085999,0.6957577466964722,10,1.0,1,10,10
IAEA_plus_5,5,27,core_term,zh,中子,18,18519,13,5,0.5389195084571838,0.5352636377016703,0.5309778928756714,0.5389195084571838,0,0.0,0,10,10
IAEA_plus_5,5,27,core_term,en,neutron,18,18519,13,5,0.6899797916412354,0.6767170627911886,0.6589956402778625,0.6899797916412354,10,1.0,1,10,10
IAEA_plus_5,5,27,phrase,zh,中子测量电流,18,18519,13,5,0.59007328748703,0.5880124568939209,0.584699934720993,0.59007328748703,0,0.0,0,10,10
IAEA_plus_5,5,27,phrase,en,neutron measurement current,18,18519,13,5,0.6957577466964722,0.6816319227218628,0.6616231620311737,0.6957577466964722,9,0.9,1,10,10
IAEA_plus_5,5,28,core_term,zh,中子,18,24666,13,5,0.5525250434875488,0.5513811707496643,0.5463104367256164,0.5525250434875488,0,0.0,0,10,10
IAEA_plus_5,5,28,core_term,en,neutron,18,24666,13,5,0.6899797916412354,0.6767170627911886,0.6606558859348297,0.6899797916412354,9,0.9,1,10,10
IAEA_plus_5,5,28,phrase,zh,中子测量电流,18,24666,13,5,0.5844036936759949,0.581782341003418,0.5792111873626709,0.5844036936759949,0,0.0,0,10,10
IAEA_plus_5,5,28,phrase,en,neutron measurement current,18,24666,13,5,0.6957577466964722,0.6816319227218628,0.6601194024085999,0.6957577466964722,10,1.0,1,10,10
IAEA_plus_5,5,29,core_term,zh,中子,18,17373,13,5,0.5201177000999451,0.5182703733444214,0.5105352640151978,0.5201177000999451,10,1.0,1,10,10
IAEA_plus_5,5,29,core_term,en,neutron,18,17373,13,5,0.6899797916412354,0.6767170627911886,0.6591778516769409,0.6899797916412354,9,0.9,1,10,10
IAEA_plus_5,5,29,phrase,zh,中子测量电流,18,17373,13,5,0.5488024353981018,0.5465351541837057,0.5417552173137665,0.5488024353981018,10,1.0,1,10,10
IAEA_plus_5,5,29,phrase,en,neutron measurement current,18,17373,13,5,0.6957577466964722,0.6816319227218628,0.6612965226173401,0.6957577466964722,9,0.9,1,10,10
IAEA_plus_5,5,30,core_term,zh,中子,18,23018,13,5,0.5525250434875488,0.5513811707496643,0.5463104367256164,0.5525250434875488,0,0.0,0,10,10
IAEA_plus_5,5,30,core_term,en,neutron,18,23018,13,5,0.6899797916412354,0.6767170627911886,0.6606558799743653,0.6899797916412354,9,0.9,1,10,10
IAEA_plus_5,5,30,phrase,zh,中子测量电流,18,23018,13,5,0.5844036936759949,0.581782341003418,0.5792111873626709,0.5844036936759949,0,0.0,0,10,10
IAEA_plus_5,5,30,phrase,en,neutron measurement current,18,23018,13,5,0.6957577466964722,0.6816319227218628,0.6601194024085999,0.6957577466964722,10,1.0,1,10,10
IAEA_plus_5,5,31,core_term,zh,中子,18,20756,13,5,0.6376688480377197,0.6259249647458395,0.6175918519496918,0.6376688480377197,0,0.0,0,10,10
IAEA_plus_5,5,31,core_term,en,neutron,18,20756,13,5,0.6899797916412354,0.6775538325309753,0.6626602947711945,0.6899797916412354,6,0.6,1,10,10
IAEA_plus_5,5,31,phrase,zh,中子测量电流,18,20756,13,5,0.6772618889808655,0.6712039709091187,0.6665949940681457,0.6772618889808655,0,0.0,0,10,10
IAEA_plus_5,5,31,phrase,en,neutron measurement current,18,20756,13,5,0.6957577466964722,0.6816319227218628,0.6620904743671417,0.6957577466964722,8,0.8,1,10,10
IAEA_plus_5,5,32,core_term,zh,中子,18,19175,13,5,0.6376688480377197,0.6259249647458395,0.6175918519496918,0.6376688480377197,0,0.0,0,10,10
IAEA_plus_5,5,32,core_term,en,neutron,18,19175,13,5,0.6899797916412354,0.6767170627911886,0.6589956402778625,0.6899797916412354,10,1.0,1,10,10
IAEA_plus_5,5,32,phrase,zh,中子测量电流,18,19175,13,5,0.6772618889808655,0.6698199510574341,0.6651476860046387,0.6772618889808655,0,0.0,0,10,10
IAEA_plus_5,5,32,phrase,en,neutron measurement current,18,19175,13,5,0.6957577466964722,0.6816319227218628,0.6601194024085999,0.6957577466964722,10,1.0,1,10,10
IAEA_plus_5,5,33,core_term,zh,中子,18,19411,13,5,0.5525250434875488,0.5513811707496643,0.5463104367256164,0.5525250434875488,0,0.0,0,10,10
IAEA_plus_5,5,33,core_term,en,neutron,18,19411,13,5,0.6899797916412354,0.6767170627911886,0.6621435642242431,0.6899797916412354,6,0.6,1,10,10
IAEA_plus_5,5,33,phrase,zh,中子测量电流,18,19411,13,5,0.5844036936759949,0.581782341003418,0.5792111873626709,0.5844036936759949,0,0.0,0,10,10
IAEA_plus_5,5,33,phrase,en,neutron measurement current,18,19411,13,5,0.6957577466964722,0.6816319227218628,0.6606996655464172,0.6957577466964722,8,0.8,1,10,10
IAEA_plus_5,5,34,core_term,zh,中子,18,24017,13,5,0.6376688480377197,0.6259249647458395,0.6175918519496918,0.6376688480377197,0,0.0,0,10,10
IAEA_plus_5,5,34,core_term,en,neutron,18,24017,13,5,0.6899797916412354,0.6775538325309753,0.6639306902885437,0.6899797916412354,5,0.5,1,10,10
IAEA_plus_5,5,34,phrase,zh,中子测量电流,18,24017,13,5,0.6772618889808655,0.6698239048322042,0.6657037198543548,0.6772618889808655,0,0.0,0,10,10
IAEA_plus_5,5,34,phrase,en,neutron measurement current,18,24017,13,5,0.7035508155822754,0.6991282900174459,0.6771908760070801,0.7035508155822754,4,0.4,3,10,10
IAEA_plus_5,5,35,core_term,zh,中子,18,20515,13,5,0.6376688480377197,0.6259249647458395,0.6175918519496918,0.6376688480377197,0,0.0,0,10,10
IAEA_plus_5,5,35,core_term,en,neutron,18,20515,13,5,0.6899797916412354,0.6775538325309753,0.6626602947711945,0.6899797916412354,6,0.6,1,10,10
IAEA_plus_5,5,35,phrase,zh,中子测量电流,18,20515,13,5,0.6772618889808655,0.6698239048322042,0.6657037198543548,0.6772618889808655,0,0.0,0,10,10
IAEA_plus_5,5,35,phrase,en,neutron measurement current,18,20515,13,5,0.6957577466964722,0.6816319227218628,0.6620904743671417,0.6957577466964722,8,0.8,1,10,10
IAEA_plus_5,5,36,core_term,zh,中子,18,18661,13,5,0.6103138327598572,0.6073058644930521,0.6030639231204986,0.6103138327598572,0,0.0,0,10,10
IAEA_plus_5,5,36,core_term,en,neutron,18,18661,13,5,0.6899797916412354,0.6767170627911886,0.6589956402778625,0.6899797916412354,10,1.0,1,10,10
IAEA_plus_5,5,36,phrase,zh,中子测量电流,18,18661,13,5,0.664697527885437,0.6631498535474142,0.6563639521598816,0.664697527885437,0,0.0,0,10,10
IAEA_plus_5,5,36,phrase,en,neutron measurement current,18,18661,13,5,0.6957577466964722,0.6816319227218628,0.6601194024085999,0.6957577466964722,10,1.0,1,10,10
IAEA_plus_5,5,37,core_term,zh,中子,18,17423,13,5,0.5843064188957214,0.5828381180763245,0.5800861120223999,0.5843064188957214,0,0.0,0,10,10
IAEA_plus_5,5,37,core_term,en,neutron,18,17423,13,5,0.6899797916412354,0.6767170627911886,0.6589956402778625,0.6899797916412354,10,1.0,1,10,10
IAEA_plus_5,5,37,phrase,zh,中子测量电流,18,17423,13,5,0.6185203194618225,0.6168049176534017,0.6148931562900544,0.6185203194618225,0,0.0,0,10,10
IAEA_plus_5,5,37,phrase,en,neutron measurement current,18,17423,13,5,0.6957577466964722,0.6816319227218628,0.6601194024085999,0.6957577466964722,10,1.0,1,10,10
IAEA_plus_5,5,38,core_term,zh,中子,18,18545,13,5,0.5515786409378052,0.5461797714233398,0.5423608899116517,0.5515786409378052,0,0.0,0,10,10
IAEA_plus_5,5,38,core_term,en,neutron,18,18545,13,5,0.6899797916412354,0.6767170627911886,0.6589956402778625,0.6899797916412354,10,1.0,1,10,10
IAEA_plus_5,5,38,phrase,zh,中子测量电流,18,18545,13,5,0.5860552191734314,0.5855854550997416,0.5836730897426605,0.5860552191734314,0,0.0,0,10,10
IAEA_plus_5,5,38,phrase,en,neutron measurement current,18,18545,13,5,0.6957577466964722,0.6816319227218628,0.6601194024085999,0.6957577466964722,10,1.0,1,10,10
IAEA_plus_5,5,39,core_term,zh,中子,18,18902,13,5,0.6103138327598572,0.6073058644930521,0.6030639231204986,0.6103138327598572,0,0.0,0,10,10
IAEA_plus_5,5,39,core_term,en,neutron,18,18902,13,5,0.6899797916412354,0.6767170627911886,0.6591778516769409,0.6899797916412354,9,0.9,1,10,10
IAEA_plus_5,5,39,phrase,zh,中子测量电流,18,18902,13,5,0.664697527885437,0.6631498535474142,0.6563639521598816,0.664697527885437,0,0.0,0,10,10
IAEA_plus_5,5,39,phrase,en,neutron measurement current,18,18902,13,5,0.6957577466964722,0.6816319227218628,0.6612965226173401,0.6957577466964722,9,0.9,1,10,10
IAEA_plus_5,5,40,core_term,zh,中子,18,22378,13,5,0.5220588445663452,0.520598828792572,0.5125414669513703,0.5220588445663452,8,0.8,2,10,10
IAEA_plus_5,5,40,core_term,en,neutron,18,22378,13,5,0.6899797916412354,0.6767170627911886,0.6589956402778625,0.6899797916412354,10,1.0,1,10,10
IAEA_plus_5,5,40,phrase,zh,中子测量电流,18,22378,13,5,0.5590890049934387,0.5520831942558289,0.5447936832904816,0.5590890049934387,7,0.7,2,10,10
IAEA_plus_5,5,40,phrase,en,neutron measurement current,18,22378,13,5,0.6957577466964722,0.6816319227218628,0.6605868697166443,0.6957577466964722,9,0.9,1,10,10
IAEA_plus_5,5,41,core_term,zh,中子,18,25696,13,5,0.5525250434875488,0.5513811707496643,0.5463104367256164,0.5525250434875488,0,0.0,0,10,10
IAEA_plus_5,5,41,core_term,en,neutron,18,25696,13,5,0.6899797916412354,0.6767170627911886,0.6589956402778625,0.6899797916412354,10,1.0,1,10,10
IAEA_plus_5,5,41,phrase,zh,中子测量电流,18,25696,13,5,0.5844036936759949,0.581782341003418,0.5792111873626709,0.5844036936759949,0,0.0,0,10,10
IAEA_plus_5,5,41,phrase,en,neutron measurement current,18,25696,13,5,0.6957577466964722,0.6816319227218628,0.6601194024085999,0.6957577466964722,10,1.0,1,10,10
IAEA_plus_5,5,42,core_term,zh,中子,18,18208,13,5,0.6376688480377197,0.6259249647458395,0.6175918519496918,0.6376688480377197,0,0.0,0,10,10
IAEA_plus_5,5,42,core_term,en,neutron,18,18208,13,5,0.6899797916412354,0.6767170627911886,0.6589956402778625,0.6899797916412354,10,1.0,1,10,10
IAEA_plus_5,5,42,phrase,zh,中子测量电流,18,18208,13,5,0.6772618889808655,0.6698199510574341,0.6651476860046387,0.6772618889808655,0,0.0,0,10,10
IAEA_plus_5,5,42,phrase,en,neutron measurement current,18,18208,13,5,0.6957577466964722,0.6816319227218628,0.6601194024085999,0.6957577466964722,10,1.0,1,10,10
IAEA_plus_5,5,43,core_term,zh,中子,18,20117,13,5,0.6089305877685547,0.6050087412198385,0.5535310745239258,0.6089305877685547,3,0.3,8,10,10
IAEA_plus_5,5,43,core_term,en,neutron,18,20117,13,5,0.6899797916412354,0.6767170627911886,0.6589956402778625,0.6899797916412354,10,1.0,1,10,10
IAEA_plus_5,5,43,phrase,zh,中子测量电流,18,20117,13,5,0.6693858504295349,0.6599276463190714,0.5924446761608124,0.6693858504295349,3,0.3,7,10,10
IAEA_plus_5,5,43,phrase,en,neutron measurement current,18,20117,13,5,0.6957577466964722,0.6816319227218628,0.6601194024085999,0.6957577466964722,10,1.0,1,10,10
IAEA_plus_5,5,44,core_term,zh,中子,18,18741,13,5,0.6103138327598572,0.6073058644930521,0.6030639231204986,0.6103138327598572,0,0.0,0,10,10
IAEA_plus_5,5,44,core_term,en,neutron,18,18741,13,5,0.6899797916412354,0.6767170627911886,0.6589956402778625,0.6899797916412354,10,1.0,1,10,10
IAEA_plus_5,5,44,phrase,zh,中子测量电流,18,18741,13,5,0.664697527885437,0.6631498535474142,0.6563639521598816,0.664697527885437,0,0.0,0,10,10
IAEA_plus_5,5,44,phrase,en,neutron measurement current,18,18741,13,5,0.6957577466964722,0.6816319227218628,0.6605868697166443,0.6957577466964722,9,0.9,1,10,10
IAEA_plus_5,5,45,core_term,zh,中子,18,25541,13,5,0.5483773946762085,0.5443856120109558,0.5414525806903839,0.5483773946762085,0,0.0,0,10,10
IAEA_plus_5,5,45,core_term,en,neutron,18,25541,13,5,0.6899797916412354,0.6767170627911886,0.6589956402778625,0.6899797916412354,10,1.0,1,10,10
IAEA_plus_5,5,45,phrase,zh,中子测量电流,18,25541,13,5,0.600178599357605,0.599280595779419,0.5965897440910339,0.600178599357605,0,0.0,0,10,10
IAEA_plus_5,5,45,phrase,en,neutron measurement current,18,25541,13,5,0.6957577466964722,0.6816319227218628,0.6601194024085999,0.6957577466964722,10,1.0,1,10,10
IAEA_plus_5,5,46,core_term,zh,中子,18,21917,13,5,0.6376688480377197,0.6259249647458395,0.6175918519496918,0.6376688480377197,0,0.0,0,10,10
IAEA_plus_5,5,46,core_term,en,neutron,18,21917,13,5,0.6899797916412354,0.6767170627911886,0.6608629584312439,0.6899797916412354,9,0.9,1,10,10
IAEA_plus_5,5,46,phrase,zh,中子测量电流,18,21917,13,5,0.6772618889808655,0.6698199510574341,0.6651476860046387,0.6772618889808655,0,0.0,0,10,10
IAEA_plus_5,5,46,phrase,en,neutron measurement current,18,21917,13,5,0.6957577466964722,0.6816319227218628,0.6601194024085999,0.6957577466964722,10,1.0,1,10,10
IAEA_plus_5,5,47,core_term,zh,中子,18,23221,13,5,0.5422544479370117,0.5396677255630493,0.5340261816978454,0.5422544479370117,0,0.0,0,10,10
IAEA_plus_5,5,47,core_term,en,neutron,18,23221,13,5,0.6899797916412354,0.6767170627911886,0.6589956402778625,0.6899797916412354,10,1.0,1,10,10
IAEA_plus_5,5,47,phrase,zh,中子测量电流,18,23221,13,5,0.5816718339920044,0.5758528312047323,0.5729238510131835,0.5816718339920044,0,0.0,0,10,10
IAEA_plus_5,5,47,phrase,en,neutron measurement current,18,23221,13,5,0.6957577466964722,0.6816319227218628,0.6616231620311737,0.6957577466964722,9,0.9,1,10,10
IAEA_plus_5,5,48,core_term,zh,中子,18,22362,13,5,0.5483773946762085,0.5443856120109558,0.5413952767848969,0.5483773946762085,0,0.0,0,10,10
IAEA_plus_5,5,48,core_term,en,neutron,18,22362,13,5,0.6899797916412354,0.6767170627911886,0.6591778516769409,0.6899797916412354,9,0.9,1,10,10
IAEA_plus_5,5,48,phrase,zh,中子测量电流,18,22362,13,5,0.600178599357605,0.599280595779419,0.5965897440910339,0.600178599357605,0,0.0,0,10,10
IAEA_plus_5,5,48,phrase,en,neutron measurement current,18,22362,13,5,0.6957577466964722,0.6816319227218628,0.6612965226173401,0.6957577466964722,9,0.9,1,10,10
IAEA_plus_5,5,49,core_term,zh,中子,18,21253,13,5,0.6116806268692017,0.6109298268953959,0.6096568167209625,0.6116806268692017,0,0.0,0,10,10
IAEA_plus_5,5,49,core_term,en,neutron,18,21253,13,5,0.6899797916412354,0.6775538325309753,0.6626602947711945,0.6899797916412354,6,0.6,1,10,10
IAEA_plus_5,5,49,phrase,zh,中子测量电流,18,21253,13,5,0.6652456521987915,0.6637954115867615,0.6617978990077973,0.6652456521987915,0,0.0,0,10,10
IAEA_plus_5,5,49,phrase,en,neutron measurement current,18,21253,13,5,0.6957577466964722,0.6816319227218628,0.6620904743671417,0.6957577466964722,8,0.8,1,10,10
IAEA_plus_5,5,50,core_term,zh,中子,18,20184,13,5,0.5201177000999451,0.5182703733444214,0.5108783543109894,0.5201177000999451,9,0.9,1,10,10
IAEA_plus_5,5,50,core_term,en,neutron,18,20184,13,5,0.6899797916412354,0.6767170627911886,0.6591778516769409,0.6899797916412354,9,0.9,1,10,10
IAEA_plus_5,5,50,phrase,zh,中子测量电流,18,20184,13,5,0.5488024353981018,0.5474654833475748,0.5428763806819916,0.5488024353981018,7,0.7,1,10,10
IAEA_plus_5,5,50,phrase,en,neutron measurement current,18,20184,13,5,0.6957577466964722,0.6816319227218628,0.6612965226173401,0.6957577466964722,9,0.9,1,10,10
IAEA_plus_5,5,51,core_term,zh,中子,18,21273,13,5,0.6116806268692017,0.6109298268953959,0.6096568167209625,0.6116806268692017,0,0.0,0,10,10
IAEA_plus_5,5,51,core_term,en,neutron,18,21273,13,5,0.6899797916412354,0.6775538325309753,0.6645804107189178,0.6899797916412354,5,0.5,1,10,10
IAEA_plus_5,5,51,phrase,zh,中子测量电流,18,21273,13,5,0.6652456521987915,0.6637954115867615,0.6617978990077973,0.6652456521987915,0,0.0,0,10,10
IAEA_plus_5,5,51,phrase,en,neutron measurement current,18,21273,13,5,0.6957577466964722,0.6816319227218628,0.662165778875351,0.6957577466964722,8,0.8,1,10,10
IAEA_plus_5,5,52,core_term,zh,中子,18,20715,13,5,0.6228203177452087,0.6219706535339355,0.61971395611763,0.6228203177452087,0,0.0,0,10,10
IAEA_plus_5,5,52,core_term,en,neutron,18,20715,13,5,0.6899797916412354,0.6767170627911886,0.6589956402778625,0.6899797916412354,10,1.0,1,10,10
IAEA_plus_5,5,52,phrase,zh,中子测量电流,18,20715,13,5,0.674386739730835,0.6738664507865906,0.6699054360389709,0.674386739730835,0,0.0,0,10,10
IAEA_plus_5,5,52,phrase,en,neutron measurement current,18,20715,13,5,0.6957577466964722,0.6816319227218628,0.6601194024085999,0.6957577466964722,10,1.0,1,10,10
IAEA_plus_5,5,53,core_term,zh,中子,18,21898,13,5,0.5525250434875488,0.5513811707496643,0.5463104367256164,0.5525250434875488,0,0.0,0,10,10
IAEA_plus_5,5,53,core_term,en,neutron,18,21898,13,5,0.6899797916412354,0.6767170627911886,0.6589956402778625,0.6899797916412354,10,1.0,1,10,10
IAEA_plus_5,5,53,phrase,zh,中子测量电流,18,21898,13,5,0.5844036936759949,0.581782341003418,0.5792111873626709,0.5844036936759949,0,0.0,0,10,10
IAEA_plus_5,5,53,phrase,en,neutron measurement current,18,21898,13,5,0.6957577466964722,0.6816319227218628,0.6601194024085999,0.6957577466964722,10,1.0,1,10,10
IAEA_plus_5,5,54,core_term,zh,中子,18,19029,13,5,0.5478966236114502,0.5469457308451334,0.5447748005390167,0.5478966236114502,0,0.0,0,10,10
IAEA_plus_5,5,54,core_term,en,neutron,18,19029,13,5,0.6899797916412354,0.6767170627911886,0.6621435642242431,0.6899797916412354,6,0.6,1,10,10
IAEA_plus_5,5,54,phrase,zh,中子测量电流,18,19029,13,5,0.5860769152641296,0.5854836304982504,0.5834032416343689,0.5860769152641296,0,0.0,0,10,10
IAEA_plus_5,5,54,phrase,en,neutron measurement current,18,19029,13,5,0.6957577466964722,0.6816319227218628,0.6602667510509491,0.6957577466964722,9,0.9,1,10,10
IAEA_plus_5,5,55,core_term,zh,中子,18,26012,13,5,0.6116806268692017,0.6109298268953959,0.6098556876182556,0.6116806268692017,0,0.0,0,10,10
IAEA_plus_5,5,55,core_term,en,neutron,18,26012,13,5,0.6899797916412354,0.6775538325309753,0.6626602947711945,0.6899797916412354,6,0.6,1,10,10
IAEA_plus_5,5,55,phrase,zh,中子测量电流,18,26012,13,5,0.6652456521987915,0.6644489566485087,0.6627322137355804,0.6652456521987915,0,0.0,0,10,10
IAEA_plus_5,5,55,phrase,en,neutron measurement current,18,26012,13,5,0.6957577466964722,0.6816319227218628,0.6620904743671417,0.6957577466964722,8,0.8,1,10,10
IAEA_plus_5,5,56,core_term,zh,中子,18,20753,13,5,0.5483773946762085,0.5443856120109558,0.5413952767848969,0.5483773946762085,0,0.0,0,10,10
IAEA_plus_5,5,56,core_term,en,neutron,18,20753,13,5,0.6899797916412354,0.6767170627911886,0.6589956402778625,0.6899797916412354,10,1.0,1,10,10
IAEA_plus_5,5,56,phrase,zh,中子测量电流,18,20753,13,5,0.600178599357605,0.599280595779419,0.5965897440910339,0.600178599357605,0,0.0,0,10,10
IAEA_plus_5,5,56,phrase,en,neutron measurement current,18,20753,13,5,0.6957577466964722,0.6816319227218628,0.6601194024085999,0.6957577466964722,10,1.0,1,10,10
IAEA_plus_5,5,57,core_term,zh,中子,18,18887,13,5,0.5220588445663452,0.520598828792572,0.5122678637504577,0.5220588445663452,9,0.9,2,10,10
IAEA_plus_5,5,57,core_term,en,neutron,18,18887,13,5,0.6899797916412354,0.6767170627911886,0.6589956402778625,0.6899797916412354,10,1.0,1,10,10
IAEA_plus_5,5,57,phrase,zh,中子测量电流,18,18887,13,5,0.5590890049934387,0.5520831942558289,0.5439430832862854,0.5590890049934387,9,0.9,2,10,10
IAEA_plus_5,5,57,phrase,en,neutron measurement current,18,18887,13,5,0.6957577466964722,0.6816319227218628,0.6601194024085999,0.6957577466964722,10,1.0,1,10,10
IAEA_plus_5,5,58,core_term,zh,中子,18,20555,13,5,0.5525250434875488,0.5513811707496643,0.5463104367256164,0.5525250434875488,0,0.0,0,10,10
IAEA_plus_5,5,58,core_term,en,neutron,18,20555,13,5,0.6899797916412354,0.6767170627911886,0.6589956402778625,0.6899797916412354,10,1.0,1,10,10
IAEA_plus_5,5,58,phrase,zh,中子测量电流,18,20555,13,5,0.5844036936759949,0.581782341003418,0.5792111873626709,0.5844036936759949,0,0.0,0,10,10
IAEA_plus_5,5,58,phrase,en,neutron measurement current,18,20555,13,5,0.6957577466964722,0.6816319227218628,0.6616231620311737,0.6957577466964722,9,0.9,1,10,10
IAEA_plus_5,5,59,core_term,zh,中子,18,20637,13,5,0.5843064188957214,0.5828381180763245,0.5800861120223999,0.5843064188957214,0,0.0,0,10,10
IAEA_plus_5,5,59,core_term,en,neutron,18,20637,13,5,0.6899797916412354,0.6767170627911886,0.6628393471240998,0.6899797916412354,6,0.6,1,10,10
IAEA_plus_5,5,59,phrase,zh,中子测量电流,18,20637,13,5,0.6185203194618225,0.6168049176534017,0.6148931562900544,0.6185203194618225,0,0.0,0,10,10
IAEA_plus_5,5,59,phrase,en,neutron measurement current,18,20637,13,5,0.7035508155822754,0.6991282900174459,0.6767319321632386,0.7035508155822754,5,0.5,3,10,10
IAEA_plus_5,5,60,core_term,zh,中子,18,21887,13,5,0.5563935041427612,0.553406834602356,0.5480543673038483,0.5563935041427612,0,0.0,0,10,10
IAEA_plus_5,5,60,core_term,en,neutron,18,21887,13,5,0.6899797916412354,0.6767170627911886,0.6589956462383271,0.6899797916412354,10,1.0,1,10,10
IAEA_plus_5,5,60,phrase,zh,中子测量电流,18,21887,13,5,0.59007328748703,0.5887787938117981,0.5858603894710541,0.59007328748703,0,0.0,0,10,10
IAEA_plus_5,5,60,phrase,en,neutron measurement current,18,21887,13,5,0.6957577466964722,0.6816319227218628,0.6601194024085999,0.6957577466964722,10,1.0,1,10,10
IAEA_plus_5,5,61,core_term,zh,中子,18,20762,13,5,0.6376688480377197,0.6259249647458395,0.6175918519496918,0.6376688480377197,0,0.0,0,10,10
IAEA_plus_5,5,61,core_term,en,neutron,18,20762,13,5,0.6899797916412354,0.6767170627911886,0.6589956402778625,0.6899797916412354,10,1.0,1,10,10
IAEA_plus_5,5,61,phrase,zh,中子测量电流,18,20762,13,5,0.6772618889808655,0.6698199510574341,0.6651476860046387,0.6772618889808655,0,0.0,0,10,10
IAEA_plus_5,5,61,phrase,en,neutron measurement current,18,20762,13,5,0.6957577466964722,0.6816319227218628,0.6605868697166443,0.6957577466964722,9,0.9,1,10,10
IAEA_plus_5,5,62,core_term,zh,中子,18,18066,13,5,0.6376688480377197,0.6259249647458395,0.6175918519496918,0.6376688480377197,0,0.0,0,10,10
IAEA_plus_5,5,62,core_term,en,neutron,18,18066,13,5,0.6899797916412354,0.6767170627911886,0.6621435642242431,0.6899797916412354,6,0.6,1,10,10
IAEA_plus_5,5,62,phrase,zh,中子测量电流,18,18066,13,5,0.6772618889808655,0.6698199510574341,0.6651476860046387,0.6772618889808655,0,0.0,0,10,10
IAEA_plus_5,5,62,phrase,en,neutron measurement current,18,18066,13,5,0.6957577466964722,0.6816319227218628,0.6602667510509491,0.6957577466964722,9,0.9,1,10,10
IAEA_plus_5,5,63,core_term,zh,中子,18,18720,13,5,0.5397503972053528,0.5358525514602661,0.5308340430259705,0.5397503972053528,0,0.0,0,10,10
IAEA_plus_5,5,63,core_term,en,neutron,18,18720,13,5,0.6899797916412354,0.6767170627911886,0.6621435642242431,0.6899797916412354,6,0.6,1,10,10
IAEA_plus_5,5,63,phrase,zh,中子测量电流,18,18720,13,5,0.5790097117424011,0.5775527159372965,0.5729158997535706,0.5790097117424011,0,0.0,0,10,10
IAEA_plus_5,5,63,phrase,en,neutron measurement current,18,18720,13,5,0.6957577466964722,0.6816319227218628,0.6602667510509491,0.6957577466964722,9,0.9,1,10,10
IAEA_plus_5,5,64,core_term,zh,中子,18,17237,13,5,0.6103138327598572,0.6073058644930521,0.6030639231204986,0.6103138327598572,0,0.0,0,10,10
IAEA_plus_5,5,64,core_term,en,neutron,18,17237,13,5,0.6899797916412354,0.6767170627911886,0.6591778516769409,0.6899797916412354,9,0.9,1,10,10
IAEA_plus_5,5,64,phrase,zh,中子测量电流,18,17237,13,5,0.664697527885437,0.6631498535474142,0.6563639521598816,0.664697527885437,0,0.0,0,10,10
IAEA_plus_5,5,64,phrase,en,neutron measurement current,18,17237,13,5,0.6957577466964722,0.6816319227218628,0.6612965226173401,0.6957577466964722,9,0.9,1,10,10
IAEA_plus_5,5,65,core_term,zh,中子,18,18439,13,5,0.6376688480377197,0.6259249647458395,0.6175918519496918,0.6376688480377197,0,0.0,0,10,10
IAEA_plus_5,5,65,core_term,en,neutron,18,18439,13,5,0.6899797916412354,0.6767170627911886,0.6612394988536835,0.6899797916412354,7,0.7,1,10,10
IAEA_plus_5,5,65,phrase,zh,中子测量电流,18,18439,13,5,0.6772618889808655,0.6698199510574341,0.6651476860046387,0.6772618889808655,0,0.0,0,10,10
IAEA_plus_5,5,65,phrase,en,neutron measurement current,18,18439,13,5,0.7035508155822754,0.6991282900174459,0.6767319321632386,0.7035508155822754,5,0.5,3,10,10
IAEA_plus_5,5,66,core_term,zh,中子,18,22008,13,5,0.6228203177452087,0.6219706535339355,0.61971395611763,0.6228203177452087,0,0.0,0,10,10
IAEA_plus_5,5,66,core_term,en,neutron,18,22008,13,5,0.6899797916412354,0.6767170627911886,0.6612394988536835,0.6899797916412354,7,0.7,1,10,10
IAEA_plus_5,5,66,phrase,zh,中子测量电流,18,22008,13,5,0.674386739730835,0.6738664507865906,0.6699054360389709,0.674386739730835,0,0.0,0,10,10
IAEA_plus_5,5,66,phrase,en,neutron measurement current,18,22008,13,5,0.7035508155822754,0.6991282900174459,0.6767319321632386,0.7035508155822754,5,0.5,3,10,10
IAEA_plus_5,5,67,core_term,zh,中子,18,21757,13,5,0.5525250434875488,0.5513811707496643,0.5469704687595367,0.5525250434875488,0,0.0,0,10,10
IAEA_plus_5,5,67,core_term,en,neutron,18,21757,13,5,0.6899797916412354,0.6767170627911886,0.6589956402778625,0.6899797916412354,10,1.0,1,10,10
IAEA_plus_5,5,67,phrase,zh,中子测量电流,18,21757,13,5,0.600178599357605,0.599280595779419,0.5965897440910339,0.600178599357605,0,0.0,0,10,10
IAEA_plus_5,5,67,phrase,en,neutron measurement current,18,21757,13,5,0.6957577466964722,0.6816319227218628,0.6601194024085999,0.6957577466964722,10,1.0,1,10,10
IAEA_plus_5,5,68,core_term,zh,中子,18,24050,13,5,0.5397503972053528,0.5358525514602661,0.5308340430259705,0.5397503972053528,0,0.0,0,10,10
IAEA_plus_5,5,68,core_term,en,neutron,18,24050,13,5,0.6899797916412354,0.6767170627911886,0.6606558859348297,0.6899797916412354,9,0.9,1,10,10
IAEA_plus_5,5,68,phrase,zh,中子测量电流,18,24050,13,5,0.5790097117424011,0.5775527159372965,0.5729158997535706,0.5790097117424011,0,0.0,0,10,10
IAEA_plus_5,5,68,phrase,en,neutron measurement current,18,24050,13,5,0.6957577466964722,0.6816319227218628,0.6601194024085999,0.6957577466964722,10,1.0,1,10,10
IAEA_plus_5,5,69,core_term,zh,中子,18,22062,13,5,0.5843064188957214,0.5828381180763245,0.5800861120223999,0.5843064188957214,0,0.0,0,10,10
IAEA_plus_5,5,69,core_term,en,neutron,18,22062,13,5,0.6899797916412354,0.6767170627911886,0.6608629584312439,0.6899797916412354,9,0.9,1,10,10
IAEA_plus_5,5,69,phrase,zh,中子测量电流,18,22062,13,5,0.6185203194618225,0.6168049176534017,0.6148931562900544,0.6185203194618225,0,0.0,0,10,10
IAEA_plus_5,5,69,phrase,en,neutron measurement current,18,22062,13,5,0.6957577466964722,0.6816319227218628,0.6601194024085999,0.6957577466964722,10,1.0,1,10,10
IAEA_plus_5,5,70,core_term,zh,中子,18,17288,13,5,0.6103138327598572,0.6084927320480347,0.6048609912395477,0.6103138327598572,0,0.0,0,10,10
IAEA_plus_5,5,70,core_term,en,neutron,18,17288,13,5,0.6899797916412354,0.6767170627911886,0.6589956402778625,0.6899797916412354,10,1.0,1,10,10
IAEA_plus_5,5,70,phrase,zh,中子测量电流,18,17288,13,5,0.6693858504295349,0.6663830677668253,0.6600395441055298,0.6693858504295349,0,0.0,0,10,10
IAEA_plus_5,5,70,phrase,en,neutron measurement current,18,17288,13,5,0.6957577466964722,0.6816319227218628,0.6601194024085999,0.6957577466964722,10,1.0,1,10,10
IAEA_plus_5,5,71,core_term,zh,中子,18,18704,13,5,0.5525250434875488,0.5513811707496643,0.5463104367256164,0.5525250434875488,0,0.0,0,10,10
IAEA_plus_5,5,71,core_term,en,neutron,18,18704,13,5,0.6899797916412354,0.6767170627911886,0.6621435642242431,0.6899797916412354,6,0.6,1,10,10
IAEA_plus_5,5,71,phrase,zh,中子测量电流,18,18704,13,5,0.5844036936759949,0.581782341003418,0.5792111873626709,0.5844036936759949,0,0.0,0,10,10
IAEA_plus_5,5,71,phrase,en,neutron measurement current,18,18704,13,5,0.6957577466964722,0.6816319227218628,0.6602667510509491,0.6957577466964722,9,0.9,1,10,10
IAEA_plus_5,5,72,core_term,zh,中子,18,21625,13,5,0.5222253799438477,0.5206543405850729,0.5126039028167725,0.5222253799438477,8,0.8,2,10,10
IAEA_plus_5,5,72,core_term,en,neutron,18,21625,13,5,0.6899797916412354,0.6767170627911886,0.6609632730484009,0.6899797916412354,8,0.8,1,10,10
IAEA_plus_5,5,72,phrase,zh,中子测量电流,18,21625,13,5,0.5488024353981018,0.5465351541837057,0.5417552173137665,0.5488024353981018,10,1.0,1,10,10
IAEA_plus_5,5,72,phrase,en,neutron measurement current,18,21625,13,5,0.6957577466964722,0.6816319227218628,0.6612965226173401,0.6957577466964722,9,0.9,1,10,10
IAEA_plus_5,5,73,core_term,zh,中子,18,17318,13,5,0.5220588445663452,0.520598828792572,0.5122678637504577,0.5220588445663452,9,0.9,2,10,10
IAEA_plus_5,5,73,core_term,en,neutron,18,17318,13,5,0.6899797916412354,0.6767170627911886,0.6589956402778625,0.6899797916412354,10,1.0,1,10,10
IAEA_plus_5,5,73,phrase,zh,中子测量电流,18,17318,13,5,0.5590890049934387,0.5520831942558289,0.5439430832862854,0.5590890049934387,9,0.9,2,10,10
IAEA_plus_5,5,73,phrase,en,neutron measurement current,18,17318,13,5,0.6957577466964722,0.6816319227218628,0.6616231620311737,0.6957577466964722,9,0.9,1,10,10
IAEA_plus_5,5,74,core_term,zh,中子,18,19125,13,5,0.5600153803825378,0.5529919068018595,0.5470266580581665,0.5600153803825378,0,0.0,0,10,10
IAEA_plus_5,5,74,core_term,en,neutron,18,19125,13,5,0.6899797916412354,0.6767170627911886,0.6591778516769409,0.6899797916412354,9,0.9,1,10,10
IAEA_plus_5,5,74,phrase,zh,中子测量电流,18,19125,13,5,0.600178599357605,0.599280595779419,0.5965897440910339,0.600178599357605,0,0.0,0,10,10
IAEA_plus_5,5,74,phrase,en,neutron measurement current,18,19125,13,5,0.6957577466964722,0.6816319227218628,0.6627657294273377,0.6957577466964722,8,0.8,1,10,10
IAEA_plus_5,5,75,core_term,zh,中子,18,19943,13,5,0.5405981540679932,0.5286833047866821,0.5172270834445953,0.5405981540679932,6,0.6,3,10,10
IAEA_plus_5,5,75,core_term,en,neutron,18,19943,13,5,0.6899797916412354,0.6767170627911886,0.6608629584312439,0.6899797916412354,9,0.9,1,10,10
IAEA_plus_5,5,75,phrase,zh,中子测量电流,18,19943,13,5,0.5723001956939697,0.5603741804758707,0.5480274379253387,0.5723001956939697,7,0.7,3,10,10
IAEA_plus_5,5,75,phrase,en,neutron measurement current,18,19943,13,5,0.6957577466964722,0.6816319227218628,0.6601194024085999,0.6957577466964722,10,1.0,1,10,10
IAEA_plus_5,5,76,core_term,zh,中子,18,17835,13,5,0.6376688480377197,0.6259249647458395,0.6175918519496918,0.6376688480377197,0,0.0,0,10,10
IAEA_plus_5,5,76,core_term,en,neutron,18,17835,13,5,0.6899797916412354,0.6767170627911886,0.6621435642242431,0.6899797916412354,6,0.6,1,10,10
IAEA_plus_5,5,76,phrase,zh,中子测量电流,18,17835,13,5,0.6772618889808655,0.6698199510574341,0.6651476860046387,0.6772618889808655,0,0.0,0,10,10
IAEA_plus_5,5,76,phrase,en,neutron measurement current,18,17835,13,5,0.6957577466964722,0.6816319227218628,0.6602667510509491,0.6957577466964722,9,0.9,1,10,10
IAEA_plus_5,5,77,core_term,zh,中子,18,17782,13,5,0.5600153803825378,0.5529676278432211,0.545298969745636,0.5600153803825378,0,0.0,0,10,10
IAEA_plus_5,5,77,core_term,en,neutron,18,17782,13,5,0.6899797916412354,0.6767170627911886,0.6621435642242431,0.6899797916412354,6,0.6,1,10,10
IAEA_plus_5,5,77,phrase,zh,中子测量电流,18,17782,13,5,0.5922446846961975,0.5874267021814982,0.5812120199203491,0.5922446846961975,0,0.0,0,10,10
IAEA_plus_5,5,77,phrase,en,neutron measurement current,18,17782,13,5,0.6957577466964722,0.6816319227218628,0.6602667510509491,0.6957577466964722,9,0.9,1,10,10
IAEA_plus_5,5,78,core_term,zh,中子,18,23484,13,5,0.6116806268692017,0.6109298268953959,0.6098556876182556,0.6116806268692017,0,0.0,0,10,10
IAEA_plus_5,5,78,core_term,en,neutron,18,23484,13,5,0.6899797916412354,0.6775538325309753,0.6626602947711945,0.6899797916412354,6,0.6,1,10,10
IAEA_plus_5,5,78,phrase,zh,中子测量电流,18,23484,13,5,0.6652456521987915,0.6644489566485087,0.6627322137355804,0.6652456521987915,0,0.0,0,10,10
IAEA_plus_5,5,78,phrase,en,neutron measurement current,18,23484,13,5,0.6957577466964722,0.6816319227218628,0.6620904743671417,0.6957577466964722,8,0.8,1,10,10
IAEA_plus_5,5,79,core_term,zh,中子,18,19440,13,5,0.5478966236114502,0.5469457308451334,0.5447748005390167,0.5478966236114502,0,0.0,0,10,10
IAEA_plus_5,5,79,core_term,en,neutron,18,19440,13,5,0.6899797916412354,0.6767170627911886,0.6621435642242431,0.6899797916412354,6,0.6,1,10,10
IAEA_plus_5,5,79,phrase,zh,中子测量电流,18,19440,13,5,0.5860769152641296,0.5854836304982504,0.5834032416343689,0.5860769152641296,0,0.0,0,10,10
IAEA_plus_5,5,79,phrase,en,neutron measurement current,18,19440,13,5,0.6957577466964722,0.6816319227218628,0.6602667510509491,0.6957577466964722,9,0.9,1,10,10
IAEA_plus_5,5,80,core_term,zh,中子,18,20897,13,5,0.5563935041427612,0.5503235260645548,0.5443507254123687,0.5563935041427612,0,0.0,0,10,10
IAEA_plus_5,5,80,core_term,en,neutron,18,20897,13,5,0.6899797916412354,0.6767170627911886,0.6612394988536835,0.6899797916412354,7,0.7,1,10,10
IAEA_plus_5,5,80,phrase,zh,中子测量电流,18,20897,13,5,0.600178599357605,0.599280595779419,0.5965897440910339,0.600178599357605,0,0.0,0,10,10
IAEA_plus_5,5,80,phrase,en,neutron measurement current,18,20897,13,5,0.7035508155822754,0.6991282900174459,0.6767319321632386,0.7035508155822754,5,0.5,3,10,10
IAEA_plus_5,5,81,core_term,zh,中子,18,18367,13,5,0.5220588445663452,0.520598828792572,0.5122678637504577,0.5220588445663452,9,0.9,2,10,10
IAEA_plus_5,5,81,core_term,en,neutron,18,18367,13,5,0.6899797916412354,0.6767170627911886,0.6589956402778625,0.6899797916412354,10,1.0,1,10,10
IAEA_plus_5,5,81,phrase,zh,中子测量电流,18,18367,13,5,0.5590890049934387,0.5520831942558289,0.5439430832862854,0.5590890049934387,9,0.9,2,10,10
IAEA_plus_5,5,81,phrase,en,neutron measurement current,18,18367,13,5,0.6957577466964722,0.6816319227218628,0.6601194083690644,0.6957577466964722,10,1.0,1,10,10
IAEA_plus_5,5,82,core_term,zh,中子,18,20357,13,5,0.6376688480377197,0.6259249647458395,0.6175918519496918,0.6376688480377197,0,0.0,0,10,10
IAEA_plus_5,5,82,core_term,en,neutron,18,20357,13,5,0.6899797916412354,0.6767170627911886,0.6608629584312439,0.6899797916412354,9,0.9,1,10,10
IAEA_plus_5,5,82,phrase,zh,中子测量电流,18,20357,13,5,0.6772618889808655,0.6698199510574341,0.6651476860046387,0.6772618889808655,0,0.0,0,10,10
IAEA_plus_5,5,82,phrase,en,neutron measurement current,18,20357,13,5,0.6957577466964722,0.6816319227218628,0.6601194024085999,0.6957577466964722,10,1.0,1,10,10
IAEA_plus_5,5,83,core_term,zh,中子,18,16899,13,5,0.6089305877685547,0.6050087412198385,0.5599843800067902,0.6089305877685547,0,0.0,0,10,10
IAEA_plus_5,5,83,core_term,en,neutron,18,16899,13,5,0.6899797916412354,0.6767170627911886,0.6589956402778625,0.6899797916412354,10,1.0,1,10,10
IAEA_plus_5,5,83,phrase,zh,中子测量电流,18,16899,13,5,0.6693858504295349,0.6599276463190714,0.6036456108093262,0.6693858504295349,0,0.0,0,10,10
IAEA_plus_5,5,83,phrase,en,neutron measurement current,18,16899,13,5,0.6957577466964722,0.6816319227218628,0.6601194024085999,0.6957577466964722,10,1.0,1,10,10
IAEA_plus_5,5,84,core_term,zh,中子,18,18673,13,5,0.5478966236114502,0.5469457308451334,0.5450950860977173,0.5478966236114502,0,0.0,0,10,10
IAEA_plus_5,5,84,core_term,en,neutron,18,18673,13,5,0.6899797916412354,0.6767170627911886,0.6591778516769409,0.6899797916412354,9,0.9,1,10,10
IAEA_plus_5,5,84,phrase,zh,中子测量电流,18,18673,13,5,0.5860769152641296,0.5854836304982504,0.5834032416343689,0.5860769152641296,0,0.0,0,10,10
IAEA_plus_5,5,84,phrase,en,neutron measurement current,18,18673,13,5,0.6957577466964722,0.6816319227218628,0.6612965226173401,0.6957577466964722,9,0.9,1,10,10
IAEA_plus_5,5,85,core_term,zh,中子,18,17454,13,5,0.5220588445663452,0.520598828792572,0.5122678637504577,0.5220588445663452,9,0.9,2,10,10
IAEA_plus_5,5,85,core_term,en,neutron,18,17454,13,5,0.6899797916412354,0.6767170627911886,0.6589956402778625,0.6899797916412354,10,1.0,1,10,10
IAEA_plus_5,5,85,phrase,zh,中子测量电流,18,17454,13,5,0.5590890049934387,0.5520831942558289,0.5439430832862854,0.5590890049934387,9,0.9,2,10,10
IAEA_plus_5,5,85,phrase,en,neutron measurement current,18,17454,13,5,0.6957577466964722,0.6816319227218628,0.6601194024085999,0.6957577466964722,10,1.0,1,10,10
IAEA_plus_5,5,86,core_term,zh,中子,18,19645,13,5,0.6089305877685547,0.6050087412198385,0.5687404751777649,0.6089305877685547,0,0.0,0,10,10
IAEA_plus_5,5,86,core_term,en,neutron,18,19645,13,5,0.6899797916412354,0.6767170627911886,0.6589956402778625,0.6899797916412354,10,1.0,1,10,10
IAEA_plus_5,5,86,phrase,zh,中子测量电流,18,19645,13,5,0.6693858504295349,0.6599276463190714,0.6113208651542663,0.6693858504295349,0,0.0,0,10,10
IAEA_plus_5,5,86,phrase,en,neutron measurement current,18,19645,13,5,0.6957577466964722,0.6816319227218628,0.6601194024085999,0.6957577466964722,10,1.0,1,10,10
IAEA_plus_5,5,87,core_term,zh,中子,18,20466,13,5,0.5478966236114502,0.5469457308451334,0.5447748005390167,0.5478966236114502,0,0.0,0,10,10
IAEA_plus_5,5,87,core_term,en,neutron,18,20466,13,5,0.6899797916412354,0.6767170627911886,0.6589956402778625,0.6899797916412354,10,1.0,1,10,10
IAEA_plus_5,5,87,phrase,zh,中子测量电流,18,20466,13,5,0.5860769152641296,0.5854836304982504,0.5834032416343689,0.5860769152641296,0,0.0,0,10,10
IAEA_plus_5,5,87,phrase,en,neutron measurement current,18,20466,13,5,0.6957577466964722,0.6816319227218628,0.6601194024085999,0.6957577466964722,10,1.0,1,10,10
IAEA_plus_5,5,88,core_term,zh,中子,18,22475,13,5,0.6228203177452087,0.6219706535339355,0.61971395611763,0.6228203177452087,0,0.0,0,10,10
IAEA_plus_5,5,88,core_term,en,neutron,18,22475,13,5,0.6899797916412354,0.6767170627911886,0.6589956402778625,0.6899797916412354,10,1.0,1,10,10
IAEA_plus_5,5,88,phrase,zh,中子测量电流,18,22475,13,5,0.674386739730835,0.6738664507865906,0.6699054360389709,0.674386739730835,0,0.0,0,10,10
IAEA_plus_5,5,88,phrase,en,neutron measurement current,18,22475,13,5,0.6957577466964722,0.6816319227218628,0.6601194024085999,0.6957577466964722,10,1.0,1,10,10
IAEA_plus_5,5,89,core_term,zh,中子,18,19893,13,5,0.5600153803825378,0.5529676278432211,0.5450180292129516,0.5600153803825378,0,0.0,0,10,10
IAEA_plus_5,5,89,core_term,en,neutron,18,19893,13,5,0.6899797916412354,0.6767170627911886,0.6589956402778625,0.6899797916412354,10,1.0,1,10,10
IAEA_plus_5,5,89,phrase,zh,中子测量电流,18,19893,13,5,0.5922446846961975,0.5874267021814982,0.580991530418396,0.5922446846961975,0,0.0,0,10,10
IAEA_plus_5,5,89,phrase,en,neutron measurement current,18,19893,13,5,0.6957577466964722,0.6816319227218628,0.6616231620311737,0.6957577466964722,9,0.9,1,10,10
IAEA_plus_5,5,90,core_term,zh,中子,18,24031,13,5,0.5405981540679932,0.5293303529421488,0.5186591565608978,0.5405981540679932,5,0.5,4,10,10
IAEA_plus_5,5,90,core_term,en,neutron,18,24031,13,5,0.6899797916412354,0.6767170627911886,0.6606558859348297,0.6899797916412354,9,0.9,1,10,10
IAEA_plus_5,5,90,phrase,zh,中子测量电流,18,24031,13,5,0.5723001956939697,0.5638030370076498,0.5498834192752838,0.5723001956939697,6,0.6,4,10,10
IAEA_plus_5,5,90,phrase,en,neutron measurement current,18,24031,13,5,0.6957577466964722,0.6816319227218628,0.6601194024085999,0.6957577466964722,10,1.0,1,10,10
IAEA_plus_5,5,91,core_term,zh,中子,18,18399,13,5,0.6103138327598572,0.6073058644930521,0.6030639231204986,0.6103138327598572,0,0.0,0,10,10
IAEA_plus_5,5,91,core_term,en,neutron,18,18399,13,5,0.6899797916412354,0.6767170627911886,0.6612394988536835,0.6899797916412354,7,0.7,1,10,10
IAEA_plus_5,5,91,phrase,zh,中子测量电流,18,18399,13,5,0.664697527885437,0.6631498535474142,0.6563639521598816,0.664697527885437,0,0.0,0,10,10
IAEA_plus_5,5,91,phrase,en,neutron measurement current,18,18399,13,5,0.7035508155822754,0.6991282900174459,0.6767610549926758,0.7035508155822754,4,0.4,3,10,10
IAEA_plus_5,5,92,core_term,zh,中子,18,21383,13,5,0.5600153803825378,0.5556639432907104,0.5494964480400085,0.5600153803825378,0,0.0,0,10,10
IAEA_plus_5,5,92,core_term,en,neutron,18,21383,13,5,0.6899797916412354,0.6767170627911886,0.6589956402778625,0.6899797916412354,10,1.0,1,10,10
IAEA_plus_5,5,92,phrase,zh,中子测量电流,18,21383,13,5,0.5922446846961975,0.5891667803128561,0.5861084520816803,0.5922446846961975,0,0.0,0,10,10
IAEA_plus_5,5,92,phrase,en,neutron measurement current,18,21383,13,5,0.6957577466964722,0.6816319227218628,0.6601194024085999,0.6957577466964722,10,1.0,1,10,10
IAEA_plus_5,5,93,core_term,zh,中子,18,20120,13,5,0.5201177000999451,0.5182703733444214,0.5108783543109894,0.5201177000999451,9,0.9,1,10,10
IAEA_plus_5,5,93,core_term,en,neutron,18,20120,13,5,0.6899797916412354,0.6767170627911886,0.6589956402778625,0.6899797916412354,10,1.0,1,10,10
IAEA_plus_5,5,93,phrase,zh,中子测量电流,18,20120,13,5,0.5488024353981018,0.5474654833475748,0.5428763806819916,0.5488024353981018,7,0.7,1,10,10
IAEA_plus_5,5,93,phrase,en,neutron measurement current,18,20120,13,5,0.6957577466964722,0.6816319227218628,0.6601194024085999,0.6957577466964722,10,1.0,1,10,10
IAEA_plus_5,5,94,core_term,zh,中子,18,18451,13,5,0.5201177000999451,0.5182703733444214,0.5105352640151978,0.5201177000999451,10,1.0,1,10,10
IAEA_plus_5,5,94,core_term,en,neutron,18,18451,13,5,0.6899797916412354,0.6767170627911886,0.6589956402778625,0.6899797916412354,10,1.0,1,10,10
IAEA_plus_5,5,94,phrase,zh,中子测量电流,18,18451,13,5,0.5488024353981018,0.5465351541837057,0.5417552173137665,0.5488024353981018,10,1.0,1,10,10
IAEA_plus_5,5,94,phrase,en,neutron measurement current,18,18451,13,5,0.6957577466964722,0.6816319227218628,0.6601194024085999,0.6957577466964722,10,1.0,1,10,10
IAEA_plus_5,5,95,core_term,zh,中子,18,16824,13,5,0.6089305877685547,0.6050087412198385,0.5475640237331391,0.6089305877685547,6,0.6,5,10,10
IAEA_plus_5,5,95,core_term,en,neutron,18,16824,13,5,0.6899797916412354,0.6767170627911886,0.6612394988536835,0.6899797916412354,7,0.7,1,10,10
IAEA_plus_5,5,95,phrase,zh,中子测量电流,18,16824,13,5,0.6693858504295349,0.6599276463190714,0.5870196104049683,0.6693858504295349,6,0.6,5,10,10
IAEA_plus_5,5,95,phrase,en,neutron measurement current,18,16824,13,5,0.7035508155822754,0.6991282900174459,0.6767319321632386,0.7035508155822754,5,0.5,3,10,10
IAEA_plus_5,5,96,core_term,zh,中子,18,17633,13,5,0.5600153803825378,0.5529676278432211,0.5453355967998504,0.5600153803825378,0,0.0,0,10,10
IAEA_plus_5,5,96,core_term,en,neutron,18,17633,13,5,0.6899797916412354,0.6767170627911886,0.6589956402778625,0.6899797916412354,10,1.0,1,10,10
IAEA_plus_5,5,96,phrase,zh,中子测量电流,18,17633,13,5,0.5922446846961975,0.5874267021814982,0.580991530418396,0.5922446846961975,0,0.0,0,10,10
IAEA_plus_5,5,96,phrase,en,neutron measurement current,18,17633,13,5,0.6957577466964722,0.6816319227218628,0.6605868697166443,0.6957577466964722,9,0.9,1,10,10
IAEA_plus_5,5,97,core_term,zh,中子,18,18955,13,5,0.6103138327598572,0.6073058644930521,0.6030639231204986,0.6103138327598572,0,0.0,0,10,10
IAEA_plus_5,5,97,core_term,en,neutron,18,18955,13,5,0.6899797916412354,0.6767170627911886,0.6589956402778625,0.6899797916412354,10,1.0,1,10,10
IAEA_plus_5,5,97,phrase,zh,中子测量电流,18,18955,13,5,0.664697527885437,0.6631498535474142,0.6563639521598816,0.664697527885437,0,0.0,0,10,10
IAEA_plus_5,5,97,phrase,en,neutron measurement current,18,18955,13,5,0.6957577466964722,0.6816319227218628,0.6601194024085999,0.6957577466964722,10,1.0,1,10,10
IAEA_plus_5,5,98,core_term,zh,中子,18,22178,13,5,0.6103138327598572,0.6073058644930521,0.6030639231204986,0.6103138327598572,0,0.0,0,10,10
IAEA_plus_5,5,98,core_term,en,neutron,18,22178,13,5,0.6899797916412354,0.6767170627911886,0.6589956402778625,0.6899797916412354,10,1.0,1,10,10
IAEA_plus_5,5,98,phrase,zh,中子测量电流,18,22178,13,5,0.664697527885437,0.6631498535474142,0.6563639521598816,0.664697527885437,0,0.0,0,10,10
IAEA_plus_5,5,98,phrase,en,neutron measurement current,18,22178,13,5,0.6957577466964722,0.6816319227218628,0.6601194024085999,0.6957577466964722,10,1.0,1,10,10
IAEA_plus_5,5,99,core_term,zh,中子,18,23767,13,5,0.5843064188957214,0.5828381180763245,0.5800861120223999,0.5843064188957214,0,0.0,0,10,10
IAEA_plus_5,5,99,core_term,en,neutron,18,23767,13,5,0.6899797916412354,0.6767170627911886,0.6608629584312439,0.6899797916412354,9,0.9,1,10,10
IAEA_plus_5,5,99,phrase,zh,中子测量电流,18,23767,13,5,0.6185203194618225,0.6168049176534017,0.6148931562900544,0.6185203194618225,0,0.0,0,10,10
IAEA_plus_5,5,99,phrase,en,neutron measurement current,18,23767,13,5,0.6957577466964722,0.6816319227218628,0.6601194024085999,0.6957577466964722,10,1.0,1,10,10
IAEA_plus_10,10,0,core_term,zh,中子,23,18696,13,10,0.5451275706291199,0.5426600575447083,0.5359465181827545,0.5451275706291199,0,0.0,0,10,10
IAEA_plus_10,10,0,core_term,en,neutron,23,18696,13,10,0.6899797916412354,0.6767170627911886,0.6621435642242431,0.6899797916412354,6,0.6,1,10,10
IAEA_plus_10,10,0,phrase,zh,中子测量电流,23,18696,13,10,0.5816718339920044,0.5758528312047323,0.5729238510131835,0.5816718339920044,0,0.0,0,10,10
IAEA_plus_10,10,0,phrase,en,neutron measurement current,23,18696,13,10,0.6957577466964722,0.6816319227218628,0.6602667510509491,0.6957577466964722,9,0.9,1,10,10
IAEA_plus_10,10,1,core_term,zh,中子,23,21286,13,10,0.5563935041427612,0.5481297969818115,0.5421045422554016,0.5563935041427612,0,0.0,0,10,10
IAEA_plus_10,10,1,core_term,en,neutron,23,21286,13,10,0.6899797916412354,0.6767170627911886,0.6589956402778625,0.6899797916412354,10,1.0,1,10,10
IAEA_plus_10,10,1,phrase,zh,中子测量电流,23,21286,13,10,0.59007328748703,0.5887787938117981,0.5856851041316986,0.59007328748703,0,0.0,0,10,10
IAEA_plus_10,10,1,phrase,en,neutron measurement current,23,21286,13,10,0.6957577466964722,0.6816319227218628,0.6601194024085999,0.6957577466964722,10,1.0,1,10,10
IAEA_plus_10,10,2,core_term,zh,中子,23,18847,13,10,0.6228203177452087,0.6219706535339355,0.61971395611763,0.6228203177452087,0,0.0,0,10,10
IAEA_plus_10,10,2,core_term,en,neutron,23,18847,13,10,0.6899797916412354,0.6767170627911886,0.6612394988536835,0.6899797916412354,7,0.7,1,10,10
IAEA_plus_10,10,2,phrase,zh,中子测量电流,23,18847,13,10,0.674386739730835,0.6738664507865906,0.6701100587844848,0.674386739730835,0,0.0,0,10,10
IAEA_plus_10,10,2,phrase,en,neutron measurement current,23,18847,13,10,0.7035508155822754,0.6991282900174459,0.6767319321632386,0.7035508155822754,5,0.5,3,10,10
IAEA_plus_10,10,3,core_term,zh,中子,23,19815,13,10,0.5563935041427612,0.5482825438181559,0.5421478748321533,0.5563935041427612,0,0.0,0,10,10
IAEA_plus_10,10,3,core_term,en,neutron,23,19815,13,10,0.6899797916412354,0.6767170627911886,0.6589956402778625,0.6899797916412354,10,1.0,1,10,10
IAEA_plus_10,10,3,phrase,zh,中子测量电流,23,19815,13,10,0.589178740978241,0.58561772108078,0.5823870301246643,0.589178740978241,0,0.0,0,10,10
IAEA_plus_10,10,3,phrase,en,neutron measurement current,23,19815,13,10,0.6957577466964722,0.6816319227218628,0.6616231620311737,0.6957577466964722,9,0.9,1,10,10
IAEA_plus_10,10,4,core_term,zh,中子,23,22841,13,10,0.6376688480377197,0.6259249647458395,0.6175918519496918,0.6376688480377197,0,0.0,0,10,10
IAEA_plus_10,10,4,core_term,en,neutron,23,22841,13,10,0.6899797916412354,0.6767170627911886,0.6589956402778625,0.6899797916412354,10,1.0,1,10,10
IAEA_plus_10,10,4,phrase,zh,中子测量电流,23,22841,13,10,0.6772618889808655,0.6698199510574341,0.6651476860046387,0.6772618889808655,0,0.0,0,10,10
IAEA_plus_10,10,4,phrase,en,neutron measurement current,23,22841,13,10,0.6957577466964722,0.6816319227218628,0.6601194024085999,0.6957577466964722,10,1.0,1,10,10
IAEA_plus_10,10,5,core_term,zh,中子,23,26905,13,10,0.6089305877685547,0.6050087412198385,0.5687351047992706,0.6089305877685547,0,0.0,0,10,10
IAEA_plus_10,10,5,core_term,en,neutron,23,26905,13,10,0.6899797916412354,0.6767170627911886,0.6589956402778625,0.6899797916412354,10,1.0,1,10,10
IAEA_plus_10,10,5,phrase,zh,中子测量电流,23,26905,13,10,0.6693858504295349,0.6599276463190714,0.6125651001930237,0.6693858504295349,0,0.0,0,10,10
IAEA_plus_10,10,5,phrase,en,neutron measurement current,23,26905,13,10,0.6957577466964722,0.6816319227218628,0.6601194024085999,0.6957577466964722,10,1.0,1,10,10
IAEA_plus_10,10,6,core_term,zh,中子,23,25385,13,10,0.6228203177452087,0.6219706535339355,0.61971395611763,0.6228203177452087,0,0.0,0,10,10
IAEA_plus_10,10,6,core_term,en,neutron,23,25385,13,10,0.6899797916412354,0.6767170627911886,0.6635451257228852,0.6899797916412354,5,0.5,1,10,10
IAEA_plus_10,10,6,phrase,zh,中子测量电流,23,25385,13,10,0.674386739730835,0.6738664507865906,0.6699054360389709,0.674386739730835,0,0.0,0,10,10
IAEA_plus_10,10,6,phrase,en,neutron measurement current,23,25385,13,10,0.6957577466964722,0.6816319227218628,0.6602667510509491,0.6957577466964722,9,0.9,1,10,10
IAEA_plus_10,10,7,core_term,zh,中子,23,30065,13,10,0.6228203177452087,0.6219706535339355,0.61971395611763,0.6228203177452087,0,0.0,0,10,10
IAEA_plus_10,10,7,core_term,en,neutron,23,30065,13,10,0.6899797916412354,0.6767170627911886,0.6607562005519867,0.6899797916412354,8,0.8,1,10,10
IAEA_plus_10,10,7,phrase,zh,中子测量电流,23,30065,13,10,0.674386739730835,0.6738664507865906,0.6699054360389709,0.674386739730835,0,0.0,0,10,10
IAEA_plus_10,10,7,phrase,en,neutron measurement current,23,30065,13,10,0.6957577466964722,0.6816319227218628,0.6612965226173401,0.6957577466964722,9,0.9,1,10,10
IAEA_plus_10,10,8,core_term,zh,中子,23,22822,13,10,0.6228203177452087,0.6219706535339355,0.61971395611763,0.6228203177452087,0,0.0,0,10,10
IAEA_plus_10,10,8,core_term,en,neutron,23,22822,13,10,0.6899797916412354,0.6767170627911886,0.6589956402778625,0.6899797916412354,10,1.0,1,10,10
IAEA_plus_10,10,8,phrase,zh,中子测量电流,23,22822,13,10,0.674386739730835,0.6738664507865906,0.6699054360389709,0.674386739730835,0,0.0,0,10,10
IAEA_plus_10,10,8,phrase,en,neutron measurement current,23,22822,13,10,0.6957577466964722,0.6816319227218628,0.6601194024085999,0.6957577466964722,10,1.0,1,10,10
IAEA_plus_10,10,9,core_term,zh,中子,23,27609,13,10,0.6376688480377197,0.6259249647458395,0.6175918519496918,0.6376688480377197,0,0.0,0,10,10
IAEA_plus_10,10,9,core_term,en,neutron,23,27609,13,10,0.6899797916412354,0.6767170627911886,0.6626322746276856,0.6899797916412354,6,0.6,1,10,10
IAEA_plus_10,10,9,phrase,zh,中子测量电流,23,27609,13,10,0.6772618889808655,0.6698199510574341,0.6655229806900025,0.6772618889808655,0,0.0,0,10,10
IAEA_plus_10,10,9,phrase,en,neutron measurement current,23,27609,13,10,0.7035508155822754,0.6991282900174459,0.6767319321632386,0.7035508155822754,5,0.5,3,10,10
IAEA_plus_10,10,10,core_term,zh,中子,23,29147,13,10,0.6089305877685547,0.6050087412198385,0.560040545463562,0.6089305877685547,0,0.0,0,10,10
IAEA_plus_10,10,10,core_term,en,neutron,23,29147,13,10,0.6899797916412354,0.6767170627911886,0.6640338361263275,0.6899797916412354,5,0.5,1,10,10
IAEA_plus_10,10,10,phrase,zh,中子测量电流,23,29147,13,10,0.6693858504295349,0.6599276463190714,0.6051685631275177,0.6693858504295349,0,0.0,0,10,10
IAEA_plus_10,10,10,phrase,en,neutron measurement current,23,29147,13,10,0.7035508155822754,0.6991282900174459,0.6767319321632386,0.7035508155822754,5,0.5,3,10,10
IAEA_plus_10,10,11,core_term,zh,中子,23,22096,13,10,0.5402318835258484,0.5396339297294617,0.536032521724701,0.5402318835258484,0,0.0,0,10,10
IAEA_plus_10,10,11,core_term,en,neutron,23,22096,13,10,0.6899797916412354,0.6767170627911886,0.6591778516769409,0.6899797916412354,9,0.9,1,10,10
IAEA_plus_10,10,11,phrase,zh,中子测量电流,23,22096,13,10,0.59007328748703,0.5880124568939209,0.584699934720993,0.59007328748703,0,0.0,0,10,10
IAEA_plus_10,10,11,phrase,en,neutron measurement current,23,22096,13,10,0.6957577466964722,0.6816319227218628,0.6617294371128082,0.6957577466964722,8,0.8,1,10,10
IAEA_plus_10,10,12,core_term,zh,中子,23,20248,13,10,0.6103138327598572,0.6073058644930521,0.6030639231204986,0.6103138327598572,0,0.0,0,10,10
IAEA_plus_10,10,12,core_term,en,neutron,23,20248,13,10,0.6899797916412354,0.6767170627911886,0.6589956402778625,0.6899797916412354,10,1.0,1,10,10
IAEA_plus_10,10,12,phrase,zh,中子测量电流,23,20248,13,10,0.664697527885437,0.6631498535474142,0.6563639521598816,0.664697527885437,0,0.0,0,10,10
IAEA_plus_10,10,12,phrase,en,neutron measurement current,23,20248,13,10,0.6957577466964722,0.6816319227218628,0.6616231620311737,0.6957577466964722,9,0.9,1,10,10
IAEA_plus_10,10,13,core_term,zh,中子,23,28738,13,10,0.6103138327598572,0.6073058644930521,0.6030639231204986,0.6103138327598572,0,0.0,0,10,10
IAEA_plus_10,10,13,core_term,en,neutron,23,28738,13,10,0.6899797916412354,0.6767170627911886,0.6606558859348297,0.6899797916412354,9,0.9,1,10,10
IAEA_plus_10,10,13,phrase,zh,中子测量电流,23,28738,13,10,0.664697527885437,0.6631498535474142,0.6563639521598816,0.664697527885437,0,0.0,0,10,10
IAEA_plus_10,10,13,phrase,en,neutron measurement current,23,28738,13,10,0.6957577466964722,0.6816319227218628,0.6616231620311737,0.6957577466964722,9,0.9,1,10,10
IAEA_plus_10,10,14,core_term,zh,中子,23,23818,13,10,0.6376688480377197,0.6259249647458395,0.6175918519496918,0.6376688480377197,0,0.0,0,10,10
IAEA_plus_10,10,14,core_term,en,neutron,23,23818,13,10,0.6899797916412354,0.6767170627911886,0.6621435642242431,0.6899797916412354,6,0.6,1,10,10
IAEA_plus_10,10,14,phrase,zh,中子测量电流,23,23818,13,10,0.6772618889808655,0.6698199510574341,0.6655229806900025,0.6772618889808655,0,0.0,0,10,10
IAEA_plus_10,10,14,phrase,en,neutron measurement current,23,23818,13,10,0.6957577466964722,0.6816319227218628,0.6602667510509491,0.6957577466964722,9,0.9,1,10,10
IAEA_plus_10,10,15,core_term,zh,中子,23,22976,13,10,0.6103138327598572,0.6073058644930521,0.6030639231204986,0.6103138327598572,0,0.0,0,10,10
IAEA_plus_10,10,15,core_term,en,neutron,23,22976,13,10,0.6899797916412354,0.6767170627911886,0.6591778516769409,0.6899797916412354,9,0.9,1,10,10
IAEA_plus_10,10,15,phrase,zh,中子测量电流,23,22976,13,10,0.664697527885437,0.6631498535474142,0.6563639521598816,0.664697527885437,0,0.0,0,10,10
IAEA_plus_10,10,15,phrase,en,neutron measurement current,23,22976,13,10,0.6957577466964722,0.6816319227218628,0.6612965226173401,0.6957577466964722,9,0.9,1,10,10
IAEA_plus_10,10,16,core_term,zh,中子,23,26874,13,10,0.6376688480377197,0.6259249647458395,0.6175918519496918,0.6376688480377197,0,0.0,0,10,10
IAEA_plus_10,10,16,core_term,en,neutron,23,26874,13,10,0.6899797916412354,0.6767170627911886,0.6626322746276856,0.6899797916412354,6,0.6,1,10,10
IAEA_plus_10,10,16,phrase,zh,中子测量电流,23,26874,13,10,0.6772618889808655,0.6698199510574341,0.6651476860046387,0.6772618889808655,0,0.0,0,10,10
IAEA_plus_10,10,16,phrase,en,neutron measurement current,23,26874,13,10,0.7035508155822754,0.6991282900174459,0.6767319321632386,0.7035508155822754,5,0.5,3,10,10
IAEA_plus_10,10,17,core_term,zh,中子,23,22341,13,10,0.6376688480377197,0.6259249647458395,0.6175918519496918,0.6376688480377197,0,0.0,0,10,10
IAEA_plus_10,10,17,core_term,en,neutron,23,22341,13,10,0.6899797916412354,0.6767170627911886,0.6612394988536835,0.6899797916412354,7,0.7,1,10,10
IAEA_plus_10,10,17,phrase,zh,中子测量电流,23,22341,13,10,0.6772618889808655,0.6698199510574341,0.6651476860046387,0.6772618889808655,0,0.0,0,10,10
IAEA_plus_10,10,17,phrase,en,neutron measurement current,23,22341,13,10,0.7035508155822754,0.6991282900174459,0.6767319321632386,0.7035508155822754,5,0.5,3,10,10
IAEA_plus_10,10,18,core_term,zh,中子,23,25557,13,10,0.6089305877685547,0.6050087412198385,0.565519106388092,0.6089305877685547,0,0.0,0,10,10
IAEA_plus_10,10,18,core_term,en,neutron,23,25557,13,10,0.6899797916412354,0.6767170627911886,0.6630278110504151,0.6899797916412354,5,0.5,1,10,10
IAEA_plus_10,10,18,phrase,zh,中子测量电流,23,25557,13,10,0.6693858504295349,0.6599276463190714,0.6128439843654633,0.6693858504295349,0,0.0,0,10,10
IAEA_plus_10,10,18,phrase,en,neutron measurement current,23,25557,13,10,0.7035508155822754,0.6991282900174459,0.6767319321632386,0.7035508155822754,5,0.5,3,10,10
IAEA_plus_10,10,19,core_term,zh,中子,23,26740,13,10,0.6376688480377197,0.6259249647458395,0.6175918519496918,0.6376688480377197,0,0.0,0,10,10
IAEA_plus_10,10,19,core_term,en,neutron,23,26740,13,10,0.6899797916412354,0.6767170627911886,0.6621435642242431,0.6899797916412354,6,0.6,1,10,10
IAEA_plus_10,10,19,phrase,zh,中子测量电流,23,26740,13,10,0.6772618889808655,0.6712039709091187,0.6662477493286133,0.6772618889808655,0,0.0,0,10,10
IAEA_plus_10,10,19,phrase,en,neutron measurement current,23,26740,13,10,0.6957577466964722,0.6816319227218628,0.6602667510509491,0.6957577466964722,9,0.9,1,10,10
IAEA_plus_10,10,20,core_term,zh,中子,23,20757,13,10,0.5600153803825378,0.5559958418210348,0.5493966162204742,0.5600153803825378,0,0.0,0,10,10
IAEA_plus_10,10,20,core_term,en,neutron,23,20757,13,10,0.6899797916412354,0.6767170627911886,0.6612394988536835,0.6899797916412354,7,0.7,1,10,10
IAEA_plus_10,10,20,phrase,zh,中子测量电流,23,20757,13,10,0.5922446846961975,0.5891595482826233,0.5860466122627258,0.5922446846961975,0,0.0,0,10,10
IAEA_plus_10,10,20,phrase,en,neutron measurement current,23,20757,13,10,0.7035508155822754,0.6991282900174459,0.6767610549926758,0.7035508155822754,4,0.4,3,10,10
IAEA_plus_10,10,21,core_term,zh,中子,23,25267,13,10,0.5563935041427612,0.553406834602356,0.5480543673038483,0.5563935041427612,0,0.0,0,10,10
IAEA_plus_10,10,21,core_term,en,neutron,23,25267,13,10,0.6899797916412354,0.6767170627911886,0.6608629584312439,0.6899797916412354,9,0.9,1,10,10
IAEA_plus_10,10,21,phrase,zh,中子测量电流,23,25267,13,10,0.589178740978241,0.5862020055452982,0.583029317855835,0.589178740978241,0,0.0,0,10,10
IAEA_plus_10,10,21,phrase,en,neutron measurement current,23,25267,13,10,0.6957577466964722,0.6816319227218628,0.6601194024085999,0.6957577466964722,10,1.0,1,10,10
IAEA_plus_10,10,22,core_term,zh,中子,23,23199,13,10,0.6228203177452087,0.6219706535339355,0.61971395611763,0.6228203177452087,0,0.0,0,10,10
IAEA_plus_10,10,22,core_term,en,neutron,23,23199,13,10,0.6899797916412354,0.6767170627911886,0.6589956402778625,0.6899797916412354,10,1.0,1,10,10
IAEA_plus_10,10,22,phrase,zh,中子测量电流,23,23199,13,10,0.674386739730835,0.6738664507865906,0.6699054360389709,0.674386739730835,0,0.0,0,10,10
IAEA_plus_10,10,22,phrase,en,neutron measurement current,23,23199,13,10,0.6957577466964722,0.6816319227218628,0.6601194024085999,0.6957577466964722,10,1.0,1,10,10
IAEA_plus_10,10,23,core_term,zh,中子,23,25199,13,10,0.5843064188957214,0.5828381180763245,0.5800861120223999,0.5843064188957214,0,0.0,0,10,10
IAEA_plus_10,10,23,core_term,en,neutron,23,25199,13,10,0.6899797916412354,0.6767170627911886,0.6609632730484009,0.6899797916412354,8,0.8,1,10,10
IAEA_plus_10,10,23,phrase,zh,中子测量电流,23,25199,13,10,0.6185203194618225,0.6168049176534017,0.6148931562900544,0.6185203194618225,0,0.0,0,10,10
IAEA_plus_10,10,23,phrase,en,neutron measurement current,23,25199,13,10,0.6957577466964722,0.6816319227218628,0.6612965226173401,0.6957577466964722,9,0.9,1,10,10
IAEA_plus_10,10,24,core_term,zh,中子,23,25362,13,10,0.6116806268692017,0.6109298268953959,0.6096568167209625,0.6116806268692017,0,0.0,0,10,10
IAEA_plus_10,10,24,core_term,en,neutron,23,25362,13,10,0.6899797916412354,0.6775538325309753,0.6626602947711945,0.6899797916412354,6,0.6,1,10,10
IAEA_plus_10,10,24,phrase,zh,中子测量电流,23,25362,13,10,0.6652456521987915,0.6637954115867615,0.6617978990077973,0.6652456521987915,0,0.0,0,10,10
IAEA_plus_10,10,24,phrase,en,neutron measurement current,23,25362,13,10,0.6957577466964722,0.6816319227218628,0.6635795295238495,0.6957577466964722,7,0.7,1,10,10
IAEA_plus_10,10,25,core_term,zh,中子,23,24530,13,10,0.5563935041427612,0.553406834602356,0.5480543673038483,0.5563935041427612,0,0.0,0,10,10
IAEA_plus_10,10,25,core_term,en,neutron,23,24530,13,10,0.6899797916412354,0.6767170627911886,0.6589956402778625,0.6899797916412354,10,1.0,1,10,10
IAEA_plus_10,10,25,phrase,zh,中子测量电流,23,24530,13,10,0.589178740978241,0.5862020055452982,0.5828541338443756,0.589178740978241,0,0.0,0,10,10
IAEA_plus_10,10,25,phrase,en,neutron measurement current,23,24530,13,10,0.6957577466964722,0.6816319227218628,0.6601194083690644,0.6957577466964722,10,1.0,1,10,10
IAEA_plus_10,10,26,core_term,zh,中子,23,26755,13,10,0.6116806268692017,0.6109298268953959,0.6098556876182556,0.6116806268692017,0,0.0,0,10,10
IAEA_plus_10,10,26,core_term,en,neutron,23,26755,13,10,0.6899797916412354,0.6775538325309753,0.6626602947711945,0.6899797916412354,6,0.6,1,10,10
IAEA_plus_10,10,26,phrase,zh,中子测量电流,23,26755,13,10,0.6652456521987915,0.6644489566485087,0.6627322137355804,0.6652456521987915,0,0.0,0,10,10
IAEA_plus_10,10,26,phrase,en,neutron measurement current,23,26755,13,10,0.6957577466964722,0.6816319227218628,0.6620904743671417,0.6957577466964722,8,0.8,1,10,10
IAEA_plus_10,10,27,core_term,zh,中子,23,23518,13,10,0.6228203177452087,0.6219706535339355,0.61971395611763,0.6228203177452087,0,0.0,0,10,10
IAEA_plus_10,10,27,core_term,en,neutron,23,23518,13,10,0.6899797916412354,0.6767170627911886,0.6589956402778625,0.6899797916412354,10,1.0,1,10,10
IAEA_plus_10,10,27,phrase,zh,中子测量电流,23,23518,13,10,0.674386739730835,0.6738664507865906,0.6699054360389709,0.674386739730835,0,0.0,0,10,10
IAEA_plus_10,10,27,phrase,en,neutron measurement current,23,23518,13,10,0.6957577466964722,0.6816319227218628,0.6601194024085999,0.6957577466964722,10,1.0,1,10,10
IAEA_plus_10,10,28,core_term,zh,中子,23,23829,13,10,0.6376688480377197,0.6259249647458395,0.6175918519496918,0.6376688480377197,0,0.0,0,10,10
IAEA_plus_10,10,28,core_term,en,neutron,23,23829,13,10,0.6899797916412354,0.6767170627911886,0.6589956402778625,0.6899797916412354,10,1.0,1,10,10
IAEA_plus_10,10,28,phrase,zh,中子测量电流,23,23829,13,10,0.6772618889808655,0.6712039709091187,0.6662477493286133,0.6772618889808655,0,0.0,0,10,10
IAEA_plus_10,10,28,phrase,en,neutron measurement current,23,23829,13,10,0.6957577466964722,0.6816319227218628,0.6601194024085999,0.6957577466964722,10,1.0,1,10,10
IAEA_plus_10,10,29,core_term,zh,中子,23,20078,13,10,0.6376688480377197,0.6259249647458395,0.6175918519496918,0.6376688480377197,0,0.0,0,10,10
IAEA_plus_10,10,29,core_term,en,neutron,23,20078,13,10,0.6899797916412354,0.6767170627911886,0.6591778516769409,0.6899797916412354,9,0.9,1,10,10
IAEA_plus_10,10,29,phrase,zh,中子测量电流,23,20078,13,10,0.6772618889808655,0.6698199510574341,0.6651476860046387,0.6772618889808655,0,0.0,0,10,10
IAEA_plus_10,10,29,phrase,en,neutron measurement current,23,20078,13,10,0.6957577466964722,0.6816319227218628,0.6612965226173401,0.6957577466964722,9,0.9,1,10,10
IAEA_plus_10,10,30,core_term,zh,中子,23,27377,13,10,0.5843064188957214,0.5828381180763245,0.5800861120223999,0.5843064188957214,0,0.0,0,10,10
IAEA_plus_10,10,30,core_term,en,neutron,23,27377,13,10,0.6899797916412354,0.6767170627911886,0.6589956402778625,0.6899797916412354,10,1.0,1,10,10
IAEA_plus_10,10,30,phrase,zh,中子测量电流,23,27377,13,10,0.6185203194618225,0.6168049176534017,0.6148931562900544,0.6185203194618225,0,0.0,0,10,10
IAEA_plus_10,10,30,phrase,en,neutron measurement current,23,27377,13,10,0.6957577466964722,0.6816319227218628,0.6616231620311737,0.6957577466964722,9,0.9,1,10,10
IAEA_plus_10,10,31,core_term,zh,中子,23,29327,13,10,0.6116806268692017,0.6109298268953959,0.6096568167209625,0.6116806268692017,0,0.0,0,10,10
IAEA_plus_10,10,31,core_term,en,neutron,23,29327,13,10,0.6899797916412354,0.6775538325309753,0.6626602947711945,0.6899797916412354,6,0.6,1,10,10
IAEA_plus_10,10,31,phrase,zh,中子测量电流,23,29327,13,10,0.6652456521987915,0.6637954115867615,0.6617978990077973,0.6652456521987915,0,0.0,0,10,10
IAEA_plus_10,10,31,phrase,en,neutron measurement current,23,29327,13,10,0.6957577466964722,0.6816319227218628,0.6620904743671417,0.6957577466964722,8,0.8,1,10,10
IAEA_plus_10,10,32,core_term,zh,中子,23,27685,13,10,0.6376688480377197,0.6259249647458395,0.6175918519496918,0.6376688480377197,0,0.0,0,10,10
IAEA_plus_10,10,32,core_term,en,neutron,23,27685,13,10,0.6899797916412354,0.6767170627911886,0.6646835565567016,0.6899797916412354,5,0.5,1,10,10
IAEA_plus_10,10,32,phrase,zh,中子测量电流,23,27685,13,10,0.6772618889808655,0.6698199510574341,0.6651476860046387,0.6772618889808655,0,0.0,0,10,10
IAEA_plus_10,10,32,phrase,en,neutron measurement current,23,27685,13,10,0.6957577466964722,0.6816319227218628,0.6606996655464172,0.6957577466964722,8,0.8,1,10,10
IAEA_plus_10,10,33,core_term,zh,中子,23,24740,13,10,0.5389195084571838,0.5352636377016703,0.5309778928756714,0.5389195084571838,0,0.0,0,10,10
IAEA_plus_10,10,33,core_term,en,neutron,23,24740,13,10,0.6899797916412354,0.6767170627911886,0.6630278110504151,0.6899797916412354,5,0.5,1,10,10
IAEA_plus_10,10,33,phrase,zh,中子测量电流,23,24740,13,10,0.59007328748703,0.5880124568939209,0.584699934720993,0.59007328748703,0,0.0,0,10,10
IAEA_plus_10,10,33,phrase,en,neutron measurement current,23,24740,13,10,0.7035508155822754,0.6991282900174459,0.6767610609531403,0.7035508155822754,4,0.4,3,10,10
IAEA_plus_10,10,34,core_term,zh,中子,23,25257,13,10,0.6376688480377197,0.6259249647458395,0.6175918519496918,0.6376688480377197,0,0.0,0,10,10
IAEA_plus_10,10,34,core_term,en,neutron,23,25257,13,10,0.6899797916412354,0.6767170627911886,0.6607562005519867,0.6899797916412354,8,0.8,1,10,10
IAEA_plus_10,10,34,phrase,zh,中子测量电流,23,25257,13,10,0.6772618889808655,0.6698199510574341,0.6651476860046387,0.6772618889808655,0,0.0,0,10,10
IAEA_plus_10,10,34,phrase,en,neutron measurement current,23,25257,13,10,0.6957577466964722,0.6816319227218628,0.6612965226173401,0.6957577466964722,9,0.9,1,10,10
IAEA_plus_10,10,35,core_term,zh,中子,23,26182,13,10,0.6103138327598572,0.6073058644930521,0.6030639231204986,0.6103138327598572,0,0.0,0,10,10
IAEA_plus_10,10,35,core_term,en,neutron,23,26182,13,10,0.6899797916412354,0.6767170627911886,0.6589956402778625,0.6899797916412354,10,1.0,1,10,10
IAEA_plus_10,10,35,phrase,zh,中子测量电流,23,26182,13,10,0.664697527885437,0.6631498535474142,0.6563639521598816,0.664697527885437,0,0.0,0,10,10
IAEA_plus_10,10,35,phrase,en,neutron measurement current,23,26182,13,10,0.6957577466964722,0.6816319227218628,0.6616231620311737,0.6957577466964722,9,0.9,1,10,10
IAEA_plus_10,10,36,core_term,zh,中子,23,25400,13,10,0.5600153803825378,0.5529676278432211,0.5450180292129516,0.5600153803825378,0,0.0,0,10,10
IAEA_plus_10,10,36,core_term,en,neutron,23,25400,13,10,0.6899797916412354,0.6767170627911886,0.6606558859348297,0.6899797916412354,9,0.9,1,10,10
IAEA_plus_10,10,36,phrase,zh,中子测量电流,23,25400,13,10,0.5922446846961975,0.5874267021814982,0.580991530418396,0.5922446846961975,0,0.0,0,10,10
IAEA_plus_10,10,36,phrase,en,neutron measurement current,23,25400,13,10,0.6957577466964722,0.6816319227218628,0.6601194024085999,0.6957577466964722,10,1.0,1,10,10
IAEA_plus_10,10,37,core_term,zh,中子,23,25472,13,10,0.6228203177452087,0.6219706535339355,0.61971395611763,0.6228203177452087,0,0.0,0,10,10
IAEA_plus_10,10,37,core_term,en,neutron,23,25472,13,10,0.6899797916412354,0.6767170627911886,0.6591778516769409,0.6899797916412354,9,0.9,1,10,10
IAEA_plus_10,10,37,phrase,zh,中子测量电流,23,25472,13,10,0.674386739730835,0.6738664507865906,0.6699054360389709,0.674386739730835,0,0.0,0,10,10
IAEA_plus_10,10,37,phrase,en,neutron measurement current,23,25472,13,10,0.6957577466964722,0.6816319227218628,0.6612965226173401,0.6957577466964722,9,0.9,1,10,10
IAEA_plus_10,10,38,core_term,zh,中子,23,31477,13,10,0.6116806268692017,0.6109298268953959,0.6096568167209625,0.6116806268692017,0,0.0,0,10,10
IAEA_plus_10,10,38,core_term,en,neutron,23,31477,13,10,0.6899797916412354,0.6775538325309753,0.6653629541397095,0.6899797916412354,5,0.5,1,10,10
IAEA_plus_10,10,38,phrase,zh,中子测量电流,23,31477,13,10,0.6652456521987915,0.6637954115867615,0.6617978990077973,0.6652456521987915,0,0.0,0,10,10
IAEA_plus_10,10,38,phrase,en,neutron measurement current,23,31477,13,10,0.6957577466964722,0.6816319227218628,0.662165778875351,0.6957577466964722,8,0.8,1,10,10
IAEA_plus_10,10,39,core_term,zh,中子,23,31514,13,10,0.5843064188957214,0.5828381180763245,0.5800861120223999,0.5843064188957214,0,0.0,0,10,10
IAEA_plus_10,10,39,core_term,en,neutron,23,31514,13,10,0.6899797916412354,0.6767170627911886,0.6591778516769409,0.6899797916412354,9,0.9,1,10,10
IAEA_plus_10,10,39,phrase,zh,中子测量电流,23,31514,13,10,0.6185203194618225,0.6168049176534017,0.6148931562900544,0.6185203194618225,0,0.0,0,10,10
IAEA_plus_10,10,39,phrase,en,neutron measurement current,23,31514,13,10,0.6957577466964722,0.6816319227218628,0.6617294371128082,0.6957577466964722,8,0.8,1,10,10
IAEA_plus_10,10,40,core_term,zh,中子,23,20572,13,10,0.6103138327598572,0.6073058644930521,0.6030639231204986,0.6103138327598572,0,0.0,0,10,10
IAEA_plus_10,10,40,core_term,en,neutron,23,20572,13,10,0.6899797916412354,0.6767170627911886,0.6591778516769409,0.6899797916412354,9,0.9,1,10,10
IAEA_plus_10,10,40,phrase,zh,中子测量电流,23,20572,13,10,0.664697527885437,0.6631498535474142,0.6563639521598816,0.664697527885437,0,0.0,0,10,10
IAEA_plus_10,10,40,phrase,en,neutron measurement current,23,20572,13,10,0.6957577466964722,0.6816319227218628,0.6612965226173401,0.6957577466964722,9,0.9,1,10,10
IAEA_plus_10,10,41,core_term,zh,中子,23,26779,13,10,0.5515786409378052,0.5461797714233398,0.5423608899116517,0.5515786409378052,0,0.0,0,10,10
IAEA_plus_10,10,41,core_term,en,neutron,23,26779,13,10,0.6899797916412354,0.6767170627911886,0.6608629584312439,0.6899797916412354,9,0.9,1,10,10
IAEA_plus_10,10,41,phrase,zh,中子测量电流,23,26779,13,10,0.5860552191734314,0.5855854550997416,0.5836730897426605,0.5860552191734314,0,0.0,0,10,10
IAEA_plus_10,10,41,phrase,en,neutron measurement current,23,26779,13,10,0.6957577466964722,0.6816319227218628,0.6601194024085999,0.6957577466964722,10,1.0,1,10,10
IAEA_plus_10,10,42,core_term,zh,中子,23,23062,13,10,0.6376688480377197,0.6259249647458395,0.6175918519496918,0.6376688480377197,0,0.0,0,10,10
IAEA_plus_10,10,42,core_term,en,neutron,23,23062,13,10,0.6899797916412354,0.6767170627911886,0.6612394988536835,0.6899797916412354,7,0.7,1,10,10
IAEA_plus_10,10,42,phrase,zh,中子测量电流,23,23062,13,10,0.6772618889808655,0.6698199510574341,0.6651476860046387,0.6772618889808655,0,0.0,0,10,10
IAEA_plus_10,10,42,phrase,en,neutron measurement current,23,23062,13,10,0.7035508155822754,0.6991282900174459,0.6767319321632386,0.7035508155822754,5,0.5,3,10,10
IAEA_plus_10,10,43,core_term,zh,中子,23,24756,13,10,0.6116806268692017,0.6109298268953959,0.6098556876182556,0.6116806268692017,0,0.0,0,10,10
IAEA_plus_10,10,43,core_term,en,neutron,23,24756,13,10,0.6899797916412354,0.6775538325309753,0.6626602947711945,0.6899797916412354,6,0.6,1,10,10
IAEA_plus_10,10,43,phrase,zh,中子测量电流,23,24756,13,10,0.6652456521987915,0.6644489566485087,0.6627322137355804,0.6652456521987915,0,0.0,0,10,10
IAEA_plus_10,10,43,phrase,en,neutron measurement current,23,24756,13,10,0.6957577466964722,0.6816319227218628,0.6646158218383789,0.6957577466964722,7,0.7,1,10,10
IAEA_plus_10,10,44,core_term,zh,中子,23,25165,13,10,0.5478966236114502,0.5469457308451334,0.5448077738285064,0.5478966236114502,0,0.0,0,10,10
IAEA_plus_10,10,44,core_term,en,neutron,23,25165,13,10,0.6899797916412354,0.6767170627911886,0.6589956402778625,0.6899797916412354,10,1.0,1,10,10
IAEA_plus_10,10,44,phrase,zh,中子测量电流,23,25165,13,10,0.59007328748703,0.5880124568939209,0.585772979259491,0.59007328748703,0,0.0,0,10,10
IAEA_plus_10,10,44,phrase,en,neutron measurement current,23,25165,13,10,0.6957577466964722,0.6816319227218628,0.6601194024085999,0.6957577466964722,10,1.0,1,10,10
IAEA_plus_10,10,45,core_term,zh,中子,23,25041,13,10,0.5843064188957214,0.5828381180763245,0.5800861120223999,0.5843064188957214,0,0.0,0,10,10
IAEA_plus_10,10,45,core_term,en,neutron,23,25041,13,10,0.6899797916412354,0.6767170627911886,0.6589956402778625,0.6899797916412354,10,1.0,1,10,10
IAEA_plus_10,10,45,phrase,zh,中子测量电流,23,25041,13,10,0.6185203194618225,0.6168049176534017,0.6148931562900544,0.6185203194618225,0,0.0,0,10,10
IAEA_plus_10,10,45,phrase,en,neutron measurement current,23,25041,13,10,0.6957577466964722,0.6816319227218628,0.6605868697166443,0.6957577466964722,9,0.9,1,10,10
IAEA_plus_10,10,46,core_term,zh,中子,23,22393,13,10,0.5843064188957214,0.5828381180763245,0.5800861120223999,0.5843064188957214,0,0.0,0,10,10
IAEA_plus_10,10,46,core_term,en,neutron,23,22393,13,10,0.6899797916412354,0.6767170627911886,0.6608629584312439,0.6899797916412354,9,0.9,1,10,10
IAEA_plus_10,10,46,phrase,zh,中子测量电流,23,22393,13,10,0.6185203194618225,0.6168049176534017,0.6148931562900544,0.6185203194618225,0,0.0,0,10,10
IAEA_plus_10,10,46,phrase,en,neutron measurement current,23,22393,13,10,0.6957577466964722,0.6816319227218628,0.6601194024085999,0.6957577466964722,10,1.0,1,10,10
IAEA_plus_10,10,47,core_term,zh,中子,23,22562,13,10,0.6116806268692017,0.6109298268953959,0.6096568167209625,0.6116806268692017,0,0.0,0,10,10
IAEA_plus_10,10,47,core_term,en,neutron,23,22562,13,10,0.6899797916412354,0.6775538325309753,0.6626602947711945,0.6899797916412354,6,0.6,1,10,10
IAEA_plus_10,10,47,phrase,zh,中子测量电流,23,22562,13,10,0.6652456521987915,0.6637954115867615,0.6617978990077973,0.6652456521987915,0,0.0,0,10,10
IAEA_plus_10,10,47,phrase,en,neutron measurement current,23,22562,13,10,0.6957577466964722,0.6816319227218628,0.6620904743671417,0.6957577466964722,8,0.8,1,10,10
IAEA_plus_10,10,48,core_term,zh,中子,23,20221,13,10,0.6089305877685547,0.6050087412198385,0.5687404751777649,0.6089305877685547,0,0.0,0,10,10
IAEA_plus_10,10,48,core_term,en,neutron,23,20221,13,10,0.6899797916412354,0.6767170627911886,0.6608629584312439,0.6899797916412354,9,0.9,1,10,10
IAEA_plus_10,10,48,phrase,zh,中子测量电流,23,20221,13,10,0.6693858504295349,0.6599276463190714,0.6113208651542663,0.6693858504295349,0,0.0,0,10,10
IAEA_plus_10,10,48,phrase,en,neutron measurement current,23,20221,13,10,0.6957577466964722,0.6816319227218628,0.6601194024085999,0.6957577466964722,10,1.0,1,10,10
IAEA_plus_10,10,49,core_term,zh,中子,23,24158,13,10,0.5843064188957214,0.5828381180763245,0.5800861120223999,0.5843064188957214,0,0.0,0,10,10
IAEA_plus_10,10,49,core_term,en,neutron,23,24158,13,10,0.6899797916412354,0.6767170627911886,0.6589956402778625,0.6899797916412354,10,1.0,1,10,10
IAEA_plus_10,10,49,phrase,zh,中子测量电流,23,24158,13,10,0.6185203194618225,0.6168049176534017,0.6148931562900544,0.6185203194618225,0,0.0,0,10,10
IAEA_plus_10,10,49,phrase,en,neutron measurement current,23,24158,13,10,0.6957577466964722,0.6816319227218628,0.6605868697166443,0.6957577466964722,9,0.9,1,10,10
IAEA_plus_10,10,50,core_term,zh,中子,23,27568,13,10,0.6103138327598572,0.6073058644930521,0.6030639231204986,0.6103138327598572,0,0.0,0,10,10
IAEA_plus_10,10,50,core_term,en,neutron,23,27568,13,10,0.6899797916412354,0.6767170627911886,0.6589956402778625,0.6899797916412354,10,1.0,1,10,10
IAEA_plus_10,10,50,phrase,zh,中子测量电流,23,27568,13,10,0.664697527885437,0.6631498535474142,0.6563639521598816,0.664697527885437,0,0.0,0,10,10
IAEA_plus_10,10,50,phrase,en,neutron measurement current,23,27568,13,10,0.6957577466964722,0.6816319227218628,0.6601194024085999,0.6957577466964722,10,1.0,1,10,10
IAEA_plus_10,10,51,core_term,zh,中子,23,18928,13,10,0.6089305877685547,0.6050087412198385,0.5687404751777649,0.6089305877685547,0,0.0,0,10,10
IAEA_plus_10,10,51,core_term,en,neutron,23,18928,13,10,0.6899797916412354,0.6767170627911886,0.6612394988536835,0.6899797916412354,7,0.7,1,10,10
IAEA_plus_10,10,51,phrase,zh,中子测量电流,23,18928,13,10,0.6693858504295349,0.6599276463190714,0.6113208651542663,0.6693858504295349,0,0.0,0,10,10
IAEA_plus_10,10,51,phrase,en,neutron measurement current,23,18928,13,10,0.7035508155822754,0.6991282900174459,0.6767319321632386,0.7035508155822754,5,0.5,3,10,10
IAEA_plus_10,10,52,core_term,zh,中子,23,17575,13,10,0.6103138327598572,0.6073058644930521,0.6030639231204986,0.6103138327598572,0,0.0,0,10,10
IAEA_plus_10,10,52,core_term,en,neutron,23,17575,13,10,0.6899797916412354,0.6767170627911886,0.6589956402778625,0.6899797916412354,10,1.0,1,10,10
IAEA_plus_10,10,52,phrase,zh,中子测量电流,23,17575,13,10,0.664697527885437,0.6631498535474142,0.6563639521598816,0.664697527885437,0,0.0,0,10,10
IAEA_plus_10,10,52,phrase,en,neutron measurement current,23,17575,13,10,0.6957577466964722,0.6816319227218628,0.6601194024085999,0.6957577466964722,10,1.0,1,10,10
IAEA_plus_10,10,53,core_term,zh,中子,23,28142,13,10,0.6228203177452087,0.6219706535339355,0.61971395611763,0.6228203177452087,0,0.0,0,10,10
IAEA_plus_10,10,53,core_term,en,neutron,23,28142,13,10,0.6899797916412354,0.6767170627911886,0.6591778516769409,0.6899797916412354,9,0.9,1,10,10
IAEA_plus_10,10,53,phrase,zh,中子测量电流,23,28142,13,10,0.674386739730835,0.6738664507865906,0.6701100587844848,0.674386739730835,0,0.0,0,10,10
IAEA_plus_10,10,53,phrase,en,neutron measurement current,23,28142,13,10,0.6957577466964722,0.6816319227218628,0.6612965226173401,0.6957577466964722,9,0.9,1,10,10
IAEA_plus_10,10,54,core_term,zh,中子,23,22454,13,10,0.6089305877685547,0.6050087412198385,0.5650645732879639,0.6089305877685547,0,0.0,0,10,10
IAEA_plus_10,10,54,core_term,en,neutron,23,22454,13,10,0.6899797916412354,0.6767170627911886,0.658995634317398,0.6899797916412354,10,1.0,1,10,10
IAEA_plus_10,10,54,phrase,zh,中子测量电流,23,22454,13,10,0.6693858504295349,0.6599276463190714,0.6193274438381196,0.6693858504295349,0,0.0,0,10,10
IAEA_plus_10,10,54,phrase,en,neutron measurement current,23,22454,13,10,0.6957577466964722,0.6816319227218628,0.6601194024085999,0.6957577466964722,10,1.0,1,10,10
IAEA_plus_10,10,55,core_term,zh,中子,23,26752,13,10,0.6228203177452087,0.6219706535339355,0.61971395611763,0.6228203177452087,0,0.0,0,10,10
IAEA_plus_10,10,55,core_term,en,neutron,23,26752,13,10,0.6899797916412354,0.6767170627911886,0.663338053226471,0.6899797916412354,5,0.5,1,10,10
IAEA_plus_10,10,55,phrase,zh,中子测量电流,23,26752,13,10,0.674386739730835,0.6738664507865906,0.6699054360389709,0.674386739730835,0,0.0,0,10,10
IAEA_plus_10,10,55,phrase,en,neutron measurement current,23,26752,13,10,0.6957577466964722,0.6816319227218628,0.6602667510509491,0.6957577466964722,9,0.9,1,10,10
IAEA_plus_10,10,56,core_term,zh,中子,23,21494,13,10,0.6228203177452087,0.6219706535339355,0.61971395611763,0.6228203177452087,0,0.0,0,10,10
IAEA_plus_10,10,56,core_term,en,neutron,23,21494,13,10,0.6899797916412354,0.6767170627911886,0.6589956402778625,0.6899797916412354,10,1.0,1,10,10
IAEA_plus_10,10,56,phrase,zh,中子测量电流,23,21494,13,10,0.674386739730835,0.6738664507865906,0.6701100587844848,0.674386739730835,0,0.0,0,10,10
IAEA_plus_10,10,56,phrase,en,neutron measurement current,23,21494,13,10,0.6957577466964722,0.6816319227218628,0.6616231620311737,0.6957577466964722,9,0.9,1,10,10
IAEA_plus_10,10,57,core_term,zh,中子,23,20873,13,10,0.5843064188957214,0.5828381180763245,0.5800861120223999,0.5843064188957214,0,0.0,0,10,10
IAEA_plus_10,10,57,core_term,en,neutron,23,20873,13,10,0.6899797916412354,0.6767170627911886,0.6591778516769409,0.6899797916412354,9,0.9,1,10,10
IAEA_plus_10,10,57,phrase,zh,中子测量电流,23,20873,13,10,0.6185203194618225,0.6168049176534017,0.6148931562900544,0.6185203194618225,0,0.0,0,10,10
IAEA_plus_10,10,57,phrase,en,neutron measurement current,23,20873,13,10,0.6957577466964722,0.6816319227218628,0.6627657294273377,0.6957577466964722,8,0.8,1,10,10
IAEA_plus_10,10,58,core_term,zh,中子,23,22532,13,10,0.6116806268692017,0.6109298268953959,0.6096568167209625,0.6116806268692017,0,0.0,0,10,10
IAEA_plus_10,10,58,core_term,en,neutron,23,22532,13,10,0.6899797916412354,0.6775538325309753,0.6626602947711945,0.6899797916412354,6,0.6,1,10,10
IAEA_plus_10,10,58,phrase,zh,中子测量电流,23,22532,13,10,0.6652456521987915,0.6637954115867615,0.6617978990077973,0.6652456521987915,0,0.0,0,10,10
IAEA_plus_10,10,58,phrase,en,neutron measurement current,23,22532,13,10,0.6957577466964722,0.6816319227218628,0.6648040533065795,0.6957577466964722,6,0.6,1,10,10
IAEA_plus_10,10,59,core_term,zh,中子,23,26560,13,10,0.6228203177452087,0.6219706535339355,0.61971395611763,0.6228203177452087,0,0.0,0,10,10
IAEA_plus_10,10,59,core_term,en,neutron,23,26560,13,10,0.6899797916412354,0.6775538325309753,0.6645804107189178,0.6899797916412354,5,0.5,1,10,10
IAEA_plus_10,10,59,phrase,zh,中子测量电流,23,26560,13,10,0.674386739730835,0.6738664507865906,0.6699054360389709,0.674386739730835,0,0.0,0,10,10
IAEA_plus_10,10,59,phrase,en,neutron measurement current,23,26560,13,10,0.6957577466964722,0.6816319227218628,0.662165778875351,0.6957577466964722,8,0.8,1,10,10
IAEA_plus_10,10,60,core_term,zh,中子,23,20087,13,10,0.5843064188957214,0.5828381180763245,0.5800861120223999,0.5843064188957214,0,0.0,0,10,10
IAEA_plus_10,10,60,core_term,en,neutron,23,20087,13,10,0.6899797916412354,0.6767170627911886,0.6589956402778625,0.6899797916412354,10,1.0,1,10,10
IAEA_plus_10,10,60,phrase,zh,中子测量电流,23,20087,13,10,0.6185203194618225,0.6168049176534017,0.6148931562900544,0.6185203194618225,0,0.0,0,10,10
IAEA_plus_10,10,60,phrase,en,neutron measurement current,23,20087,13,10,0.6957577466964722,0.6816319227218628,0.6605868697166443,0.6957577466964722,9,0.9,1,10,10
IAEA_plus_10,10,61,core_term,zh,中子,23,26832,13,10,0.6228203177452087,0.6219706535339355,0.61971395611763,0.6228203177452087,0,0.0,0,10,10
IAEA_plus_10,10,61,core_term,en,neutron,23,26832,13,10,0.6899797916412354,0.6767170627911886,0.6589956402778625,0.6899797916412354,10,1.0,1,10,10
IAEA_plus_10,10,61,phrase,zh,中子测量电流,23,26832,13,10,0.674386739730835,0.6738664507865906,0.6699054360389709,0.674386739730835,0,0.0,0,10,10
IAEA_plus_10,10,61,phrase,en,neutron measurement current,23,26832,13,10,0.6957577466964722,0.6816319227218628,0.6616231620311737,0.6957577466964722,9,0.9,1,10,10
IAEA_plus_10,10,62,core_term,zh,中子,23,24917,13,10,0.6103138327598572,0.6073058644930521,0.6030639231204986,0.6103138327598572,0,0.0,0,10,10
IAEA_plus_10,10,62,core_term,en,neutron,23,24917,13,10,0.6899797916412354,0.6767170627911886,0.6589956402778625,0.6899797916412354,10,1.0,1,10,10
IAEA_plus_10,10,62,phrase,zh,中子测量电流,23,24917,13,10,0.664697527885437,0.6631498535474142,0.6563639521598816,0.664697527885437,0,0.0,0,10,10
IAEA_plus_10,10,62,phrase,en,neutron measurement current,23,24917,13,10,0.6957577466964722,0.6816319227218628,0.6601194024085999,0.6957577466964722,10,1.0,1,10,10
IAEA_plus_10,10,63,core_term,zh,中子,23,21728,13,10,0.6376688480377197,0.6259249647458395,0.6175918519496918,0.6376688480377197,0,0.0,0,10,10
IAEA_plus_10,10,63,core_term,en,neutron,23,21728,13,10,0.6899797916412354,0.6775538325309753,0.6626602947711945,0.6899797916412354,6,0.6,1,10,10
IAEA_plus_10,10,63,phrase,zh,中子测量电流,23,21728,13,10,0.6772618889808655,0.6698239048322042,0.665899783372879,0.6772618889808655,0,0.0,0,10,10
IAEA_plus_10,10,63,phrase,en,neutron measurement current,23,21728,13,10,0.6957577466964722,0.6816319227218628,0.6635221898555755,0.6957577466964722,8,0.8,1,10,10
IAEA_plus_10,10,64,core_term,zh,中子,23,25587,13,10,0.6089305877685547,0.6050087412198385,0.5654381096363068,0.6089305877685547,0,0.0,0,10,10
IAEA_plus_10,10,64,core_term,en,neutron,23,25587,13,10,0.6899797916412354,0.6767170627911886,0.663338053226471,0.6899797916412354,5,0.5,1,10,10
IAEA_plus_10,10,64,phrase,zh,中子测量电流,23,25587,13,10,0.6693858504295349,0.6599276463190714,0.6193274438381196,0.6693858504295349,0,0.0,0,10,10
IAEA_plus_10,10,64,phrase,en,neutron measurement current,23,25587,13,10,0.6957577466964722,0.6816319227218628,0.661409318447113,0.6957577466964722,8,0.8,1,10,10
IAEA_plus_10,10,65,core_term,zh,中子,23,27286,13,10,0.5843064188957214,0.5828381180763245,0.5800861120223999,0.5843064188957214,0,0.0,0,10,10
IAEA_plus_10,10,65,core_term,en,neutron,23,27286,13,10,0.6899797916412354,0.6767170627911886,0.6589956402778625,0.6899797916412354,10,1.0,1,10,10
IAEA_plus_10,10,65,phrase,zh,中子测量电流,23,27286,13,10,0.6185203194618225,0.6168049176534017,0.6148931562900544,0.6185203194618225,0,0.0,0,10,10
IAEA_plus_10,10,65,phrase,en,neutron measurement current,23,27286,13,10,0.6957577466964722,0.6816319227218628,0.6616231620311737,0.6957577466964722,9,0.9,1,10,10
IAEA_plus_10,10,66,core_term,zh,中子,23,21368,13,10,0.6089305877685547,0.6050087412198385,0.5609225630760193,0.6089305877685547,0,0.0,0,10,10
IAEA_plus_10,10,66,core_term,en,neutron,23,21368,13,10,0.6899797916412354,0.6767170627911886,0.6612394988536835,0.6899797916412354,7,0.7,1,10,10
IAEA_plus_10,10,66,phrase,zh,中子测量电流,23,21368,13,10,0.6693858504295349,0.6599276463190714,0.6051971852779389,0.6693858504295349,0,0.0,0,10,10
IAEA_plus_10,10,66,phrase,en,neutron measurement current,23,21368,13,10,0.7035508155822754,0.6991282900174459,0.6767319321632386,0.7035508155822754,5,0.5,3,10,10
IAEA_plus_10,10,67,core_term,zh,中子,23,20015,13,10,0.6376688480377197,0.6259249647458395,0.6175918519496918,0.6376688480377197,0,0.0,0,10,10
IAEA_plus_10,10,67,core_term,en,neutron,23,20015,13,10,0.6899797916412354,0.6767170627911886,0.6589956402778625,0.6899797916412354,10,1.0,1,10,10
IAEA_plus_10,10,67,phrase,zh,中子测量电流,23,20015,13,10,0.6772618889808655,0.6698199510574341,0.6655229806900025,0.6772618889808655,0,0.0,0,10,10
IAEA_plus_10,10,67,phrase,en,neutron measurement current,23,20015,13,10,0.6957577466964722,0.6816319227218628,0.6601194024085999,0.6957577466964722,10,1.0,1,10,10
IAEA_plus_10,10,68,core_term,zh,中子,23,19881,13,10,0.5600153803825378,0.5556639432907104,0.5494964480400085,0.5600153803825378,0,0.0,0,10,10
IAEA_plus_10,10,68,core_term,en,neutron,23,19881,13,10,0.6899797916412354,0.6767170627911886,0.6621435642242431,0.6899797916412354,6,0.6,1,10,10
IAEA_plus_10,10,68,phrase,zh,中子测量电流,23,19881,13,10,0.5922446846961975,0.5904989043871561,0.5872560501098633,0.5922446846961975,0,0.0,0,10,10
IAEA_plus_10,10,68,phrase,en,neutron measurement current,23,19881,13,10,0.6957577466964722,0.6816319227218628,0.6602667510509491,0.6957577466964722,9,0.9,1,10,10
IAEA_plus_10,10,69,core_term,zh,中子,23,24551,13,10,0.6116806268692017,0.6109298268953959,0.6096568167209625,0.6116806268692017,0,0.0,0,10,10
IAEA_plus_10,10,69,core_term,en,neutron,23,24551,13,10,0.6899797916412354,0.6775538325309753,0.6626602947711945,0.6899797916412354,6,0.6,1,10,10
IAEA_plus_10,10,69,phrase,zh,中子测量电流,23,24551,13,10,0.6652456521987915,0.6637954115867615,0.6617978990077973,0.6652456521987915,0,0.0,0,10,10
IAEA_plus_10,10,69,phrase,en,neutron measurement current,23,24551,13,10,0.6957577466964722,0.6816319227218628,0.6646158218383789,0.6957577466964722,7,0.7,1,10,10
IAEA_plus_10,10,70,core_term,zh,中子,23,24226,13,10,0.6116806268692017,0.6109298268953959,0.6096568167209625,0.6116806268692017,0,0.0,0,10,10
IAEA_plus_10,10,70,core_term,en,neutron,23,24226,13,10,0.6899797916412354,0.6775538325309753,0.6626602947711945,0.6899797916412354,6,0.6,1,10,10
IAEA_plus_10,10,70,phrase,zh,中子测量电流,23,24226,13,10,0.6652456521987915,0.6637954115867615,0.6617978990077973,0.6652456521987915,0,0.0,0,10,10
IAEA_plus_10,10,70,phrase,en,neutron measurement current,23,24226,13,10,0.6957577466964722,0.6816319227218628,0.6635221898555755,0.6957577466964722,8,0.8,1,10,10
IAEA_plus_10,10,71,core_term,zh,中子,23,24232,13,10,0.6376688480377197,0.6259249647458395,0.6175918519496918,0.6376688480377197,0,0.0,0,10,10
IAEA_plus_10,10,71,core_term,en,neutron,23,24232,13,10,0.6899797916412354,0.6767170627911886,0.6589956402778625,0.6899797916412354,10,1.0,1,10,10
IAEA_plus_10,10,71,phrase,zh,中子测量电流,23,24232,13,10,0.6772618889808655,0.6698199510574341,0.6651476860046387,0.6772618889808655,0,0.0,0,10,10
IAEA_plus_10,10,71,phrase,en,neutron measurement current,23,24232,13,10,0.6957577466964722,0.6816319227218628,0.6601194024085999,0.6957577466964722,10,1.0,1,10,10
IAEA_plus_10,10,72,core_term,zh,中子,23,26495,13,10,0.6116806268692017,0.6109298268953959,0.6096568167209625,0.6116806268692017,0,0.0,0,10,10
IAEA_plus_10,10,72,core_term,en,neutron,23,26495,13,10,0.6899797916412354,0.6775538325309753,0.6641988396644593,0.6899797916412354,6,0.6,1,10,10
IAEA_plus_10,10,72,phrase,zh,中子测量电流,23,26495,13,10,0.6652456521987915,0.6637954115867615,0.6617978990077973,0.6652456521987915,0,0.0,0,10,10
IAEA_plus_10,10,72,phrase,en,neutron measurement current,23,26495,13,10,0.6957577466964722,0.6816319227218628,0.6631955504417419,0.6957577466964722,8,0.8,1,10,10
IAEA_plus_10,10,73,core_term,zh,中子,23,21395,13,10,0.6228203177452087,0.6219706535339355,0.61971395611763,0.6228203177452087,0,0.0,0,10,10
IAEA_plus_10,10,73,core_term,en,neutron,23,21395,13,10,0.6899797916412354,0.6775538325309753,0.6626602947711945,0.6899797916412354,6,0.6,1,10,10
IAEA_plus_10,10,73,phrase,zh,中子测量电流,23,21395,13,10,0.674386739730835,0.6738664507865906,0.6701100587844848,0.674386739730835,0,0.0,0,10,10
IAEA_plus_10,10,73,phrase,en,neutron measurement current,23,21395,13,10,0.6957577466964722,0.6816319227218628,0.6635221898555755,0.6957577466964722,8,0.8,1,10,10
IAEA_plus_10,10,74,core_term,zh,中子,23,22059,13,10,0.6103138327598572,0.6073058644930521,0.6030639231204986,0.6103138327598572,0,0.0,0,10,10
IAEA_plus_10,10,74,core_term,en,neutron,23,22059,13,10,0.6899797916412354,0.6767170627911886,0.6612394988536835,0.6899797916412354,7,0.7,1,10,10
IAEA_plus_10,10,74,phrase,zh,中子测量电流,23,22059,13,10,0.664697527885437,0.6631498535474142,0.6563639521598816,0.664697527885437,0,0.0,0,10,10
IAEA_plus_10,10,74,phrase,en,neutron measurement current,23,22059,13,10,0.7035508155822754,0.6991282900174459,0.6767319321632386,0.7035508155822754,5,0.5,3,10,10
IAEA_plus_10,10,75,core_term,zh,中子,23,23861,13,10,0.6376688480377197,0.6274608572324117,0.622068452835083,0.6376688480377197,0,0.0,0,10,10
IAEA_plus_10,10,75,core_term,en,neutron,23,23861,13,10,0.6899797916412354,0.6767170627911886,0.6589956402778625,0.6899797916412354,10,1.0,1,10,10
IAEA_plus_10,10,75,phrase,zh,中子测量电流,23,23861,13,10,0.6772618889808655,0.6750983198483785,0.6708976626396179,0.6772618889808655,0,0.0,0,10,10
IAEA_plus_10,10,75,phrase,en,neutron measurement current,23,23861,13,10,0.6957577466964722,0.6816319227218628,0.6605868697166443,0.6957577466964722,9,0.9,1,10,10
IAEA_plus_10,10,76,core_term,zh,中子,23,20583,13,10,0.6376688480377197,0.6274608572324117,0.622068452835083,0.6376688480377197,0,0.0,0,10,10
IAEA_plus_10,10,76,core_term,en,neutron,23,20583,13,10,0.6899797916412354,0.6767170627911886,0.6589956402778625,0.6899797916412354,10,1.0,1,10,10
IAEA_plus_10,10,76,phrase,zh,中子测量电流,23,20583,13,10,0.6772618889808655,0.6750983198483785,0.6708976626396179,0.6772618889808655,0,0.0,0,10,10
IAEA_plus_10,10,76,phrase,en,neutron measurement current,23,20583,13,10,0.6957577466964722,0.6816319227218628,0.6601194024085999,0.6957577466964722,10,1.0,1,10,10
IAEA_plus_10,10,77,core_term,zh,中子,23,24343,13,10,0.6228203177452087,0.6219706535339355,0.61971395611763,0.6228203177452087,0,0.0,0,10,10
IAEA_plus_10,10,77,core_term,en,neutron,23,24343,13,10,0.6899797916412354,0.6767170627911886,0.6589956402778625,0.6899797916412354,10,1.0,1,10,10
IAEA_plus_10,10,77,phrase,zh,中子测量电流,23,24343,13,10,0.674386739730835,0.6738664507865906,0.6699054360389709,0.674386739730835,0,0.0,0,10,10
IAEA_plus_10,10,77,phrase,en,neutron measurement current,23,24343,13,10,0.6957577466964722,0.6816319227218628,0.6601194024085999,0.6957577466964722,10,1.0,1,10,10
IAEA_plus_10,10,78,core_term,zh,中子,23,23335,13,10,0.6089305877685547,0.6050087412198385,0.5713477373123169,0.6089305877685547,0,0.0,0,10,10
IAEA_plus_10,10,78,core_term,en,neutron,23,23335,13,10,0.6899797916412354,0.6767170627911886,0.6589956402778625,0.6899797916412354,10,1.0,1,10,10
IAEA_plus_10,10,78,phrase,zh,中子测量电流,23,23335,13,10,0.6693858504295349,0.6599276463190714,0.6193274438381196,0.6693858504295349,0,0.0,0,10,10
IAEA_plus_10,10,78,phrase,en,neutron measurement current,23,23335,13,10,0.6957577466964722,0.6816319227218628,0.6601194024085999,0.6957577466964722,10,1.0,1,10,10
IAEA_plus_10,10,79,core_term,zh,中子,23,28376,13,10,0.6228203177452087,0.6219706535339355,0.61971395611763,0.6228203177452087,0,0.0,0,10,10
IAEA_plus_10,10,79,core_term,en,neutron,23,28376,13,10,0.6899797916412354,0.6775538325309753,0.6641988396644593,0.6899797916412354,6,0.6,1,10,10
IAEA_plus_10,10,79,phrase,zh,中子测量电流,23,28376,13,10,0.674386739730835,0.6738664507865906,0.6699054360389709,0.674386739730835,0,0.0,0,10,10
IAEA_plus_10,10,79,phrase,en,neutron measurement current,23,28376,13,10,0.6957577466964722,0.6816319227218628,0.6635221898555755,0.6957577466964722,8,0.8,1,10,10
IAEA_plus_10,10,80,core_term,zh,中子,23,25098,13,10,0.5843064188957214,0.5828381180763245,0.5800861120223999,0.5843064188957214,0,0.0,0,10,10
IAEA_plus_10,10,80,core_term,en,neutron,23,25098,13,10,0.6899797916412354,0.6767170627911886,0.6609632730484009,0.6899797916412354,8,0.8,1,10,10
IAEA_plus_10,10,80,phrase,zh,中子测量电流,23,25098,13,10,0.6185203194618225,0.6168049176534017,0.6148931562900544,0.6185203194618225,0,0.0,0,10,10
IAEA_plus_10,10,80,phrase,en,neutron measurement current,23,25098,13,10,0.6957577466964722,0.6816319227218628,0.6617294371128082,0.6957577466964722,8,0.8,1,10,10
IAEA_plus_10,10,81,core_term,zh,中子,23,32610,13,10,0.5397503972053528,0.5358525514602661,0.5308340430259705,0.5397503972053528,0,0.0,0,10,10
IAEA_plus_10,10,81,core_term,en,neutron,23,32610,13,10,0.6899797916412354,0.6767170627911886,0.6646835565567016,0.6899797916412354,5,0.5,1,10,10
IAEA_plus_10,10,81,phrase,zh,中子测量电流,23,32610,13,10,0.5790097117424011,0.5775527159372965,0.5729158997535706,0.5790097117424011,0,0.0,0,10,10
IAEA_plus_10,10,81,phrase,en,neutron measurement current,23,32610,13,10,0.6957577466964722,0.6816319227218628,0.66282958984375,0.6957577466964722,7,0.7,1,10,10
IAEA_plus_10,10,82,core_term,zh,中子,23,26355,13,10,0.6376688480377197,0.6274608572324117,0.622068452835083,0.6376688480377197,0,0.0,0,10,10
IAEA_plus_10,10,82,core_term,en,neutron,23,26355,13,10,0.6899797916412354,0.6775538325309753,0.6626602947711945,0.6899797916412354,6,0.6,1,10,10
IAEA_plus_10,10,82,phrase,zh,中子测量电流,23,26355,13,10,0.6772618889808655,0.6750983198483785,0.6708976626396179,0.6772618889808655,0,0.0,0,10,10
IAEA_plus_10,10,82,phrase,en,neutron measurement current,23,26355,13,10,0.6957577466964722,0.6816319227218628,0.6620904743671417,0.6957577466964722,8,0.8,1,10,10
IAEA_plus_10,10,83,core_term,zh,中子,23,28405,13,10,0.6228203177452087,0.6219706535339355,0.61971395611763,0.6228203177452087,0,0.0,0,10,10
IAEA_plus_10,10,83,core_term,en,neutron,23,28405,13,10,0.6899797916412354,0.6767170627911886,0.6606558859348297,0.6899797916412354,9,0.9,1,10,10
IAEA_plus_10,10,83,phrase,zh,中子测量电流,23,28405,13,10,0.674386739730835,0.6738664507865906,0.6699054360389709,0.674386739730835,0,0.0,0,10,10
IAEA_plus_10,10,83,phrase,en,neutron measurement current,23,28405,13,10,0.6957577466964722,0.6816319227218628,0.6616231620311737,0.6957577466964722,9,0.9,1,10,10
IAEA_plus_10,10,84,core_term,zh,中子,23,19116,13,10,0.5600153803825378,0.5529676278432211,0.5482837915420532,0.5600153803825378,0,0.0,0,10,10
IAEA_plus_10,10,84,core_term,en,neutron,23,19116,13,10,0.6899797916412354,0.6767170627911886,0.6589956402778625,0.6899797916412354,10,1.0,1,10,10
IAEA_plus_10,10,84,phrase,zh,中子测量电流,23,19116,13,10,0.5922446846961975,0.5880371530850729,0.5853305757045746,0.5922446846961975,0,0.0,0,10,10
IAEA_plus_10,10,84,phrase,en,neutron measurement current,23,19116,13,10,0.6957577466964722,0.6816319227218628,0.6601194024085999,0.6957577466964722,10,1.0,1,10,10
IAEA_plus_10,10,85,core_term,zh,中子,23,21583,13,10,0.5563935041427612,0.5482825438181559,0.5426092803478241,0.5563935041427612,0,0.0,0,10,10
IAEA_plus_10,10,85,core_term,en,neutron,23,21583,13,10,0.6899797916412354,0.6767170627911886,0.6609632730484009,0.6899797916412354,8,0.8,1,10,10
IAEA_plus_10,10,85,phrase,zh,中子测量电流,23,21583,13,10,0.589178740978241,0.58561772108078,0.5823870301246643,0.589178740978241,0,0.0,0,10,10
IAEA_plus_10,10,85,phrase,en,neutron measurement current,23,21583,13,10,0.6957577466964722,0.6816319227218628,0.6612965226173401,0.6957577466964722,9,0.9,1,10,10
IAEA_plus_10,10,86,core_term,zh,中子,23,27053,13,10,0.6228203177452087,0.6219706535339355,0.61971395611763,0.6228203177452087,0,0.0,0,10,10
IAEA_plus_10,10,86,core_term,en,neutron,23,27053,13,10,0.6899797916412354,0.6767170627911886,0.6589956402778625,0.6899797916412354,10,1.0,1,10,10
IAEA_plus_10,10,86,phrase,zh,中子测量电流,23,27053,13,10,0.674386739730835,0.6738664507865906,0.6699054360389709,0.674386739730835,0,0.0,0,10,10
IAEA_plus_10,10,86,phrase,en,neutron measurement current,23,27053,13,10,0.6957577466964722,0.6816319227218628,0.6605868697166443,0.6957577466964722,9,0.9,1,10,10
IAEA_plus_10,10,87,core_term,zh,中子,23,30322,13,10,0.6228203177452087,0.6219706535339355,0.61971395611763,0.6228203177452087,0,0.0,0,10,10
IAEA_plus_10,10,87,core_term,en,neutron,23,30322,13,10,0.6899797916412354,0.6767170627911886,0.6589956402778625,0.6899797916412354,10,1.0,1,10,10
IAEA_plus_10,10,87,phrase,zh,中子测量电流,23,30322,13,10,0.674386739730835,0.6738664507865906,0.6699054360389709,0.674386739730835,0,0.0,0,10,10
IAEA_plus_10,10,87,phrase,en,neutron measurement current,23,30322,13,10,0.6957577466964722,0.6816319227218628,0.6601194024085999,0.6957577466964722,10,1.0,1,10,10
IAEA_plus_10,10,88,core_term,zh,中子,23,21285,13,10,0.6228203177452087,0.6219706535339355,0.61971395611763,0.6228203177452087,0,0.0,0,10,10
IAEA_plus_10,10,88,core_term,en,neutron,23,21285,13,10,0.6899797916412354,0.6767170627911886,0.6591778516769409,0.6899797916412354,9,0.9,1,10,10
IAEA_plus_10,10,88,phrase,zh,中子测量电流,23,21285,13,10,0.674386739730835,0.6738664507865906,0.6699054360389709,0.674386739730835,0,0.0,0,10,10
IAEA_plus_10,10,88,phrase,en,neutron measurement current,23,21285,13,10,0.6957577466964722,0.6816319227218628,0.6612965226173401,0.6957577466964722,9,0.9,1,10,10
IAEA_plus_10,10,89,core_term,zh,中子,23,27861,13,10,0.5843064188957214,0.5828381180763245,0.5800861120223999,0.5843064188957214,0,0.0,0,10,10
IAEA_plus_10,10,89,core_term,en,neutron,23,27861,13,10,0.6899797916412354,0.6767170627911886,0.6628393471240998,0.6899797916412354,6,0.6,1,10,10
IAEA_plus_10,10,89,phrase,zh,中子测量电流,23,27861,13,10,0.6185203194618225,0.6168049176534017,0.6148931562900544,0.6185203194618225,0,0.0,0,10,10
IAEA_plus_10,10,89,phrase,en,neutron measurement current,23,27861,13,10,0.7035508155822754,0.6991282900174459,0.6767319321632386,0.7035508155822754,5,0.5,3,10,10
IAEA_plus_10,10,90,core_term,zh,中子,23,21588,13,10,0.5478966236114502,0.5469457308451334,0.5447748005390167,0.5478966236114502,0,0.0,0,10,10
IAEA_plus_10,10,90,core_term,en,neutron,23,21588,13,10,0.6899797916412354,0.6767170627911886,0.6589956402778625,0.6899797916412354,10,1.0,1,10,10
IAEA_plus_10,10,90,phrase,zh,中子测量电流,23,21588,13,10,0.59007328748703,0.5880124568939209,0.585772979259491,0.59007328748703,0,0.0,0,10,10
IAEA_plus_10,10,90,phrase,en,neutron measurement current,23,21588,13,10,0.6957577466964722,0.6816319227218628,0.6601194024085999,0.6957577466964722,10,1.0,1,10,10
IAEA_plus_10,10,91,core_term,zh,中子,23,25799,13,10,0.6089305877685547,0.6050087412198385,0.565519106388092,0.6089305877685547,0,0.0,0,10,10
IAEA_plus_10,10,91,core_term,en,neutron,23,25799,13,10,0.6899797916412354,0.6767170627911886,0.6589956402778625,0.6899797916412354,10,1.0,1,10,10
IAEA_plus_10,10,91,phrase,zh,中子测量电流,23,25799,13,10,0.6693858504295349,0.6599276463190714,0.6128439843654633,0.6693858504295349,0,0.0,0,10,10
IAEA_plus_10,10,91,phrase,en,neutron measurement current,23,25799,13,10,0.6957577466964722,0.6816319227218628,0.6601194024085999,0.6957577466964722,10,1.0,1,10,10
IAEA_plus_10,10,92,core_term,zh,中子,23,25763,13,10,0.5843064188957214,0.5828381180763245,0.5800861120223999,0.5843064188957214,0,0.0,0,10,10
IAEA_plus_10,10,92,core_term,en,neutron,23,25763,13,10,0.6899797916412354,0.6767170627911886,0.6589956402778625,0.6899797916412354,10,1.0,1,10,10
IAEA_plus_10,10,92,phrase,zh,中子测量电流,23,25763,13,10,0.6185203194618225,0.6168049176534017,0.6148931562900544,0.6185203194618225,0,0.0,0,10,10
IAEA_plus_10,10,92,phrase,en,neutron measurement current,23,25763,13,10,0.6957577466964722,0.6816319227218628,0.6601194024085999,0.6957577466964722,10,1.0,1,10,10
IAEA_plus_10,10,93,core_term,zh,中子,23,27922,13,10,0.5600153803825378,0.5529676278432211,0.5451677322387696,0.5600153803825378,0,0.0,0,10,10
IAEA_plus_10,10,93,core_term,en,neutron,23,27922,13,10,0.6899797916412354,0.6767170627911886,0.663338053226471,0.6899797916412354,5,0.5,1,10,10
IAEA_plus_10,10,93,phrase,zh,中子测量电流,23,27922,13,10,0.5922446846961975,0.5898007750511169,0.586276626586914,0.5922446846961975,0,0.0,0,10,10
IAEA_plus_10,10,93,phrase,en,neutron measurement current,23,27922,13,10,0.6957577466964722,0.6816319227218628,0.6602667510509491,0.6957577466964722,9,0.9,1,10,10
IAEA_plus_10,10,94,core_term,zh,中子,23,27042,13,10,0.5843064188957214,0.5828381180763245,0.5800861120223999,0.5843064188957214,0,0.0,0,10,10
IAEA_plus_10,10,94,core_term,en,neutron,23,27042,13,10,0.6899797916412354,0.6767170627911886,0.6606558859348297,0.6899797916412354,9,0.9,1,10,10
IAEA_plus_10,10,94,phrase,zh,中子测量电流,23,27042,13,10,0.6185203194618225,0.6168049176534017,0.6148931562900544,0.6185203194618225,0,0.0,0,10,10
IAEA_plus_10,10,94,phrase,en,neutron measurement current,23,27042,13,10,0.6957577466964722,0.6816319227218628,0.6601194024085999,0.6957577466964722,10,1.0,1,10,10
IAEA_plus_10,10,95,core_term,zh,中子,23,30120,13,10,0.5525250434875488,0.5513811707496643,0.5469704687595367,0.5525250434875488,0,0.0,0,10,10
IAEA_plus_10,10,95,core_term,en,neutron,23,30120,13,10,0.6899797916412354,0.6767170230547587,0.6589956283569336,0.6899797916412354,10,1.0,1,10,10
IAEA_plus_10,10,95,phrase,zh,中子测量电流,23,30120,13,10,0.600178599357605,0.599280595779419,0.5965897440910339,0.600178599357605,0,0.0,0,10,10
IAEA_plus_10,10,95,phrase,en,neutron measurement current,23,30120,13,10,0.6957577466964722,0.6816319227218628,0.6601194024085999,0.6957577466964722,10,1.0,1,10,10
IAEA_plus_10,10,96,core_term,zh,中子,23,18113,13,10,0.6376688480377197,0.6259249647458395,0.6175918519496918,0.6376688480377197,0,0.0,0,10,10
IAEA_plus_10,10,96,core_term,en,neutron,23,18113,13,10,0.6899797916412354,0.6767170627911886,0.6591778516769409,0.6899797916412354,9,0.9,1,10,10
IAEA_plus_10,10,96,phrase,zh,中子测量电流,23,18113,13,10,0.6772618889808655,0.6712039709091187,0.6662477493286133,0.6772618889808655,0,0.0,0,10,10
IAEA_plus_10,10,96,phrase,en,neutron measurement current,23,18113,13,10,0.6957577466964722,0.6816319227218628,0.6612965226173401,0.6957577466964722,9,0.9,1,10,10
IAEA_plus_10,10,97,core_term,zh,中子,23,20543,13,10,0.6103138327598572,0.6073058644930521,0.6030639231204986,0.6103138327598572,0,0.0,0,10,10
IAEA_plus_10,10,97,core_term,en,neutron,23,20543,13,10,0.6899797916412354,0.6767170627911886,0.6591778516769409,0.6899797916412354,9,0.9,1,10,10
IAEA_plus_10,10,97,phrase,zh,中子测量电流,23,20543,13,10,0.664697527885437,0.6631498535474142,0.6563639521598816,0.664697527885437,0,0.0,0,10,10
IAEA_plus_10,10,97,phrase,en,neutron measurement current,23,20543,13,10,0.6957577466964722,0.6816319227218628,0.6612965226173401,0.6957577466964722,9,0.9,1,10,10
IAEA_plus_10,10,98,core_term,zh,中子,23,24762,13,10,0.6228203177452087,0.6219706535339355,0.61971395611763,0.6228203177452087,0,0.0,0,10,10
IAEA_plus_10,10,98,core_term,en,neutron,23,24762,13,10,0.6899797916412354,0.6775538325309753,0.6626602947711945,0.6899797916412354,6,0.6,1,10,10
IAEA_plus_10,10,98,phrase,zh,中子测量电流,23,24762,13,10,0.674386739730835,0.6738664507865906,0.6699054360389709,0.674386739730835,0,0.0,0,10,10
IAEA_plus_10,10,98,phrase,en,neutron measurement current,23,24762,13,10,0.6957577466964722,0.6816319227218628,0.6639061689376831,0.6957577466964722,7,0.7,1,10,10
IAEA_plus_10,10,99,core_term,zh,中子,23,26060,13,10,0.5563935041427612,0.5481297969818115,0.5418974697589874,0.5563935041427612,0,0.0,0,10,10
IAEA_plus_10,10,99,core_term,en,neutron,23,26060,13,10,0.6899797916412354,0.6767170627911886,0.6624413073062897,0.6899797916412354,8,0.8,1,10,10
IAEA_plus_10,10,99,phrase,zh,中子测量电流,23,26060,13,10,0.589178740978241,0.58561772108078,0.5821208178997039,0.589178740978241,0,0.0,0,10,10
IAEA_plus_10,10,99,phrase,en,neutron measurement current,23,26060,13,10,0.6957577466964722,0.6816319227218628,0.6601194024085999,0.6957577466964722,10,1.0,1,10,10
IAEA_plus_15,15,0,core_term,zh,中子,28,30991,13,15,0.6228203177452087,0.6219706535339355,0.61971395611763,0.6228203177452087,0,0.0,0,10,10
IAEA_plus_15,15,0,core_term,en,neutron,28,30991,13,15,0.6899797916412354,0.6775538325309753,0.6645804107189178,0.6899797916412354,5,0.5,1,10,10
IAEA_plus_15,15,0,phrase,zh,中子测量电流,28,30991,13,15,0.674386739730835,0.6738664507865906,0.6699054360389709,0.674386739730835,0,0.0,0,10,10
IAEA_plus_15,15,0,phrase,en,neutron measurement current,28,30991,13,15,0.6957577466964722,0.6816319227218628,0.6648040533065795,0.6957577466964722,6,0.6,1,10,10
IAEA_plus_15,15,1,core_term,zh,中子,28,34242,13,15,0.6116806268692017,0.6109298268953959,0.6096568167209625,0.6116806268692017,0,0.0,0,10,10
IAEA_plus_15,15,1,core_term,en,neutron,28,34242,13,15,0.6899797916412354,0.6775538325309753,0.6661919593811035,0.6899797916412354,5,0.5,1,10,10
IAEA_plus_15,15,1,phrase,zh,中子测量电流,28,34242,13,15,0.6652456521987915,0.6637954115867615,0.6617978990077973,0.6652456521987915,0,0.0,0,10,10
IAEA_plus_15,15,1,phrase,en,neutron measurement current,28,34242,13,15,0.6957577466964722,0.6816319227218628,0.6635860502719879,0.6957577466964722,7,0.7,1,10,10
IAEA_plus_15,15,2,core_term,zh,中子,28,27848,13,15,0.6228203177452087,0.6219706535339355,0.61971395611763,0.6228203177452087,0,0.0,0,10,10
IAEA_plus_15,15,2,core_term,en,neutron,28,27848,13,15,0.6899797916412354,0.6767170627911886,0.663338053226471,0.6899797916412354,5,0.5,1,10,10
IAEA_plus_15,15,2,phrase,zh,中子测量电流,28,27848,13,15,0.674386739730835,0.6738664507865906,0.6701100587844848,0.674386739730835,0,0.0,0,10,10
IAEA_plus_15,15,2,phrase,en,neutron measurement current,28,27848,13,15,0.6957577466964722,0.6816319227218628,0.6617359578609466,0.6957577466964722,8,0.8,1,10,10
IAEA_plus_15,15,3,core_term,zh,中子,28,31464,13,15,0.6376688480377197,0.6259249647458395,0.6175918519496918,0.6376688480377197,0,0.0,0,10,10
IAEA_plus_15,15,3,core_term,en,neutron,28,31464,13,15,0.6899797916412354,0.6775538325309753,0.6655700266361236,0.6899797916412354,5,0.5,1,10,10
IAEA_plus_15,15,3,phrase,zh,中子测量电流,28,31464,13,15,0.6772618889808655,0.6698239048322042,0.6657037198543548,0.6772618889808655,0,0.0,0,10,10
IAEA_plus_15,15,3,phrase,en,neutron measurement current,28,31464,13,15,0.6957577466964722,0.6816319227218628,0.6625497579574585,0.6957577466964722,7,0.7,1,10,10
IAEA_plus_15,15,4,core_term,zh,中子,28,30478,13,15,0.6116806268692017,0.6109298268953959,0.6098556876182556,0.6116806268692017,0,0.0,0,10,10
IAEA_plus_15,15,4,core_term,en,neutron,28,30478,13,15,0.6899797916412354,0.6775538325309753,0.6626602947711945,0.6899797916412354,6,0.6,1,10,10
IAEA_plus_15,15,4,phrase,zh,中子测量电流,28,30478,13,15,0.6652456521987915,0.6644489566485087,0.6627322137355804,0.6652456521987915,0,0.0,0,10,10
IAEA_plus_15,15,4,phrase,en,neutron measurement current,28,30478,13,15,0.6957577466964722,0.6816319227218628,0.6620904743671417,0.6957577466964722,8,0.8,1,10,10
IAEA_plus_15,15,5,core_term,zh,中子,28,34391,13,15,0.6228203177452087,0.6219706535339355,0.61971395611763,0.6228203177452087,0,0.0,0,10,10
IAEA_plus_15,15,5,core_term,en,neutron,28,34391,13,15,0.6899797916412354,0.6767170627911886,0.663338053226471,0.6899797916412354,5,0.5,1,10,10
IAEA_plus_15,15,5,phrase,zh,中子测量电流,28,34391,13,15,0.674386739730835,0.6738664507865906,0.6699054360389709,0.674386739730835,0,0.0,0,10,10
IAEA_plus_15,15,5,phrase,en,neutron measurement current,28,34391,13,15,0.6957577466964722,0.6816319227218628,0.6602667510509491,0.6957577466964722,9,0.9,1,10,10
IAEA_plus_15,15,6,core_term,zh,中子,28,29091,13,15,0.6376688480377197,0.6259249647458395,0.6175918519496918,0.6376688480377197,0,0.0,0,10,10
IAEA_plus_15,15,6,core_term,en,neutron,28,29091,13,15,0.6899797916412354,0.6767170627911886,0.6609632730484009,0.6899797916412354,8,0.8,1,10,10
IAEA_plus_15,15,6,phrase,zh,中子测量电流,28,29091,13,15,0.6772618889808655,0.6698199510574341,0.6655229806900025,0.6772618889808655,0,0.0,0,10,10
IAEA_plus_15,15,6,phrase,en,neutron measurement current,28,29091,13,15,0.6957577466964722,0.6816319227218628,0.6617294371128082,0.6957577466964722,8,0.8,1,10,10
IAEA_plus_15,15,7,core_term,zh,中子,28,28779,13,15,0.6376688480377197,0.6259249647458395,0.6175918519496918,0.6376688480377197,0,0.0,0,10,10
IAEA_plus_15,15,7,core_term,en,neutron,28,28779,13,15,0.6899797916412354,0.6767170627911886,0.6606558859348297,0.6899797916412354,9,0.9,1,10,10
IAEA_plus_15,15,7,phrase,zh,中子测量电流,28,28779,13,15,0.6772618889808655,0.6698199510574341,0.6651476860046387,0.6772618889808655,0,0.0,0,10,10
IAEA_plus_15,15,7,phrase,en,neutron measurement current,28,28779,13,15,0.6957577466964722,0.6816319227218628,0.6605868697166443,0.6957577466964722,9,0.9,1,10,10
IAEA_plus_15,15,8,core_term,zh,中子,28,23304,13,15,0.6228203177452087,0.6219706535339355,0.61971395611763,0.6228203177452087,0,0.0,0,10,10
IAEA_plus_15,15,8,core_term,en,neutron,28,23304,13,15,0.6899797916412354,0.6767170627911886,0.6621435642242431,0.6899797916412354,6,0.6,1,10,10
IAEA_plus_15,15,8,phrase,zh,中子测量电流,28,23304,13,15,0.674386739730835,0.6738664507865906,0.6699054360389709,0.674386739730835,0,0.0,0,10,10
IAEA_plus_15,15,8,phrase,en,neutron measurement current,28,23304,13,15,0.6957577466964722,0.6816319227218628,0.6631497085094452,0.6957577466964722,7,0.7,1,10,10
IAEA_plus_15,15,9,core_term,zh,中子,28,28436,13,15,0.5843064188957214,0.5828381180763245,0.5800861120223999,0.5843064188957214,0,0.0,0,10,10
IAEA_plus_15,15,9,core_term,en,neutron,28,28436,13,15,0.6899797916412354,0.6767170627911886,0.6621435642242431,0.6899797916412354,6,0.6,1,10,10
IAEA_plus_15,15,9,phrase,zh,中子测量电流,28,28436,13,15,0.6185203194618225,0.6168049176534017,0.6148931562900544,0.6185203194618225,0,0.0,0,10,10
IAEA_plus_15,15,9,phrase,en,neutron measurement current,28,28436,13,15,0.6957577466964722,0.6816319227218628,0.6602667510509491,0.6957577466964722,9,0.9,1,10,10
IAEA_plus_15,15,10,core_term,zh,中子,28,36089,13,15,0.6116806268692017,0.6109298268953959,0.6098556876182556,0.6116806268692017,0,0.0,0,10,10
IAEA_plus_15,15,10,core_term,en,neutron,28,36089,13,15,0.6899797916412354,0.6775538325309753,0.6650354743003846,0.6899797916412354,5,0.5,1,10,10
IAEA_plus_15,15,10,phrase,zh,中子测量电流,28,36089,13,15,0.6652456521987915,0.6644489566485087,0.6627322137355804,0.6652456521987915,0,0.0,0,10,10
IAEA_plus_15,15,10,phrase,en,neutron measurement current,28,36089,13,15,0.7035508155822754,0.6991282900174459,0.6771908760070801,0.7035508155822754,4,0.4,3,10,10
IAEA_plus_15,15,11,core_term,zh,中子,28,30777,13,15,0.6103138327598572,0.6073058644930521,0.6030639231204986,0.6103138327598572,0,0.0,0,10,10
IAEA_plus_15,15,11,core_term,en,neutron,28,30777,13,15,0.6899797916412354,0.6767170627911886,0.6628393471240998,0.6899797916412354,6,0.6,1,10,10
IAEA_plus_15,15,11,phrase,zh,中子测量电流,28,30777,13,15,0.664697527885437,0.6631498535474142,0.6563639521598816,0.664697527885437,0,0.0,0,10,10
IAEA_plus_15,15,11,phrase,en,neutron measurement current,28,30777,13,15,0.7035508155822754,0.6991282900174459,0.6767319321632386,0.7035508155822754,5,0.5,3,10,10
IAEA_plus_15,15,12,core_term,zh,中子,28,26842,13,15,0.5483773946762085,0.5453714529673258,0.5424808442592621,0.5483773946762085,0,0.0,0,10,10
IAEA_plus_15,15,12,core_term,en,neutron,28,26842,13,15,0.6899797916412354,0.6767170627911886,0.6628393471240998,0.6899797916412354,6,0.6,1,10,10
IAEA_plus_15,15,12,phrase,zh,中子测量电流,28,26842,13,15,0.600178599357605,0.599280595779419,0.5965897440910339,0.600178599357605,0,0.0,0,10,10
IAEA_plus_15,15,12,phrase,en,neutron measurement current,28,26842,13,15,0.7035508155822754,0.6991282900174459,0.6767610549926758,0.7035508155822754,4,0.4,3,10,10
IAEA_plus_15,15,13,core_term,zh,中子,28,32396,13,15,0.6228203177452087,0.6219706535339355,0.61971395611763,0.6228203177452087,0,0.0,0,10,10
IAEA_plus_15,15,13,core_term,en,neutron,28,32396,13,15,0.6899797916412354,0.6767170627911886,0.6608629584312439,0.6899797916412354,9,0.9,1,10,10
IAEA_plus_15,15,13,phrase,zh,中子测量电流,28,32396,13,15,0.674386739730835,0.6738664507865906,0.6699054360389709,0.674386739730835,0,0.0,0,10,10
IAEA_plus_15,15,13,phrase,en,neutron measurement current,28,32396,13,15,0.6957577466964722,0.6816319227218628,0.6605868697166443,0.6957577466964722,9,0.9,1,10,10
IAEA_plus_15,15,14,core_term,zh,中子,28,27472,13,15,0.6228203177452087,0.6219706535339355,0.61971395611763,0.6228203177452087,0,0.0,0,10,10
IAEA_plus_15,15,14,core_term,en,neutron,28,27472,13,15,0.6899797916412354,0.6767170627911886,0.6641571938991546,0.6899797916412354,5,0.5,1,10,10
IAEA_plus_15,15,14,phrase,zh,中子测量电流,28,27472,13,15,0.674386739730835,0.6738664507865906,0.6699054360389709,0.674386739730835,0,0.0,0,10,10
IAEA_plus_15,15,14,phrase,en,neutron measurement current,28,27472,13,15,0.7035508155822754,0.6991282900174459,0.6767319321632386,0.7035508155822754,5,0.5,3,10,10
IAEA_plus_15,15,15,core_term,zh,中子,28,29991,13,15,0.5843064188957214,0.5828381180763245,0.5800861120223999,0.5843064188957214,0,0.0,0,10,10
IAEA_plus_15,15,15,core_term,en,neutron,28,29991,13,15,0.6899797916412354,0.6767170627911886,0.6608629584312439,0.6899797916412354,9,0.9,1,10,10
IAEA_plus_15,15,15,phrase,zh,中子测量电流,28,29991,13,15,0.6185203194618225,0.6168049176534017,0.6148931562900544,0.6185203194618225,0,0.0,0,10,10
IAEA_plus_15,15,15,phrase,en,neutron measurement current,28,29991,13,15,0.6957577466964722,0.6816319227218628,0.6616231620311737,0.6957577466964722,9,0.9,1,10,10
IAEA_plus_15,15,16,core_term,zh,中子,28,32835,13,15,0.6116806268692017,0.6109298268953959,0.6098909616470337,0.6116806268692017,0,0.0,0,10,10
IAEA_plus_15,15,16,core_term,en,neutron,28,32835,13,15,0.6899797916412354,0.6775538325309753,0.6654585242271424,0.6899797916412354,5,0.5,1,10,10
IAEA_plus_15,15,16,phrase,zh,中子测量电流,28,32835,13,15,0.6693858504295349,0.6665657758712769,0.6639178454875946,0.6693858504295349,0,0.0,0,10,10
IAEA_plus_15,15,16,phrase,en,neutron measurement current,28,32835,13,15,0.7035508155822754,0.6991282900174459,0.6771908760070801,0.7035508155822754,4,0.4,3,10,10
IAEA_plus_15,15,17,core_term,zh,中子,28,34693,13,15,0.6228203177452087,0.6219706535339355,0.61971395611763,0.6228203177452087,0,0.0,0,10,10
IAEA_plus_15,15,17,core_term,en,neutron,28,34693,13,15,0.6899797916412354,0.6775538325309753,0.6639917671680451,0.6899797916412354,6,0.6,1,10,10
IAEA_plus_15,15,17,phrase,zh,中子测量电流,28,34693,13,15,0.674386739730835,0.6738664507865906,0.6701100587844848,0.674386739730835,0,0.0,0,10,10
IAEA_plus_15,15,17,phrase,en,neutron measurement current,28,34693,13,15,0.6957577466964722,0.6816319227218628,0.6624858975410461,0.6957577466964722,8,0.8,1,10,10
IAEA_plus_15,15,18,core_term,zh,中子,28,34236,13,15,0.6376688480377197,0.6274608572324117,0.622068452835083,0.6376688480377197,0,0.0,0,10,10
IAEA_plus_15,15,18,core_term,en,neutron,28,34236,13,15,0.6899797916412354,0.6775538325309753,0.6650354743003846,0.6899797916412354,5,0.5,1,10,10
IAEA_plus_15,15,18,phrase,zh,中子测量电流,28,34236,13,15,0.6772618889808655,0.6750983198483785,0.6708976626396179,0.6772618889808655,0,0.0,0,10,10
IAEA_plus_15,15,18,phrase,en,neutron measurement current,28,34236,13,15,0.7035508155822754,0.6991282900174459,0.6771908760070801,0.7035508155822754,4,0.4,3,10,10
IAEA_plus_15,15,19,core_term,zh,中子,28,30126,13,15,0.6116806268692017,0.6109298268953959,0.6096568167209625,0.6116806268692017,0,0.0,0,10,10
IAEA_plus_15,15,19,core_term,en,neutron,28,30126,13,15,0.6899797916412354,0.6775538325309753,0.6639306902885437,0.6899797916412354,5,0.5,1,10,10
IAEA_plus_15,15,19,phrase,zh,中子测量电流,28,30126,13,15,0.6652456521987915,0.6637954115867615,0.6617978990077973,0.6652456521987915,0,0.0,0,10,10
IAEA_plus_15,15,19,phrase,en,neutron measurement current,28,30126,13,15,0.7035508155822754,0.6991282900174459,0.6771908760070801,0.7035508155822754,4,0.4,3,10,10
IAEA_plus_15,15,20,core_term,zh,中子,28,24783,13,15,0.6376688480377197,0.6259249647458395,0.6175918519496918,0.6376688480377197,0,0.0,0,10,10
IAEA_plus_15,15,20,core_term,en,neutron,28,24783,13,15,0.6899797916412354,0.6767170627911886,0.6621435642242431,0.6899797916412354,6,0.6,1,10,10
IAEA_plus_15,15,20,phrase,zh,中子测量电流,28,24783,13,15,0.6772618889808655,0.6698199510574341,0.6651476860046387,0.6772618889808655,0,0.0,0,10,10
IAEA_plus_15,15,20,phrase,en,neutron measurement current,28,24783,13,15,0.6957577466964722,0.6816319227218628,0.6621199369430542,0.6957577466964722,7,0.7,1,10,10
IAEA_plus_15,15,21,core_term,zh,中子,28,33463,13,15,0.6376688480377197,0.6274608572324117,0.622068452835083,0.6376688480377197,0,0.0,0,10,10
IAEA_plus_15,15,21,core_term,en,neutron,28,33463,13,15,0.6899797916412354,0.6775538325309753,0.6639917671680451,0.6899797916412354,6,0.6,1,10,10
IAEA_plus_15,15,21,phrase,zh,中子测量电流,28,33463,13,15,0.6772618889808655,0.6750983198483785,0.6708976626396179,0.6772618889808655,0,0.0,0,10,10
IAEA_plus_15,15,21,phrase,en,neutron measurement current,28,33463,13,15,0.6957577466964722,0.6816319227218628,0.6635221898555755,0.6957577466964722,8,0.8,1,10,10
IAEA_plus_15,15,22,core_term,zh,中子,28,35247,13,15,0.6376688480377197,0.6259249647458395,0.6175918519496918,0.6376688480377197,0,0.0,0,10,10
IAEA_plus_15,15,22,core_term,en,neutron,28,35247,13,15,0.6899797916412354,0.6775538325309753,0.6626602947711945,0.6899797916412354,6,0.6,1,10,10
IAEA_plus_15,15,22,phrase,zh,中子测量电流,28,35247,13,15,0.6772618889808655,0.6698239048322042,0.6657037198543548,0.6772618889808655,0,0.0,0,10,10
IAEA_plus_15,15,22,phrase,en,neutron measurement current,28,35247,13,15,0.6957577466964722,0.6816319227218628,0.6631955504417419,0.6957577466964722,8,0.8,1,10,10
IAEA_plus_15,15,23,core_term,zh,中子,28,31444,13,15,0.6103138327598572,0.6073058644930521,0.6030639231204986,0.6103138327598572,0,0.0,0,10,10
IAEA_plus_15,15,23,core_term,en,neutron,28,31444,13,15,0.6899797916412354,0.6767170627911886,0.6612394988536835,0.6899797916412354,7,0.7,1,10,10
IAEA_plus_15,15,23,phrase,zh,中子测量电流,28,31444,13,15,0.664697527885437,0.6631498535474142,0.6563639521598816,0.664697527885437,0,0.0,0,10,10
IAEA_plus_15,15,23,phrase,en,neutron measurement current,28,31444,13,15,0.7035508155822754,0.6991282900174459,0.6767319321632386,0.7035508155822754,5,0.5,3,10,10
IAEA_plus_15,15,24,core_term,zh,中子,28,25384,13,15,0.6228203177452087,0.6219706535339355,0.61971395611763,0.6228203177452087,0,0.0,0,10,10
IAEA_plus_15,15,24,core_term,en,neutron,28,25384,13,15,0.6899797916412354,0.6767170627911886,0.6612394988536835,0.6899797916412354,7,0.7,1,10,10
IAEA_plus_15,15,24,phrase,zh,中子测量电流,28,25384,13,15,0.674386739730835,0.6738664507865906,0.6699054360389709,0.674386739730835,0,0.0,0,10,10
IAEA_plus_15,15,24,phrase,en,neutron measurement current,28,25384,13,15,0.7035508155822754,0.6991282900174459,0.6767610549926758,0.7035508155822754,4,0.4,3,10,10
IAEA_plus_15,15,25,core_term,zh,中子,28,27929,13,15,0.6228203177452087,0.6219706535339355,0.61971395611763,0.6228203177452087,0,0.0,0,10,10
IAEA_plus_15,15,25,core_term,en,neutron,28,27929,13,15,0.6899797916412354,0.6775538325309753,0.6626602947711945,0.6899797916412354,6,0.6,1,10,10
IAEA_plus_15,15,25,phrase,zh,中子测量电流,28,27929,13,15,0.674386739730835,0.6738664507865906,0.6701100587844848,0.674386739730835,0,0.0,0,10,10
IAEA_plus_15,15,25,phrase,en,neutron measurement current,28,27929,13,15,0.6957577466964722,0.6816319227218628,0.6631955504417419,0.6957577466964722,8,0.8,1,10,10
IAEA_plus_15,15,26,core_term,zh,中子,28,31344,13,15,0.5843064188957214,0.5828381180763245,0.5800861120223999,0.5843064188957214,0,0.0,0,10,10
IAEA_plus_15,15,26,core_term,en,neutron,28,31344,13,15,0.6899797916412354,0.6767170627911886,0.6639501214027405,0.6899797916412354,5,0.5,1,10,10
IAEA_plus_15,15,26,phrase,zh,中子测量电流,28,31344,13,15,0.6185203194618225,0.6168049176534017,0.6148931562900544,0.6185203194618225,0,0.0,0,10,10
IAEA_plus_15,15,26,phrase,en,neutron measurement current,28,31344,13,15,0.7035508155822754,0.6991282900174459,0.6767319321632386,0.7035508155822754,5,0.5,3,10,10
IAEA_plus_15,15,27,core_term,zh,中子,28,32216,13,15,0.6116806268692017,0.6109298268953959,0.6097173631191254,0.6116806268692017,0,0.0,0,10,10
IAEA_plus_15,15,27,core_term,en,neutron,28,32216,13,15,0.6899797916412354,0.6775538325309753,0.6653629541397095,0.6899797916412354,5,0.5,1,10,10
IAEA_plus_15,15,27,phrase,zh,中子测量电流,28,32216,13,15,0.6693858504295349,0.6665657758712769,0.6632412552833558,0.6693858504295349,0,0.0,0,10,10
IAEA_plus_15,15,27,phrase,en,neutron measurement current,28,32216,13,15,0.6957577466964722,0.6816319227218628,0.662165778875351,0.6957577466964722,8,0.8,1,10,10
IAEA_plus_15,15,28,core_term,zh,中子,28,27255,13,15,0.6103138327598572,0.6073058644930521,0.6030639231204986,0.6103138327598572,0,0.0,0,10,10
IAEA_plus_15,15,28,core_term,en,neutron,28,27255,13,15,0.6899797916412354,0.6767170627911886,0.6635451257228852,0.6899797916412354,5,0.5,1,10,10
IAEA_plus_15,15,28,phrase,zh,中子测量电流,28,27255,13,15,0.664697527885437,0.6631498535474142,0.6563639521598816,0.664697527885437,0,0.0,0,10,10
IAEA_plus_15,15,28,phrase,en,neutron measurement current,28,27255,13,15,0.6957577466964722,0.6816319227218628,0.6602667510509491,0.6957577466964722,9,0.9,1,10,10
IAEA_plus_15,15,29,core_term,zh,中子,28,28929,13,15,0.5600153803825378,0.554706354935964,0.5506435692310333,0.5600153803825378,0,0.0,0,10,10
IAEA_plus_15,15,29,core_term,en,neutron,28,28929,13,15,0.6899797916412354,0.6767170627911886,0.6639501214027405,0.6899797916412354,5,0.5,1,10,10
IAEA_plus_15,15,29,phrase,zh,中子测量电流,28,28929,13,15,0.5922446846961975,0.5881256063779196,0.5859891057014466,0.5922446846961975,0,0.0,0,10,10
IAEA_plus_15,15,29,phrase,en,neutron measurement current,28,28929,13,15,0.7035508155822754,0.6991282900174459,0.6767319321632386,0.7035508155822754,5,0.5,3,10,10
IAEA_plus_15,15,30,core_term,zh,中子,28,32441,13,15,0.6116806268692017,0.6109298268953959,0.6098909616470337,0.6116806268692017,0,0.0,0,10,10
IAEA_plus_15,15,30,core_term,en,neutron,28,32441,13,15,0.6899797916412354,0.6775538325309753,0.6648365914821625,0.6899797916412354,5,0.5,1,10,10
IAEA_plus_15,15,30,phrase,zh,中子测量电流,28,32441,13,15,0.6693858504295349,0.6665657758712769,0.6639178454875946,0.6693858504295349,0,0.0,0,10,10
IAEA_plus_15,15,30,phrase,en,neutron measurement current,28,32441,13,15,0.7035508155822754,0.6991282900174459,0.6771908760070801,0.7035508155822754,4,0.4,3,10,10
IAEA_plus_15,15,31,core_term,zh,中子,28,29462,13,15,0.6116806268692017,0.6109298268953959,0.6097173631191254,0.6116806268692017,0,0.0,0,10,10
IAEA_plus_15,15,31,core_term,en,neutron,28,29462,13,15,0.6899797916412354,0.6775538325309753,0.6645804107189178,0.6899797916412354,5,0.5,1,10,10
IAEA_plus_15,15,31,phrase,zh,中子测量电流,28,29462,13,15,0.6693858504295349,0.6665657758712769,0.6632412552833558,0.6693858504295349,0,0.0,0,10,10
IAEA_plus_15,15,31,phrase,en,neutron measurement current,28,29462,13,15,0.6957577466964722,0.6816319227218628,0.6635860502719879,0.6957577466964722,7,0.7,1,10,10
IAEA_plus_15,15,32,core_term,zh,中子,28,23762,13,15,0.6376688480377197,0.6274608572324117,0.622068452835083,0.6376688480377197,0,0.0,0,10,10
IAEA_plus_15,15,32,core_term,en,neutron,28,23762,13,15,0.6899797916412354,0.6767170627911886,0.6589956402778625,0.6899797916412354,10,1.0,1,10,10
IAEA_plus_15,15,32,phrase,zh,中子测量电流,28,23762,13,15,0.6772618889808655,0.6750983198483785,0.6708976626396179,0.6772618889808655,0,0.0,0,10,10
IAEA_plus_15,15,32,phrase,en,neutron measurement current,28,23762,13,15,0.6957577466964722,0.6816319227218628,0.6601194024085999,0.6957577466964722,10,1.0,1,10,10
IAEA_plus_15,15,33,core_term,zh,中子,28,24848,13,15,0.5843064188957214,0.5828381180763245,0.5800861120223999,0.5843064188957214,0,0.0,0,10,10
IAEA_plus_15,15,33,core_term,en,neutron,28,24848,13,15,0.6899797916412354,0.6767170627911886,0.6589956402778625,0.6899797916412354,10,1.0,1,10,10
IAEA_plus_15,15,33,phrase,zh,中子测量电流,28,24848,13,15,0.6185203194618225,0.6168049176534017,0.6148931562900544,0.6185203194618225,0,0.0,0,10,10
IAEA_plus_15,15,33,phrase,en,neutron measurement current,28,24848,13,15,0.6957577466964722,0.6816319227218628,0.6620560765266419,0.6957577466964722,8,0.8,1,10,10
IAEA_plus_15,15,34,core_term,zh,中子,28,36687,13,15,0.6376688480377197,0.6274608572324117,0.622068452835083,0.6376688480377197,0,0.0,0,10,10
IAEA_plus_15,15,34,core_term,en,neutron,28,36687,13,15,0.6899797916412354,0.6767170627911886,0.6606558859348297,0.6899797916412354,9,0.9,1,10,10
IAEA_plus_15,15,34,phrase,zh,中子测量电流,28,36687,13,15,0.6772618889808655,0.6750983198483785,0.6708976626396179,0.6772618889808655,0,0.0,0,10,10
IAEA_plus_15,15,34,phrase,en,neutron measurement current,28,36687,13,15,0.6957577466964722,0.6816319227218628,0.6616231620311737,0.6957577466964722,9,0.9,1,10,10
IAEA_plus_15,15,35,core_term,zh,中子,28,26360,13,15,0.6376688480377197,0.6259249647458395,0.6175918519496918,0.6376688480377197,0,0.0,0,10,10
IAEA_plus_15,15,35,core_term,en,neutron,28,26360,13,15,0.6899797916412354,0.6767170627911886,0.6589956402778625,0.6899797916412354,10,1.0,1,10,10
IAEA_plus_15,15,35,phrase,zh,中子测量电流,28,26360,13,15,0.6772618889808655,0.6698199510574341,0.6651476860046387,0.6772618889808655,0,0.0,0,10,10
IAEA_plus_15,15,35,phrase,en,neutron measurement current,28,26360,13,15,0.6957577466964722,0.6816319227218628,0.6616231620311737,0.6957577466964722,9,0.9,1,10,10
IAEA_plus_15,15,36,core_term,zh,中子,28,23095,13,15,0.5478966236114502,0.5469457308451334,0.5450950860977173,0.5478966236114502,0,0.0,0,10,10
IAEA_plus_15,15,36,core_term,en,neutron,28,23095,13,15,0.6899797916412354,0.6767170627911886,0.6635451257228852,0.6899797916412354,5,0.5,1,10,10
IAEA_plus_15,15,36,phrase,zh,中子测量电流,28,23095,13,15,0.5860769152641296,0.5854836304982504,0.5834659814834595,0.5860769152641296,0,0.0,0,10,10
IAEA_plus_15,15,36,phrase,en,neutron measurement current,28,23095,13,15,0.6957577466964722,0.6816319227218628,0.661409318447113,0.6957577466964722,8,0.8,1,10,10
IAEA_plus_15,15,37,core_term,zh,中子,28,28848,13,15,0.6376688480377197,0.6259249647458395,0.6175918519496918,0.6376688480377197,0,0.0,0,10,10
IAEA_plus_15,15,37,core_term,en,neutron,28,28848,13,15,0.6899797916412354,0.6767170627911886,0.6589956402778625,0.6899797916412354,10,1.0,1,10,10
IAEA_plus_15,15,37,phrase,zh,中子测量电流,28,28848,13,15,0.6772618889808655,0.6698199510574341,0.6651476860046387,0.6772618889808655,0,0.0,0,10,10
IAEA_plus_15,15,37,phrase,en,neutron measurement current,28,28848,13,15,0.6957577466964722,0.6816319227218628,0.6620560765266419,0.6957577466964722,8,0.8,1,10,10
IAEA_plus_15,15,38,core_term,zh,中子,28,26502,13,15,0.6089305877685547,0.6050087412198385,0.5690361678600311,0.6089305877685547,0,0.0,0,10,10
IAEA_plus_15,15,38,core_term,en,neutron,28,26502,13,15,0.6899797916412354,0.6767170627911886,0.6589956402778625,0.6899797916412354,10,1.0,1,10,10
IAEA_plus_15,15,38,phrase,zh,中子测量电流,28,26502,13,15,0.6693858504295349,0.6599276463190714,0.6116033554077148,0.6693858504295349,0,0.0,0,10,10
IAEA_plus_15,15,38,phrase,en,neutron measurement current,28,26502,13,15,0.6957577466964722,0.6816319227218628,0.6616231620311737,0.6957577466964722,9,0.9,1,10,10
IAEA_plus_15,15,39,core_term,zh,中子,28,26896,13,15,0.6228203177452087,0.6219706535339355,0.61971395611763,0.6228203177452087,0,0.0,0,10,10
IAEA_plus_15,15,39,core_term,en,neutron,28,26896,13,15,0.6899797916412354,0.6775538325309753,0.6626602947711945,0.6899797916412354,6,0.6,1,10,10
IAEA_plus_15,15,39,phrase,zh,中子测量电流,28,26896,13,15,0.674386739730835,0.6738664507865906,0.6699054360389709,0.674386739730835,0,0.0,0,10,10
IAEA_plus_15,15,39,phrase,en,neutron measurement current,28,26896,13,15,0.6957577466964722,0.6816319227218628,0.6620904743671417,0.6957577466964722,8,0.8,1,10,10
IAEA_plus_15,15,40,core_term,zh,中子,28,28479,13,15,0.6103138327598572,0.6073058644930521,0.6030639231204986,0.6103138327598572,0,0.0,0,10,10
IAEA_plus_15,15,40,core_term,en,neutron,28,28479,13,15,0.6899797916412354,0.6767170627911886,0.6621435642242431,0.6899797916412354,6,0.6,1,10,10
IAEA_plus_15,15,40,phrase,zh,中子测量电流,28,28479,13,15,0.664697527885437,0.6631498535474142,0.6563639521598816,0.664697527885437,0,0.0,0,10,10
IAEA_plus_15,15,40,phrase,en,neutron measurement current,28,28479,13,15,0.6957577466964722,0.6816319227218628,0.6602667510509491,0.6957577466964722,9,0.9,1,10,10
IAEA_plus_15,15,41,core_term,zh,中子,28,32993,13,15,0.6228203177452087,0.6219706535339355,0.61971395611763,0.6228203177452087,0,0.0,0,10,10
IAEA_plus_15,15,41,core_term,en,neutron,28,32993,13,15,0.6899797916412354,0.6775538325309753,0.6626602947711945,0.6899797916412354,6,0.6,1,10,10
IAEA_plus_15,15,41,phrase,zh,中子测量电流,28,32993,13,15,0.674386739730835,0.6738664507865906,0.6701100587844848,0.674386739730835,0,0.0,0,10,10
IAEA_plus_15,15,41,phrase,en,neutron measurement current,28,32993,13,15,0.6957577466964722,0.6816319227218628,0.6624858975410461,0.6957577466964722,8,0.8,1,10,10
IAEA_plus_15,15,42,core_term,zh,中子,28,28304,13,15,0.6103138327598572,0.6073058644930521,0.6030639231204986,0.6103138327598572,0,0.0,0,10,10
IAEA_plus_15,15,42,core_term,en,neutron,28,28304,13,15,0.6899797916412354,0.6767170627911886,0.6589956402778625,0.6899797916412354,10,1.0,1,10,10
IAEA_plus_15,15,42,phrase,zh,中子测量电流,28,28304,13,15,0.664697527885437,0.6631498535474142,0.6563639521598816,0.664697527885437,0,0.0,0,10,10
IAEA_plus_15,15,42,phrase,en,neutron measurement current,28,28304,13,15,0.6957577466964722,0.6816319227218628,0.6605868697166443,0.6957577466964722,9,0.9,1,10,10
IAEA_plus_15,15,43,core_term,zh,中子,28,27803,13,15,0.6116806268692017,0.6109298268953959,0.6098909616470337,0.6116806268692017,0,0.0,0,10,10
IAEA_plus_15,15,43,core_term,en,neutron,28,27803,13,15,0.6899797916412354,0.6775538325309753,0.6645804107189178,0.6899797916412354,5,0.5,1,10,10
IAEA_plus_15,15,43,phrase,zh,中子测量电流,28,27803,13,15,0.6693858504295349,0.6665657758712769,0.6639178454875946,0.6693858504295349,0,0.0,0,10,10
IAEA_plus_15,15,43,phrase,en,neutron measurement current,28,27803,13,15,0.6957577466964722,0.6816319227218628,0.662165778875351,0.6957577466964722,8,0.8,1,10,10
IAEA_plus_15,15,44,core_term,zh,中子,28,32137,13,15,0.6116806268692017,0.6109298268953959,0.6096568167209625,0.6116806268692017,0,0.0,0,10,10
IAEA_plus_15,15,44,core_term,en,neutron,28,32137,13,15,0.6899797916412354,0.6775538325309753,0.6645804107189178,0.6899797916412354,5,0.5,1,10,10
IAEA_plus_15,15,44,phrase,zh,中子测量电流,28,32137,13,15,0.6652456521987915,0.6637954115867615,0.6617978990077973,0.6652456521987915,0,0.0,0,10,10
IAEA_plus_15,15,44,phrase,en,neutron measurement current,28,32137,13,15,0.6957577466964722,0.6816319227218628,0.662165778875351,0.6957577466964722,8,0.8,1,10,10
IAEA_plus_15,15,45,core_term,zh,中子,28,28532,13,15,0.6376688480377197,0.6259249647458395,0.6175918519496918,0.6376688480377197,0,0.0,0,10,10
IAEA_plus_15,15,45,core_term,en,neutron,28,28532,13,15,0.6899797916412354,0.6767170627911886,0.6639501214027405,0.6899797916412354,5,0.5,1,10,10
IAEA_plus_15,15,45,phrase,zh,中子测量电流,28,28532,13,15,0.6772618889808655,0.6712039709091187,0.6662477493286133,0.6772618889808655,0,0.0,0,10,10
IAEA_plus_15,15,45,phrase,en,neutron measurement current,28,28532,13,15,0.7035508155822754,0.6991282900174459,0.6767319321632386,0.7035508155822754,5,0.5,3,10,10
IAEA_plus_15,15,46,core_term,zh,中子,28,30571,13,15,0.6376688480377197,0.6274608572324117,0.622068452835083,0.6376688480377197,0,0.0,0,10,10
IAEA_plus_15,15,46,core_term,en,neutron,28,30571,13,15,0.6899797916412354,0.6767170627911886,0.6606558859348297,0.6899797916412354,9,0.9,1,10,10
IAEA_plus_15,15,46,phrase,zh,中子测量电流,28,30571,13,15,0.6772618889808655,0.6750983198483785,0.6710787355899811,0.6772618889808655,0,0.0,0,10,10
IAEA_plus_15,15,46,phrase,en,neutron measurement current,28,30571,13,15,0.6957577466964722,0.6816319227218628,0.6601194024085999,0.6957577466964722,10,1.0,1,10,10
IAEA_plus_15,15,47,core_term,zh,中子,28,29245,13,15,0.6103138327598572,0.6073058644930521,0.6030639231204986,0.6103138327598572,0,0.0,0,10,10
IAEA_plus_15,15,47,core_term,en,neutron,28,29245,13,15,0.6899797916412354,0.6767170627911886,0.6628393471240998,0.6899797916412354,6,0.6,1,10,10
IAEA_plus_15,15,47,phrase,zh,中子测量电流,28,29245,13,15,0.664697527885437,0.6631498535474142,0.6563639521598816,0.664697527885437,0,0.0,0,10,10
IAEA_plus_15,15,47,phrase,en,neutron measurement current,28,29245,13,15,0.7035508155822754,0.6991282900174459,0.6767319321632386,0.7035508155822754,5,0.5,3,10,10
IAEA_plus_15,15,48,core_term,zh,中子,28,26225,13,15,0.6376688480377197,0.6259249647458395,0.6175918519496918,0.6376688480377197,0,0.0,0,10,10
IAEA_plus_15,15,48,core_term,en,neutron,28,26225,13,15,0.6899797916412354,0.6767170627911886,0.6612394988536835,0.6899797916412354,7,0.7,1,10,10
IAEA_plus_15,15,48,phrase,zh,中子测量电流,28,26225,13,15,0.6772618889808655,0.6698199510574341,0.6651476860046387,0.6772618889808655,0,0.0,0,10,10
IAEA_plus_15,15,48,phrase,en,neutron measurement current,28,26225,13,15,0.7035508155822754,0.6991282900174459,0.6767319321632386,0.7035508155822754,5,0.5,3,10,10
IAEA_plus_15,15,49,core_term,zh,中子,28,32437,13,15,0.6228203177452087,0.6219706535339355,0.61971395611763,0.6228203177452087,0,0.0,0,10,10
IAEA_plus_15,15,49,core_term,en,neutron,28,32437,13,15,0.6899797916412354,0.6767170627911886,0.6612394988536835,0.6899797916412354,7,0.7,1,10,10
IAEA_plus_15,15,49,phrase,zh,中子测量电流,28,32437,13,15,0.674386739730835,0.6738664507865906,0.6701100587844848,0.674386739730835,0,0.0,0,10,10
IAEA_plus_15,15,49,phrase,en,neutron measurement current,28,32437,13,15,0.7035508155822754,0.6991282900174459,0.6767319321632386,0.7035508155822754,5,0.5,3,10,10
IAEA_plus_15,15,50,core_term,zh,中子,28,30932,13,15,0.5843064188957214,0.5828381180763245,0.5800861120223999,0.5843064188957214,0,0.0,0,10,10
IAEA_plus_15,15,50,core_term,en,neutron,28,30932,13,15,0.6899797916412354,0.6767170627911886,0.6608629584312439,0.6899797916412354,9,0.9,1,10,10
IAEA_plus_15,15,50,phrase,zh,中子测量电流,28,30932,13,15,0.6185203194618225,0.6168049176534017,0.6148931562900544,0.6185203194618225,0,0.0,0,10,10
IAEA_plus_15,15,50,phrase,en,neutron measurement current,28,30932,13,15,0.6957577466964722,0.6816319227218628,0.6605868697166443,0.6957577466964722,9,0.9,1,10,10
IAEA_plus_15,15,51,core_term,zh,中子,28,31021,13,15,0.6116806268692017,0.6109298268953959,0.6096568167209625,0.6116806268692017,0,0.0,0,10,10
IAEA_plus_15,15,51,core_term,en,neutron,28,31021,13,15,0.6899797916412354,0.6775538325309753,0.6639306902885437,0.6899797916412354,5,0.5,1,10,10
IAEA_plus_15,15,51,phrase,zh,中子测量电流,28,31021,13,15,0.6652456521987915,0.6637954115867615,0.6617978990077973,0.6652456521987915,0,0.0,0,10,10
IAEA_plus_15,15,51,phrase,en,neutron measurement current,28,31021,13,15,0.7035508155822754,0.6991282900174459,0.6771908760070801,0.7035508155822754,4,0.4,3,10,10
IAEA_plus_15,15,52,core_term,zh,中子,28,30761,13,15,0.6228203177452087,0.6219706535339355,0.61971395611763,0.6228203177452087,0,0.0,0,10,10
IAEA_plus_15,15,52,core_term,en,neutron,28,30761,13,15,0.6899797916412354,0.6767170627911886,0.6626322746276856,0.6899797916412354,6,0.6,1,10,10
IAEA_plus_15,15,52,phrase,zh,中子测量电流,28,30761,13,15,0.674386739730835,0.6738664507865906,0.6699054360389709,0.674386739730835,0,0.0,0,10,10
IAEA_plus_15,15,52,phrase,en,neutron measurement current,28,30761,13,15,0.7035508155822754,0.6991282900174459,0.6767319321632386,0.7035508155822754,5,0.5,3,10,10
IAEA_plus_15,15,53,core_term,zh,中子,28,35887,13,15,0.5843064188957214,0.5828381180763245,0.5800861120223999,0.5843064188957214,0,0.0,0,10,10
IAEA_plus_15,15,53,core_term,en,neutron,28,35887,13,15,0.6899797916412354,0.6767170627911886,0.6621435642242431,0.6899797916412354,6,0.6,1,10,10
IAEA_plus_15,15,53,phrase,zh,中子测量电流,28,35887,13,15,0.6185203194618225,0.6168049176534017,0.6148931562900544,0.6185203194618225,0,0.0,0,10,10
IAEA_plus_15,15,53,phrase,en,neutron measurement current,28,35887,13,15,0.6957577466964722,0.6816319227218628,0.6602667510509491,0.6957577466964722,9,0.9,1,10,10
IAEA_plus_15,15,54,core_term,zh,中子,28,27862,13,15,0.6116806268692017,0.6109298268953959,0.6098909616470337,0.6116806268692017,0,0.0,0,10,10
IAEA_plus_15,15,54,core_term,en,neutron,28,27862,13,15,0.6899797916412354,0.6775538325309753,0.6626602947711945,0.6899797916412354,6,0.6,1,10,10
IAEA_plus_15,15,54,phrase,zh,中子测量电流,28,27862,13,15,0.6693858504295349,0.6665657758712769,0.6639178454875946,0.6693858504295349,0,0.0,0,10,10
IAEA_plus_15,15,54,phrase,en,neutron measurement current,28,27862,13,15,0.6957577466964722,0.6816319227218628,0.6635795295238495,0.6957577466964722,7,0.7,1,10,10
IAEA_plus_15,15,55,core_term,zh,中子,28,25435,13,15,0.6116806268692017,0.6109298268953959,0.6098556876182556,0.6116806268692017,0,0.0,0,10,10
IAEA_plus_15,15,55,core_term,en,neutron,28,25435,13,15,0.6899797916412354,0.6775538325309753,0.6626602947711945,0.6899797916412354,6,0.6,1,10,10
IAEA_plus_15,15,55,phrase,zh,中子测量电流,28,25435,13,15,0.6652456521987915,0.6644489566485087,0.6627322137355804,0.6652456521987915,0,0.0,0,10,10
IAEA_plus_15,15,55,phrase,en,neutron measurement current,28,25435,13,15,0.6957577466964722,0.6816319227218628,0.6639061689376831,0.6957577466964722,7,0.7,1,10,10
IAEA_plus_15,15,56,core_term,zh,中子,28,22745,13,15,0.6376688480377197,0.6259249647458395,0.6175918519496918,0.6376688480377197,0,0.0,0,10,10
IAEA_plus_15,15,56,core_term,en,neutron,28,22745,13,15,0.6899797916412354,0.6767170627911886,0.6589956402778625,0.6899797916412354,10,1.0,1,10,10
IAEA_plus_15,15,56,phrase,zh,中子测量电流,28,22745,13,15,0.6772618889808655,0.6712039709091187,0.666480016708374,0.6772618889808655,0,0.0,0,10,10
IAEA_plus_15,15,56,phrase,en,neutron measurement current,28,22745,13,15,0.6957577466964722,0.6816319227218628,0.6601194024085999,0.6957577466964722,10,1.0,1,10,10
IAEA_plus_15,15,57,core_term,zh,中子,28,33004,13,15,0.6103138327598572,0.6073058644930521,0.6030639231204986,0.6103138327598572,0,0.0,0,10,10
IAEA_plus_15,15,57,core_term,en,neutron,28,33004,13,15,0.6899797916412354,0.6767170627911886,0.6607562005519867,0.6899797916412354,8,0.8,1,10,10
IAEA_plus_15,15,57,phrase,zh,中子测量电流,28,33004,13,15,0.664697527885437,0.6631498535474142,0.6563639521598816,0.664697527885437,0,0.0,0,10,10
IAEA_plus_15,15,57,phrase,en,neutron measurement current,28,33004,13,15,0.6957577466964722,0.6816319227218628,0.6631497085094452,0.6957577466964722,7,0.7,1,10,10
IAEA_plus_15,15,58,core_term,zh,中子,28,26797,13,15,0.5478966236114502,0.5469457308451334,0.5450950860977173,0.5478966236114502,0,0.0,0,10,10
IAEA_plus_15,15,58,core_term,en,neutron,28,26797,13,15,0.6899797916412354,0.6767170627911886,0.6612394988536835,0.6899797916412354,7,0.7,1,10,10
IAEA_plus_15,15,58,phrase,zh,中子测量电流,28,26797,13,15,0.5860769152641296,0.5854836304982504,0.5834659814834595,0.5860769152641296,0,0.0,0,10,10
IAEA_plus_15,15,58,phrase,en,neutron measurement current,28,26797,13,15,0.7035508155822754,0.6991282900174459,0.6767319321632386,0.7035508155822754,5,0.5,3,10,10
IAEA_plus_15,15,59,core_term,zh,中子,28,34000,13,15,0.6228203177452087,0.6219706535339355,0.61971395611763,0.6228203177452087,0,0.0,0,10,10
IAEA_plus_15,15,59,core_term,en,neutron,28,34000,13,15,0.6899797916412354,0.6775538325309753,0.6656655967235565,0.6899797916412354,5,0.5,1,10,10
IAEA_plus_15,15,59,phrase,zh,中子测量电流,28,34000,13,15,0.674386739730835,0.6738664507865906,0.6699054360389709,0.674386739730835,0,0.0,0,10,10
IAEA_plus_15,15,59,phrase,en,neutron measurement current,28,34000,13,15,0.7035508155822754,0.6991282900174459,0.6771908760070801,0.7035508155822754,4,0.4,3,10,10
IAEA_plus_15,15,60,core_term,zh,中子,28,23541,13,15,0.6228203177452087,0.6219706535339355,0.61971395611763,0.6228203177452087,0,0.0,0,10,10
IAEA_plus_15,15,60,core_term,en,neutron,28,23541,13,15,0.6899797916412354,0.6767170627911886,0.6589956402778625,0.6899797916412354,10,1.0,1,10,10
IAEA_plus_15,15,60,phrase,zh,中子测量电流,28,23541,13,15,0.674386739730835,0.6738664507865906,0.6701100587844848,0.674386739730835,0,0.0,0,10,10
IAEA_plus_15,15,60,phrase,en,neutron measurement current,28,23541,13,15,0.6957577466964722,0.6816319227218628,0.6616231620311737,0.6957577466964722,9,0.9,1,10,10
IAEA_plus_15,15,61,core_term,zh,中子,28,30704,13,15,0.6228203177452087,0.6219706535339355,0.61971395611763,0.6228203177452087,0,0.0,0,10,10
IAEA_plus_15,15,61,core_term,en,neutron,28,30704,13,15,0.6899797916412354,0.6767170627911886,0.6635451257228852,0.6899797916412354,5,0.5,1,10,10
IAEA_plus_15,15,61,phrase,zh,中子测量电流,28,30704,13,15,0.674386739730835,0.6738664507865906,0.6699054360389709,0.674386739730835,0,0.0,0,10,10
IAEA_plus_15,15,61,phrase,en,neutron measurement current,28,30704,13,15,0.6957577466964722,0.6816319227218628,0.6602667510509491,0.6957577466964722,9,0.9,1,10,10
IAEA_plus_15,15,62,core_term,zh,中子,28,25442,13,15,0.6103138327598572,0.6084927320480347,0.6048609912395477,0.6103138327598572,0,0.0,0,10,10
IAEA_plus_15,15,62,core_term,en,neutron,28,25442,13,15,0.6899797916412354,0.6767170627911886,0.6621435642242431,0.6899797916412354,6,0.6,1,10,10
IAEA_plus_15,15,62,phrase,zh,中子测量电流,28,25442,13,15,0.6693858504295349,0.6663830677668253,0.6600395441055298,0.6693858504295349,0,0.0,0,10,10
IAEA_plus_15,15,62,phrase,en,neutron measurement current,28,25442,13,15,0.6957577466964722,0.6816319227218628,0.6602667510509491,0.6957577466964722,9,0.9,1,10,10
IAEA_plus_15,15,63,core_term,zh,中子,28,25409,13,15,0.6376688480377197,0.6259249647458395,0.6175918519496918,0.6376688480377197,0,0.0,0,10,10
IAEA_plus_15,15,63,core_term,en,neutron,28,25409,13,15,0.6899797916412354,0.6767170627911886,0.6589956402778625,0.6899797916412354,10,1.0,1,10,10
IAEA_plus_15,15,63,phrase,zh,中子测量电流,28,25409,13,15,0.6772618889808655,0.6698199510574341,0.6651476860046387,0.6772618889808655,0,0.0,0,10,10
IAEA_plus_15,15,63,phrase,en,neutron measurement current,28,25409,13,15,0.6957577466964722,0.6816319227218628,0.6620560765266419,0.6957577466964722,8,0.8,1,10,10
IAEA_plus_15,15,64,core_term,zh,中子,28,36987,13,15,0.6228203177452087,0.6219706535339355,0.61971395611763,0.6228203177452087,0,0.0,0,10,10
IAEA_plus_15,15,64,core_term,en,neutron,28,36987,13,15,0.6899797916412354,0.6767170627911886,0.6624413073062897,0.6899797916412354,8,0.8,1,10,10
IAEA_plus_15,15,64,phrase,zh,中子测量电流,28,36987,13,15,0.674386739730835,0.6738664507865906,0.6701100587844848,0.674386739730835,0,0.0,0,10,10
IAEA_plus_15,15,64,phrase,en,neutron measurement current,28,36987,13,15,0.6957577466964722,0.6816319227218628,0.6601194024085999,0.6957577466964722,10,1.0,1,10,10
IAEA_plus_15,15,65,core_term,zh,中子,28,32727,13,15,0.6376688480377197,0.6274608572324117,0.622068452835083,0.6376688480377197,0,0.0,0,10,10
IAEA_plus_15,15,65,core_term,en,neutron,28,32727,13,15,0.6899797916412354,0.6775538325309753,0.6655700266361236,0.6899797916412354,5,0.5,1,10,10
IAEA_plus_15,15,65,phrase,zh,中子测量电流,28,32727,13,15,0.6772618889808655,0.6750983198483785,0.6708976626396179,0.6772618889808655,0,0.0,0,10,10
IAEA_plus_15,15,65,phrase,en,neutron measurement current,28,32727,13,15,0.6957577466964722,0.6816319227218628,0.662165778875351,0.6957577466964722,8,0.8,1,10,10
IAEA_plus_15,15,66,core_term,zh,中子,28,27143,13,15,0.6376688480377197,0.6259249647458395,0.6175918519496918,0.6376688480377197,0,0.0,0,10,10
IAEA_plus_15,15,66,core_term,en,neutron,28,27143,13,15,0.6899797916412354,0.6767170627911886,0.6625219941139221,0.6899797916412354,7,0.7,1,10,10
IAEA_plus_15,15,66,phrase,zh,中子测量电流,28,27143,13,15,0.6772618889808655,0.6698199510574341,0.6651476860046387,0.6772618889808655,0,0.0,0,10,10
IAEA_plus_15,15,66,phrase,en,neutron measurement current,28,27143,13,15,0.6957577466964722,0.6816319227218628,0.6627657294273377,0.6957577466964722,8,0.8,1,10,10
IAEA_plus_15,15,67,core_term,zh,中子,28,25311,13,15,0.6376688480377197,0.6259249647458395,0.6175918519496918,0.6376688480377197,0,0.0,0,10,10
IAEA_plus_15,15,67,core_term,en,neutron,28,25311,13,15,0.6899797916412354,0.6767170627911886,0.6612394988536835,0.6899797916412354,7,0.7,1,10,10
IAEA_plus_15,15,67,phrase,zh,中子测量电流,28,25311,13,15,0.6772618889808655,0.6698199510574341,0.6651476860046387,0.6772618889808655,0,0.0,0,10,10
IAEA_plus_15,15,67,phrase,en,neutron measurement current,28,25311,13,15,0.7035508155822754,0.6991282900174459,0.6767610549926758,0.7035508155822754,4,0.4,3,10,10
IAEA_plus_15,15,68,core_term,zh,中子,28,26340,13,15,0.6228203177452087,0.6219706535339355,0.61971395611763,0.6228203177452087,0,0.0,0,10,10
IAEA_plus_15,15,68,core_term,en,neutron,28,26340,13,15,0.6899797916412354,0.6767170627911886,0.6626322746276856,0.6899797916412354,6,0.6,1,10,10
IAEA_plus_15,15,68,phrase,zh,中子测量电流,28,26340,13,15,0.674386739730835,0.6738664507865906,0.6699054360389709,0.674386739730835,0,0.0,0,10,10
IAEA_plus_15,15,68,phrase,en,neutron measurement current,28,26340,13,15,0.7035508155822754,0.6991282900174459,0.6767610549926758,0.7035508155822754,4,0.4,3,10,10
IAEA_plus_15,15,69,core_term,zh,中子,28,37178,13,15,0.6116806268692017,0.6109298268953959,0.6097173631191254,0.6116806268692017,0,0.0,0,10,10
IAEA_plus_15,15,69,core_term,en,neutron,28,37178,13,15,0.6899797916412354,0.6775538325309753,0.6626602947711945,0.6899797916412354,6,0.6,1,10,10
IAEA_plus_15,15,69,phrase,zh,中子测量电流,28,37178,13,15,0.6693858504295349,0.6665657758712769,0.6632412552833558,0.6693858504295349,0,0.0,0,10,10
IAEA_plus_15,15,69,phrase,en,neutron measurement current,28,37178,13,15,0.6957577466964722,0.6816319227218628,0.6639061689376831,0.6957577466964722,7,0.7,1,10,10
IAEA_plus_15,15,70,core_term,zh,中子,28,30495,13,15,0.6116806268692017,0.6109298268953959,0.6096568167209625,0.6116806268692017,0,0.0,0,10,10
IAEA_plus_15,15,70,core_term,en,neutron,28,30495,13,15,0.6899797916412354,0.6775538325309753,0.6641988396644593,0.6899797916412354,6,0.6,1,10,10
IAEA_plus_15,15,70,phrase,zh,中子测量电流,28,30495,13,15,0.6652456521987915,0.6637954115867615,0.6617978990077973,0.6652456521987915,0,0.0,0,10,10
IAEA_plus_15,15,70,phrase,en,neutron measurement current,28,30495,13,15,0.6957577466964722,0.6816319227218628,0.6639061689376831,0.6957577466964722,7,0.7,1,10,10
IAEA_plus_15,15,71,core_term,zh,中子,28,28527,13,15,0.6103138327598572,0.6084927320480347,0.6048609912395477,0.6103138327598572,0,0.0,0,10,10
IAEA_plus_15,15,71,core_term,en,neutron,28,28527,13,15,0.6899797916412354,0.6767170627911886,0.6646835565567016,0.6899797916412354,5,0.5,1,10,10
IAEA_plus_15,15,71,phrase,zh,中子测量电流,28,28527,13,15,0.6693858504295349,0.6663830677668253,0.6600395441055298,0.6693858504295349,0,0.0,0,10,10
IAEA_plus_15,15,71,phrase,en,neutron measurement current,28,28527,13,15,0.6957577466964722,0.6816319227218628,0.6602667510509491,0.6957577466964722,9,0.9,1,10,10
IAEA_plus_15,15,72,core_term,zh,中子,28,30352,13,15,0.5843064188957214,0.5828381180763245,0.5800861120223999,0.5843064188957214,0,0.0,0,10,10
IAEA_plus_15,15,72,core_term,en,neutron,28,30352,13,15,0.6899797916412354,0.6767170627911886,0.6626322746276856,0.6899797916412354,6,0.6,1,10,10
IAEA_plus_15,15,72,phrase,zh,中子测量电流,28,30352,13,15,0.6185203194618225,0.6168049176534017,0.6148931562900544,0.6185203194618225,0,0.0,0,10,10
IAEA_plus_15,15,72,phrase,en,neutron measurement current,28,30352,13,15,0.7035508155822754,0.6991282900174459,0.6767319321632386,0.7035508155822754,5,0.5,3,10,10
IAEA_plus_15,15,73,core_term,zh,中子,28,23455,13,15,0.6376688480377197,0.6259249647458395,0.6175918519496918,0.6376688480377197,0,0.0,0,10,10
IAEA_plus_15,15,73,core_term,en,neutron,28,23455,13,15,0.6899797916412354,0.6767170627911886,0.6628393471240998,0.6899797916412354,6,0.6,1,10,10
IAEA_plus_15,15,73,phrase,zh,中子测量电流,28,23455,13,15,0.6772618889808655,0.6712039709091187,0.666480016708374,0.6772618889808655,0,0.0,0,10,10
IAEA_plus_15,15,73,phrase,en,neutron measurement current,28,23455,13,15,0.7035508155822754,0.6991282900174459,0.6767319321632386,0.7035508155822754,5,0.5,3,10,10
IAEA_plus_15,15,74,core_term,zh,中子,28,32917,13,15,0.6376688480377197,0.6259249647458395,0.6175918519496918,0.6376688480377197,0,0.0,0,10,10
IAEA_plus_15,15,74,core_term,en,neutron,28,32917,13,15,0.6899797916412354,0.6775538325309753,0.6655700266361236,0.6899797916412354,5,0.5,1,10,10
IAEA_plus_15,15,74,phrase,zh,中子测量电流,28,32917,13,15,0.6772618889808655,0.6712039709091187,0.6665949940681457,0.6772618889808655,0,0.0,0,10,10
IAEA_plus_15,15,74,phrase,en,neutron measurement current,28,32917,13,15,0.6957577466964722,0.6816319227218628,0.6646158218383789,0.6957577466964722,7,0.7,1,10,10
IAEA_plus_15,15,75,core_term,zh,中子,28,25949,13,15,0.5843064188957214,0.5828381180763245,0.5800861120223999,0.5843064188957214,0,0.0,0,10,10
IAEA_plus_15,15,75,core_term,en,neutron,28,25949,13,15,0.6899797916412354,0.6767170627911886,0.6612394988536835,0.6899797916412354,7,0.7,1,10,10
IAEA_plus_15,15,75,phrase,zh,中子测量电流,28,25949,13,15,0.6185203194618225,0.6168049176534017,0.6148931562900544,0.6185203194618225,0,0.0,0,10,10
IAEA_plus_15,15,75,phrase,en,neutron measurement current,28,25949,13,15,0.7035508155822754,0.6991282900174459,0.6767610549926758,0.7035508155822754,4,0.4,3,10,10
IAEA_plus_15,15,76,core_term,zh,中子,28,31308,13,15,0.6116806268692017,0.6109298268953959,0.6098556876182556,0.6116806268692017,0,0.0,0,10,10
IAEA_plus_15,15,76,core_term,en,neutron,28,31308,13,15,0.6899797916412354,0.6775538325309753,0.6641988396644593,0.6899797916412354,6,0.6,1,10,10
IAEA_plus_15,15,76,phrase,zh,中子测量电流,28,31308,13,15,0.6652456521987915,0.6644489566485087,0.6627322137355804,0.6652456521987915,0,0.0,0,10,10
IAEA_plus_15,15,76,phrase,en,neutron measurement current,28,31308,13,15,0.6957577466964722,0.6816319227218628,0.6639061689376831,0.6957577466964722,7,0.7,1,10,10
IAEA_plus_15,15,77,core_term,zh,中子,28,31544,13,15,0.6376688480377197,0.6259249647458395,0.6175918519496918,0.6376688480377197,0,0.0,0,10,10
IAEA_plus_15,15,77,core_term,en,neutron,28,31544,13,15,0.6899797916412354,0.6775538325309753,0.6626602947711945,0.6899797916412354,6,0.6,1,10,10
IAEA_plus_15,15,77,phrase,zh,中子测量电流,28,31544,13,15,0.6772618889808655,0.6698239048322042,0.6657037198543548,0.6772618889808655,0,0.0,0,10,10
IAEA_plus_15,15,77,phrase,en,neutron measurement current,28,31544,13,15,0.6957577466964722,0.6816319227218628,0.6620904743671417,0.6957577466964722,8,0.8,1,10,10
IAEA_plus_15,15,78,core_term,zh,中子,28,29405,13,15,0.6228203177452087,0.6219706535339355,0.61971395611763,0.6228203177452087,0,0.0,0,10,10
IAEA_plus_15,15,78,core_term,en,neutron,28,29405,13,15,0.6899797916412354,0.6775538325309753,0.6639306902885437,0.6899797916412354,5,0.5,1,10,10
IAEA_plus_15,15,78,phrase,zh,中子测量电流,28,29405,13,15,0.674386739730835,0.6738664507865906,0.6699054360389709,0.674386739730835,0,0.0,0,10,10
IAEA_plus_15,15,78,phrase,en,neutron measurement current,28,29405,13,15,0.7035508155822754,0.6991282900174459,0.6771908760070801,0.7035508155822754,4,0.4,3,10,10
IAEA_plus_15,15,79,core_term,zh,中子,28,30670,13,15,0.6376688480377197,0.6259249647458395,0.6175918519496918,0.6376688480377197,0,0.0,0,10,10
IAEA_plus_15,15,79,core_term,en,neutron,28,30670,13,15,0.6899797916412354,0.6775538325309753,0.6639306902885437,0.6899797916412354,5,0.5,1,10,10
IAEA_plus_15,15,79,phrase,zh,中子测量电流,28,30670,13,15,0.6772618889808655,0.6698239048322042,0.6657037198543548,0.6772618889808655,0,0.0,0,10,10
IAEA_plus_15,15,79,phrase,en,neutron measurement current,28,30670,13,15,0.7035508155822754,0.6991282900174459,0.6771908760070801,0.7035508155822754,4,0.4,3,10,10
IAEA_plus_15,15,80,core_term,zh,中子,28,26130,13,15,0.5600153803825378,0.5529919068018595,0.5486573457717896,0.5600153803825378,0,0.0,0,10,10
IAEA_plus_15,15,80,core_term,en,neutron,28,26130,13,15,0.6899797916412354,0.6767170627911886,0.6609632730484009,0.6899797916412354,8,0.8,1,10,10
IAEA_plus_15,15,80,phrase,zh,中子测量电流,28,26130,13,15,0.600178599357605,0.599280595779419,0.5965897440910339,0.600178599357605,0,0.0,0,10,10
IAEA_plus_15,15,80,phrase,en,neutron measurement current,28,26130,13,15,0.6957577466964722,0.6816319227218628,0.6627657294273377,0.6957577466964722,8,0.8,1,10,10
IAEA_plus_15,15,81,core_term,zh,中子,28,30164,13,15,0.6376688480377197,0.6259249647458395,0.6175918519496918,0.6376688480377197,0,0.0,0,10,10
IAEA_plus_15,15,81,core_term,en,neutron,28,30164,13,15,0.6899797916412354,0.6767170627911886,0.6612394988536835,0.6899797916412354,7,0.7,1,10,10
IAEA_plus_15,15,81,phrase,zh,中子测量电流,28,30164,13,15,0.6772618889808655,0.6698199510574341,0.6655229806900025,0.6772618889808655,0,0.0,0,10,10
IAEA_plus_15,15,81,phrase,en,neutron measurement current,28,30164,13,15,0.7035508155822754,0.6991282900174459,0.6767319321632386,0.7035508155822754,5,0.5,3,10,10
IAEA_plus_15,15,82,core_term,zh,中子,28,29427,13,15,0.5843064188957214,0.5828381180763245,0.5800861120223999,0.5843064188957214,0,0.0,0,10,10
IAEA_plus_15,15,82,core_term,en,neutron,28,29427,13,15,0.6899797916412354,0.6767170627911886,0.6608629584312439,0.6899797916412354,9,0.9,1,10,10
IAEA_plus_15,15,82,phrase,zh,中子测量电流,28,29427,13,15,0.6185203194618225,0.6168049176534017,0.6148931562900544,0.6185203194618225,0,0.0,0,10,10
IAEA_plus_15,15,82,phrase,en,neutron measurement current,28,29427,13,15,0.6957577466964722,0.6816319227218628,0.6616231620311737,0.6957577466964722,9,0.9,1,10,10
IAEA_plus_15,15,83,core_term,zh,中子,28,27812,13,15,0.6376688480377197,0.6259249647458395,0.6175918519496918,0.6376688480377197,0,0.0,0,10,10
IAEA_plus_15,15,83,core_term,en,neutron,28,27812,13,15,0.6899797916412354,0.6767170627911886,0.6609632730484009,0.6899797916412354,8,0.8,1,10,10
IAEA_plus_15,15,83,phrase,zh,中子测量电流,28,27812,13,15,0.6772618889808655,0.6698199510574341,0.6651476860046387,0.6772618889808655,0,0.0,0,10,10
IAEA_plus_15,15,83,phrase,en,neutron measurement current,28,27812,13,15,0.6957577466964722,0.6816319227218628,0.6627657294273377,0.6957577466964722,8,0.8,1,10,10
IAEA_plus_15,15,84,core_term,zh,中子,28,28246,13,15,0.6228203177452087,0.6219706535339355,0.61971395611763,0.6228203177452087,0,0.0,0,10,10
IAEA_plus_15,15,84,core_term,en,neutron,28,28246,13,15,0.6899797916412354,0.6775538325309753,0.6645804107189178,0.6899797916412354,5,0.5,1,10,10
IAEA_plus_15,15,84,phrase,zh,中子测量电流,28,28246,13,15,0.674386739730835,0.6738664507865906,0.6699054360389709,0.674386739730835,0,0.0,0,10,10
IAEA_plus_15,15,84,phrase,en,neutron measurement current,28,28246,13,15,0.6957577466964722,0.6816319227218628,0.6632594108581543,0.6957577466964722,7,0.7,1,10,10
IAEA_plus_15,15,85,core_term,zh,中子,28,32431,13,15,0.6116806268692017,0.6109298268953959,0.6096568167209625,0.6116806268692017,0,0.0,0,10,10
IAEA_plus_15,15,85,core_term,en,neutron,28,32431,13,15,0.6899797916412354,0.6775538325309753,0.6641988396644593,0.6899797916412354,6,0.6,1,10,10
IAEA_plus_15,15,85,phrase,zh,中子测量电流,28,32431,13,15,0.6652456521987915,0.6637954115867615,0.6617978990077973,0.6652456521987915,0,0.0,0,10,10
IAEA_plus_15,15,85,phrase,en,neutron measurement current,28,32431,13,15,0.6957577466964722,0.6816319227218628,0.6648040533065795,0.6957577466964722,6,0.6,1,10,10
IAEA_plus_15,15,86,core_term,zh,中子,28,28860,13,15,0.6228203177452087,0.6219706535339355,0.61971395611763,0.6228203177452087,0,0.0,0,10,10
IAEA_plus_15,15,86,core_term,en,neutron,28,28860,13,15,0.6899797916412354,0.6775538325309753,0.6650354743003846,0.6899797916412354,5,0.5,1,10,10
IAEA_plus_15,15,86,phrase,zh,中子测量电流,28,28860,13,15,0.674386739730835,0.6738664507865906,0.6699054360389709,0.674386739730835,0,0.0,0,10,10
IAEA_plus_15,15,86,phrase,en,neutron measurement current,28,28860,13,15,0.7035508155822754,0.6991282900174459,0.6771908760070801,0.7035508155822754,4,0.4,3,10,10
IAEA_plus_15,15,87,core_term,zh,中子,28,29369,13,15,0.6376688480377197,0.6259249647458395,0.6175918519496918,0.6376688480377197,0,0.0,0,10,10
IAEA_plus_15,15,87,core_term,en,neutron,28,29369,13,15,0.6899797916412354,0.6767170627911886,0.6625219941139221,0.6899797916412354,7,0.7,1,10,10
IAEA_plus_15,15,87,phrase,zh,中子测量电流,28,29369,13,15,0.6772618889808655,0.6712039709091187,0.6662477493286133,0.6772618889808655,0,0.0,0,10,10
IAEA_plus_15,15,87,phrase,en,neutron measurement current,28,29369,13,15,0.6957577466964722,0.6816319227218628,0.6617294371128082,0.6957577466964722,8,0.8,1,10,10
IAEA_plus_15,15,88,core_term,zh,中子,28,29584,13,15,0.6116806268692017,0.6109298268953959,0.609656810760498,0.6116806268692017,0,0.0,0,10,10
IAEA_plus_15,15,88,core_term,en,neutron,28,29584,13,15,0.6899797916412354,0.6775538325309753,0.6645804107189178,0.6899797916412354,5,0.5,1,10,10
IAEA_plus_15,15,88,phrase,zh,中子测量电流,28,29584,13,15,0.6652456521987915,0.6637954115867615,0.6617978990077973,0.6652456521987915,0,0.0,0,10,10
IAEA_plus_15,15,88,phrase,en,neutron measurement current,28,29584,13,15,0.6957577466964722,0.6816319227218628,0.6648040533065795,0.6957577466964722,6,0.6,1,10,10
IAEA_plus_15,15,89,core_term,zh,中子,28,28650,13,15,0.5843064188957214,0.5828381180763245,0.5800861120223999,0.5843064188957214,0,0.0,0,10,10
IAEA_plus_15,15,89,core_term,en,neutron,28,28650,13,15,0.6899797916412354,0.6767170627911886,0.6589956402778625,0.6899797916412354,10,1.0,1,10,10
IAEA_plus_15,15,89,phrase,zh,中子测量电流,28,28650,13,15,0.6185203194618225,0.6168049176534017,0.6148931562900544,0.6185203194618225,0,0.0,0,10,10
IAEA_plus_15,15,89,phrase,en,neutron measurement current,28,28650,13,15,0.6957577466964722,0.6816319227218628,0.6605868697166443,0.6957577466964722,9,0.9,1,10,10
IAEA_plus_15,15,90,core_term,zh,中子,28,26496,13,15,0.5600153803825378,0.5540589888890585,0.5475605249404907,0.5600153803825378,0,0.0,0,10,10
IAEA_plus_15,15,90,core_term,en,neutron,28,26496,13,15,0.6899797916412354,0.6767170627911886,0.6630278110504151,0.6899797916412354,5,0.5,1,10,10
IAEA_plus_15,15,90,phrase,zh,中子测量电流,28,26496,13,15,0.5922446846961975,0.5898007750511169,0.5867757618427276,0.5922446846961975,0,0.0,0,10,10
IAEA_plus_15,15,90,phrase,en,neutron measurement current,28,26496,13,15,0.7035508155822754,0.6991282900174459,0.6767319321632386,0.7035508155822754,5,0.5,3,10,10
IAEA_plus_15,15,91,core_term,zh,中子,28,36841,13,15,0.6376688480377197,0.6259249647458395,0.6175918519496918,0.6376688480377197,0,0.0,0,10,10
IAEA_plus_15,15,91,core_term,en,neutron,28,36841,13,15,0.6899797916412354,0.6767170627911886,0.663338053226471,0.6899797916412354,5,0.5,1,10,10
IAEA_plus_15,15,91,phrase,zh,中子测量电流,28,36841,13,15,0.6772618889808655,0.6712039709091187,0.6662477493286133,0.6772618889808655,0,0.0,0,10,10
IAEA_plus_15,15,91,phrase,en,neutron measurement current,28,36841,13,15,0.6957577466964722,0.6816319227218628,0.6602667510509491,0.6957577466964722,9,0.9,1,10,10
IAEA_plus_15,15,92,core_term,zh,中子,28,31315,13,15,0.6116806268692017,0.6109298268953959,0.6096568167209625,0.6116806268692017,0,0.0,0,10,10
IAEA_plus_15,15,92,core_term,en,neutron,28,31315,13,15,0.6899797916412354,0.6775538325309753,0.6652425467967987,0.6899797916412354,5,0.5,1,10,10
IAEA_plus_15,15,92,phrase,zh,中子测量电流,28,31315,13,15,0.6652456521987915,0.6637954115867615,0.6617978990077973,0.6652456521987915,0,0.0,0,10,10
IAEA_plus_15,15,92,phrase,en,neutron measurement current,28,31315,13,15,0.7035508155822754,0.6991282900174459,0.6771908760070801,0.7035508155822754,4,0.4,3,10,10
IAEA_plus_15,15,93,core_term,zh,中子,28,29846,13,15,0.6103138327598572,0.6084927320480347,0.6048609912395477,0.6103138327598572,0,0.0,0,10,10
IAEA_plus_15,15,93,core_term,en,neutron,28,29846,13,15,0.6899797916412354,0.6767170627911886,0.6624413073062897,0.6899797916412354,8,0.8,1,10,10
IAEA_plus_15,15,93,phrase,zh,中子测量电流,28,29846,13,15,0.6693858504295349,0.6663830677668253,0.6600395441055298,0.6693858504295349,0,0.0,0,10,10
IAEA_plus_15,15,93,phrase,en,neutron measurement current,28,29846,13,15,0.6957577466964722,0.6816319227218628,0.6601194024085999,0.6957577466964722,10,1.0,1,10,10
IAEA_plus_15,15,94,core_term,zh,中子,28,28389,13,15,0.5843064188957214,0.5828381180763245,0.5800861120223999,0.5843064188957214,0,0.0,0,10,10
IAEA_plus_15,15,94,core_term,en,neutron,28,28389,13,15,0.6899797916412354,0.6767170627911886,0.663338053226471,0.6899797916412354,5,0.5,1,10,10
IAEA_plus_15,15,94,phrase,zh,中子测量电流,28,28389,13,15,0.6185203194618225,0.6168049176534017,0.6148931562900544,0.6185203194618225,0,0.0,0,10,10
IAEA_plus_15,15,94,phrase,en,neutron measurement current,28,28389,13,15,0.6957577466964722,0.6816319227218628,0.6617359578609466,0.6957577466964722,8,0.8,1,10,10
IAEA_plus_15,15,95,core_term,zh,中子,28,28544,13,15,0.5563935041427612,0.5508891741434733,0.5471958637237548,0.5563935041427612,0,0.0,0,10,10
IAEA_plus_15,15,95,core_term,en,neutron,28,28544,13,15,0.6899797916412354,0.6767170627911886,0.6608629584312439,0.6899797916412354,9,0.9,1,10,10
IAEA_plus_15,15,95,phrase,zh,中子测量电流,28,28544,13,15,0.600178599357605,0.599280595779419,0.5965897440910339,0.600178599357605,0,0.0,0,10,10
IAEA_plus_15,15,95,phrase,en,neutron measurement current,28,28544,13,15,0.6957577466964722,0.6816319227218628,0.6616231620311737,0.6957577466964722,9,0.9,1,10,10
IAEA_plus_15,15,96,core_term,zh,中子,28,31175,13,15,0.5843064188957214,0.5828381180763245,0.5800861120223999,0.5843064188957214,0,0.0,0,10,10
IAEA_plus_15,15,96,core_term,en,neutron,28,31175,13,15,0.6899797916412354,0.6767170627911886,0.6630278110504151,0.6899797916412354,5,0.5,1,10,10
IAEA_plus_15,15,96,phrase,zh,中子测量电流,28,31175,13,15,0.6185203194618225,0.6168049176534017,0.6148931562900544,0.6185203194618225,0,0.0,0,10,10
IAEA_plus_15,15,96,phrase,en,neutron measurement current,28,31175,13,15,0.7035508155822754,0.6991282900174459,0.6767319321632386,0.7035508155822754,5,0.5,3,10,10
IAEA_plus_15,15,97,core_term,zh,中子,28,28595,13,15,0.5483773946762085,0.5444137454032898,0.5419781804084778,0.5483773946762085,0,0.0,0,10,10
IAEA_plus_15,15,97,core_term,en,neutron,28,28595,13,15,0.6899797916412354,0.6767170627911886,0.6628393471240998,0.6899797916412354,6,0.6,1,10,10
IAEA_plus_15,15,97,phrase,zh,中子测量电流,28,28595,13,15,0.600178599357605,0.599280595779419,0.5965897440910339,0.600178599357605,0,0.0,0,10,10
IAEA_plus_15,15,97,phrase,en,neutron measurement current,28,28595,13,15,0.7035508155822754,0.6991282900174459,0.6767319321632386,0.7035508155822754,5,0.5,3,10,10
IAEA_plus_15,15,98,core_term,zh,中子,28,30401,13,15,0.6376688480377197,0.6259249647458395,0.6175918519496918,0.6376688480377197,0,0.0,0,10,10
IAEA_plus_15,15,98,core_term,en,neutron,28,30401,13,15,0.6899797916412354,0.6775538325309753,0.6639917671680451,0.6899797916412354,6,0.6,1,10,10
IAEA_plus_15,15,98,phrase,zh,中子测量电流,28,30401,13,15,0.6772618889808655,0.6698239048322042,0.665899783372879,0.6772618889808655,0,0.0,0,10,10
IAEA_plus_15,15,98,phrase,en,neutron measurement current,28,30401,13,15,0.6957577466964722,0.6816319227218628,0.6631955504417419,0.6957577466964722,8,0.8,1,10,10
IAEA_plus_15,15,99,core_term,zh,中子,28,26654,13,15,0.6228203177452087,0.6219706535339355,0.61971395611763,0.6228203177452087,0,0.0,0,10,10
IAEA_plus_15,15,99,core_term,en,neutron,28,26654,13,15,0.6899797916412354,0.6767170627911886,0.6628393471240998,0.6899797916412354,6,0.6,1,10,10
IAEA_plus_15,15,99,phrase,zh,中子测量电流,28,26654,13,15,0.674386739730835,0.6738664507865906,0.6699054360389709,0.674386739730835,0,0.0,0,10,10
IAEA_plus_15,15,99,phrase,en,neutron measurement current,28,26654,13,15,0.7035508155822754,0.6991282900174459,0.6767610549926758,0.7035508155822754,4,0.4,3,10,10
IAEA_plus_20,20,0,core_term,zh,中子,33,36775,13,20,0.6228203177452087,0.6219706535339355,0.61971395611763,0.6228203177452087,0,0.0,0,10,10
IAEA_plus_20,20,0,core_term,en,neutron,33,36775,13,20,0.6899797916412354,0.6767170627911886,0.6649397373199463,0.6899797916412354,5,0.5,1,10,10
IAEA_plus_20,20,0,phrase,zh,中子测量电流,33,36775,13,20,0.674386739730835,0.6738664507865906,0.6701100587844848,0.674386739730835,0,0.0,0,10,10
IAEA_plus_20,20,0,phrase,en,neutron measurement current,33,36775,13,20,0.7035508155822754,0.6991282900174459,0.6767319321632386,0.7035508155822754,5,0.5,3,10,10
IAEA_plus_20,20,1,core_term,zh,中子,33,30419,13,20,0.6376688480377197,0.6259249647458395,0.6175918519496918,0.6376688480377197,0,0.0,0,10,10
IAEA_plus_20,20,1,core_term,en,neutron,33,30419,13,20,0.6899797916412354,0.6767170627911886,0.6591778516769409,0.6899797916412354,9,0.9,1,10,10
IAEA_plus_20,20,1,phrase,zh,中子测量电流,33,30419,13,20,0.6772618889808655,0.6712039709091187,0.6662477493286133,0.6772618889808655,0,0.0,0,10,10
IAEA_plus_20,20,1,phrase,en,neutron measurement current,33,30419,13,20,0.6957577466964722,0.6816319227218628,0.6617294371128082,0.6957577466964722,8,0.8,1,10,10
IAEA_plus_20,20,2,core_term,zh,中子,33,32509,13,20,0.6089305877685547,0.6050087412198385,0.5687160432338715,0.6089305877685547,0,0.0,0,10,10
IAEA_plus_20,20,2,core_term,en,neutron,33,32509,13,20,0.6899797916412354,0.6767170627911886,0.6589956402778625,0.6899797916412354,10,1.0,1,10,10
IAEA_plus_20,20,2,phrase,zh,中子测量电流,33,32509,13,20,0.6693858504295349,0.6599276463190714,0.6193274438381196,0.6693858504295349,0,0.0,0,10,10
IAEA_plus_20,20,2,phrase,en,neutron measurement current,33,32509,13,20,0.6957577466964722,0.6816319227218628,0.6601194024085999,0.6957577466964722,10,1.0,1,10,10
IAEA_plus_20,20,3,core_term,zh,中子,33,29993,13,20,0.6228203177452087,0.6219706535339355,0.61971395611763,0.6228203177452087,0,0.0,0,10,10
IAEA_plus_20,20,3,core_term,en,neutron,33,29993,13,20,0.6899797916412354,0.6767170627911886,0.6641571938991546,0.6899797916412354,5,0.5,1,10,10
IAEA_plus_20,20,3,phrase,zh,中子测量电流,33,29993,13,20,0.674386739730835,0.6738664507865906,0.6701100587844848,0.674386739730835,0,0.0,0,10,10
IAEA_plus_20,20,3,phrase,en,neutron measurement current,33,29993,13,20,0.7035508155822754,0.6991282900174459,0.6767319321632386,0.7035508155822754,5,0.5,3,10,10
IAEA_plus_20,20,4,core_term,zh,中子,33,37460,13,20,0.5563935041427612,0.5521165132522583,0.547928535938263,0.5563935041427612,0,0.0,0,10,10
IAEA_plus_20,20,4,core_term,en,neutron,33,37460,13,20,0.6899797916412354,0.6767170627911886,0.6606558859348297,0.6899797916412354,9,0.9,1,10,10
IAEA_plus_20,20,4,phrase,zh,中子测量电流,33,37460,13,20,0.600178599357605,0.599280595779419,0.5965897440910339,0.600178599357605,0,0.0,0,10,10
IAEA_plus_20,20,4,phrase,en,neutron measurement current,33,37460,13,20,0.6957577466964722,0.6816319227218628,0.6605868697166443,0.6957577466964722,9,0.9,1,10,10
IAEA_plus_20,20,5,core_term,zh,中子,33,38901,13,20,0.5843064188957214,0.5828381180763245,0.5800861120223999,0.5843064188957214,0,0.0,0,10,10
IAEA_plus_20,20,5,core_term,en,neutron,33,38901,13,20,0.6899797916412354,0.6767170627911886,0.6640338361263275,0.6899797916412354,5,0.5,1,10,10
IAEA_plus_20,20,5,phrase,zh,中子测量电流,33,38901,13,20,0.6185203194618225,0.6168049176534017,0.6148931562900544,0.6185203194618225,0,0.0,0,10,10
IAEA_plus_20,20,5,phrase,en,neutron measurement current,33,38901,13,20,0.7035508155822754,0.6991282900174459,0.6767610549926758,0.7035508155822754,4,0.4,3,10,10
IAEA_plus_20,20,6,core_term,zh,中子,33,31994,13,20,0.6376688480377197,0.6259249647458395,0.6175918519496918,0.6376688480377197,0,0.0,0,10,10
IAEA_plus_20,20,6,core_term,en,neutron,33,31994,13,20,0.6899797916412354,0.6775538325309753,0.6648365914821625,0.6899797916412354,5,0.5,1,10,10
IAEA_plus_20,20,6,phrase,zh,中子测量电流,33,31994,13,20,0.6772618889808655,0.6698239048322042,0.6657037198543548,0.6772618889808655,0,0.0,0,10,10
IAEA_plus_20,20,6,phrase,en,neutron measurement current,33,31994,13,20,0.7035508155822754,0.6991282900174459,0.6771908760070801,0.7035508155822754,4,0.4,3,10,10
IAEA_plus_20,20,7,core_term,zh,中子,33,33480,13,20,0.6376688480377197,0.6259249647458395,0.6175918519496918,0.6376688480377197,0,0.0,0,10,10
IAEA_plus_20,20,7,core_term,en,neutron,33,33480,13,20,0.6899797916412354,0.6767170627911886,0.6624413073062897,0.6899797916412354,8,0.8,1,10,10
IAEA_plus_20,20,7,phrase,zh,中子测量电流,33,33480,13,20,0.6772618889808655,0.6712039709091187,0.666480016708374,0.6772618889808655,0,0.0,0,10,10
IAEA_plus_20,20,7,phrase,en,neutron measurement current,33,33480,13,20,0.6957577466964722,0.6816319227218628,0.6601194024085999,0.6957577466964722,10,1.0,1,10,10
IAEA_plus_20,20,8,core_term,zh,中子,33,32381,13,20,0.6376688480377197,0.6259249647458395,0.6175918519496918,0.6376688480377197,0,0.0,0,10,10
IAEA_plus_20,20,8,core_term,en,neutron,33,32381,13,20,0.6899797916412354,0.6775538325309753,0.6626602947711945,0.6899797916412354,6,0.6,1,10,10
IAEA_plus_20,20,8,phrase,zh,中子测量电流,33,32381,13,20,0.6772618889808655,0.6712039709091187,0.6665949940681457,0.6772618889808655,0,0.0,0,10,10
IAEA_plus_20,20,8,phrase,en,neutron measurement current,33,32381,13,20,0.6957577466964722,0.6816319227218628,0.6631955504417419,0.6957577466964722,8,0.8,1,10,10
IAEA_plus_20,20,9,core_term,zh,中子,33,38889,13,20,0.6116806268692017,0.6109298268953959,0.6097173631191254,0.6116806268692017,0,0.0,0,10,10
IAEA_plus_20,20,9,core_term,en,neutron,33,38889,13,20,0.6899797916412354,0.6775538325309753,0.6654585242271424,0.6899797916412354,5,0.5,1,10,10
IAEA_plus_20,20,9,phrase,zh,中子测量电流,33,38889,13,20,0.6693858504295349,0.6665657758712769,0.6632412552833558,0.6693858504295349,0,0.0,0,10,10
IAEA_plus_20,20,9,phrase,en,neutron measurement current,33,38889,13,20,0.7035508155822754,0.6991282900174459,0.6771908760070801,0.7035508155822754,4,0.4,3,10,10
IAEA_plus_20,20,10,core_term,zh,中子,33,39392,13,20,0.6228203177452087,0.6219706535339355,0.61971395611763,0.6228203177452087,0,0.0,0,10,10
IAEA_plus_20,20,10,core_term,en,neutron,33,39392,13,20,0.6899797916412354,0.6767170627911886,0.6624413073062897,0.6899797916412354,8,0.8,1,10,10
IAEA_plus_20,20,10,phrase,zh,中子测量电流,33,39392,13,20,0.674386739730835,0.6738664507865906,0.6699054360389709,0.674386739730835,0,0.0,0,10,10
IAEA_plus_20,20,10,phrase,en,neutron measurement current,33,39392,13,20,0.6957577466964722,0.6816319227218628,0.6601194024085999,0.6957577466964722,10,1.0,1,10,10
IAEA_plus_20,20,11,core_term,zh,中子,33,30295,13,20,0.6116806268692017,0.6109298268953959,0.6098909735679626,0.6116806268692017,0,0.0,0,10,10
IAEA_plus_20,20,11,core_term,en,neutron,33,30295,13,20,0.6899797916412354,0.6775538325309753,0.6645804107189178,0.6899797916412354,5,0.5,1,10,10
IAEA_plus_20,20,11,phrase,zh,中子测量电流,33,30295,13,20,0.6693859100341797,0.6665657758712769,0.6639178454875946,0.6693859100341797,0,0.0,0,10,10
IAEA_plus_20,20,11,phrase,en,neutron measurement current,33,30295,13,20,0.6957577466964722,0.6816319227218628,0.6625497579574585,0.6957577466964722,7,0.7,1,10,10
IAEA_plus_20,20,12,core_term,zh,中子,33,38150,13,20,0.6228203177452087,0.6219706535339355,0.61971395611763,0.6228203177452087,0,0.0,0,10,10
IAEA_plus_20,20,12,core_term,en,neutron,33,38150,13,20,0.6899797916412354,0.6767170627911886,0.6606558859348297,0.6899797916412354,9,0.9,1,10,10
IAEA_plus_20,20,12,phrase,zh,中子测量电流,33,38150,13,20,0.674386739730835,0.6738664507865906,0.6699054360389709,0.674386739730835,0,0.0,0,10,10
IAEA_plus_20,20,12,phrase,en,neutron measurement current,33,38150,13,20,0.6957577466964722,0.6816319227218628,0.6601194024085999,0.6957577466964722,10,1.0,1,10,10
IAEA_plus_20,20,13,core_term,zh,中子,33,31355,13,20,0.6376688480377197,0.6259249647458395,0.6175918519496918,0.6376688480377197,0,0.0,0,10,10
IAEA_plus_20,20,13,core_term,en,neutron,33,31355,13,20,0.6899797916412354,0.6767170627911886,0.6626322746276856,0.6899797916412354,6,0.6,1,10,10
IAEA_plus_20,20,13,phrase,zh,中子测量电流,33,31355,13,20,0.6772618889808655,0.6712039709091187,0.6662477493286133,0.6772618889808655,0,0.0,0,10,10
IAEA_plus_20,20,13,phrase,en,neutron measurement current,33,31355,13,20,0.7035508155822754,0.6991282900174459,0.6767319321632386,0.7035508155822754,5,0.5,3,10,10
IAEA_plus_20,20,14,core_term,zh,中子,33,41612,13,20,0.6376688480377197,0.6274608572324117,0.622068452835083,0.6376688480377197,0,0.0,0,10,10
IAEA_plus_20,20,14,core_term,en,neutron,33,41612,13,20,0.6899797916412354,0.6767170627911886,0.6606558859348297,0.6899797916412354,9,0.9,1,10,10
IAEA_plus_20,20,14,phrase,zh,中子测量电流,33,41612,13,20,0.6772618889808655,0.6750983198483785,0.6708976626396179,0.6772618889808655,0,0.0,0,10,10
IAEA_plus_20,20,14,phrase,en,neutron measurement current,33,41612,13,20,0.6957577466964722,0.6816319227218628,0.6605868697166443,0.6957577466964722,9,0.9,1,10,10
IAEA_plus_20,20,15,core_term,zh,中子,33,33583,13,20,0.6089305877685547,0.6050087412198385,0.5675728976726532,0.6089305877685547,0,0.0,0,10,10
IAEA_plus_20,20,15,core_term,en,neutron,33,33583,13,20,0.6899797916412354,0.6767170627911886,0.6621435642242431,0.6899797916412354,6,0.6,1,10,10
IAEA_plus_20,20,15,phrase,zh,中子测量电流,33,33583,13,20,0.6693858504295349,0.6599276463190714,0.6122405827045441,0.6693858504295349,0,0.0,0,10,10
IAEA_plus_20,20,15,phrase,en,neutron measurement current,33,33583,13,20,0.6957577466964722,0.6816319227218628,0.6606996655464172,0.6957577466964722,8,0.8,1,10,10
IAEA_plus_20,20,16,core_term,zh,中子,33,30714,13,20,0.5600153803825378,0.5559958418210348,0.5493966102600097,0.5600153803825378,0,0.0,0,10,10
IAEA_plus_20,20,16,core_term,en,neutron,33,30714,13,20,0.6899797916412354,0.6767170627911886,0.6640338361263275,0.6899797916412354,5,0.5,1,10,10
IAEA_plus_20,20,16,phrase,zh,中子测量电流,33,30714,13,20,0.5922446846961975,0.5891595482826233,0.5860466182231903,0.5922446846961975,0,0.0,0,10,10
IAEA_plus_20,20,16,phrase,en,neutron measurement current,33,30714,13,20,0.7035508155822754,0.6991282900174459,0.6767610549926758,0.7035508155822754,4,0.4,3,10,10
IAEA_plus_20,20,17,core_term,zh,中子,33,32675,13,20,0.6228203177452087,0.6219706535339355,0.61971395611763,0.6228203177452087,0,0.0,0,10,10
IAEA_plus_20,20,17,core_term,en,neutron,33,32675,13,20,0.6899797916412354,0.6767170627911886,0.6609632730484009,0.6899797916412354,8,0.8,1,10,10
IAEA_plus_20,20,17,phrase,zh,中子测量电流,33,32675,13,20,0.674386739730835,0.6738664507865906,0.6699054360389709,0.674386739730835,0,0.0,0,10,10
IAEA_plus_20,20,17,phrase,en,neutron measurement current,33,32675,13,20,0.6957577466964722,0.6816319227218628,0.6627657294273377,0.6957577466964722,8,0.8,1,10,10
IAEA_plus_20,20,18,core_term,zh,中子,33,32296,13,20,0.6228203177452087,0.6219706535339355,0.61971395611763,0.6228203177452087,0,0.0,0,10,10
IAEA_plus_20,20,18,core_term,en,neutron,33,32296,13,20,0.6899797916412354,0.6775538325309753,0.6626602947711945,0.6899797916412354,6,0.6,1,10,10
IAEA_plus_20,20,18,phrase,zh,中子测量电流,33,32296,13,20,0.674386739730835,0.6738664507865906,0.6701100587844848,0.674386739730835,0,0.0,0,10,10
IAEA_plus_20,20,18,phrase,en,neutron measurement current,33,32296,13,20,0.6957577466964722,0.6816319227218628,0.6631955504417419,0.6957577466964722,8,0.8,1,10,10
IAEA_plus_20,20,19,core_term,zh,中子,33,39264,13,20,0.6116806268692017,0.6109298268953959,0.6096568167209625,0.6116806268692017,0,0.0,0,10,10
IAEA_plus_20,20,19,core_term,en,neutron,33,39264,13,20,0.6899797916412354,0.6775538325309753,0.6639917671680451,0.6899797916412354,6,0.6,1,10,10
IAEA_plus_20,20,19,phrase,zh,中子测量电流,33,39264,13,20,0.6652456521987915,0.6637954115867615,0.6617978990077973,0.6652456521987915,0,0.0,0,10,10
IAEA_plus_20,20,19,phrase,en,neutron measurement current,33,39264,13,20,0.6957577466964722,0.6816319227218628,0.6624858975410461,0.6957577466964722,8,0.8,1,10,10
IAEA_plus_20,20,20,core_term,zh,中子,33,34388,13,20,0.6376688480377197,0.6259249647458395,0.6175918519496918,0.6376688480377197,0,0.0,0,10,10
IAEA_plus_20,20,20,core_term,en,neutron,33,34388,13,20,0.6899797916412354,0.6767170627911886,0.6608629584312439,0.6899797916412354,9,0.9,1,10,10
IAEA_plus_20,20,20,phrase,zh,中子测量电流,33,34388,13,20,0.6772618889808655,0.6698199510574341,0.6651476860046387,0.6772618889808655,0,0.0,0,10,10
IAEA_plus_20,20,20,phrase,en,neutron measurement current,33,34388,13,20,0.6957577466964722,0.6816319227218628,0.6620560824871063,0.6957577466964722,8,0.8,1,10,10
IAEA_plus_20,20,21,core_term,zh,中子,33,38747,13,20,0.6376688480377197,0.6259249647458395,0.6175918519496918,0.6376688480377197,0,0.0,0,10,10
IAEA_plus_20,20,21,core_term,en,neutron,33,38747,13,20,0.6899797916412354,0.6775538325309753,0.6639917671680451,0.6899797916412354,6,0.6,1,10,10
IAEA_plus_20,20,21,phrase,zh,中子测量电流,33,38747,13,20,0.6772618889808655,0.6712039709091187,0.6665949940681457,0.6772618889808655,0,0.0,0,10,10
IAEA_plus_20,20,21,phrase,en,neutron measurement current,33,38747,13,20,0.6957577466964722,0.6816319227218628,0.6620904743671417,0.6957577466964722,8,0.8,1,10,10
IAEA_plus_20,20,22,core_term,zh,中子,33,32190,13,20,0.6089305877685547,0.6050087412198385,0.5702835083007812,0.6089305877685547,0,0.0,0,10,10
IAEA_plus_20,20,22,core_term,en,neutron,33,32190,13,20,0.6899797916412354,0.6767170627911886,0.6626322746276856,0.6899797916412354,6,0.6,1,10,10
IAEA_plus_20,20,22,phrase,zh,中子测量电流,33,32190,13,20,0.6693858504295349,0.6599276463190714,0.6193274438381196,0.6693858504295349,0,0.0,0,10,10
IAEA_plus_20,20,22,phrase,en,neutron measurement current,33,32190,13,20,0.7035508155822754,0.6991282900174459,0.6767319321632386,0.7035508155822754,5,0.5,3,10,10
IAEA_plus_20,20,23,core_term,zh,中子,33,35275,13,20,0.6376688480377197,0.6274608572324117,0.622068452835083,0.6376688480377197,0,0.0,0,10,10
IAEA_plus_20,20,23,core_term,en,neutron,33,35275,13,20,0.6899797916412354,0.6767170627911886,0.6635451257228852,0.6899797916412354,5,0.5,1,10,10
IAEA_plus_20,20,23,phrase,zh,中子测量电流,33,35275,13,20,0.6772618889808655,0.6750983198483785,0.6708976626396179,0.6772618889808655,0,0.0,0,10,10
IAEA_plus_20,20,23,phrase,en,neutron measurement current,33,35275,13,20,0.6957577466964722,0.6816319227218628,0.66282958984375,0.6957577466964722,7,0.7,1,10,10
IAEA_plus_20,20,24,core_term,zh,中子,33,30489,13,20,0.6228203177452087,0.6219706535339355,0.61971395611763,0.6228203177452087,0,0.0,0,10,10
IAEA_plus_20,20,24,core_term,en,neutron,33,30489,13,20,0.6899797916412354,0.6767170627911886,0.6635451257228852,0.6899797916412354,5,0.5,1,10,10
IAEA_plus_20,20,24,phrase,zh,中子测量电流,33,30489,13,20,0.674386739730835,0.6738664507865906,0.6699054360389709,0.674386739730835,0,0.0,0,10,10
IAEA_plus_20,20,24,phrase,en,neutron measurement current,33,30489,13,20,0.6957577466964722,0.6816319227218628,0.6617932975292206,0.6957577466964722,7,0.7,1,10,10
IAEA_plus_20,20,25,core_term,zh,中子,33,27605,13,20,0.6376688480377197,0.6259249647458395,0.6175918519496918,0.6376688480377197,0,0.0,0,10,10
IAEA_plus_20,20,25,core_term,en,neutron,33,27605,13,20,0.6899797916412354,0.6767170627911886,0.6621435642242431,0.6899797916412354,6,0.6,1,10,10
IAEA_plus_20,20,25,phrase,zh,中子测量电流,33,27605,13,20,0.6772618889808655,0.6712039709091187,0.6662477493286133,0.6772618889808655,0,0.0,0,10,10
IAEA_plus_20,20,25,phrase,en,neutron measurement current,33,27605,13,20,0.6957577466964722,0.6816319227218628,0.6617359578609466,0.6957577466964722,8,0.8,1,10,10
IAEA_plus_20,20,26,core_term,zh,中子,33,36867,13,20,0.6228203177452087,0.6219706535339355,0.61971395611763,0.6228203177452087,0,0.0,0,10,10
IAEA_plus_20,20,26,core_term,en,neutron,33,36867,13,20,0.6899797916412354,0.6775538325309753,0.6655700266361236,0.6899797916412354,5,0.5,1,10,10
IAEA_plus_20,20,26,phrase,zh,中子测量电流,33,36867,13,20,0.674386739730835,0.6738664507865906,0.6699054360389709,0.674386739730835,0,0.0,0,10,10
IAEA_plus_20,20,26,phrase,en,neutron measurement current,33,36867,13,20,0.6957577466964722,0.6816319227218628,0.6632594108581543,0.6957577466964722,7,0.7,1,10,10
IAEA_plus_20,20,27,core_term,zh,中子,33,27876,13,20,0.6228203177452087,0.6219706535339355,0.61971395611763,0.6228203177452087,0,0.0,0,10,10
IAEA_plus_20,20,27,core_term,en,neutron,33,27876,13,20,0.6899797916412354,0.6767170627911886,0.6591778516769409,0.6899797916412354,9,0.9,1,10,10
IAEA_plus_20,20,27,phrase,zh,中子测量电流,33,27876,13,20,0.674386739730835,0.6738664507865906,0.6699054360389709,0.674386739730835,0,0.0,0,10,10
IAEA_plus_20,20,27,phrase,en,neutron measurement current,33,27876,13,20,0.6957577466964722,0.6816319227218628,0.6627657294273377,0.6957577466964722,8,0.8,1,10,10
IAEA_plus_20,20,28,core_term,zh,中子,33,30961,13,20,0.6089305877685547,0.6050087412198385,0.5702354311943054,0.6089305877685547,0,0.0,0,10,10
IAEA_plus_20,20,28,core_term,en,neutron,33,30961,13,20,0.6899797916412354,0.6767170627911886,0.6589956402778625,0.6899797916412354,10,1.0,1,10,10
IAEA_plus_20,20,28,phrase,zh,中子测量电流,33,30961,13,20,0.6693858504295349,0.6599276463190714,0.613299435377121,0.6693858504295349,0,0.0,0,10,10
IAEA_plus_20,20,28,phrase,en,neutron measurement current,33,30961,13,20,0.6957577466964722,0.6816319227218628,0.6620560765266419,0.6957577466964722,8,0.8,1,10,10
IAEA_plus_20,20,29,core_term,zh,中子,33,30844,13,20,0.6089305877685547,0.6050087412198385,0.5882789373397828,0.6089305877685547,0,0.0,0,10,10
IAEA_plus_20,20,29,core_term,en,neutron,33,30844,13,20,0.6899797916412354,0.6767170627911886,0.6628393471240998,0.6899797916412354,6,0.6,1,10,10
IAEA_plus_20,20,29,phrase,zh,中子测量电流,33,30844,13,20,0.6693858504295349,0.6599276463190714,0.6302282392978669,0.6693858504295349,0,0.0,0,10,10
IAEA_plus_20,20,29,phrase,en,neutron measurement current,33,30844,13,20,0.7035508155822754,0.6991282900174459,0.6767319321632386,0.7035508155822754,5,0.5,3,10,10
IAEA_plus_20,20,30,core_term,zh,中子,33,33040,13,20,0.6376688480377197,0.6274608572324117,0.622068452835083,0.6376688480377197,0,0.0,0,10,10
IAEA_plus_20,20,30,core_term,en,neutron,33,33040,13,20,0.6899797916412354,0.6767170627911886,0.6621435642242431,0.6899797916412354,6,0.6,1,10,10
IAEA_plus_20,20,30,phrase,zh,中子测量电流,33,33040,13,20,0.6772618889808655,0.6750983198483785,0.6708976626396179,0.6772618889808655,0,0.0,0,10,10
IAEA_plus_20,20,30,phrase,en,neutron measurement current,33,33040,13,20,0.6957577466964722,0.6816319227218628,0.661409318447113,0.6957577466964722,8,0.8,1,10,10
IAEA_plus_20,20,31,core_term,zh,中子,33,35700,13,20,0.6103138327598572,0.6073058644930521,0.6030639231204986,0.6103138327598572,0,0.0,0,10,10
IAEA_plus_20,20,31,core_term,en,neutron,33,35700,13,20,0.6899797916412354,0.6767170627911886,0.6608629584312439,0.6899797916412354,9,0.9,1,10,10
IAEA_plus_20,20,31,phrase,zh,中子测量电流,33,35700,13,20,0.664697527885437,0.6631498535474142,0.6563639521598816,0.664697527885437,0,0.0,0,10,10
IAEA_plus_20,20,31,phrase,en,neutron measurement current,33,35700,13,20,0.6957577466964722,0.6816319227218628,0.6605868697166443,0.6957577466964722,9,0.9,1,10,10
IAEA_plus_20,20,32,core_term,zh,中子,33,34046,13,20,0.6376688480377197,0.6259249647458395,0.6175918519496918,0.6376688480377197,0,0.0,0,10,10
IAEA_plus_20,20,32,core_term,en,neutron,33,34046,13,20,0.6899797916412354,0.6775538325309753,0.6645804107189178,0.6899797916412354,5,0.5,1,10,10
IAEA_plus_20,20,32,phrase,zh,中子测量电流,33,34046,13,20,0.6772618889808655,0.6698239048322042,0.6657037198543548,0.6772618889808655,0,0.0,0,10,10
IAEA_plus_20,20,32,phrase,en,neutron measurement current,33,34046,13,20,0.6957577466964722,0.6816319227218628,0.6625497579574585,0.6957577466964722,7,0.7,1,10,10
IAEA_plus_20,20,33,core_term,zh,中子,33,30571,13,20,0.6116806268692017,0.6109298268953959,0.6097173631191254,0.6116806268692017,0,0.0,0,10,10
IAEA_plus_20,20,33,core_term,en,neutron,33,30571,13,20,0.6899797916412354,0.6775538325309753,0.6656655967235565,0.6899797916412354,5,0.5,1,10,10
IAEA_plus_20,20,33,phrase,zh,中子测量电流,33,30571,13,20,0.6693858504295349,0.6665657758712769,0.6632412552833558,0.6693858504295349,0,0.0,0,10,10
IAEA_plus_20,20,33,phrase,en,neutron measurement current,33,30571,13,20,0.7035508155822754,0.6991282900174459,0.6771908760070801,0.7035508155822754,4,0.4,3,10,10
IAEA_plus_20,20,34,core_term,zh,中子,33,38966,13,20,0.6228203177452087,0.6219706535339355,0.61971395611763,0.6228203177452087,0,0.0,0,10,10
IAEA_plus_20,20,34,core_term,en,neutron,33,38966,13,20,0.6899797916412354,0.6767170627911886,0.6625219941139221,0.6899797916412354,7,0.7,1,10,10
IAEA_plus_20,20,34,phrase,zh,中子测量电流,33,38966,13,20,0.674386739730835,0.6738664507865906,0.6701100587844848,0.674386739730835,0,0.0,0,10,10
IAEA_plus_20,20,34,phrase,en,neutron measurement current,33,38966,13,20,0.6957577466964722,0.6816319227218628,0.6617294371128082,0.6957577466964722,8,0.8,1,10,10
IAEA_plus_20,20,35,core_term,zh,中子,33,27892,13,20,0.6089305877685547,0.6050087412198385,0.5682592988014221,0.6089305877685547,0,0.0,0,10,10
IAEA_plus_20,20,35,core_term,en,neutron,33,27892,13,20,0.6899797916412354,0.6767170627911886,0.6589956402778625,0.6899797916412354,10,1.0,1,10,10
IAEA_plus_20,20,35,phrase,zh,中子测量电流,33,27892,13,20,0.6693858504295349,0.6599276463190714,0.6089473187923431,0.6693858504295349,0,0.0,0,10,10
IAEA_plus_20,20,35,phrase,en,neutron measurement current,33,27892,13,20,0.6957577466964722,0.6816319227218628,0.6620560765266419,0.6957577466964722,8,0.8,1,10,10
IAEA_plus_20,20,36,core_term,zh,中子,33,38822,13,20,0.6376688480377197,0.6274608572324117,0.622068452835083,0.6376688480377197,0,0.0,0,10,10
IAEA_plus_20,20,36,core_term,en,neutron,33,38822,13,20,0.6899797916412354,0.6767170627911886,0.6649397373199463,0.6899797916412354,5,0.5,1,10,10
IAEA_plus_20,20,36,phrase,zh,中子测量电流,33,38822,13,20,0.6772618889808655,0.6750983198483785,0.6710787355899811,0.6772618889808655,0,0.0,0,10,10
IAEA_plus_20,20,36,phrase,en,neutron measurement current,33,38822,13,20,0.7035508155822754,0.6991282900174459,0.6767610549926758,0.7035508155822754,4,0.4,3,10,10
IAEA_plus_20,20,37,core_term,zh,中子,33,38398,13,20,0.6228203177452087,0.6219706535339355,0.61971395611763,0.6228203177452087,0,0.0,0,10,10
IAEA_plus_20,20,37,core_term,en,neutron,33,38398,13,20,0.6899797916412354,0.6775538325309753,0.6648365914821625,0.6899797916412354,5,0.5,1,10,10
IAEA_plus_20,20,37,phrase,zh,中子测量电流,33,38398,13,20,0.674386739730835,0.6738664507865906,0.6699054360389709,0.674386739730835,0,0.0,0,10,10
IAEA_plus_20,20,37,phrase,en,neutron measurement current,33,38398,13,20,0.7035508155822754,0.6991282900174459,0.6771908760070801,0.7035508155822754,4,0.4,3,10,10
IAEA_plus_20,20,38,core_term,zh,中子,33,36212,13,20,0.6116805672645569,0.610929807027181,0.609656810760498,0.6116805672645569,0,0.0,0,10,10
IAEA_plus_20,20,38,core_term,en,neutron,33,36212,13,20,0.6899797916412354,0.6775538325309753,0.6626602947711945,0.6899797916412354,6,0.6,1,10,10
IAEA_plus_20,20,38,phrase,zh,中子测量电流,33,36212,13,20,0.6652456521987915,0.6637954115867615,0.6617978990077973,0.6652456521987915,0,0.0,0,10,10
IAEA_plus_20,20,38,phrase,en,neutron measurement current,33,36212,13,20,0.6957577466964722,0.6816319227218628,0.6639061689376831,0.6957577466964722,7,0.7,1,10,10
IAEA_plus_20,20,39,core_term,zh,中子,33,30178,13,20,0.6376688480377197,0.6274608572324117,0.622068452835083,0.6376688480377197,0,0.0,0,10,10
IAEA_plus_20,20,39,core_term,en,neutron,33,30178,13,20,0.6899797916412354,0.6767170627911886,0.6635451257228852,0.6899797916412354,5,0.5,1,10,10
IAEA_plus_20,20,39,phrase,zh,中子测量电流,33,30178,13,20,0.6772618889808655,0.6750983198483785,0.6708976626396179,0.6772618889808655,0,0.0,0,10,10
IAEA_plus_20,20,39,phrase,en,neutron measurement current,33,30178,13,20,0.6957577466964722,0.6816319227218628,0.6621199369430542,0.6957577466964722,7,0.7,1,10,10
IAEA_plus_20,20,40,core_term,zh,中子,33,27612,13,20,0.6116806268692017,0.6109298268953959,0.6098556876182556,0.6116806268692017,0,0.0,0,10,10
IAEA_plus_20,20,40,core_term,en,neutron,33,27612,13,20,0.6899797916412354,0.6775538325309753,0.6626602947711945,0.6899797916412354,6,0.6,1,10,10
IAEA_plus_20,20,40,phrase,zh,中子测量电流,33,27612,13,20,0.6652456521987915,0.6644489566485087,0.6627322137355804,0.6652456521987915,0,0.0,0,10,10
IAEA_plus_20,20,40,phrase,en,neutron measurement current,33,27612,13,20,0.6957577466964722,0.6816319227218628,0.6635221898555755,0.6957577466964722,8,0.8,1,10,10
IAEA_plus_20,20,41,core_term,zh,中子,33,32034,13,20,0.6089305877685547,0.6050087412198385,0.5882789373397828,0.6089305877685547,0,0.0,0,10,10
IAEA_plus_20,20,41,core_term,en,neutron,33,32034,13,20,0.6899797916412354,0.6767170627911886,0.6628393471240998,0.6899797916412354,6,0.6,1,10,10
IAEA_plus_20,20,41,phrase,zh,中子测量电流,33,32034,13,20,0.6693858504295349,0.6599276463190714,0.6302282392978669,0.6693858504295349,0,0.0,0,10,10
IAEA_plus_20,20,41,phrase,en,neutron measurement current,33,32034,13,20,0.7035508155822754,0.6991282900174459,0.6767319321632386,0.7035508155822754,5,0.5,3,10,10
IAEA_plus_20,20,42,core_term,zh,中子,33,29688,13,20,0.6376688480377197,0.6259249647458395,0.6175918519496918,0.6376688480377197,0,0.0,0,10,10
IAEA_plus_20,20,42,core_term,en,neutron,33,29688,13,20,0.6899797916412354,0.6775538325309753,0.6639306902885437,0.6899797916412354,5,0.5,1,10,10
IAEA_plus_20,20,42,phrase,zh,中子测量电流,33,29688,13,20,0.6772618889808655,0.6698239048322042,0.6657037198543548,0.6772618889808655,0,0.0,0,10,10
IAEA_plus_20,20,42,phrase,en,neutron measurement current,33,29688,13,20,0.7035508155822754,0.6991282900174459,0.6771908760070801,0.7035508155822754,4,0.4,3,10,10
IAEA_plus_20,20,43,core_term,zh,中子,33,30688,13,20,0.6116806268692017,0.6109298268953959,0.6097173631191254,0.6116806268692017,0,0.0,0,10,10
IAEA_plus_20,20,43,core_term,en,neutron,33,30688,13,20,0.6899797916412354,0.6775538325309753,0.6650354743003846,0.6899797916412354,5,0.5,1,10,10
IAEA_plus_20,20,43,phrase,zh,中子测量电流,33,30688,13,20,0.6693858504295349,0.6665657758712769,0.6632412552833558,0.6693858504295349,0,0.0,0,10,10
IAEA_plus_20,20,43,phrase,en,neutron measurement current,33,30688,13,20,0.7035508155822754,0.6991282900174459,0.6771908760070801,0.7035508155822754,4,0.4,3,10,10
IAEA_plus_20,20,44,core_term,zh,中子,33,34258,13,20,0.6376688480377197,0.6274608572324117,0.622068452835083,0.6376688480377197,0,0.0,0,10,10
IAEA_plus_20,20,44,core_term,en,neutron,33,34258,13,20,0.6899797916412354,0.6767170627911886,0.6630278110504151,0.6899797916412354,5,0.5,1,10,10
IAEA_plus_20,20,44,phrase,zh,中子测量电流,33,34258,13,20,0.6772618889808655,0.6750983198483785,0.6708976626396179,0.6772618889808655,0,0.0,0,10,10
IAEA_plus_20,20,44,phrase,en,neutron measurement current,33,34258,13,20,0.7035508155822754,0.6991282900174459,0.6767319321632386,0.7035508155822754,5,0.5,3,10,10
IAEA_plus_20,20,45,core_term,zh,中子,33,40827,13,20,0.6376688480377197,0.6259249647458395,0.6175918519496918,0.6376688480377197,0,0.0,0,10,10
IAEA_plus_20,20,45,core_term,en,neutron,33,40827,13,20,0.6899797916412354,0.6775538325309753,0.6653629541397095,0.6899797916412354,5,0.5,1,10,10
IAEA_plus_20,20,45,phrase,zh,中子测量电流,33,40827,13,20,0.6772618889808655,0.6698239048322042,0.6657037198543548,0.6772618889808655,0,0.0,0,10,10
IAEA_plus_20,20,45,phrase,en,neutron measurement current,33,40827,13,20,0.6957577466964722,0.6816319227218628,0.662165778875351,0.6957577466964722,8,0.8,1,10,10
IAEA_plus_20,20,46,core_term,zh,中子,33,38767,13,20,0.6116806268692017,0.6109298268953959,0.6097173631191254,0.6116806268692017,0,0.0,0,10,10
IAEA_plus_20,20,46,core_term,en,neutron,33,38767,13,20,0.6899797916412354,0.6775538325309753,0.6639917671680451,0.6899797916412354,6,0.6,1,10,10
IAEA_plus_20,20,46,phrase,zh,中子测量电流,33,38767,13,20,0.6693858504295349,0.6665657758712769,0.6632412552833558,0.6693858504295349,0,0.0,0,10,10
IAEA_plus_20,20,46,phrase,en,neutron measurement current,33,38767,13,20,0.6957577466964722,0.6816319227218628,0.6635221898555755,0.6957577466964722,8,0.8,1,10,10
IAEA_plus_20,20,47,core_term,zh,中子,33,28588,13,20,0.6376688480377197,0.6259249647458395,0.6175918519496918,0.6376688480377197,0,0.0,0,10,10
IAEA_plus_20,20,47,core_term,en,neutron,33,28588,13,20,0.6899797916412354,0.6767170627911886,0.6621435642242431,0.6899797916412354,6,0.6,1,10,10
IAEA_plus_20,20,47,phrase,zh,中子测量电流,33,28588,13,20,0.6772618889808655,0.6712039709091187,0.6662477493286133,0.6772618889808655,0,0.0,0,10,10
IAEA_plus_20,20,47,phrase,en,neutron measurement current,33,28588,13,20,0.6957577466964722,0.6816319227218628,0.6621199369430542,0.6957577466964722,7,0.7,1,10,10
IAEA_plus_20,20,48,core_term,zh,中子,33,26234,13,20,0.6228203177452087,0.6219706535339355,0.61971395611763,0.6228203177452087,0,0.0,0,10,10
IAEA_plus_20,20,48,core_term,en,neutron,33,26234,13,20,0.6899797916412354,0.6767170627911886,0.6630278110504151,0.6899797916412354,5,0.5,1,10,10
IAEA_plus_20,20,48,phrase,zh,中子测量电流,33,26234,13,20,0.674386739730835,0.6738664507865906,0.6701100587844848,0.674386739730835,0,0.0,0,10,10
IAEA_plus_20,20,48,phrase,en,neutron measurement current,33,26234,13,20,0.7035508155822754,0.6991282900174459,0.6767319321632386,0.7035508155822754,5,0.5,3,10,10
IAEA_plus_20,20,49,core_term,zh,中子,33,29548,13,20,0.6103138327598572,0.6084927320480347,0.6048609912395477,0.6103138327598572,0,0.0,0,10,10
IAEA_plus_20,20,49,core_term,en,neutron,33,29548,13,20,0.6899797916412354,0.6767170627911886,0.6649397373199463,0.6899797916412354,5,0.5,1,10,10
IAEA_plus_20,20,49,phrase,zh,中子测量电流,33,29548,13,20,0.6693858504295349,0.6663830677668253,0.6600395441055298,0.6693858504295349,0,0.0,0,10,10
IAEA_plus_20,20,49,phrase,en,neutron measurement current,33,29548,13,20,0.7035508155822754,0.6991282900174459,0.6767319321632386,0.7035508155822754,5,0.5,3,10,10
IAEA_plus_20,20,50,core_term,zh,中子,33,39446,13,20,0.6116806268692017,0.6109298268953959,0.6097173631191254,0.6116806268692017,0,0.0,0,10,10
IAEA_plus_20,20,50,core_term,en,neutron,33,39446,13,20,0.6899797916412354,0.6775538325309753,0.6654585242271424,0.6899797916412354,5,0.5,1,10,10
IAEA_plus_20,20,50,phrase,zh,中子测量电流,33,39446,13,20,0.6693858504295349,0.6665657758712769,0.6632412552833558,0.6693858504295349,0,0.0,0,10,10
IAEA_plus_20,20,50,phrase,en,neutron measurement current,33,39446,13,20,0.7035508155822754,0.6991282900174459,0.6771908760070801,0.7035508155822754,4,0.4,3,10,10
IAEA_plus_20,20,51,core_term,zh,中子,33,32250,13,20,0.6228203177452087,0.6219706535339355,0.61971395611763,0.6228203177452087,0,0.0,0,10,10
IAEA_plus_20,20,51,core_term,en,neutron,33,32250,13,20,0.6899797916412354,0.6767170627911886,0.6628393471240998,0.6899797916412354,6,0.6,1,10,10
IAEA_plus_20,20,51,phrase,zh,中子测量电流,33,32250,13,20,0.674386739730835,0.6738664507865906,0.6701100587844848,0.674386739730835,0,0.0,0,10,10
IAEA_plus_20,20,51,phrase,en,neutron measurement current,33,32250,13,20,0.7035508155822754,0.6991282900174459,0.6767319321632386,0.7035508155822754,5,0.5,3,10,10
IAEA_plus_20,20,52,core_term,zh,中子,33,28564,13,20,0.6376688480377197,0.6274608572324117,0.622068452835083,0.6376688480377197,0,0.0,0,10,10
IAEA_plus_20,20,52,core_term,en,neutron,33,28564,13,20,0.6899797916412354,0.6775538325309753,0.6645804107189178,0.6899797916412354,5,0.5,1,10,10
IAEA_plus_20,20,52,phrase,zh,中子测量电流,33,28564,13,20,0.6772618889808655,0.6750983198483785,0.6708976626396179,0.6772618889808655,0,0.0,0,10,10
IAEA_plus_20,20,52,phrase,en,neutron measurement current,33,28564,13,20,0.6957577466964722,0.6816319227218628,0.662165778875351,0.6957577466964722,8,0.8,1,10,10
IAEA_plus_20,20,53,core_term,zh,中子,33,34445,13,20,0.5843064188957214,0.5828381180763245,0.5800861120223999,0.5843064188957214,0,0.0,0,10,10
IAEA_plus_20,20,53,core_term,en,neutron,33,34445,13,20,0.6899797916412354,0.6767170627911886,0.6639501214027405,0.6899797916412354,5,0.5,1,10,10
IAEA_plus_20,20,53,phrase,zh,中子测量电流,33,34445,13,20,0.6185203194618225,0.6168049176534017,0.6148931562900544,0.6185203194618225,0,0.0,0,10,10
IAEA_plus_20,20,53,phrase,en,neutron measurement current,33,34445,13,20,0.7035508155822754,0.6991282900174459,0.6767319321632386,0.7035508155822754,5,0.5,3,10,10
IAEA_plus_20,20,54,core_term,zh,中子,33,31212,13,20,0.6376688480377197,0.6274608572324117,0.622068452835083,0.6376688480377197,0,0.0,0,10,10
IAEA_plus_20,20,54,core_term,en,neutron,33,31212,13,20,0.6899797916412354,0.6767170627911886,0.6630278110504151,0.6899797916412354,5,0.5,1,10,10
IAEA_plus_20,20,54,phrase,zh,中子测量电流,33,31212,13,20,0.6772618889808655,0.6750983198483785,0.6710787355899811,0.6772618889808655,0,0.0,0,10,10
IAEA_plus_20,20,54,phrase,en,neutron measurement current,33,31212,13,20,0.7035508155822754,0.6991282900174459,0.6767319321632386,0.7035508155822754,5,0.5,3,10,10
IAEA_plus_20,20,55,core_term,zh,中子,33,32265,13,20,0.5600153803825378,0.5529919068018595,0.5486573457717896,0.5600153803825378,0,0.0,0,10,10
IAEA_plus_20,20,55,core_term,en,neutron,33,32265,13,20,0.6899797916412354,0.6767170627911886,0.6630278110504151,0.6899797916412354,5,0.5,1,10,10
IAEA_plus_20,20,55,phrase,zh,中子测量电流,33,32265,13,20,0.600178599357605,0.599280595779419,0.5965897440910339,0.600178599357605,0,0.0,0,10,10
IAEA_plus_20,20,55,phrase,en,neutron measurement current,33,32265,13,20,0.7035508155822754,0.6991282900174459,0.6767319321632386,0.7035508155822754,5,0.5,3,10,10
IAEA_plus_20,20,56,core_term,zh,中子,33,36370,13,20,0.6228203177452087,0.6219706535339355,0.61971395611763,0.6228203177452087,0,0.0,0,10,10
IAEA_plus_20,20,56,core_term,en,neutron,33,36370,13,20,0.6899797916412354,0.6767170627911886,0.6646835565567016,0.6899797916412354,5,0.5,1,10,10
IAEA_plus_20,20,56,phrase,zh,中子测量电流,33,36370,13,20,0.674386739730835,0.6738664507865906,0.6699054360389709,0.674386739730835,0,0.0,0,10,10
IAEA_plus_20,20,56,phrase,en,neutron measurement current,33,36370,13,20,0.6957577466964722,0.6816319227218628,0.661409318447113,0.6957577466964722,8,0.8,1,10,10
IAEA_plus_20,20,57,core_term,zh,中子,33,29006,13,20,0.5600153803825378,0.5546141266822815,0.5501009881496429,0.5600153803825378,0,0.0,0,10,10
IAEA_plus_20,20,57,core_term,en,neutron,33,29006,13,20,0.6899797916412354,0.6767170627911886,0.6641571938991546,0.6899797916412354,5,0.5,1,10,10
IAEA_plus_20,20,57,phrase,zh,中子测量电流,33,29006,13,20,0.600178599357605,0.599280595779419,0.5965897440910339,0.600178599357605,0,0.0,0,10,10
IAEA_plus_20,20,57,phrase,en,neutron measurement current,33,29006,13,20,0.7035508155822754,0.6991282900174459,0.6767319321632386,0.7035508155822754,5,0.5,3,10,10
IAEA_plus_20,20,58,core_term,zh,中子,33,36588,13,20,0.6376688480377197,0.6259249647458395,0.6175918519496918,0.6376688480377197,0,0.0,0,10,10
IAEA_plus_20,20,58,core_term,en,neutron,33,36588,13,20,0.6899797916412354,0.6767170627911886,0.6621435642242431,0.6899797916412354,6,0.6,1,10,10
IAEA_plus_20,20,58,phrase,zh,中子测量电流,33,36588,13,20,0.6772618889808655,0.6698199510574341,0.6655229806900025,0.6772618889808655,0,0.0,0,10,10
IAEA_plus_20,20,58,phrase,en,neutron measurement current,33,36588,13,20,0.6957577466964722,0.6816319227218628,0.6606996655464172,0.6957577466964722,8,0.8,1,10,10
IAEA_plus_20,20,59,core_term,zh,中子,33,31132,13,20,0.6103138327598572,0.6073058644930521,0.6030639231204986,0.6103138327598572,0,0.0,0,10,10
IAEA_plus_20,20,59,core_term,en,neutron,33,31132,13,20,0.6899797916412354,0.6767170627911886,0.6589956402778625,0.6899797916412354,10,1.0,1,10,10
IAEA_plus_20,20,59,phrase,zh,中子测量电流,33,31132,13,20,0.664697527885437,0.6631498535474142,0.6563639521598816,0.664697527885437,0,0.0,0,10,10
IAEA_plus_20,20,59,phrase,en,neutron measurement current,33,31132,13,20,0.6957577466964722,0.6816319227218628,0.6616231620311737,0.6957577466964722,9,0.9,1,10,10
IAEA_plus_20,20,60,core_term,zh,中子,33,30676,13,20,0.6376688480377197,0.6259249647458395,0.6175918519496918,0.6376688480377197,0,0.0,0,10,10
IAEA_plus_20,20,60,core_term,en,neutron,33,30676,13,20,0.6899797916412354,0.6775538325309753,0.6652425467967987,0.6899797916412354,5,0.5,1,10,10
IAEA_plus_20,20,60,phrase,zh,中子测量电流,33,30676,13,20,0.6772618889808655,0.6698239048322042,0.6657037198543548,0.6772618889808655,0,0.0,0,10,10
IAEA_plus_20,20,60,phrase,en,neutron measurement current,33,30676,13,20,0.7035508155822754,0.6991282900174459,0.6771908760070801,0.7035508155822754,4,0.4,3,10,10
IAEA_plus_20,20,61,core_term,zh,中子,33,34389,13,20,0.6228203177452087,0.6219706535339355,0.61971395611763,0.6228203177452087,0,0.0,0,10,10
IAEA_plus_20,20,61,core_term,en,neutron,33,34389,13,20,0.6899797916412354,0.6767170627911886,0.6621435642242431,0.6899797916412354,6,0.6,1,10,10
IAEA_plus_20,20,61,phrase,zh,中子测量电流,33,34389,13,20,0.674386739730835,0.6738664507865906,0.6701100587844848,0.674386739730835,0,0.0,0,10,10
IAEA_plus_20,20,61,phrase,en,neutron measurement current,33,34389,13,20,0.6957577466964722,0.6816319227218628,0.6606996655464172,0.6957577466964722,8,0.8,1,10,10
IAEA_plus_20,20,62,core_term,zh,中子,33,32366,13,20,0.6116806268692017,0.6109298268953959,0.6097173631191254,0.6116806268692017,0,0.0,0,10,10
IAEA_plus_20,20,62,core_term,en,neutron,33,32366,13,20,0.6899797916412354,0.6775538325309753,0.6639306902885437,0.6899797916412354,5,0.5,1,10,10
IAEA_plus_20,20,62,phrase,zh,中子测量电流,33,32366,13,20,0.6693858504295349,0.6665657758712769,0.6632412552833558,0.6693858504295349,0,0.0,0,10,10
IAEA_plus_20,20,62,phrase,en,neutron measurement current,33,32366,13,20,0.7035508155822754,0.6991282900174459,0.6771908760070801,0.7035508155822754,4,0.4,3,10,10
IAEA_plus_20,20,63,core_term,zh,中子,33,34797,13,20,0.6228203177452087,0.6219706535339355,0.61971395611763,0.6228203177452087,0,0.0,0,10,10
IAEA_plus_20,20,63,core_term,en,neutron,33,34797,13,20,0.6899797916412354,0.6767170627911886,0.6606558859348297,0.6899797916412354,9,0.9,1,10,10
IAEA_plus_20,20,63,phrase,zh,中子测量电流,33,34797,13,20,0.674386739730835,0.6738664507865906,0.6699054360389709,0.674386739730835,0,0.0,0,10,10
IAEA_plus_20,20,63,phrase,en,neutron measurement current,33,34797,13,20,0.6957577466964722,0.6816319227218628,0.6605868697166443,0.6957577466964722,9,0.9,1,10,10
IAEA_plus_20,20,64,core_term,zh,中子,33,30005,13,20,0.6103138327598572,0.6073058644930521,0.6030639231204986,0.6103138327598572,0,0.0,0,10,10
IAEA_plus_20,20,64,core_term,en,neutron,33,30005,13,20,0.6899797916412354,0.6767170627911886,0.6612394988536835,0.6899797916412354,7,0.7,1,10,10
IAEA_plus_20,20,64,phrase,zh,中子测量电流,33,30005,13,20,0.664697527885437,0.6631498535474142,0.6563639521598816,0.664697527885437,0,0.0,0,10,10
IAEA_plus_20,20,64,phrase,en,neutron measurement current,33,30005,13,20,0.7035508155822754,0.6991282900174459,0.6767610549926758,0.7035508155822754,4,0.4,3,10,10
IAEA_plus_20,20,65,core_term,zh,中子,33,31530,13,20,0.6376688480377197,0.6259249647458395,0.6175918519496918,0.6376688480377197,0,0.0,0,10,10
IAEA_plus_20,20,65,core_term,en,neutron,33,31530,13,20,0.6899797916412354,0.6767170627911886,0.6609632730484009,0.6899797916412354,8,0.8,1,10,10
IAEA_plus_20,20,65,phrase,zh,中子测量电流,33,31530,13,20,0.6772618889808655,0.6712039709091187,0.666480016708374,0.6772618889808655,0,0.0,0,10,10
IAEA_plus_20,20,65,phrase,en,neutron measurement current,33,31530,13,20,0.6957577466964722,0.6816319227218628,0.6612965226173401,0.6957577466964722,9,0.9,1,10,10
IAEA_plus_20,20,66,core_term,zh,中子,33,37812,13,20,0.6228203177452087,0.6219706535339355,0.61971395611763,0.6228203177452087,0,0.0,0,10,10
IAEA_plus_20,20,66,core_term,en,neutron,33,37812,13,20,0.6899797916412354,0.6767170627911886,0.6646835565567016,0.6899797916412354,5,0.5,1,10,10
IAEA_plus_20,20,66,phrase,zh,中子测量电流,33,37812,13,20,0.674386739730835,0.6738664507865906,0.6701100587844848,0.674386739730835,0,0.0,0,10,10
IAEA_plus_20,20,66,phrase,en,neutron measurement current,33,37812,13,20,0.6957577466964722,0.6816319227218628,0.6617359578609466,0.6957577466964722,8,0.8,1,10,10
IAEA_plus_20,20,67,core_term,zh,中子,33,40733,13,20,0.6376688480377197,0.6274608572324117,0.622068452835083,0.6376688480377197,0,0.0,0,10,10
IAEA_plus_20,20,67,core_term,en,neutron,33,40733,13,20,0.6899797916412354,0.6775538325309753,0.6654967308044434,0.6899797916412354,6,0.6,1,10,10
IAEA_plus_20,20,67,phrase,zh,中子测量电流,33,40733,13,20,0.6772618889808655,0.6750983198483785,0.6708976626396179,0.6772618889808655,0,0.0,0,10,10
IAEA_plus_20,20,67,phrase,en,neutron measurement current,33,40733,13,20,0.6957577466964722,0.6816319227218628,0.6620904743671417,0.6957577466964722,8,0.8,1,10,10
IAEA_plus_20,20,68,core_term,zh,中子,33,32753,13,20,0.6116806268692017,0.6109298268953959,0.6096568167209625,0.6116806268692017,0,0.0,0,10,10
IAEA_plus_20,20,68,core_term,en,neutron,33,32753,13,20,0.6899797916412354,0.6775538325309753,0.6641988396644593,0.6899797916412354,6,0.6,1,10,10
IAEA_plus_20,20,68,phrase,zh,中子测量电流,33,32753,13,20,0.6652456521987915,0.6637954115867615,0.6617978990077973,0.6652456521987915,0,0.0,0,10,10
IAEA_plus_20,20,68,phrase,en,neutron measurement current,33,32753,13,20,0.6957577466964722,0.6816319227218628,0.6646158218383789,0.6957577466964722,7,0.7,1,10,10
IAEA_plus_20,20,69,core_term,zh,中子,33,30170,13,20,0.6376688480377197,0.6259249647458395,0.6175918519496918,0.6376688480377197,0,0.0,0,10,10
IAEA_plus_20,20,69,core_term,en,neutron,33,30170,13,20,0.6899797916412354,0.6775538325309753,0.6641988396644593,0.6899797916412354,6,0.6,1,10,10
IAEA_plus_20,20,69,phrase,zh,中子测量电流,33,30170,13,20,0.6772618889808655,0.6698239048322042,0.6657037198543548,0.6772618889808655,0,0.0,0,10,10
IAEA_plus_20,20,69,phrase,en,neutron measurement current,33,30170,13,20,0.6957577466964722,0.6816319227218628,0.6639061689376831,0.6957577466964722,7,0.7,1,10,10
IAEA_plus_20,20,70,core_term,zh,中子,33,35660,13,20,0.6116806268692017,0.6109298268953959,0.6098556876182556,0.6116806268692017,0,0.0,0,10,10
IAEA_plus_20,20,70,core_term,en,neutron,33,35660,13,20,0.6899797916412354,0.6775538325309753,0.6650354743003846,0.6899797916412354,5,0.5,1,10,10
IAEA_plus_20,20,70,phrase,zh,中子测量电流,33,35660,13,20,0.6652456521987915,0.6644489566485087,0.6627322137355804,0.6652456521987915,0,0.0,0,10,10
IAEA_plus_20,20,70,phrase,en,neutron measurement current,33,35660,13,20,0.7035508155822754,0.6991282900174459,0.6771908760070801,0.7035508155822754,4,0.4,3,10,10
IAEA_plus_20,20,71,core_term,zh,中子,33,35254,13,20,0.6116806268692017,0.6109298268953959,0.6096568167209625,0.6116806268692017,0,0.0,0,10,10
IAEA_plus_20,20,71,core_term,en,neutron,33,35254,13,20,0.6899797916412354,0.6775538325309753,0.6655700266361236,0.6899797916412354,5,0.5,1,10,10
IAEA_plus_20,20,71,phrase,zh,中子测量电流,33,35254,13,20,0.6652456521987915,0.6637954115867615,0.6617978990077973,0.6652456521987915,0,0.0,0,10,10
IAEA_plus_20,20,71,phrase,en,neutron measurement current,33,35254,13,20,0.6957577466964722,0.6816319227218628,0.6635795295238495,0.6957577466964722,7,0.7,1,10,10
IAEA_plus_20,20,72,core_term,zh,中子,33,39892,13,20,0.6376688480377197,0.6259249647458395,0.6175918519496918,0.6376688480377197,0,0.0,0,10,10
IAEA_plus_20,20,72,core_term,en,neutron,33,39892,13,20,0.6899797916412354,0.6775538325309753,0.6639917671680451,0.6899797916412354,6,0.6,1,10,10
IAEA_plus_20,20,72,phrase,zh,中子测量电流,33,39892,13,20,0.6772618889808655,0.6712039709091187,0.6665949940681457,0.6772618889808655,0,0.0,0,10,10
IAEA_plus_20,20,72,phrase,en,neutron measurement current,33,39892,13,20,0.6957577466964722,0.6816319227218628,0.6631955504417419,0.6957577466964722,8,0.8,1,10,10
IAEA_plus_20,20,73,core_term,zh,中子,33,29486,13,20,0.6228203177452087,0.6219706535339355,0.61971395611763,0.6228203177452087,0,0.0,0,10,10
IAEA_plus_20,20,73,core_term,en,neutron,33,29486,13,20,0.6899797916412354,0.6767170627911886,0.6609632730484009,0.6899797916412354,8,0.8,1,10,10
IAEA_plus_20,20,73,phrase,zh,中子测量电流,33,29486,13,20,0.674386739730835,0.6738664507865906,0.6701100587844848,0.674386739730835,0,0.0,0,10,10
IAEA_plus_20,20,73,phrase,en,neutron measurement current,33,29486,13,20,0.6957577466964722,0.6816319227218628,0.6617294371128082,0.6957577466964722,8,0.8,1,10,10
IAEA_plus_20,20,74,core_term,zh,中子,33,31608,13,20,0.6376688480377197,0.6259249647458395,0.6175918519496918,0.6376688480377197,0,0.0,0,10,10
IAEA_plus_20,20,74,core_term,en,neutron,33,31608,13,20,0.6899797916412354,0.6767170627911886,0.6612394988536835,0.6899797916412354,7,0.7,1,10,10
IAEA_plus_20,20,74,phrase,zh,中子测量电流,33,31608,13,20,0.6772618889808655,0.6698199510574341,0.6655229806900025,0.6772618889808655,0,0.0,0,10,10
IAEA_plus_20,20,74,phrase,en,neutron measurement current,33,31608,13,20,0.7035508155822754,0.6991282900174459,0.6767610549926758,0.7035508155822754,4,0.4,3,10,10
IAEA_plus_20,20,75,core_term,zh,中子,33,31693,13,20,0.6228203177452087,0.6219706535339355,0.61971395611763,0.6228203177452087,0,0.0,0,10,10
IAEA_plus_20,20,75,core_term,en,neutron,33,31693,13,20,0.6899797916412354,0.6767170627911886,0.6628393471240998,0.6899797916412354,6,0.6,1,10,10
IAEA_plus_20,20,75,phrase,zh,中子测量电流,33,31693,13,20,0.674386739730835,0.6738664507865906,0.6699054360389709,0.674386739730835,0,0.0,0,10,10
IAEA_plus_20,20,75,phrase,en,neutron measurement current,33,31693,13,20,0.7035508155822754,0.6991282900174459,0.6767319321632386,0.7035508155822754,5,0.5,3,10,10
IAEA_plus_20,20,76,core_term,zh,中子,33,31042,13,20,0.6228203177452087,0.6219706535339355,0.61971395611763,0.6228203177452087,0,0.0,0,10,10
IAEA_plus_20,20,76,core_term,en,neutron,33,31042,13,20,0.6899797916412354,0.6767170627911886,0.6635451257228852,0.6899797916412354,5,0.5,1,10,10
IAEA_plus_20,20,76,phrase,zh,中子测量电流,33,31042,13,20,0.674386739730835,0.6738664507865906,0.6699054360389709,0.674386739730835,0,0.0,0,10,10
IAEA_plus_20,20,76,phrase,en,neutron measurement current,33,31042,13,20,0.6957577466964722,0.6816319227218628,0.6631497085094452,0.6957577466964722,7,0.7,1,10,10
IAEA_plus_20,20,77,core_term,zh,中子,33,37569,13,20,0.6376688480377197,0.6259249647458395,0.6175918519496918,0.6376688480377197,0,0.0,0,10,10
IAEA_plus_20,20,77,core_term,en,neutron,33,37569,13,20,0.6899797916412354,0.6767170627911886,0.6626322746276856,0.6899797916412354,6,0.6,1,10,10
IAEA_plus_20,20,77,phrase,zh,中子测量电流,33,37569,13,20,0.6772618889808655,0.6698199510574341,0.6655229806900025,0.6772618889808655,0,0.0,0,10,10
IAEA_plus_20,20,77,phrase,en,neutron measurement current,33,37569,13,20,0.7035508155822754,0.6991282900174459,0.6767319321632386,0.7035508155822754,5,0.5,3,10,10
IAEA_plus_20,20,78,core_term,zh,中子,33,32570,13,20,0.6228203177452087,0.6219706535339355,0.61971395611763,0.6228203177452087,0,0.0,0,10,10
IAEA_plus_20,20,78,core_term,en,neutron,33,32570,13,20,0.6899797916412354,0.6775538325309753,0.6626602947711945,0.6899797916412354,6,0.6,1,10,10
IAEA_plus_20,20,78,phrase,zh,中子测量电流,33,32570,13,20,0.674386739730835,0.6738664507865906,0.6701100587844848,0.674386739730835,0,0.0,0,10,10
IAEA_plus_20,20,78,phrase,en,neutron measurement current,33,32570,13,20,0.6957577466964722,0.6816319227218628,0.6635221898555755,0.6957577466964722,8,0.8,1,10,10
IAEA_plus_20,20,79,core_term,zh,中子,33,38482,13,20,0.6116806268692017,0.6109298268953959,0.6098556876182556,0.6116806268692017,0,0.0,0,10,10
IAEA_plus_20,20,79,core_term,en,neutron,33,38482,13,20,0.6899797916412354,0.6775538325309753,0.6661919593811035,0.6899797916412354,5,0.5,1,10,10
IAEA_plus_20,20,79,phrase,zh,中子测量电流,33,38482,13,20,0.6652456521987915,0.6644489566485087,0.6627322137355804,0.6652456521987915,0,0.0,0,10,10
IAEA_plus_20,20,79,phrase,en,neutron measurement current,33,38482,13,20,0.6957577466964722,0.6816319227218628,0.6632594108581543,0.6957577466964722,7,0.7,1,10,10
IAEA_plus_20,20,80,core_term,zh,中子,33,31714,13,20,0.6376688480377197,0.6274608572324117,0.622068452835083,0.6376688480377197,0,0.0,0,10,10
IAEA_plus_20,20,80,core_term,en,neutron,33,31714,13,20,0.6899797916412354,0.6767170627911886,0.6635451257228852,0.6899797916412354,5,0.5,1,10,10
IAEA_plus_20,20,80,phrase,zh,中子测量电流,33,31714,13,20,0.6772618889808655,0.6750983198483785,0.6708976626396179,0.6772618889808655,0,0.0,0,10,10
IAEA_plus_20,20,80,phrase,en,neutron measurement current,33,31714,13,20,0.6957577466964722,0.6816319227218628,0.6631497085094452,0.6957577466964722,7,0.7,1,10,10
IAEA_plus_20,20,81,core_term,zh,中子,33,48121,13,20,0.6116806268692017,0.6109298268953959,0.6098556876182556,0.6116806268692017,0,0.0,0,10,10
IAEA_plus_20,20,81,core_term,en,neutron,33,48121,13,20,0.6899797916412354,0.6775538325309753,0.6661648571491241,0.6899797916412354,5,0.5,1,10,10
IAEA_plus_20,20,81,phrase,zh,中子测量电流,33,48121,13,20,0.6652456521987915,0.6644489566485087,0.6627322137355804,0.6652456521987915,0,0.0,0,10,10
IAEA_plus_20,20,81,phrase,en,neutron measurement current,33,48121,13,20,0.7035508155822754,0.6991282900174459,0.6771908760070801,0.7035508155822754,4,0.4,3,10,10
IAEA_plus_20,20,82,core_term,zh,中子,33,32536,13,20,0.6376688480377197,0.6259249647458395,0.6175918519496918,0.6376688480377197,0,0.0,0,10,10
IAEA_plus_20,20,82,core_term,en,neutron,33,32536,13,20,0.6899797916412354,0.6767170627911886,0.6589956402778625,0.6899797916412354,10,1.0,1,10,10
IAEA_plus_20,20,82,phrase,zh,中子测量电流,33,32536,13,20,0.6772618889808655,0.6698199510574341,0.6651476860046387,0.6772618889808655,0,0.0,0,10,10
IAEA_plus_20,20,82,phrase,en,neutron measurement current,33,32536,13,20,0.6957577466964722,0.6816319227218628,0.6616231620311737,0.6957577466964722,9,0.9,1,10,10
IAEA_plus_20,20,83,core_term,zh,中子,33,34200,13,20,0.6376688480377197,0.6259249647458395,0.6175918519496918,0.6376688480377197,0,0.0,0,10,10
IAEA_plus_20,20,83,core_term,en,neutron,33,34200,13,20,0.6899797916412354,0.6767170627911886,0.6607562005519867,0.6899797916412354,8,0.8,1,10,10
IAEA_plus_20,20,83,phrase,zh,中子测量电流,33,34200,13,20,0.6772618889808655,0.6712039709091187,0.666480016708374,0.6772618889808655,0,0.0,0,10,10
IAEA_plus_20,20,83,phrase,en,neutron measurement current,33,34200,13,20,0.6957577466964722,0.6816319227218628,0.6617294371128082,0.6957577466964722,8,0.8,1,10,10
IAEA_plus_20,20,84,core_term,zh,中子,33,33556,13,20,0.6376688480377197,0.6259249647458395,0.6175918519496918,0.6376688480377197,0,0.0,0,10,10
IAEA_plus_20,20,84,core_term,en,neutron,33,33556,13,20,0.6899797916412354,0.6767170627911886,0.6591778516769409,0.6899797916412354,9,0.9,1,10,10
IAEA_plus_20,20,84,phrase,zh,中子测量电流,33,33556,13,20,0.6772618889808655,0.6712039709091187,0.6662477493286133,0.6772618889808655,0,0.0,0,10,10
IAEA_plus_20,20,84,phrase,en,neutron measurement current,33,33556,13,20,0.6957577466964722,0.6816319227218628,0.6627657294273377,0.6957577466964722,8,0.8,1,10,10
IAEA_plus_20,20,85,core_term,zh,中子,33,35764,13,20,0.6116806268692017,0.6109298268953959,0.6098556876182556,0.6116806268692017,0,0.0,0,10,10
IAEA_plus_20,20,85,core_term,en,neutron,33,35764,13,20,0.6899797916412354,0.6775538325309753,0.6661919593811035,0.6899797916412354,5,0.5,1,10,10
IAEA_plus_20,20,85,phrase,zh,中子测量电流,33,35764,13,20,0.6652456521987915,0.6644489566485087,0.6627322137355804,0.6652456521987915,0,0.0,0,10,10
IAEA_plus_20,20,85,phrase,en,neutron measurement current,33,35764,13,20,0.6957577466964722,0.6816319227218628,0.6632594108581543,0.6957577466964722,7,0.7,1,10,10
IAEA_plus_20,20,86,core_term,zh,中子,33,36406,13,20,0.6116806268692017,0.6109298268953959,0.6097173631191254,0.6116806268692017,0,0.0,0,10,10
IAEA_plus_20,20,86,core_term,en,neutron,33,36406,13,20,0.6899797916412354,0.6775538325309753,0.6626602947711945,0.6899797916412354,6,0.6,1,10,10
IAEA_plus_20,20,86,phrase,zh,中子测量电流,33,36406,13,20,0.6693858504295349,0.6665657758712769,0.6632412552833558,0.6693858504295349,0,0.0,0,10,10
IAEA_plus_20,20,86,phrase,en,neutron measurement current,33,36406,13,20,0.6957577466964722,0.6816319227218628,0.6635221898555755,0.6957577466964722,8,0.8,1,10,10
IAEA_plus_20,20,87,core_term,zh,中子,33,36863,13,20,0.6228203177452087,0.6219706535339355,0.61971395611763,0.6228203177452087,0,0.0,0,10,10
IAEA_plus_20,20,87,core_term,en,neutron,33,36863,13,20,0.6899797916412354,0.6767170627911886,0.6649397373199463,0.6899797916412354,5,0.5,1,10,10
IAEA_plus_20,20,87,phrase,zh,中子测量电流,33,36863,13,20,0.674386739730835,0.6738664507865906,0.6699054360389709,0.674386739730835,0,0.0,0,10,10
IAEA_plus_20,20,87,phrase,en,neutron measurement current,33,36863,13,20,0.7035508155822754,0.6991282900174459,0.6767319321632386,0.7035508155822754,5,0.5,3,10,10
IAEA_plus_20,20,88,core_term,zh,中子,33,38111,13,20,0.5563935041427612,0.5519562562306722,0.5474763929843902,0.5563935041427612,0,0.0,0,10,10
IAEA_plus_20,20,88,core_term,en,neutron,33,38111,13,20,0.6899797916412354,0.6767170627911886,0.6624413073062897,0.6899797916412354,8,0.8,1,10,10
IAEA_plus_20,20,88,phrase,zh,中子测量电流,33,38111,13,20,0.589178740978241,0.5871036251386007,0.5855560779571534,0.589178740978241,0,0.0,0,10,10
IAEA_plus_20,20,88,phrase,en,neutron measurement current,33,38111,13,20,0.6957577466964722,0.6816319227218628,0.6616231620311737,0.6957577466964722,9,0.9,1,10,10
IAEA_plus_20,20,89,core_term,zh,中子,33,35425,13,20,0.6116806268692017,0.6109298268953959,0.6096568167209625,0.6116806268692017,0,0.0,0,10,10
IAEA_plus_20,20,89,core_term,en,neutron,33,35425,13,20,0.6899797916412354,0.6775538325309753,0.6656655967235565,0.6899797916412354,5,0.5,1,10,10
IAEA_plus_20,20,89,phrase,zh,中子测量电流,33,35425,13,20,0.6652456521987915,0.6637954115867615,0.6617978990077973,0.6652456521987915,0,0.0,0,10,10
IAEA_plus_20,20,89,phrase,en,neutron measurement current,33,35425,13,20,0.7035508155822754,0.6991282900174459,0.6771908760070801,0.7035508155822754,4,0.4,3,10,10
IAEA_plus_20,20,90,core_term,zh,中子,33,30909,13,20,0.6376688480377197,0.6274608572324117,0.622068452835083,0.6376688480377197,0,0.0,0,10,10
IAEA_plus_20,20,90,core_term,en,neutron,33,30909,13,20,0.6899797916412354,0.6775538325309753,0.6639306902885437,0.6899797916412354,5,0.5,1,10,10
IAEA_plus_20,20,90,phrase,zh,中子测量电流,33,30909,13,20,0.6772618889808655,0.6750983198483785,0.6708976626396179,0.6772618889808655,0,0.0,0,10,10
IAEA_plus_20,20,90,phrase,en,neutron measurement current,33,30909,13,20,0.7035508155822754,0.6991282900174459,0.6771908760070801,0.7035508155822754,4,0.4,3,10,10
IAEA_plus_20,20,91,core_term,zh,中子,33,35229,13,20,0.6376688480377197,0.6259249647458395,0.6175918519496918,0.6376688480377197,0,0.0,0,10,10
IAEA_plus_20,20,91,core_term,en,neutron,33,35229,13,20,0.6899797916412354,0.6767170627911886,0.6608629584312439,0.6899797916412354,9,0.9,1,10,10
IAEA_plus_20,20,91,phrase,zh,中子测量电流,33,35229,13,20,0.6772618889808655,0.6698199510574341,0.6651476860046387,0.6772618889808655,0,0.0,0,10,10
IAEA_plus_20,20,91,phrase,en,neutron measurement current,33,35229,13,20,0.6957577466964722,0.6816319227218628,0.6605868697166443,0.6957577466964722,9,0.9,1,10,10
IAEA_plus_20,20,92,core_term,zh,中子,33,31764,13,20,0.6103138327598572,0.6073058644930521,0.6030639231204986,0.6103138327598572,0,0.0,0,10,10
IAEA_plus_20,20,92,core_term,en,neutron,33,31764,13,20,0.6899797916412354,0.6767170627911886,0.663338053226471,0.6899797916412354,5,0.5,1,10,10
IAEA_plus_20,20,92,phrase,zh,中子测量电流,33,31764,13,20,0.664697527885437,0.6631498535474142,0.6563639521598816,0.664697527885437,0,0.0,0,10,10
IAEA_plus_20,20,92,phrase,en,neutron measurement current,33,31764,13,20,0.6957577466964722,0.6816319227218628,0.661409318447113,0.6957577466964722,8,0.8,1,10,10
IAEA_plus_20,20,93,core_term,zh,中子,33,31795,13,20,0.6228203177452087,0.6219706535339355,0.61971395611763,0.6228203177452087,0,0.0,0,10,10
IAEA_plus_20,20,93,core_term,en,neutron,33,31795,13,20,0.6899797916412354,0.6767170627911886,0.6591778516769409,0.6899797916412354,9,0.9,1,10,10
IAEA_plus_20,20,93,phrase,zh,中子测量电流,33,31795,13,20,0.674386739730835,0.6738664507865906,0.6699054360389709,0.674386739730835,0,0.0,0,10,10
IAEA_plus_20,20,93,phrase,en,neutron measurement current,33,31795,13,20,0.6957577466964722,0.6816319227218628,0.6627657294273377,0.6957577466964722,8,0.8,1,10,10
IAEA_plus_20,20,94,core_term,zh,中子,33,40579,13,20,0.6116806268692017,0.6109298268953959,0.6097173631191254,0.6116806268692017,0,0.0,0,10,10
IAEA_plus_20,20,94,core_term,en,neutron,33,40579,13,20,0.6899797916412354,0.6775538325309753,0.6650354743003846,0.6899797916412354,5,0.5,1,10,10
IAEA_plus_20,20,94,phrase,zh,中子测量电流,33,40579,13,20,0.6693858504295349,0.6665657758712769,0.6632412552833558,0.6693858504295349,0,0.0,0,10,10
IAEA_plus_20,20,94,phrase,en,neutron measurement current,33,40579,13,20,0.7035508155822754,0.6991282900174459,0.6771908760070801,0.7035508155822754,4,0.4,3,10,10
IAEA_plus_20,20,95,core_term,zh,中子,33,34628,13,20,0.6376688480377197,0.6259249647458395,0.6175918519496918,0.6376688480377197,0,0.0,0,10,10
IAEA_plus_20,20,95,core_term,en,neutron,33,34628,13,20,0.6899797916412354,0.6775538325309753,0.6626602947711945,0.6899797916412354,6,0.6,1,10,10
IAEA_plus_20,20,95,phrase,zh,中子测量电流,33,34628,13,20,0.6772618889808655,0.6698239048322042,0.6657037198543548,0.6772618889808655,0,0.0,0,10,10
IAEA_plus_20,20,95,phrase,en,neutron measurement current,33,34628,13,20,0.6957577466964722,0.6816319227218628,0.6631955504417419,0.6957577466964722,8,0.8,1,10,10
IAEA_plus_20,20,96,core_term,zh,中子,33,37713,13,20,0.5843064188957214,0.5828381180763245,0.5800861120223999,0.5843064188957214,0,0.0,0,10,10
IAEA_plus_20,20,96,core_term,en,neutron,33,37713,13,20,0.6899797916412354,0.6767170627911886,0.6609632730484009,0.6899797916412354,8,0.8,1,10,10
IAEA_plus_20,20,96,phrase,zh,中子测量电流,33,37713,13,20,0.6185203194618225,0.6168049176534017,0.6148931562900544,0.6185203194618225,0,0.0,0,10,10
IAEA_plus_20,20,96,phrase,en,neutron measurement current,33,37713,13,20,0.6957577466964722,0.6816319227218628,0.6612965226173401,0.6957577466964722,9,0.9,1,10,10
IAEA_plus_20,20,97,core_term,zh,中子,33,36724,13,20,0.6376688480377197,0.6259249647458395,0.6175918519496918,0.6376688480377197,0,0.0,0,10,10
IAEA_plus_20,20,97,core_term,en,neutron,33,36724,13,20,0.6899797916412354,0.6775538325309753,0.6639306902885437,0.6899797916412354,5,0.5,1,10,10
IAEA_plus_20,20,97,phrase,zh,中子测量电流,33,36724,13,20,0.6772618889808655,0.6698239048322042,0.665899783372879,0.6772618889808655,0,0.0,0,10,10
IAEA_plus_20,20,97,phrase,en,neutron measurement current,33,36724,13,20,0.7035508155822754,0.6991282900174459,0.6771908760070801,0.7035508155822754,4,0.4,3,10,10
IAEA_plus_20,20,98,core_term,zh,中子,33,43441,13,20,0.6376688480377197,0.6259249647458395,0.6175918519496918,0.6376688480377197,0,0.0,0,10,10
IAEA_plus_20,20,98,core_term,en,neutron,33,43441,13,20,0.6899797916412354,0.6775538325309753,0.6639917671680451,0.6899797916412354,6,0.6,1,10,10
IAEA_plus_20,20,98,phrase,zh,中子测量电流,33,43441,13,20,0.6772618889808655,0.6712039709091187,0.6665949940681457,0.6772618889808655,0,0.0,0,10,10
IAEA_plus_20,20,98,phrase,en,neutron measurement current,33,43441,13,20,0.6957577466964722,0.6816319227218628,0.6639061689376831,0.6957577466964722,7,0.7,1,10,10
IAEA_plus_20,20,99,core_term,zh,中子,33,30532,13,20,0.6103138327598572,0.6073058644930521,0.6030639231204986,0.6103138327598572,0,0.0,0,10,10
IAEA_plus_20,20,99,core_term,en,neutron,33,30532,13,20,0.6899797916412354,0.6767170627911886,0.6612394988536835,0.6899797916412354,7,0.7,1,10,10
IAEA_plus_20,20,99,phrase,zh,中子测量电流,33,30532,13,20,0.664697527885437,0.6631498535474142,0.6563639521598816,0.664697527885437,0,0.0,0,10,10
IAEA_plus_20,20,99,phrase,en,neutron measurement current,33,30532,13,20,0.7035508155822754,0.6991282900174459,0.6767319321632386,0.7035508155822754,5,0.5,3,10,10
IAEA_plus_25,25,0,core_term,zh,中子,38,37545,13,25,0.6116806268692017,0.6109298268953959,0.6098556876182556,0.6116806268692017,0,0.0,0,10,10
IAEA_plus_25,25,0,core_term,en,neutron,38,37545,13,25,0.6899797916412354,0.6775538325309753,0.6641988396644593,0.6899797916412354,6,0.6,1,10,10
IAEA_plus_25,25,0,phrase,zh,中子测量电流,38,37545,13,25,0.6652456521987915,0.6644489566485087,0.6627322137355804,0.6652456521987915,0,0.0,0,10,10
IAEA_plus_25,25,0,phrase,en,neutron measurement current,38,37545,13,25,0.6957577466964722,0.6816319227218628,0.6648040533065795,0.6957577466964722,6,0.6,1,10,10
IAEA_plus_25,25,1,core_term,zh,中子,38,40622,13,25,0.6376688480377197,0.6259249647458395,0.6175918519496918,0.6376688480377197,0,0.0,0,10,10
IAEA_plus_25,25,1,core_term,en,neutron,38,40622,13,25,0.6899797916412354,0.6775538325309753,0.6652425467967987,0.6899797916412354,5,0.5,1,10,10
IAEA_plus_25,25,1,phrase,zh,中子测量电流,38,40622,13,25,0.6772618889808655,0.6698239048322042,0.665899783372879,0.6772618889808655,0,0.0,0,10,10
IAEA_plus_25,25,1,phrase,en,neutron measurement current,38,40622,13,25,0.7035508155822754,0.6991282900174459,0.6771908760070801,0.7035508155822754,4,0.4,3,10,10
IAEA_plus_25,25,2,core_term,zh,中子,38,35243,13,25,0.6376688480377197,0.6259249647458395,0.6175918519496918,0.6376688480377197,0,0.0,0,10,10
IAEA_plus_25,25,2,core_term,en,neutron,38,35243,13,25,0.6899797916412354,0.6767170627911886,0.663338053226471,0.6899797916412354,5,0.5,1,10,10
IAEA_plus_25,25,2,phrase,zh,中子测量电流,38,35243,13,25,0.6772618889808655,0.6698199510574341,0.6655229806900025,0.6772618889808655,0,0.0,0,10,10
IAEA_plus_25,25,2,phrase,en,neutron measurement current,38,35243,13,25,0.6957577466964722,0.6816319227218628,0.6617359578609466,0.6957577466964722,8,0.8,1,10,10
IAEA_plus_25,25,3,core_term,zh,中子,38,38606,13,25,0.6228203177452087,0.6219706535339355,0.61971395611763,0.6228203177452087,0,0.0,0,10,10
IAEA_plus_25,25,3,core_term,en,neutron,38,38606,13,25,0.6899797916412354,0.6767170627911886,0.6640338361263275,0.6899797916412354,5,0.5,1,10,10
IAEA_plus_25,25,3,phrase,zh,中子测量电流,38,38606,13,25,0.674386739730835,0.6738664507865906,0.6699054360389709,0.674386739730835,0,0.0,0,10,10
IAEA_plus_25,25,3,phrase,en,neutron measurement current,38,38606,13,25,0.7035508155822754,0.6991282900174459,0.6767610549926758,0.7035508155822754,4,0.4,3,10,10
IAEA_plus_25,25,4,core_term,zh,中子,38,37847,13,25,0.6376688480377197,0.6274608572324117,0.622068452835083,0.6376688480377197,0,0.0,0,10,10
IAEA_plus_25,25,4,core_term,en,neutron,38,37847,13,25,0.6899797916412354,0.6775538325309753,0.6639306902885437,0.6899797916412354,5,0.5,1,10,10
IAEA_plus_25,25,4,phrase,zh,中子测量电流,38,37847,13,25,0.6772618889808655,0.6750983198483785,0.6708976626396179,0.6772618889808655,0,0.0,0,10,10
IAEA_plus_25,25,4,phrase,en,neutron measurement current,38,37847,13,25,0.7035508155822754,0.6991282900174459,0.6771908760070801,0.7035508155822754,4,0.4,3,10,10
IAEA_plus_25,25,5,core_term,zh,中子,38,38610,13,25,0.6376688480377197,0.6259249647458395,0.6175918519496918,0.6376688480377197,0,0.0,0,10,10
IAEA_plus_25,25,5,core_term,en,neutron,38,38610,13,25,0.6899797916412354,0.6775538325309753,0.6645804107189178,0.6899797916412354,5,0.5,1,10,10
IAEA_plus_25,25,5,phrase,zh,中子测量电流,38,38610,13,25,0.6772618889808655,0.6712039709091187,0.6667243778705597,0.6772618889808655,0,0.0,0,10,10
IAEA_plus_25,25,5,phrase,en,neutron measurement current,38,38610,13,25,0.6957577466964722,0.6816319227218628,0.6648040533065795,0.6957577466964722,6,0.6,1,10,10
IAEA_plus_25,25,6,core_term,zh,中子,38,31903,13,25,0.6376688480377197,0.6274608572324117,0.622068452835083,0.6376688480377197,0,0.0,0,10,10
IAEA_plus_25,25,6,core_term,en,neutron,38,31903,13,25,0.6899797916412354,0.6767170627911886,0.6628393471240998,0.6899797916412354,6,0.6,1,10,10
IAEA_plus_25,25,6,phrase,zh,中子测量电流,38,31903,13,25,0.6772618889808655,0.6750983198483785,0.6710787355899811,0.6772618889808655,0,0.0,0,10,10
IAEA_plus_25,25,6,phrase,en,neutron measurement current,38,31903,13,25,0.7035508155822754,0.6991282900174459,0.6767610549926758,0.7035508155822754,4,0.4,3,10,10
IAEA_plus_25,25,7,core_term,zh,中子,38,41872,13,25,0.6376688480377197,0.6259249647458395,0.6175918519496918,0.6376688480377197,0,0.0,0,10,10
IAEA_plus_25,25,7,core_term,en,neutron,38,41872,13,25,0.6899797916412354,0.6775538325309753,0.6655700266361236,0.6899797916412354,5,0.5,1,10,10
IAEA_plus_25,25,7,phrase,zh,中子测量电流,38,41872,13,25,0.6772618889808655,0.6698239048322042,0.6657037198543548,0.6772618889808655,0,0.0,0,10,10
IAEA_plus_25,25,7,phrase,en,neutron measurement current,38,41872,13,25,0.6957577466964722,0.6816319227218628,0.6625497579574585,0.6957577466964722,7,0.7,1,10,10
IAEA_plus_25,25,8,core_term,zh,中子,38,39300,13,25,0.6103138327598572,0.6084927320480347,0.6048609912395477,0.6103138327598572,0,0.0,0,10,10
IAEA_plus_25,25,8,core_term,en,neutron,38,39300,13,25,0.6899797916412354,0.6767170627911886,0.6649397373199463,0.6899797916412354,5,0.5,1,10,10
IAEA_plus_25,25,8,phrase,zh,中子测量电流,38,39300,13,25,0.6693858504295349,0.6663830677668253,0.6600395441055298,0.6693858504295349,0,0.0,0,10,10
IAEA_plus_25,25,8,phrase,en,neutron measurement current,38,39300,13,25,0.7035508155822754,0.6991282900174459,0.6767610549926758,0.7035508155822754,4,0.4,3,10,10
IAEA_plus_25,25,9,core_term,zh,中子,38,40117,13,25,0.6376688480377197,0.6259249647458395,0.6175918519496918,0.6376688480377197,0,0.0,0,10,10
IAEA_plus_25,25,9,core_term,en,neutron,38,40117,13,25,0.6899797916412354,0.6775538325309753,0.6641988396644593,0.6899797916412354,6,0.6,1,10,10
IAEA_plus_25,25,9,phrase,zh,中子测量电流,38,40117,13,25,0.6772618889808655,0.6698239048322042,0.665899783372879,0.6772618889808655,0,0.0,0,10,10
IAEA_plus_25,25,9,phrase,en,neutron measurement current,38,40117,13,25,0.6957577466964722,0.6816319227218628,0.6635795295238495,0.6957577466964722,7,0.7,1,10,10
IAEA_plus_25,25,10,core_term,zh,中子,38,38454,13,25,0.6116806268692017,0.6109298268953959,0.6098556876182556,0.6116806268692017,0,0.0,0,10,10
IAEA_plus_25,25,10,core_term,en,neutron,38,38454,13,25,0.6899797916412354,0.6775538325309753,0.6650354743003846,0.6899797916412354,5,0.5,1,10,10
IAEA_plus_25,25,10,phrase,zh,中子测量电流,38,38454,13,25,0.6652456521987915,0.6644489566485087,0.6627322137355804,0.6652456521987915,0,0.0,0,10,10
IAEA_plus_25,25,10,phrase,en,neutron measurement current,38,38454,13,25,0.7035508155822754,0.6991282900174459,0.6771908760070801,0.7035508155822754,4,0.4,3,10,10
IAEA_plus_25,25,11,core_term,zh,中子,38,40109,13,25,0.6228203177452087,0.6219706535339355,0.61971395611763,0.6228203177452087,0,0.0,0,10,10
IAEA_plus_25,25,11,core_term,en,neutron,38,40109,13,25,0.6899797916412354,0.6767170627911886,0.6646835565567016,0.6899797916412354,5,0.5,1,10,10
IAEA_plus_25,25,11,phrase,zh,中子测量电流,38,40109,13,25,0.674386739730835,0.6738664507865906,0.6699054360389709,0.674386739730835,0,0.0,0,10,10
IAEA_plus_25,25,11,phrase,en,neutron measurement current,38,40109,13,25,0.6957577466964722,0.6816319227218628,0.6602667510509491,0.6957577466964722,9,0.9,1,10,10
IAEA_plus_25,25,12,core_term,zh,中子,38,39700,13,25,0.6116806268692017,0.6109298268953959,0.6098556876182556,0.6116806268692017,0,0.0,0,10,10
IAEA_plus_25,25,12,core_term,en,neutron,38,39700,13,25,0.6899797916412354,0.6775538325309753,0.6641988396644593,0.6899797916412354,6,0.6,1,10,10
IAEA_plus_25,25,12,phrase,zh,中子测量电流,38,39700,13,25,0.6652456521987915,0.6644489566485087,0.6627322137355804,0.6652456521987915,0,0.0,0,10,10
IAEA_plus_25,25,12,phrase,en,neutron measurement current,38,39700,13,25,0.6957577466964722,0.6816319227218628,0.6624858975410461,0.6957577466964722,8,0.8,1,10,10
IAEA_plus_25,25,13,core_term,zh,中子,38,35317,13,25,0.6228203177452087,0.6219706535339355,0.61971395611763,0.6228203177452087,0,0.0,0,10,10
IAEA_plus_25,25,13,core_term,en,neutron,38,35317,13,25,0.6899797916412354,0.6767170627911886,0.6612394988536835,0.6899797916412354,7,0.7,1,10,10
IAEA_plus_25,25,13,phrase,zh,中子测量电流,38,35317,13,25,0.674386739730835,0.6738664507865906,0.6699054360389709,0.674386739730835,0,0.0,0,10,10
IAEA_plus_25,25,13,phrase,en,neutron measurement current,38,35317,13,25,0.7035508155822754,0.6991282900174459,0.6767319321632386,0.7035508155822754,5,0.5,3,10,10
IAEA_plus_25,25,14,core_term,zh,中子,38,38394,13,25,0.5600153803825378,0.5529676278432211,0.5463274776935577,0.5600153803825378,0,0.0,0,10,10
IAEA_plus_25,25,14,core_term,en,neutron,38,38394,13,25,0.6899797916412354,0.6767170627911886,0.6649397373199463,0.6899797916412354,5,0.5,1,10,10
IAEA_plus_25,25,14,phrase,zh,中子测量电流,38,38394,13,25,0.5922446846961975,0.5874267021814982,0.5818783342838287,0.5922446846961975,0,0.0,0,10,10
IAEA_plus_25,25,14,phrase,en,neutron measurement current,38,38394,13,25,0.7035508155822754,0.6991282900174459,0.6767610549926758,0.7035508155822754,4,0.4,3,10,10
IAEA_plus_25,25,15,core_term,zh,中子,38,38769,13,25,0.6376688480377197,0.6274608572324117,0.622068452835083,0.6376688480377197,0,0.0,0,10,10
IAEA_plus_25,25,15,core_term,en,neutron,38,38769,13,25,0.6899797916412354,0.6767170627911886,0.6635451257228852,0.6899797916412354,5,0.5,1,10,10
IAEA_plus_25,25,15,phrase,zh,中子测量电流,38,38769,13,25,0.6772618889808655,0.6750983198483785,0.6710787355899811,0.6772618889808655,0,0.0,0,10,10
IAEA_plus_25,25,15,phrase,en,neutron measurement current,38,38769,13,25,0.6957577466964722,0.6816319227218628,0.6606996655464172,0.6957577466964722,8,0.8,1,10,10
IAEA_plus_25,25,16,core_term,zh,中子,38,34508,13,25,0.6089305877685547,0.6050087412198385,0.5713477373123169,0.6089305877685547,0,0.0,0,10,10
IAEA_plus_25,25,16,core_term,en,neutron,38,34508,13,25,0.6899797916412354,0.6767170627911886,0.6628393471240998,0.6899797916412354,6,0.6,1,10,10
IAEA_plus_25,25,16,phrase,zh,中子测量电流,38,34508,13,25,0.6693858504295349,0.6599276463190714,0.6139183819293976,0.6693858504295349,0,0.0,0,10,10
IAEA_plus_25,25,16,phrase,en,neutron measurement current,38,34508,13,25,0.7035508155822754,0.6991282900174459,0.6767319321632386,0.7035508155822754,5,0.5,3,10,10
IAEA_plus_25,25,17,core_term,zh,中子,38,34286,13,25,0.6376688480377197,0.6274608572324117,0.622068452835083,0.6376688480377197,0,0.0,0,10,10
IAEA_plus_25,25,17,core_term,en,neutron,38,34286,13,25,0.6899797916412354,0.6767170627911886,0.6612394988536835,0.6899797916412354,7,0.7,1,10,10
IAEA_plus_25,25,17,phrase,zh,中子测量电流,38,34286,13,25,0.6772618889808655,0.6750983198483785,0.6708976626396179,0.6772618889808655,0,0.0,0,10,10
IAEA_plus_25,25,17,phrase,en,neutron measurement current,38,34286,13,25,0.7035508155822754,0.6991282900174459,0.6767610549926758,0.7035508155822754,4,0.4,3,10,10
IAEA_plus_25,25,18,core_term,zh,中子,38,33444,13,25,0.6376688480377197,0.6274608572324117,0.622068452835083,0.6376688480377197,0,0.0,0,10,10
IAEA_plus_25,25,18,core_term,en,neutron,38,33444,13,25,0.6899797916412354,0.6775538325309753,0.6648365914821625,0.6899797916412354,5,0.5,1,10,10
IAEA_plus_25,25,18,phrase,zh,中子测量电流,38,33444,13,25,0.6772618889808655,0.6750983198483785,0.6710787355899811,0.6772618889808655,0,0.0,0,10,10
IAEA_plus_25,25,18,phrase,en,neutron measurement current,38,33444,13,25,0.7035508155822754,0.6991282900174459,0.6771908760070801,0.7035508155822754,4,0.4,3,10,10
IAEA_plus_25,25,19,core_term,zh,中子,38,36861,13,25,0.6376688480377197,0.6259249647458395,0.6175918519496918,0.6376688480377197,0,0.0,0,10,10
IAEA_plus_25,25,19,core_term,en,neutron,38,36861,13,25,0.6899797916412354,0.6767170627911886,0.6628393471240998,0.6899797916412354,6,0.6,1,10,10
IAEA_plus_25,25,19,phrase,zh,中子测量电流,38,36861,13,25,0.6772618889808655,0.6712039709091187,0.6662477493286133,0.6772618889808655,0,0.0,0,10,10
IAEA_plus_25,25,19,phrase,en,neutron measurement current,38,36861,13,25,0.7035508155822754,0.6991282900174459,0.6767319321632386,0.7035508155822754,5,0.5,3,10,10
IAEA_plus_25,25,20,core_term,zh,中子,38,48616,13,25,0.6376688480377197,0.6259249647458395,0.6175918519496918,0.6376688480377197,0,0.0,0,10,10
IAEA_plus_25,25,20,core_term,en,neutron,38,48616,13,25,0.6899797916412354,0.6775538325309753,0.6661919593811035,0.6899797916412354,5,0.5,1,10,10
IAEA_plus_25,25,20,phrase,zh,中子测量电流,38,48616,13,25,0.6772618889808655,0.6712039709091187,0.6667243778705597,0.6772618889808655,0,0.0,0,10,10
IAEA_plus_25,25,20,phrase,en,neutron measurement current,38,48616,13,25,0.6957577466964722,0.6816319227218628,0.662165778875351,0.6957577466964722,8,0.8,1,10,10
IAEA_plus_25,25,21,core_term,zh,中子,38,38205,13,25,0.6376688480377197,0.6274608572324117,0.622068452835083,0.6376688480377197,0,0.0,0,10,10
IAEA_plus_25,25,21,core_term,en,neutron,38,38205,13,25,0.6899797916412354,0.6775538325309753,0.6626602947711945,0.6899797916412354,6,0.6,1,10,10
IAEA_plus_25,25,21,phrase,zh,中子测量电流,38,38205,13,25,0.6772618889808655,0.6750983198483785,0.6710787355899811,0.6772618889808655,0,0.0,0,10,10
IAEA_plus_25,25,21,phrase,en,neutron measurement current,38,38205,13,25,0.6957577466964722,0.6816319227218628,0.6631955504417419,0.6957577466964722,8,0.8,1,10,10
IAEA_plus_25,25,22,core_term,zh,中子,38,39579,13,25,0.6376688480377197,0.6259249647458395,0.6175918519496918,0.6376688480377197,0,0.0,0,10,10
IAEA_plus_25,25,22,core_term,en,neutron,38,39579,13,25,0.6899797916412354,0.6775538325309753,0.6656655967235565,0.6899797916412354,5,0.5,1,10,10
IAEA_plus_25,25,22,phrase,zh,中子测量电流,38,39579,13,25,0.6772618889808655,0.6712039709091187,0.6665949940681457,0.6772618889808655,0,0.0,0,10,10
IAEA_plus_25,25,22,phrase,en,neutron measurement current,38,39579,13,25,0.7035508155822754,0.6991282900174459,0.6771908760070801,0.7035508155822754,4,0.4,3,10,10
IAEA_plus_25,25,23,core_term,zh,中子,38,44995,13,25,0.6376688480377197,0.6259249647458395,0.6175918519496918,0.6376688480377197,0,0.0,0,10,10
IAEA_plus_25,25,23,core_term,en,neutron,38,44995,13,25,0.6899797916412354,0.6775538325309753,0.6639917671680451,0.6899797916412354,6,0.6,1,10,10
IAEA_plus_25,25,23,phrase,zh,中子测量电流,38,44995,13,25,0.6772618889808655,0.6712039709091187,0.6667243778705597,0.6772618889808655,0,0.0,0,10,10
IAEA_plus_25,25,23,phrase,en,neutron measurement current,38,44995,13,25,0.6957577466964722,0.6816319227218628,0.6624858975410461,0.6957577466964722,8,0.8,1,10,10
IAEA_plus_25,25,24,core_term,zh,中子,38,36046,13,25,0.6376688480377197,0.6259249647458395,0.6175918519496918,0.6376688480377197,0,0.0,0,10,10
IAEA_plus_25,25,24,core_term,en,neutron,38,36046,13,25,0.6899797916412354,0.6767170627911886,0.6639501214027405,0.6899797916412354,5,0.5,1,10,10
IAEA_plus_25,25,24,phrase,zh,中子测量电流,38,36046,13,25,0.6772618889808655,0.6712039709091187,0.666480016708374,0.6772618889808655,0,0.0,0,10,10
IAEA_plus_25,25,24,phrase,en,neutron measurement current,38,36046,13,25,0.7035508155822754,0.6991282900174459,0.6767319321632386,0.7035508155822754,5,0.5,3,10,10
IAEA_plus_25,25,25,core_term,zh,中子,38,37730,13,25,0.6376688480377197,0.6259249647458395,0.6175918519496918,0.6376688480377197,0,0.0,0,10,10
IAEA_plus_25,25,25,core_term,en,neutron,38,37730,13,25,0.6899797916412354,0.6775538325309753,0.6656655967235565,0.6899797916412354,5,0.5,1,10,10
IAEA_plus_25,25,25,phrase,zh,中子测量电流,38,37730,13,25,0.6772618889808655,0.6698239048322042,0.6657037198543548,0.6772618889808655,0,0.0,0,10,10
IAEA_plus_25,25,25,phrase,en,neutron measurement current,38,37730,13,25,0.7035508155822754,0.6991282900174459,0.6771908760070801,0.7035508155822754,4,0.4,3,10,10
IAEA_plus_25,25,26,core_term,zh,中子,38,43539,13,25,0.6103138327598572,0.6084927320480347,0.6048609912395477,0.6103138327598572,0,0.0,0,10,10
IAEA_plus_25,25,26,core_term,en,neutron,38,43539,13,25,0.6899797916412354,0.6767170627911886,0.6646835565567016,0.6899797916412354,5,0.5,1,10,10
IAEA_plus_25,25,26,phrase,zh,中子测量电流,38,43539,13,25,0.6693858504295349,0.6663830677668253,0.6600395441055298,0.6693858504295349,0,0.0,0,10,10
IAEA_plus_25,25,26,phrase,en,neutron measurement current,38,43539,13,25,0.6957577466964722,0.6816319227218628,0.6617359578609466,0.6957577466964722,8,0.8,1,10,10
IAEA_plus_25,25,27,core_term,zh,中子,38,35865,13,25,0.6376688480377197,0.6274608572324117,0.622068452835083,0.6376688480377197,0,0.0,0,10,10
IAEA_plus_25,25,27,core_term,en,neutron,38,35865,13,25,0.6899797916412354,0.6767170627911886,0.6612394988536835,0.6899797916412354,7,0.7,1,10,10
IAEA_plus_25,25,27,phrase,zh,中子测量电流,38,35865,13,25,0.6772618889808655,0.6750983198483785,0.6708976626396179,0.6772618889808655,0,0.0,0,10,10
IAEA_plus_25,25,27,phrase,en,neutron measurement current,38,35865,13,25,0.7035508155822754,0.6991282900174459,0.6767319321632386,0.7035508155822754,5,0.5,3,10,10
IAEA_plus_25,25,28,core_term,zh,中子,38,35121,13,25,0.6376688480377197,0.6259249647458395,0.6175918519496918,0.6376688480377197,0,0.0,0,10,10
IAEA_plus_25,25,28,core_term,en,neutron,38,35121,13,25,0.6899797916412354,0.6767170627911886,0.6609632730484009,0.6899797916412354,8,0.8,1,10,10
IAEA_plus_25,25,28,phrase,zh,中子测量电流,38,35121,13,25,0.6772618889808655,0.6698199510574341,0.6651476860046387,0.6772618889808655,0,0.0,0,10,10
IAEA_plus_25,25,28,phrase,en,neutron measurement current,38,35121,13,25,0.6957577466964722,0.6816319227218628,0.6631497085094452,0.6957577466964722,7,0.7,1,10,10
IAEA_plus_25,25,29,core_term,zh,中子,38,39598,13,25,0.6376688480377197,0.6259249647458395,0.6175918519496918,0.6376688480377197,0,0.0,0,10,10
IAEA_plus_25,25,29,core_term,en,neutron,38,39598,13,25,0.6899797916412354,0.6767170627911886,0.6621435642242431,0.6899797916412354,6,0.6,1,10,10
IAEA_plus_25,25,29,phrase,zh,中子测量电流,38,39598,13,25,0.6772618889808655,0.6698199510574341,0.6651476860046387,0.6772618889808655,0,0.0,0,10,10
IAEA_plus_25,25,29,phrase,en,neutron measurement current,38,39598,13,25,0.6957577466964722,0.6816319227218628,0.6621199369430542,0.6957577466964722,7,0.7,1,10,10
IAEA_plus_25,25,30,core_term,zh,中子,38,31896,13,25,0.6376688480377197,0.6259249647458395,0.6175918519496918,0.6376688480377197,0,0.0,0,10,10
IAEA_plus_25,25,30,core_term,en,neutron,38,31896,13,25,0.6899797916412354,0.6767170627911886,0.6609632730484009,0.6899797916412354,8,0.8,1,10,10
IAEA_plus_25,25,30,phrase,zh,中子测量电流,38,31896,13,25,0.6772618889808655,0.6698199510574341,0.6655229806900025,0.6772618889808655,0,0.0,0,10,10
IAEA_plus_25,25,30,phrase,en,neutron measurement current,38,31896,13,25,0.6957577466964722,0.6816319227218628,0.6612965226173401,0.6957577466964722,9,0.9,1,10,10
IAEA_plus_25,25,31,core_term,zh,中子,38,37542,13,25,0.6228203177452087,0.6219706535339355,0.61971395611763,0.6228203177452087,0,0.0,0,10,10
IAEA_plus_25,25,31,core_term,en,neutron,38,37542,13,25,0.6899797916412354,0.6767170627911886,0.6635451257228852,0.6899797916412354,5,0.5,1,10,10
IAEA_plus_25,25,31,phrase,zh,中子测量电流,38,37542,13,25,0.674386739730835,0.6738664507865906,0.6699054360389709,0.674386739730835,0,0.0,0,10,10
IAEA_plus_25,25,31,phrase,en,neutron measurement current,38,37542,13,25,0.6957577466964722,0.6816319227218628,0.6617359578609466,0.6957577466964722,8,0.8,1,10,10
IAEA_plus_25,25,32,core_term,zh,中子,38,35442,13,25,0.6376688480377197,0.6259249647458395,0.6175918519496918,0.6376688480377197,0,0.0,0,10,10
IAEA_plus_25,25,32,core_term,en,neutron,38,35442,13,25,0.6899797916412354,0.6767170627911886,0.6609632730484009,0.6899797916412354,8,0.8,1,10,10
IAEA_plus_25,25,32,phrase,zh,中子测量电流,38,35442,13,25,0.6772618889808655,0.6698199510574341,0.6651476860046387,0.6772618889808655,0,0.0,0,10,10
IAEA_plus_25,25,32,phrase,en,neutron measurement current,38,35442,13,25,0.6957577466964722,0.6816319227218628,0.6612965226173401,0.6957577466964722,9,0.9,1,10,10
IAEA_plus_25,25,33,core_term,zh,中子,38,37974,13,25,0.6376688480377197,0.6259249647458395,0.6175918519496918,0.6376688480377197,0,0.0,0,10,10
IAEA_plus_25,25,33,core_term,en,neutron,38,37974,13,25,0.6899797916412354,0.6767170627911886,0.6612394988536835,0.6899797916412354,7,0.7,1,10,10
IAEA_plus_25,25,33,phrase,zh,中子测量电流,38,37974,13,25,0.6772618889808655,0.6698199510574341,0.6655229806900025,0.6772618889808655,0,0.0,0,10,10
IAEA_plus_25,25,33,phrase,en,neutron measurement current,38,37974,13,25,0.7035508155822754,0.6991282900174459,0.6767610549926758,0.7035508155822754,4,0.4,3,10,10
IAEA_plus_25,25,34,core_term,zh,中子,38,33634,13,25,0.6376688480377197,0.6259249647458395,0.6175918519496918,0.6376688480377197,0,0.0,0,10,10
IAEA_plus_25,25,34,core_term,en,neutron,38,33634,13,25,0.6899797916412354,0.6767170627911886,0.6606558859348297,0.6899797916412354,9,0.9,1,10,10
IAEA_plus_25,25,34,phrase,zh,中子测量电流,38,33634,13,25,0.6772618889808655,0.6712039709091187,0.666480016708374,0.6772618889808655,0,0.0,0,10,10
IAEA_plus_25,25,34,phrase,en,neutron measurement current,38,33634,13,25,0.6957577466964722,0.6816319227218628,0.6605868697166443,0.6957577466964722,9,0.9,1,10,10
IAEA_plus_25,25,35,core_term,zh,中子,38,38423,13,25,0.6376688480377197,0.6274608572324117,0.622068452835083,0.6376688480377197,0,0.0,0,10,10
IAEA_plus_25,25,35,core_term,en,neutron,38,38423,13,25,0.6899797916412354,0.6775538325309753,0.6645804107189178,0.6899797916412354,5,0.5,1,10,10
IAEA_plus_25,25,35,phrase,zh,中子测量电流,38,38423,13,25,0.6772618889808655,0.6750983198483785,0.6710787355899811,0.6772618889808655,0,0.0,0,10,10
IAEA_plus_25,25,35,phrase,en,neutron measurement current,38,38423,13,25,0.6957577466964722,0.6816319227218628,0.6625497579574585,0.6957577466964722,7,0.7,1,10,10
IAEA_plus_25,25,36,core_term,zh,中子,38,42347,13,25,0.6103138327598572,0.6084927320480347,0.6048609912395477,0.6103138327598572,0,0.0,0,10,10
IAEA_plus_25,25,36,core_term,en,neutron,38,42347,13,25,0.6899797916412354,0.6767170627911886,0.6624413073062897,0.6899797916412354,8,0.8,1,10,10
IAEA_plus_25,25,36,phrase,zh,中子测量电流,38,42347,13,25,0.6693858504295349,0.6663830677668253,0.6600395441055298,0.6693858504295349,0,0.0,0,10,10
IAEA_plus_25,25,36,phrase,en,neutron measurement current,38,42347,13,25,0.6957577466964722,0.6816319227218628,0.6620560765266419,0.6957577466964722,8,0.8,1,10,10
IAEA_plus_25,25,37,core_term,zh,中子,38,33719,13,25,0.6376688480377197,0.6274608572324117,0.622068452835083,0.6376688480377197,0,0.0,0,10,10
IAEA_plus_25,25,37,core_term,en,neutron,38,33719,13,25,0.6899797916412354,0.6767170627911886,0.6621435642242431,0.6899797916412354,6,0.6,1,10,10
IAEA_plus_25,25,37,phrase,zh,中子测量电流,38,33719,13,25,0.6772618889808655,0.6750983198483785,0.6708976626396179,0.6772618889808655,0,0.0,0,10,10
IAEA_plus_25,25,37,phrase,en,neutron measurement current,38,33719,13,25,0.6957577466964722,0.6816319227218628,0.661409318447113,0.6957577466964722,8,0.8,1,10,10
IAEA_plus_25,25,38,core_term,zh,中子,38,41359,13,25,0.6376688480377197,0.6274608572324117,0.622068452835083,0.6376688480377197,0,0.0,0,10,10
IAEA_plus_25,25,38,core_term,en,neutron,38,41359,13,25,0.6899797916412354,0.6767170627911886,0.6646835565567016,0.6899797916412354,5,0.5,1,10,10
IAEA_plus_25,25,38,phrase,zh,中子测量电流,38,41359,13,25,0.6772618889808655,0.6750983198483785,0.6710787355899811,0.6772618889808655,0,0.0,0,10,10
IAEA_plus_25,25,38,phrase,en,neutron measurement current,38,41359,13,25,0.6957577466964722,0.6816319227218628,0.6621199369430542,0.6957577466964722,7,0.7,1,10,10
IAEA_plus_25,25,39,core_term,zh,中子,38,40245,13,25,0.6376688480377197,0.6259249647458395,0.6175918519496918,0.6376688480377197,0,0.0,0,10,10
IAEA_plus_25,25,39,core_term,en,neutron,38,40245,13,25,0.6899797916412354,0.6775538325309753,0.6652425467967987,0.6899797916412354,5,0.5,1,10,10
IAEA_plus_25,25,39,phrase,zh,中子测量电流,38,40245,13,25,0.6772618889808655,0.6698239048322042,0.6657037198543548,0.6772618889808655,0,0.0,0,10,10
IAEA_plus_25,25,39,phrase,en,neutron measurement current,38,40245,13,25,0.7035508155822754,0.6991282900174459,0.6771908760070801,0.7035508155822754,4,0.4,3,10,10
IAEA_plus_25,25,40,core_term,zh,中子,38,42624,13,25,0.6089305877685547,0.6050087412198385,0.5882789373397828,0.6089305877685547,0,0.0,0,10,10
IAEA_plus_25,25,40,core_term,en,neutron,38,42624,13,25,0.6899797916412354,0.6767170627911886,0.6626322746276856,0.6899797916412354,6,0.6,1,10,10
IAEA_plus_25,25,40,phrase,zh,中子测量电流,38,42624,13,25,0.6693858504295349,0.6599276463190714,0.6302282392978669,0.6693858504295349,0,0.0,0,10,10
IAEA_plus_25,25,40,phrase,en,neutron measurement current,38,42624,13,25,0.7035508155822754,0.6991282900174459,0.6767319321632386,0.7035508155822754,5,0.5,3,10,10
IAEA_plus_25,25,41,core_term,zh,中子,38,38151,13,25,0.6376688480377197,0.6274608572324117,0.622068452835083,0.6376688480377197,0,0.0,0,10,10
IAEA_plus_25,25,41,core_term,en,neutron,38,38151,13,25,0.6899797916412354,0.6775538325309753,0.6648365914821625,0.6899797916412354,5,0.5,1,10,10
IAEA_plus_25,25,41,phrase,zh,中子测量电流,38,38151,13,25,0.6772618889808655,0.6750983198483785,0.6708976626396179,0.6772618889808655,0,0.0,0,10,10
IAEA_plus_25,25,41,phrase,en,neutron measurement current,38,38151,13,25,0.7035508155822754,0.6991282900174459,0.6771908760070801,0.7035508155822754,4,0.4,3,10,10
IAEA_plus_25,25,42,core_term,zh,中子,38,43154,13,25,0.6228203177452087,0.6219706535339355,0.61971395611763,0.6228203177452087,0,0.0,0,10,10
IAEA_plus_25,25,42,core_term,en,neutron,38,43154,13,25,0.6899797916412354,0.6775538325309753,0.6661919593811035,0.6899797916412354,5,0.5,1,10,10
IAEA_plus_25,25,42,phrase,zh,中子测量电流,38,43154,13,25,0.674386739730835,0.6738664507865906,0.6699054360389709,0.674386739730835,0,0.0,0,10,10
IAEA_plus_25,25,42,phrase,en,neutron measurement current,38,43154,13,25,0.6957577466964722,0.6816319227218628,0.6635860502719879,0.6957577466964722,7,0.7,1,10,10
IAEA_plus_25,25,43,core_term,zh,中子,38,35197,13,25,0.6376688480377197,0.6259249647458395,0.6175918519496918,0.6376688480377197,0,0.0,0,10,10
IAEA_plus_25,25,43,core_term,en,neutron,38,35197,13,25,0.6899797916412354,0.6775538325309753,0.6648365914821625,0.6899797916412354,5,0.5,1,10,10
IAEA_plus_25,25,43,phrase,zh,中子测量电流,38,35197,13,25,0.6772618889808655,0.6698239048322042,0.6657037198543548,0.6772618889808655,0,0.0,0,10,10
IAEA_plus_25,25,43,phrase,en,neutron measurement current,38,35197,13,25,0.7035508155822754,0.6991282900174459,0.6771908760070801,0.7035508155822754,4,0.4,3,10,10
IAEA_plus_25,25,44,core_term,zh,中子,38,34813,13,25,0.6116806268692017,0.6109298268953959,0.6098909616470337,0.6116806268692017,0,0.0,0,10,10
IAEA_plus_25,25,44,core_term,en,neutron,38,34813,13,25,0.6899797916412354,0.6775538325309753,0.6639306902885437,0.6899797916412354,5,0.5,1,10,10
IAEA_plus_25,25,44,phrase,zh,中子测量电流,38,34813,13,25,0.6693858504295349,0.6665657758712769,0.6639178454875946,0.6693858504295349,0,0.0,0,10,10
IAEA_plus_25,25,44,phrase,en,neutron measurement current,38,34813,13,25,0.7035508155822754,0.6991282900174459,0.6771908760070801,0.7035508155822754,4,0.4,3,10,10
IAEA_plus_25,25,45,core_term,zh,中子,38,33048,13,25,0.6376688480377197,0.6274608572324117,0.622068452835083,0.6376688480377197,0,0.0,0,10,10
IAEA_plus_25,25,45,core_term,en,neutron,38,33048,13,25,0.6899797916412354,0.6767170627911886,0.6589956402778625,0.6899797916412354,10,1.0,1,10,10
IAEA_plus_25,25,45,phrase,zh,中子测量电流,38,33048,13,25,0.6772618889808655,0.6750983198483785,0.6710787355899811,0.6772618889808655,0,0.0,0,10,10
IAEA_plus_25,25,45,phrase,en,neutron measurement current,38,33048,13,25,0.6957577466964722,0.6816319227218628,0.6620560765266419,0.6957577466964722,8,0.8,1,10,10
IAEA_plus_25,25,46,core_term,zh,中子,38,37652,13,25,0.6376688480377197,0.6259249647458395,0.6175918519496918,0.6376688480377197,0,0.0,0,10,10
IAEA_plus_25,25,46,core_term,en,neutron,38,37652,13,25,0.6899797916412354,0.6767170627911886,0.6630278110504151,0.6899797916412354,5,0.5,1,10,10
IAEA_plus_25,25,46,phrase,zh,中子测量电流,38,37652,13,25,0.6772618889808655,0.6698199510574341,0.6655229806900025,0.6772618889808655,0,0.0,0,10,10
IAEA_plus_25,25,46,phrase,en,neutron measurement current,38,37652,13,25,0.7035508155822754,0.6991282900174459,0.6767610549926758,0.7035508155822754,4,0.4,3,10,10
IAEA_plus_25,25,47,core_term,zh,中子,38,36770,13,25,0.6228203177452087,0.6219706535339355,0.61971395611763,0.6228203177452087,0,0.0,0,10,10
IAEA_plus_25,25,47,core_term,en,neutron,38,36770,13,25,0.6899797916412354,0.6767170627911886,0.6612394988536835,0.6899797916412354,7,0.7,1,10,10
IAEA_plus_25,25,47,phrase,zh,中子测量电流,38,36770,13,25,0.674386739730835,0.6738664507865906,0.6701100587844848,0.674386739730835,0,0.0,0,10,10
IAEA_plus_25,25,47,phrase,en,neutron measurement current,38,36770,13,25,0.7035508155822754,0.6991282900174459,0.6767319321632386,0.7035508155822754,5,0.5,3,10,10
IAEA_plus_25,25,48,core_term,zh,中子,38,37238,13,25,0.6376688480377197,0.6274608572324117,0.622068452835083,0.6376688480377197,0,0.0,0,10,10
IAEA_plus_25,25,48,core_term,en,neutron,38,37238,13,25,0.6899797916412354,0.6767170627911886,0.6621435642242431,0.6899797916412354,6,0.6,1,10,10
IAEA_plus_25,25,48,phrase,zh,中子测量电流,38,37238,13,25,0.6772618889808655,0.6750983198483785,0.6708976626396179,0.6772618889808655,0,0.0,0,10,10
IAEA_plus_25,25,48,phrase,en,neutron measurement current,38,37238,13,25,0.6957577466964722,0.6816319227218628,0.6617932975292206,0.6957577466964722,7,0.7,1,10,10
IAEA_plus_25,25,49,core_term,zh,中子,38,34770,13,25,0.6376688480377197,0.6259249647458395,0.6175918519496918,0.6376688480377197,0,0.0,0,10,10
IAEA_plus_25,25,49,core_term,en,neutron,38,34770,13,25,0.6899797916412354,0.6767170627911886,0.6609632730484009,0.6899797916412354,8,0.8,1,10,10
IAEA_plus_25,25,49,phrase,zh,中子测量电流,38,34770,13,25,0.6772618889808655,0.6698199510574341,0.6655229806900025,0.6772618889808655,0,0.0,0,10,10
IAEA_plus_25,25,49,phrase,en,neutron measurement current,38,34770,13,25,0.6957577466964722,0.6816319227218628,0.6627657294273377,0.6957577466964722,8,0.8,1,10,10
IAEA_plus_25,25,50,core_term,zh,中子,38,36868,13,25,0.6228203177452087,0.6219706535339355,0.61971395611763,0.6228203177452087,0,0.0,0,10,10
IAEA_plus_25,25,50,core_term,en,neutron,38,36868,13,25,0.6899797916412354,0.6767170627911886,0.6649397373199463,0.6899797916412354,5,0.5,1,10,10
IAEA_plus_25,25,50,phrase,zh,中子测量电流,38,36868,13,25,0.674386739730835,0.6738664507865906,0.6701100587844848,0.674386739730835,0,0.0,0,10,10
IAEA_plus_25,25,50,phrase,en,neutron measurement current,38,36868,13,25,0.7035508155822754,0.6991282900174459,0.6767319321632386,0.7035508155822754,5,0.5,3,10,10
IAEA_plus_25,25,51,core_term,zh,中子,38,34983,13,25,0.6376688480377197,0.6259249647458395,0.6175918519496918,0.6376688480377197,0,0.0,0,10,10
IAEA_plus_25,25,51,core_term,en,neutron,38,34983,13,25,0.6899797916412354,0.6767170627911886,0.6612394988536835,0.6899797916412354,7,0.7,1,10,10
IAEA_plus_25,25,51,phrase,zh,中子测量电流,38,34983,13,25,0.6772618889808655,0.6712039709091187,0.6662477493286133,0.6772618889808655,0,0.0,0,10,10
IAEA_plus_25,25,51,phrase,en,neutron measurement current,38,34983,13,25,0.7035508155822754,0.6991282900174459,0.6767610549926758,0.7035508155822754,4,0.4,3,10,10
IAEA_plus_25,25,52,core_term,zh,中子,38,43006,13,25,0.6228203177452087,0.6219706535339355,0.61971395611763,0.6228203177452087,0,0.0,0,10,10
IAEA_plus_25,25,52,core_term,en,neutron,38,43006,13,25,0.6899797916412354,0.6775538325309753,0.6661648571491241,0.6899797916412354,5,0.5,1,10,10
IAEA_plus_25,25,52,phrase,zh,中子测量电流,38,43006,13,25,0.674386739730835,0.6738664507865906,0.6699054360389709,0.674386739730835,0,0.0,0,10,10
IAEA_plus_25,25,52,phrase,en,neutron measurement current,38,43006,13,25,0.7035508155822754,0.6991282900174459,0.6771908760070801,0.7035508155822754,4,0.4,3,10,10
IAEA_plus_25,25,53,core_term,zh,中子,38,44599,13,25,0.6228203177452087,0.6219706535339355,0.61971395611763,0.6228203177452087,0,0.0,0,10,10
IAEA_plus_25,25,53,core_term,en,neutron,38,44599,13,25,0.6899797916412354,0.6775538325309753,0.6662509679794312,0.6899797916412354,5,0.5,1,10,10
IAEA_plus_25,25,53,phrase,zh,中子测量电流,38,44599,13,25,0.674386739730835,0.6738664507865906,0.6701100587844848,0.674386739730835,0,0.0,0,10,10
IAEA_plus_25,25,53,phrase,en,neutron measurement current,38,44599,13,25,0.7035508155822754,0.6991282900174459,0.6771908760070801,0.7035508155822754,4,0.4,3,10,10
IAEA_plus_25,25,54,core_term,zh,中子,38,33519,13,25,0.6228203177452087,0.6219706535339355,0.61971395611763,0.6228203177452087,0,0.0,0,10,10
IAEA_plus_25,25,54,core_term,en,neutron,38,33519,13,25,0.6899797916412354,0.6767170627911886,0.6609632730484009,0.6899797916412354,8,0.8,1,10,10
IAEA_plus_25,25,54,phrase,zh,中子测量电流,38,33519,13,25,0.674386739730835,0.6738664507865906,0.6699054360389709,0.674386739730835,0,0.0,0,10,10
IAEA_plus_25,25,54,phrase,en,neutron measurement current,38,33519,13,25,0.6957577466964722,0.6816319227218628,0.6631497085094452,0.6957577466964722,7,0.7,1,10,10
IAEA_plus_25,25,55,core_term,zh,中子,38,37929,13,25,0.6376688480377197,0.6274608572324117,0.622068452835083,0.6376688480377197,0,0.0,0,10,10
IAEA_plus_25,25,55,core_term,en,neutron,38,37929,13,25,0.6899797916412354,0.6775538325309753,0.6641988396644593,0.6899797916412354,6,0.6,1,10,10
IAEA_plus_25,25,55,phrase,zh,中子测量电流,38,37929,13,25,0.6772618889808655,0.6750983198483785,0.6710787355899811,0.6772618889808655,0,0.0,0,10,10
IAEA_plus_25,25,55,phrase,en,neutron measurement current,38,37929,13,25,0.6957577466964722,0.6816319227218628,0.6620904743671417,0.6957577466964722,8,0.8,1,10,10
IAEA_plus_25,25,56,core_term,zh,中子,38,35244,13,25,0.5843064188957214,0.5828381180763245,0.5800861120223999,0.5843064188957214,0,0.0,0,10,10
IAEA_plus_25,25,56,core_term,en,neutron,38,35244,13,25,0.6899797916412354,0.6767170627911886,0.6649397373199463,0.6899797916412354,5,0.5,1,10,10
IAEA_plus_25,25,56,phrase,zh,中子测量电流,38,35244,13,25,0.6185203194618225,0.6168049176534017,0.6148931562900544,0.6185203194618225,0,0.0,0,10,10
IAEA_plus_25,25,56,phrase,en,neutron measurement current,38,35244,13,25,0.7035508155822754,0.6991282900174459,0.6767319321632386,0.7035508155822754,5,0.5,3,10,10
IAEA_plus_25,25,57,core_term,zh,中子,38,35134,13,25,0.6376688480377197,0.6259249647458395,0.6175918519496918,0.6376688480377197,0,0.0,0,10,10
IAEA_plus_25,25,57,core_term,en,neutron,38,35134,13,25,0.6899797916412354,0.6767170627911886,0.6625219941139221,0.6899797916412354,7,0.7,1,10,10
IAEA_plus_25,25,57,phrase,zh,中子测量电流,38,35134,13,25,0.6772618889808655,0.6712039709091187,0.6662477493286133,0.6772618889808655,0,0.0,0,10,10
IAEA_plus_25,25,57,phrase,en,neutron measurement current,38,35134,13,25,0.6957577466964722,0.6816319227218628,0.6612965226173401,0.6957577466964722,9,0.9,1,10,10
IAEA_plus_25,25,58,core_term,zh,中子,38,37887,13,25,0.6376688480377197,0.6274608572324117,0.622068452835083,0.6376688480377197,0,0.0,0,10,10
IAEA_plus_25,25,58,core_term,en,neutron,38,37887,13,25,0.6899797916412354,0.6767170627911886,0.6641571938991546,0.6899797916412354,5,0.5,1,10,10
IAEA_plus_25,25,58,phrase,zh,中子测量电流,38,37887,13,25,0.6772618889808655,0.6750983198483785,0.6708976626396179,0.6772618889808655,0,0.0,0,10,10
IAEA_plus_25,25,58,phrase,en,neutron measurement current,38,37887,13,25,0.7035508155822754,0.6991282900174459,0.6767319321632386,0.7035508155822754,5,0.5,3,10,10
IAEA_plus_25,25,59,core_term,zh,中子,38,33929,13,25,0.6103138327598572,0.6084927320480347,0.6048609912395477,0.6103138327598572,0,0.0,0,10,10
IAEA_plus_25,25,59,core_term,en,neutron,38,33929,13,25,0.6899797916412354,0.6767170627911886,0.6621435642242431,0.6899797916412354,6,0.6,1,10,10
IAEA_plus_25,25,59,phrase,zh,中子测量电流,38,33929,13,25,0.6693858504295349,0.6663830677668253,0.6600395441055298,0.6693858504295349,0,0.0,0,10,10
IAEA_plus_25,25,59,phrase,en,neutron measurement current,38,33929,13,25,0.6957577466964722,0.6816319227218628,0.661409318447113,0.6957577466964722,8,0.8,1,10,10
IAEA_plus_25,25,60,core_term,zh,中子,38,38129,13,25,0.6376688480377197,0.6259249647458395,0.6175918519496918,0.6376688480377197,0,0.0,0,10,10
IAEA_plus_25,25,60,core_term,en,neutron,38,38129,13,25,0.6899797916412354,0.6767170627911886,0.6626322746276856,0.6899797916412354,6,0.6,1,10,10
IAEA_plus_25,25,60,phrase,zh,中子测量电流,38,38129,13,25,0.6772618889808655,0.6712039709091187,0.6662477493286133,0.6772618889808655,0,0.0,0,10,10
IAEA_plus_25,25,60,phrase,en,neutron measurement current,38,38129,13,25,0.7035508155822754,0.6991282900174459,0.6767610549926758,0.7035508155822754,4,0.4,3,10,10
IAEA_plus_25,25,61,core_term,zh,中子,38,42054,13,25,0.6376688480377197,0.6259249647458395,0.6175918519496918,0.6376688480377197,0,0.0,0,10,10
IAEA_plus_25,25,61,core_term,en,neutron,38,42054,13,25,0.6899797916412354,0.6767170627911886,0.6630278110504151,0.6899797916412354,5,0.5,1,10,10
IAEA_plus_25,25,61,phrase,zh,中子测量电流,38,42054,13,25,0.6772618889808655,0.6712039709091187,0.666480016708374,0.6772618889808655,0,0.0,0,10,10
IAEA_plus_25,25,61,phrase,en,neutron measurement current,38,42054,13,25,0.7035508155822754,0.6991282900174459,0.6767319321632386,0.7035508155822754,5,0.5,3,10,10
IAEA_plus_25,25,62,core_term,zh,中子,38,42681,13,25,0.6228203177452087,0.6219706535339355,0.61971395611763,0.6228203177452087,0,0.0,0,10,10
IAEA_plus_25,25,62,core_term,en,neutron,38,42681,13,25,0.6899797916412354,0.6767170627911886,0.6646835565567016,0.6899797916412354,5,0.5,1,10,10
IAEA_plus_25,25,62,phrase,zh,中子测量电流,38,42681,13,25,0.674386739730835,0.6738664507865906,0.6701100587844848,0.674386739730835,0,0.0,0,10,10
IAEA_plus_25,25,62,phrase,en,neutron measurement current,38,42681,13,25,0.6957577466964722,0.6816319227218628,0.66282958984375,0.6957577466964722,7,0.7,1,10,10
IAEA_plus_25,25,63,core_term,zh,中子,38,35312,13,25,0.6376688480377197,0.6259249647458395,0.6175918519496918,0.6376688480377197,0,0.0,0,10,10
IAEA_plus_25,25,63,core_term,en,neutron,38,35312,13,25,0.6899797916412354,0.6767170627911886,0.6609632730484009,0.6899797916412354,8,0.8,1,10,10
IAEA_plus_25,25,63,phrase,zh,中子测量电流,38,35312,13,25,0.6772618889808655,0.6712039709091187,0.6662477493286133,0.6772618889808655,0,0.0,0,10,10
IAEA_plus_25,25,63,phrase,en,neutron measurement current,38,35312,13,25,0.6957577466964722,0.6816319227218628,0.6627657294273377,0.6957577466964722,8,0.8,1,10,10
IAEA_plus_25,25,64,core_term,zh,中子,38,43143,13,25,0.6228203177452087,0.6219706535339355,0.61971395611763,0.6228203177452087,0,0.0,0,10,10
IAEA_plus_25,25,64,core_term,en,neutron,38,43143,13,25,0.6899797916412354,0.6767170627911886,0.6639501214027405,0.6899797916412354,5,0.5,1,10,10
IAEA_plus_25,25,64,phrase,zh,中子测量电流,38,43143,13,25,0.674386739730835,0.6738664507865906,0.6701100587844848,0.674386739730835,0,0.0,0,10,10
IAEA_plus_25,25,64,phrase,en,neutron measurement current,38,43143,13,25,0.7035508155822754,0.6991282900174459,0.6767319321632386,0.7035508155822754,5,0.5,3,10,10
IAEA_plus_25,25,65,core_term,zh,中子,38,33018,13,25,0.6376688480377197,0.6274608572324117,0.622068452835083,0.6376688480377197,0,0.0,0,10,10
IAEA_plus_25,25,65,core_term,en,neutron,38,33018,13,25,0.6899797916412354,0.6767170627911886,0.6628393530845642,0.6899797916412354,6,0.6,1,10,10
IAEA_plus_25,25,65,phrase,zh,中子测量电流,38,33018,13,25,0.6772618889808655,0.6750983198483785,0.6710787355899811,0.6772618889808655,0,0.0,0,10,10
IAEA_plus_25,25,65,phrase,en,neutron measurement current,38,33018,13,25,0.7035508155822754,0.6991282900174459,0.6767610549926758,0.7035508155822754,4,0.4,3,10,10
IAEA_plus_25,25,66,core_term,zh,中子,38,39352,13,25,0.6228203177452087,0.6219706535339355,0.61971395611763,0.6228203177452087,0,0.0,0,10,10
IAEA_plus_25,25,66,core_term,en,neutron,38,39352,13,25,0.6899797916412354,0.6775538325309753,0.6650354743003846,0.6899797916412354,5,0.5,1,10,10
IAEA_plus_25,25,66,phrase,zh,中子测量电流,38,39352,13,25,0.674386739730835,0.6738664507865906,0.6699054360389709,0.674386739730835,0,0.0,0,10,10
IAEA_plus_25,25,66,phrase,en,neutron measurement current,38,39352,13,25,0.7035508155822754,0.6991282900174459,0.6771908760070801,0.7035508155822754,4,0.4,3,10,10
IAEA_plus_25,25,67,core_term,zh,中子,38,40590,13,25,0.6103138327598572,0.6073058644930521,0.6030639231204986,0.6103138327598572,0,0.0,0,10,10
IAEA_plus_25,25,67,core_term,en,neutron,38,40590,13,25,0.6899797916412354,0.6767170627911886,0.6639501214027405,0.6899797916412354,5,0.5,1,10,10
IAEA_plus_25,25,67,phrase,zh,中子测量电流,38,40590,13,25,0.664697527885437,0.6631498535474142,0.6563639521598816,0.664697527885437,0,0.0,0,10,10
IAEA_plus_25,25,67,phrase,en,neutron measurement current,38,40590,13,25,0.7035508155822754,0.6991282900174459,0.6767319321632386,0.7035508155822754,5,0.5,3,10,10
IAEA_plus_25,25,68,core_term,zh,中子,38,39139,13,25,0.6103138327598572,0.6084927320480347,0.6048609912395477,0.6103138327598572,0,0.0,0,10,10
IAEA_plus_25,25,68,core_term,en,neutron,38,39139,13,25,0.6899797916412354,0.6767170627911886,0.6628393471240998,0.6899797916412354,6,0.6,1,10,10
IAEA_plus_25,25,68,phrase,zh,中子测量电流,38,39139,13,25,0.6693858504295349,0.6663830677668253,0.6600395441055298,0.6693858504295349,0,0.0,0,10,10
IAEA_plus_25,25,68,phrase,en,neutron measurement current,38,39139,13,25,0.7035508155822754,0.6991282900174459,0.6767610549926758,0.7035508155822754,4,0.4,3,10,10
IAEA_plus_25,25,69,core_term,zh,中子,38,39625,13,25,0.6228203177452087,0.6219706535339355,0.61971395611763,0.6228203177452087,0,0.0,0,10,10
IAEA_plus_25,25,69,core_term,en,neutron,38,39625,13,25,0.6899797916412354,0.6775538325309753,0.6639917671680451,0.6899797916412354,6,0.6,1,10,10
IAEA_plus_25,25,69,phrase,zh,中子测量电流,38,39625,13,25,0.674386739730835,0.6738664507865906,0.6701100587844848,0.674386739730835,0,0.0,0,10,10
IAEA_plus_25,25,69,phrase,en,neutron measurement current,38,39625,13,25,0.6957577466964722,0.6816319227218628,0.6646158218383789,0.6957577466964722,7,0.7,1,10,10
IAEA_plus_25,25,70,core_term,zh,中子,38,43363,13,25,0.6376688480377197,0.6259249647458395,0.6175918519496918,0.6376688480377197,0,0.0,0,10,10
IAEA_plus_25,25,70,core_term,en,neutron,38,43363,13,25,0.6899797916412354,0.6775538325309753,0.6650354743003846,0.6899797916412354,5,0.5,1,10,10
IAEA_plus_25,25,70,phrase,zh,中子测量电流,38,43363,13,25,0.6772618889808655,0.6712039709091187,0.6667243778705597,0.6772618889808655,0,0.0,0,10,10
IAEA_plus_25,25,70,phrase,en,neutron measurement current,38,43363,13,25,0.7035508155822754,0.6991282900174459,0.6771908760070801,0.7035508155822754,4,0.4,3,10,10
IAEA_plus_25,25,71,core_term,zh,中子,38,40262,13,25,0.6376688480377197,0.6274608572324117,0.622068452835083,0.6376688480377197,0,0.0,0,10,10
IAEA_plus_25,25,71,core_term,en,neutron,38,40262,13,25,0.6899797916412354,0.6775538325309753,0.6662509679794312,0.6899797916412354,5,0.5,1,10,10
IAEA_plus_25,25,71,phrase,zh,中子测量电流,38,40262,13,25,0.6772618889808655,0.6750983198483785,0.6708976626396179,0.6772618889808655,0,0.0,0,10,10
IAEA_plus_25,25,71,phrase,en,neutron measurement current,38,40262,13,25,0.7035508155822754,0.6991282900174459,0.6771908760070801,0.7035508155822754,4,0.4,3,10,10
IAEA_plus_25,25,72,core_term,zh,中子,38,39950,13,25,0.6116806268692017,0.6109298268953959,0.6096568167209625,0.6116806268692017,0,0.0,0,10,10
IAEA_plus_25,25,72,core_term,en,neutron,38,39950,13,25,0.6899797916412354,0.6775538325309753,0.6639306902885437,0.6899797916412354,5,0.5,1,10,10
IAEA_plus_25,25,72,phrase,zh,中子测量电流,38,39950,13,25,0.6652456521987915,0.6637954115867615,0.6617978990077973,0.6652456521987915,0,0.0,0,10,10
IAEA_plus_25,25,72,phrase,en,neutron measurement current,38,39950,13,25,0.7035508155822754,0.6991282900174459,0.6771908760070801,0.7035508155822754,4,0.4,3,10,10
IAEA_plus_25,25,73,core_term,zh,中子,38,39495,13,25,0.6228203177452087,0.6219706535339355,0.61971395611763,0.6228203177452087,0,0.0,0,10,10
IAEA_plus_25,25,73,core_term,en,neutron,38,39495,13,25,0.6899797916412354,0.6775538325309753,0.6661919593811035,0.6899797916412354,5,0.5,1,10,10
IAEA_plus_25,25,73,phrase,zh,中子测量电流,38,39495,13,25,0.674386739730835,0.6738664507865906,0.6701100587844848,0.674386739730835,0,0.0,0,10,10
IAEA_plus_25,25,73,phrase,en,neutron measurement current,38,39495,13,25,0.6957577466964722,0.6816319227218628,0.6635860502719879,0.6957577466964722,7,0.7,1,10,10
IAEA_plus_25,25,74,core_term,zh,中子,38,35536,13,25,0.6376688480377197,0.6259249647458395,0.6175918519496918,0.6376688480377197,0,0.0,0,10,10
IAEA_plus_25,25,74,core_term,en,neutron,38,35536,13,25,0.6899797916412354,0.6767170627911886,0.6589956402778625,0.6899797916412354,10,1.0,1,10,10
IAEA_plus_25,25,74,phrase,zh,中子测量电流,38,35536,13,25,0.6772618889808655,0.6712039709091187,0.6662477493286133,0.6772618889808655,0,0.0,0,10,10
IAEA_plus_25,25,74,phrase,en,neutron measurement current,38,35536,13,25,0.6957577466964722,0.6816319227218628,0.6601194024085999,0.6957577466964722,10,1.0,1,10,10
IAEA_plus_25,25,75,core_term,zh,中子,38,44563,13,25,0.6376688480377197,0.6259249647458395,0.6175918519496918,0.6376688480377197,0,0.0,0,10,10
IAEA_plus_25,25,75,core_term,en,neutron,38,44563,13,25,0.6899797916412354,0.6767170627911886,0.6639501214027405,0.6899797916412354,5,0.5,1,10,10
IAEA_plus_25,25,75,phrase,zh,中子测量电流,38,44563,13,25,0.6772618889808655,0.6698199510574341,0.6655229806900025,0.6772618889808655,0,0.0,0,10,10
IAEA_plus_25,25,75,phrase,en,neutron measurement current,38,44563,13,25,0.7035508155822754,0.6991282900174459,0.6767319321632386,0.7035508155822754,5,0.5,3,10,10
IAEA_plus_25,25,76,core_term,zh,中子,38,34602,13,25,0.6376688480377197,0.6274608572324117,0.622068452835083,0.6376688480377197,0,0.0,0,10,10
IAEA_plus_25,25,76,core_term,en,neutron,38,34602,13,25,0.6899797916412354,0.6767170627911886,0.663338053226471,0.6899797916412354,5,0.5,1,10,10
IAEA_plus_25,25,76,phrase,zh,中子测量电流,38,34602,13,25,0.6772618889808655,0.6750983198483785,0.6710787355899811,0.6772618889808655,0,0.0,0,10,10
IAEA_plus_25,25,76,phrase,en,neutron measurement current,38,34602,13,25,0.6957577466964722,0.6816319227218628,0.6621199369430542,0.6957577466964722,7,0.7,1,10,10
IAEA_plus_25,25,77,core_term,zh,中子,38,32475,13,25,0.6376688480377197,0.6259249647458395,0.6175918519496918,0.6376688480377197,0,0.0,0,10,10
IAEA_plus_25,25,77,core_term,en,neutron,38,32475,13,25,0.6899797916412354,0.6767170627911886,0.6630278110504151,0.6899797916412354,5,0.5,1,10,10
IAEA_plus_25,25,77,phrase,zh,中子测量电流,38,32475,13,25,0.6772618889808655,0.6712039709091187,0.666480016708374,0.6772618889808655,0,0.0,0,10,10
IAEA_plus_25,25,77,phrase,en,neutron measurement current,38,32475,13,25,0.7035508155822754,0.6991282900174459,0.6767610549926758,0.7035508155822754,4,0.4,3,10,10
IAEA_plus_25,25,78,core_term,zh,中子,38,41443,13,25,0.6103138327598572,0.6084927320480347,0.6048609912395477,0.6103138327598572,0,0.0,0,10,10
IAEA_plus_25,25,78,core_term,en,neutron,38,41443,13,25,0.6899797916412354,0.6767170627911886,0.6635451257228852,0.6899797916412354,5,0.5,1,10,10
IAEA_plus_25,25,78,phrase,zh,中子测量电流,38,41443,13,25,0.6693858504295349,0.6663830677668253,0.6600395441055298,0.6693858504295349,0,0.0,0,10,10
IAEA_plus_25,25,78,phrase,en,neutron measurement current,38,41443,13,25,0.6957577466964722,0.6816319227218628,0.6617932975292206,0.6957577466964722,7,0.7,1,10,10
IAEA_plus_25,25,79,core_term,zh,中子,38,30625,13,25,0.6103138327598572,0.6073058644930521,0.6030639231204986,0.6103138327598572,0,0.0,0,10,10
IAEA_plus_25,25,79,core_term,en,neutron,38,30625,13,25,0.6899797916412354,0.6767170627911886,0.6641571938991546,0.6899797916412354,5,0.5,1,10,10
IAEA_plus_25,25,79,phrase,zh,中子测量电流,38,30625,13,25,0.664697527885437,0.6631498535474142,0.6563639521598816,0.664697527885437,0,0.0,0,10,10
IAEA_plus_25,25,79,phrase,en,neutron measurement current,38,30625,13,25,0.7035508155822754,0.6991282900174459,0.6767610549926758,0.7035508155822754,4,0.4,3,10,10
IAEA_plus_25,25,80,core_term,zh,中子,38,39491,13,25,0.6116806268692017,0.6109298268953959,0.6096568167209625,0.6116806268692017,0,0.0,0,10,10
IAEA_plus_25,25,80,core_term,en,neutron,38,39491,13,25,0.6899797916412354,0.6775538325309753,0.6661919593811035,0.6899797916412354,5,0.5,1,10,10
IAEA_plus_25,25,80,phrase,zh,中子测量电流,38,39491,13,25,0.6652456521987915,0.6637954115867615,0.6617978990077973,0.6652456521987915,0,0.0,0,10,10
IAEA_plus_25,25,80,phrase,en,neutron measurement current,38,39491,13,25,0.6957577466964722,0.6816319227218628,0.6632594108581543,0.6957577466964722,7,0.7,1,10,10
IAEA_plus_25,25,81,core_term,zh,中子,38,41529,13,25,0.6376688480377197,0.6259249647458395,0.6175918519496918,0.6376688480377197,0,0.0,0,10,10
IAEA_plus_25,25,81,core_term,en,neutron,38,41529,13,25,0.6899797916412354,0.6775538325309753,0.6639917671680451,0.6899797916412354,6,0.6,1,10,10
IAEA_plus_25,25,81,phrase,zh,中子测量电流,38,41529,13,25,0.6772618889808655,0.6712039709091187,0.6665949940681457,0.6772618889808655,0,0.0,0,10,10
IAEA_plus_25,25,81,phrase,en,neutron measurement current,38,41529,13,25,0.6957577466964722,0.6816319227218628,0.6631955504417419,0.6957577466964722,8,0.8,1,10,10
IAEA_plus_25,25,82,core_term,zh,中子,38,42591,13,25,0.5600153803825378,0.5559958418210348,0.5495350003242493,0.5600153803825378,0,0.0,0,10,10
IAEA_plus_25,25,82,core_term,en,neutron,38,42591,13,25,0.6899797916412354,0.6767170627911886,0.6646835565567016,0.6899797916412354,5,0.5,1,10,10
IAEA_plus_25,25,82,phrase,zh,中子测量电流,38,42591,13,25,0.5922446846961975,0.5904989043871561,0.5872766315937042,0.5922446846961975,0,0.0,0,10,10
IAEA_plus_25,25,82,phrase,en,neutron measurement current,38,42591,13,25,0.6957577466964722,0.6816319227218628,0.6621199369430542,0.6957577466964722,7,0.7,1,10,10
IAEA_plus_25,25,83,core_term,zh,中子,38,41291,13,25,0.6376688480377197,0.6259249647458395,0.6175918519496918,0.6376688480377197,0,0.0,0,10,10
IAEA_plus_25,25,83,core_term,en,neutron,38,41291,13,25,0.6899797916412354,0.6775538325309753,0.6626602947711945,0.6899797916412354,6,0.6,1,10,10
IAEA_plus_25,25,83,phrase,zh,中子测量电流,38,41291,13,25,0.6772618889808655,0.6712039709091187,0.6665949940681457,0.6772618889808655,0,0.0,0,10,10
IAEA_plus_25,25,83,phrase,en,neutron measurement current,38,41291,13,25,0.6957577466964722,0.6816319227218628,0.6620904743671417,0.6957577466964722,8,0.8,1,10,10
IAEA_plus_25,25,84,core_term,zh,中子,38,36991,13,25,0.6116806268692017,0.6109298268953959,0.6098909616470337,0.6116806268692017,0,0.0,0,10,10
IAEA_plus_25,25,84,core_term,en,neutron,38,36991,13,25,0.6899797916412354,0.6775538325309753,0.6652425467967987,0.6899797916412354,5,0.5,1,10,10
IAEA_plus_25,25,84,phrase,zh,中子测量电流,38,36991,13,25,0.6693858504295349,0.6665657758712769,0.6639178454875946,0.6693858504295349,0,0.0,0,10,10
IAEA_plus_25,25,84,phrase,en,neutron measurement current,38,36991,13,25,0.7035508155822754,0.6991282900174459,0.6771908760070801,0.7035508155822754,4,0.4,3,10,10
IAEA_plus_25,25,85,core_term,zh,中子,38,40528,13,25,0.6376688480377197,0.6274608572324117,0.622068452835083,0.6376688480377197,0,0.0,0,10,10
IAEA_plus_25,25,85,core_term,en,neutron,38,40528,13,25,0.6899797916412354,0.6767170627911886,0.663338053226471,0.6899797916412354,5,0.5,1,10,10
IAEA_plus_25,25,85,phrase,zh,中子测量电流,38,40528,13,25,0.6772618889808655,0.6750983198483785,0.6708976626396179,0.6772618889808655,0,0.0,0,10,10
IAEA_plus_25,25,85,phrase,en,neutron measurement current,38,40528,13,25,0.6957577466964722,0.6816319227218628,0.6621199369430542,0.6957577466964722,7,0.7,1,10,10
IAEA_plus_25,25,86,core_term,zh,中子,38,34998,13,25,0.6376688480377197,0.6259249647458395,0.6175918519496918,0.6376688480377197,0,0.0,0,10,10
IAEA_plus_25,25,86,core_term,en,neutron,38,34998,13,25,0.6899797916412354,0.6775538325309753,0.6650354743003846,0.6899797916412354,5,0.5,1,10,10
IAEA_plus_25,25,86,phrase,zh,中子测量电流,38,34998,13,25,0.6772618889808655,0.6698239048322042,0.6657037198543548,0.6772618889808655,0,0.0,0,10,10
IAEA_plus_25,25,86,phrase,en,neutron measurement current,38,34998,13,25,0.7035508155822754,0.6991282900174459,0.6771908760070801,0.7035508155822754,4,0.4,3,10,10
IAEA_plus_25,25,87,core_term,zh,中子,38,38365,13,25,0.6376688480377197,0.6274608572324117,0.622068452835083,0.6376688480377197,0,0.0,0,10,10
IAEA_plus_25,25,87,core_term,en,neutron,38,38365,13,25,0.6899797916412354,0.6767170627911886,0.6612394988536835,0.6899797916412354,7,0.7,1,10,10
IAEA_plus_25,25,87,phrase,zh,中子测量电流,38,38365,13,25,0.6772618889808655,0.6750983198483785,0.6708976626396179,0.6772618889808655,0,0.0,0,10,10
IAEA_plus_25,25,87,phrase,en,neutron measurement current,38,38365,13,25,0.7035508155822754,0.6991282900174459,0.6767319321632386,0.7035508155822754,5,0.5,3,10,10
IAEA_plus_25,25,88,core_term,zh,中子,38,39243,13,25,0.6228203177452087,0.6219706535339355,0.61971395611763,0.6228203177452087,0,0.0,0,10,10
IAEA_plus_25,25,88,core_term,en,neutron,38,39243,13,25,0.6899797916412354,0.6767170627911886,0.6606558859348297,0.6899797916412354,9,0.9,1,10,10
IAEA_plus_25,25,88,phrase,zh,中子测量电流,38,39243,13,25,0.674386739730835,0.6738664507865906,0.6699054360389709,0.674386739730835,0,0.0,0,10,10
IAEA_plus_25,25,88,phrase,en,neutron measurement current,38,39243,13,25,0.6957577466964722,0.6816319227218628,0.6601194024085999,0.6957577466964722,10,1.0,1,10,10
IAEA_plus_25,25,89,core_term,zh,中子,38,37002,13,25,0.6376688480377197,0.6274608572324117,0.622068452835083,0.6376688480377197,0,0.0,0,10,10
IAEA_plus_25,25,89,core_term,en,neutron,38,37002,13,25,0.6899797916412354,0.6775538325309753,0.6639306902885437,0.6899797916412354,5,0.5,1,10,10
IAEA_plus_25,25,89,phrase,zh,中子测量电流,38,37002,13,25,0.6772618889808655,0.6750983198483785,0.6708976626396179,0.6772618889808655,0,0.0,0,10,10
IAEA_plus_25,25,89,phrase,en,neutron measurement current,38,37002,13,25,0.7035508155822754,0.6991282900174459,0.6771908760070801,0.7035508155822754,4,0.4,3,10,10
IAEA_plus_25,25,90,core_term,zh,中子,38,37743,13,25,0.6228203177452087,0.6219706535339355,0.61971395611763,0.6228203177452087,0,0.0,0,10,10
IAEA_plus_25,25,90,core_term,en,neutron,38,37743,13,25,0.6899797916412354,0.6767170627911886,0.6606558859348297,0.6899797916412354,9,0.9,1,10,10
IAEA_plus_25,25,90,phrase,zh,中子测量电流,38,37743,13,25,0.674386739730835,0.6738664507865906,0.6699054360389709,0.674386739730835,0,0.0,0,10,10
IAEA_plus_25,25,90,phrase,en,neutron measurement current,38,37743,13,25,0.6957577466964722,0.6816319227218628,0.6616231620311737,0.6957577466964722,9,0.9,1,10,10
IAEA_plus_25,25,91,core_term,zh,中子,38,39989,13,25,0.6376688480377197,0.6259249647458395,0.6175918519496918,0.6376688480377197,0,0.0,0,10,10
IAEA_plus_25,25,91,core_term,en,neutron,38,39989,13,25,0.6899797916412354,0.6775538325309753,0.6661919593811035,0.6899797916412354,5,0.5,1,10,10
IAEA_plus_25,25,91,phrase,zh,中子测量电流,38,39989,13,25,0.6772618889808655,0.6712039709091187,0.6665949940681457,0.6772618889808655,0,0.0,0,10,10
IAEA_plus_25,25,91,phrase,en,neutron measurement current,38,39989,13,25,0.6957577466964722,0.6816319227218628,0.6632594108581543,0.6957577466964722,7,0.7,1,10,10
IAEA_plus_25,25,92,core_term,zh,中子,38,34581,13,25,0.6376688480377197,0.6274608572324117,0.622068452835083,0.6376688480377197,0,0.0,0,10,10
IAEA_plus_25,25,92,core_term,en,neutron,38,34581,13,25,0.6899797916412354,0.6767170627911886,0.6635451257228852,0.6899797916412354,5,0.5,1,10,10
IAEA_plus_25,25,92,phrase,zh,中子测量电流,38,34581,13,25,0.6772618889808655,0.6750983198483785,0.6708976626396179,0.6772618889808655,0,0.0,0,10,10
IAEA_plus_25,25,92,phrase,en,neutron measurement current,38,34581,13,25,0.6957577466964722,0.6816319227218628,0.661409318447113,0.6957577466964722,8,0.8,1,10,10
IAEA_plus_25,25,93,core_term,zh,中子,38,43097,13,25,0.6376688480377197,0.6259249647458395,0.6175918519496918,0.6376688480377197,0,0.0,0,10,10
IAEA_plus_25,25,93,core_term,en,neutron,38,43097,13,25,0.6899797916412354,0.6775538325309753,0.6661919593811035,0.6899797916412354,5,0.5,1,10,10
IAEA_plus_25,25,93,phrase,zh,中子测量电流,38,43097,13,25,0.6772618889808655,0.6698239048322042,0.665899783372879,0.6772618889808655,0,0.0,0,10,10
IAEA_plus_25,25,93,phrase,en,neutron measurement current,38,43097,13,25,0.6957577466964722,0.6816319227218628,0.6639061689376831,0.6957577466964722,7,0.7,1,10,10
IAEA_plus_25,25,94,core_term,zh,中子,38,43624,13,25,0.6376688480377197,0.6274608572324117,0.622068452835083,0.6376688480377197,0,0.0,0,10,10
IAEA_plus_25,25,94,core_term,en,neutron,38,43624,13,25,0.6899797916412354,0.6775538325309753,0.6652425467967987,0.6899797916412354,5,0.5,1,10,10
IAEA_plus_25,25,94,phrase,zh,中子测量电流,38,43624,13,25,0.6772618889808655,0.6750983198483785,0.6708976626396179,0.6772618889808655,0,0.0,0,10,10
IAEA_plus_25,25,94,phrase,en,neutron measurement current,38,43624,13,25,0.7035508155822754,0.6991282900174459,0.6771908760070801,0.7035508155822754,4,0.4,3,10,10
IAEA_plus_25,25,95,core_term,zh,中子,38,43837,13,25,0.6228203177452087,0.6219706535339355,0.61971395611763,0.6228203177452087,0,0.0,0,10,10
IAEA_plus_25,25,95,core_term,en,neutron,38,43837,13,25,0.6899797916412354,0.6767170627911886,0.6624413073062897,0.6899797916412354,8,0.8,1,10,10
IAEA_plus_25,25,95,phrase,zh,中子测量电流,38,43837,13,25,0.674386739730835,0.6738664507865906,0.6699054360389709,0.674386739730835,0,0.0,0,10,10
IAEA_plus_25,25,95,phrase,en,neutron measurement current,38,43837,13,25,0.6957577466964722,0.6816319227218628,0.6605868697166443,0.6957577466964722,9,0.9,1,10,10
IAEA_plus_25,25,96,core_term,zh,中子,38,37893,13,25,0.6376688480377197,0.6259249647458395,0.6175918519496918,0.6376688480377197,0,0.0,0,10,10
IAEA_plus_25,25,96,core_term,en,neutron,38,37893,13,25,0.6899797916412354,0.6775538325309753,0.6662509679794312,0.6899797916412354,5,0.5,1,10,10
IAEA_plus_25,25,96,phrase,zh,中子测量电流,38,37893,13,25,0.6772618889808655,0.6698239048322042,0.6657037198543548,0.6772618889808655,0,0.0,0,10,10
IAEA_plus_25,25,96,phrase,en,neutron measurement current,38,37893,13,25,0.7035508155822754,0.6991282900174459,0.6771908760070801,0.7035508155822754,4,0.4,3,10,10
IAEA_plus_25,25,97,core_term,zh,中子,38,37440,13,25,0.6376688480377197,0.6259249647458395,0.6175918519496918,0.6376688480377197,0,0.0,0,10,10
IAEA_plus_25,25,97,core_term,en,neutron,38,37440,13,25,0.6899797916412354,0.6767170627911886,0.6612394988536835,0.6899797916412354,7,0.7,1,10,10
IAEA_plus_25,25,97,phrase,zh,中子测量电流,38,37440,13,25,0.6772618889808655,0.6712039709091187,0.666480016708374,0.6772618889808655,0,0.0,0,10,10
IAEA_plus_25,25,97,phrase,en,neutron measurement current,38,37440,13,25,0.7035508155822754,0.6991282900174459,0.6767610549926758,0.7035508155822754,4,0.4,3,10,10
IAEA_plus_25,25,98,core_term,zh,中子,38,42476,13,25,0.6116806268692017,0.6109298268953959,0.6096568167209625,0.6116806268692017,0,0.0,0,10,10
IAEA_plus_25,25,98,core_term,en,neutron,38,42476,13,25,0.6899797916412354,0.6775538325309753,0.6641988396644593,0.6899797916412354,6,0.6,1,10,10
IAEA_plus_25,25,98,phrase,zh,中子测量电流,38,42476,13,25,0.6652456521987915,0.6637954115867615,0.6617978990077973,0.6652456521987915,0,0.0,0,10,10
IAEA_plus_25,25,98,phrase,en,neutron measurement current,38,42476,13,25,0.6957577466964722,0.6816319227218628,0.6635221898555755,0.6957577466964722,8,0.8,1,10,10
IAEA_plus_25,25,99,core_term,zh,中子,38,29266,13,25,0.6376688480377197,0.6274608572324117,0.622068452835083,0.6376688480377197,0,0.0,0,10,10
IAEA_plus_25,25,99,core_term,en,neutron,38,29266,13,25,0.6899797916412354,0.6767170627911886,0.6630278110504151,0.6899797916412354,5,0.5,1,10,10
IAEA_plus_25,25,99,phrase,zh,中子测量电流,38,29266,13,25,0.6772618889808655,0.6750983198483785,0.6710787355899811,0.6772618889808655,0,0.0,0,10,10
IAEA_plus_25,25,99,phrase,en,neutron measurement current,38,29266,13,25,0.7035508155822754,0.6991282900174459,0.6767610549926758,0.7035508155822754,4,0.4,3,10,10
IAEA_plus_30,30,0,core_term,zh,中子,43,42869,13,30,0.6376688480377197,0.6259249647458395,0.6175918519496918,0.6376688480377197,0,0.0,0,10,10
IAEA_plus_30,30,0,core_term,en,neutron,43,42869,13,30,0.6899797916412354,0.6767170627911886,0.6612394988536835,0.6899797916412354,7,0.7,1,10,10
IAEA_plus_30,30,0,phrase,zh,中子测量电流,43,42869,13,30,0.6772618889808655,0.6712039709091187,0.666480016708374,0.6772618889808655,0,0.0,0,10,10
IAEA_plus_30,30,0,phrase,en,neutron measurement current,43,42869,13,30,0.7035508155822754,0.6991282900174459,0.6767610549926758,0.7035508155822754,4,0.4,3,10,10
IAEA_plus_30,30,1,core_term,zh,中子,43,48533,13,30,0.6376688480377197,0.6274608572324117,0.622068452835083,0.6376688480377197,0,0.0,0,10,10
IAEA_plus_30,30,1,core_term,en,neutron,43,48533,13,30,0.6899797916412354,0.6767170627911886,0.6646835565567016,0.6899797916412354,5,0.5,1,10,10
IAEA_plus_30,30,1,phrase,zh,中子测量电流,43,48533,13,30,0.6772618889808655,0.6750983198483785,0.6710787355899811,0.6772618889808655,0,0.0,0,10,10
IAEA_plus_30,30,1,phrase,en,neutron measurement current,43,48533,13,30,0.6957577466964722,0.6816319227218628,0.6606996655464172,0.6957577466964722,8,0.8,1,10,10
IAEA_plus_30,30,2,core_term,zh,中子,43,35335,13,30,0.6376688480377197,0.6259249647458395,0.6175918519496918,0.6376688480377197,0,0.0,0,10,10
IAEA_plus_30,30,2,core_term,en,neutron,43,35335,13,30,0.6899797916412354,0.6767170627911886,0.6628393471240998,0.6899797916412354,6,0.6,1,10,10
IAEA_plus_30,30,2,phrase,zh,中子测量电流,43,35335,13,30,0.6772618889808655,0.6712039709091187,0.666480016708374,0.6772618889808655,0,0.0,0,10,10
IAEA_plus_30,30,2,phrase,en,neutron measurement current,43,35335,13,30,0.7035508155822754,0.6991282900174459,0.6767610549926758,0.7035508155822754,4,0.4,3,10,10
IAEA_plus_30,30,3,core_term,zh,中子,43,42301,13,30,0.6116806268692017,0.6109298268953959,0.6098556876182556,0.6116806268692017,0,0.0,0,10,10
IAEA_plus_30,30,3,core_term,en,neutron,43,42301,13,30,0.6899797916412354,0.6775538325309753,0.6654585242271424,0.6899797916412354,5,0.5,1,10,10
IAEA_plus_30,30,3,phrase,zh,中子测量电流,43,42301,13,30,0.6652456521987915,0.6644489566485087,0.6627322137355804,0.6652456521987915,0,0.0,0,10,10
IAEA_plus_30,30,3,phrase,en,neutron measurement current,43,42301,13,30,0.7035508155822754,0.6991282900174459,0.6771908760070801,0.7035508155822754,4,0.4,3,10,10
IAEA_plus_30,30,4,core_term,zh,中子,43,42604,13,30,0.6376688480377197,0.6274608572324117,0.622068452835083,0.6376688480377197,0,0.0,0,10,10
IAEA_plus_30,30,4,core_term,en,neutron,43,42604,13,30,0.6899797916412354,0.6775538325309753,0.6653629541397095,0.6899797916412354,5,0.5,1,10,10
IAEA_plus_30,30,4,phrase,zh,中子测量电流,43,42604,13,30,0.6772618889808655,0.6750983198483785,0.6708976626396179,0.6772618889808655,0,0.0,0,10,10
IAEA_plus_30,30,4,phrase,en,neutron measurement current,43,42604,13,30,0.6957577466964722,0.6816319227218628,0.6646158218383789,0.6957577466964722,7,0.7,1,10,10
IAEA_plus_30,30,5,core_term,zh,中子,43,46375,13,30,0.6376688480377197,0.6259249647458395,0.6175918519496918,0.6376688480377197,0,0.0,0,10,10
IAEA_plus_30,30,5,core_term,en,neutron,43,46375,13,30,0.6899797916412354,0.6775538325309753,0.6639917671680451,0.6899797916412354,6,0.6,1,10,10
IAEA_plus_30,30,5,phrase,zh,中子测量电流,43,46375,13,30,0.6772618889808655,0.6712039709091187,0.6667243778705597,0.6772618889808655,0,0.0,0,10,10
IAEA_plus_30,30,5,phrase,en,neutron measurement current,43,46375,13,30,0.6957577466964722,0.6816319227218628,0.6635221898555755,0.6957577466964722,8,0.8,1,10,10
IAEA_plus_30,30,6,core_term,zh,中子,43,41950,13,30,0.6376688480377197,0.6274608572324117,0.622068452835083,0.6376688480377197,0,0.0,0,10,10
IAEA_plus_30,30,6,core_term,en,neutron,43,41950,13,30,0.6899797916412354,0.6775538325309753,0.6639306902885437,0.6899797916412354,5,0.5,1,10,10
IAEA_plus_30,30,6,phrase,zh,中子测量电流,43,41950,13,30,0.6772618889808655,0.6750983198483785,0.6710787355899811,0.6772618889808655,0,0.0,0,10,10
IAEA_plus_30,30,6,phrase,en,neutron measurement current,43,41950,13,30,0.7035508155822754,0.6991282900174459,0.6771908760070801,0.7035508155822754,4,0.4,3,10,10
IAEA_plus_30,30,7,core_term,zh,中子,43,41971,13,30,0.6228203177452087,0.6219706535339355,0.61971395611763,0.6228203177452087,0,0.0,0,10,10
IAEA_plus_30,30,7,core_term,en,neutron,43,41971,13,30,0.6899797916412354,0.6775538325309753,0.6654585242271424,0.6899797916412354,5,0.5,1,10,10
IAEA_plus_30,30,7,phrase,zh,中子测量电流,43,41971,13,30,0.674386739730835,0.6738664507865906,0.6699054360389709,0.674386739730835,0,0.0,0,10,10
IAEA_plus_30,30,7,phrase,en,neutron measurement current,43,41971,13,30,0.7035508155822754,0.6991282900174459,0.6771908760070801,0.7035508155822754,4,0.4,3,10,10
IAEA_plus_30,30,8,core_term,zh,中子,43,43998,13,30,0.6376688480377197,0.6274608572324117,0.622068452835083,0.6376688480377197,0,0.0,0,10,10
IAEA_plus_30,30,8,core_term,en,neutron,43,43998,13,30,0.6899797916412354,0.6775538325309753,0.6648365914821625,0.6899797916412354,5,0.5,1,10,10
IAEA_plus_30,30,8,phrase,zh,中子测量电流,43,43998,13,30,0.6772618889808655,0.6750983198483785,0.6708976626396179,0.6772618889808655,0,0.0,0,10,10
IAEA_plus_30,30,8,phrase,en,neutron measurement current,43,43998,13,30,0.7035508155822754,0.6991282900174459,0.6771908760070801,0.7035508155822754,4,0.4,3,10,10
IAEA_plus_30,30,9,core_term,zh,中子,43,38496,13,30,0.6376688480377197,0.6274608572324117,0.622068452835083,0.6376688480377197,0,0.0,0,10,10
IAEA_plus_30,30,9,core_term,en,neutron,43,38496,13,30,0.6899797916412354,0.6767170627911886,0.6641571938991546,0.6899797916412354,5,0.5,1,10,10
IAEA_plus_30,30,9,phrase,zh,中子测量电流,43,38496,13,30,0.6772618889808655,0.6750983198483785,0.6710787355899811,0.6772618889808655,0,0.0,0,10,10
IAEA_plus_30,30,9,phrase,en,neutron measurement current,43,38496,13,30,0.7035508155822754,0.6991282900174459,0.6767319321632386,0.7035508155822754,5,0.5,3,10,10
IAEA_plus_30,30,10,core_term,zh,中子,43,42218,13,30,0.6089305877685547,0.6050087412198385,0.5882789373397828,0.6089305877685547,0,0.0,0,10,10
IAEA_plus_30,30,10,core_term,en,neutron,43,42218,13,30,0.6899797916412354,0.6767170627911886,0.6591778576374054,0.6899797916412354,9,0.9,1,10,10
IAEA_plus_30,30,10,phrase,zh,中子测量电流,43,42218,13,30,0.6693858504295349,0.6599276463190714,0.6302282392978669,0.6693858504295349,0,0.0,0,10,10
IAEA_plus_30,30,10,phrase,en,neutron measurement current,43,42218,13,30,0.6957577466964722,0.6816319227218628,0.6631497085094452,0.6957577466964722,7,0.7,1,10,10
IAEA_plus_30,30,11,core_term,zh,中子,43,42213,13,30,0.6376688480377197,0.6274608572324117,0.622068452835083,0.6376688480377197,0,0.0,0,10,10
IAEA_plus_30,30,11,core_term,en,neutron,43,42213,13,30,0.6899797916412354,0.6767170627911886,0.6649397373199463,0.6899797916412354,5,0.5,1,10,10
IAEA_plus_30,30,11,phrase,zh,中子测量电流,43,42213,13,30,0.6772618889808655,0.6750983198483785,0.6710787355899811,0.6772618889808655,0,0.0,0,10,10
IAEA_plus_30,30,11,phrase,en,neutron measurement current,43,42213,13,30,0.7035508155822754,0.6991282900174459,0.6767319321632386,0.7035508155822754,5,0.5,3,10,10
IAEA_plus_30,30,12,core_term,zh,中子,43,36693,13,30,0.6116806268692017,0.6109298268953959,0.6098556876182556,0.6116806268692017,0,0.0,0,10,10
IAEA_plus_30,30,12,core_term,en,neutron,43,36693,13,30,0.6899797916412354,0.6775538325309753,0.6656655967235565,0.6899797916412354,5,0.5,1,10,10
IAEA_plus_30,30,12,phrase,zh,中子测量电流,43,36693,13,30,0.6652456521987915,0.6644489566485087,0.6627322137355804,0.6652456521987915,0,0.0,0,10,10
IAEA_plus_30,30,12,phrase,en,neutron measurement current,43,36693,13,30,0.7035508155822754,0.6991282900174459,0.6771908760070801,0.7035508155822754,4,0.4,3,10,10
IAEA_plus_30,30,13,core_term,zh,中子,43,47604,13,30,0.6376688480377197,0.6274608572324117,0.622068452835083,0.6376688480377197,0,0.0,0,10,10
IAEA_plus_30,30,13,core_term,en,neutron,43,47604,13,30,0.6899797916412354,0.6767170627911886,0.6625219941139221,0.6899797916412354,7,0.7,1,10,10
IAEA_plus_30,30,13,phrase,zh,中子测量电流,43,47604,13,30,0.6772618889808655,0.6750983198483785,0.6710787355899811,0.6772618889808655,0,0.0,0,10,10
IAEA_plus_30,30,13,phrase,en,neutron measurement current,43,47604,13,30,0.6957577466964722,0.6816319227218628,0.6612965226173401,0.6957577466964722,9,0.9,1,10,10
IAEA_plus_30,30,14,core_term,zh,中子,43,38710,13,30,0.6116806268692017,0.6109298268953959,0.6098909616470337,0.6116806268692017,0,0.0,0,10,10
IAEA_plus_30,30,14,core_term,en,neutron,43,38710,13,30,0.6899797916412354,0.6775538325309753,0.6654585242271424,0.6899797916412354,5,0.5,1,10,10
IAEA_plus_30,30,14,phrase,zh,中子测量电流,43,38710,13,30,0.6693858504295349,0.6665657758712769,0.6639178454875946,0.6693858504295349,0,0.0,0,10,10
IAEA_plus_30,30,14,phrase,en,neutron measurement current,43,38710,13,30,0.7035508155822754,0.6991282900174459,0.6771908760070801,0.7035508155822754,4,0.4,3,10,10
IAEA_plus_30,30,15,core_term,zh,中子,43,38813,13,30,0.6376688480377197,0.6274608572324117,0.622068452835083,0.6376688480377197,0,0.0,0,10,10
IAEA_plus_30,30,15,core_term,en,neutron,43,38813,13,30,0.6899797916412354,0.6767170627911886,0.6609632730484009,0.6899797916412354,8,0.8,1,10,10
IAEA_plus_30,30,15,phrase,zh,中子测量电流,43,38813,13,30,0.6772618889808655,0.6750983198483785,0.6710787355899811,0.6772618889808655,0,0.0,0,10,10
IAEA_plus_30,30,15,phrase,en,neutron measurement current,43,38813,13,30,0.6957577466964722,0.6816319227218628,0.6631497085094452,0.6957577466964722,7,0.7,1,10,10
IAEA_plus_30,30,16,core_term,zh,中子,43,44993,13,30,0.6228203177452087,0.6219706535339355,0.61971395611763,0.6228203177452087,0,0.0,0,10,10
IAEA_plus_30,30,16,core_term,en,neutron,43,44993,13,30,0.6899797916412354,0.6775538325309753,0.6654967308044434,0.6899797916412354,6,0.6,1,10,10
IAEA_plus_30,30,16,phrase,zh,中子测量电流,43,44993,13,30,0.674386739730835,0.6738664507865906,0.6699054360389709,0.674386739730835,0,0.0,0,10,10
IAEA_plus_30,30,16,phrase,en,neutron measurement current,43,44993,13,30,0.6957577466964722,0.6816319227218628,0.6646158218383789,0.6957577466964722,7,0.7,1,10,10
IAEA_plus_30,30,17,core_term,zh,中子,43,44115,13,30,0.6376688480377197,0.6259249647458395,0.6175918519496918,0.6376688480377197,0,0.0,0,10,10
IAEA_plus_30,30,17,core_term,en,neutron,43,44115,13,30,0.6899797916412354,0.6767170627911886,0.6649397373199463,0.6899797916412354,5,0.5,1,10,10
IAEA_plus_30,30,17,phrase,zh,中子测量电流,43,44115,13,30,0.6772618889808655,0.6712039709091187,0.666480016708374,0.6772618889808655,0,0.0,0,10,10
IAEA_plus_30,30,17,phrase,en,neutron measurement current,43,44115,13,30,0.7035508155822754,0.6991282900174459,0.6767610549926758,0.7035508155822754,4,0.4,3,10,10
IAEA_plus_30,30,18,core_term,zh,中子,43,44620,13,30,0.6376688480377197,0.6274608572324117,0.622068452835083,0.6376688480377197,0,0.0,0,10,10
IAEA_plus_30,30,18,core_term,en,neutron,43,44620,13,30,0.6899797916412354,0.6775538325309753,0.6654967308044434,0.6899797916412354,6,0.6,1,10,10
IAEA_plus_30,30,18,phrase,zh,中子测量电流,43,44620,13,30,0.6772618889808655,0.6750983198483785,0.6710787355899811,0.6772618889808655,0,0.0,0,10,10
IAEA_plus_30,30,18,phrase,en,neutron measurement current,43,44620,13,30,0.6957577466964722,0.6816319227218628,0.6635221898555755,0.6957577466964722,8,0.8,1,10,10
IAEA_plus_30,30,19,core_term,zh,中子,43,44330,13,30,0.6089305877685547,0.6050087412198385,0.5693130731582642,0.6089305877685547,0,0.0,0,10,10
IAEA_plus_30,30,19,core_term,en,neutron,43,44330,13,30,0.6899797916412354,0.6767170627911886,0.6625219941139221,0.6899797916412354,7,0.7,1,10,10
IAEA_plus_30,30,19,phrase,zh,中子测量电流,43,44330,13,30,0.6693858504295349,0.6599276463190714,0.6129696190357208,0.6693858504295349,0,0.0,0,10,10
IAEA_plus_30,30,19,phrase,en,neutron measurement current,43,44330,13,30,0.6957577466964722,0.6816319227218628,0.6612965226173401,0.6957577466964722,9,0.9,1,10,10
IAEA_plus_30,30,20,core_term,zh,中子,43,42710,13,30,0.6376688480377197,0.6274608572324117,0.622068452835083,0.6376688480377197,0,0.0,0,10,10
IAEA_plus_30,30,20,core_term,en,neutron,43,42710,13,30,0.6899797916412354,0.6775538325309753,0.6648365914821625,0.6899797916412354,5,0.5,1,10,10
IAEA_plus_30,30,20,phrase,zh,中子测量电流,43,42710,13,30,0.6772618889808655,0.6750983198483785,0.6708976626396179,0.6772618889808655,0,0.0,0,10,10
IAEA_plus_30,30,20,phrase,en,neutron measurement current,43,42710,13,30,0.7035508155822754,0.6991282900174459,0.6771908760070801,0.7035508155822754,4,0.4,3,10,10
IAEA_plus_30,30,21,core_term,zh,中子,43,39167,13,30,0.6376688480377197,0.6259249647458395,0.6175918519496918,0.6376688480377197,0,0.0,0,10,10
IAEA_plus_30,30,21,core_term,en,neutron,43,39167,13,30,0.6899797916412354,0.6775538325309753,0.6654585242271424,0.6899797916412354,5,0.5,1,10,10
IAEA_plus_30,30,21,phrase,zh,中子测量电流,43,39167,13,30,0.6772618889808655,0.6712039709091187,0.6667243778705597,0.6772618889808655,0,0.0,0,10,10
IAEA_plus_30,30,21,phrase,en,neutron measurement current,43,39167,13,30,0.7035508155822754,0.6991282900174459,0.6771908760070801,0.7035508155822754,4,0.4,3,10,10
IAEA_plus_30,30,22,core_term,zh,中子,43,39659,13,30,0.6228203177452087,0.6219706535339355,0.61971395611763,0.6228203177452087,0,0.0,0,10,10
IAEA_plus_30,30,22,core_term,en,neutron,43,39659,13,30,0.6899797916412354,0.6767170627911886,0.6609632730484009,0.6899797916412354,8,0.8,1,10,10
IAEA_plus_30,30,22,phrase,zh,中子测量电流,43,39659,13,30,0.674386739730835,0.6738664507865906,0.6699054360389709,0.674386739730835,0,0.0,0,10,10
IAEA_plus_30,30,22,phrase,en,neutron measurement current,43,39659,13,30,0.6957577466964722,0.6816319227218628,0.6612965226173401,0.6957577466964722,9,0.9,1,10,10
IAEA_plus_30,30,23,core_term,zh,中子,43,41429,13,30,0.6376688480377197,0.6259249647458395,0.6175918519496918,0.6376688480377197,0,0.0,0,10,10
IAEA_plus_30,30,23,core_term,en,neutron,43,41429,13,30,0.6899797916412354,0.6775538325309753,0.6654585242271424,0.6899797916412354,5,0.5,1,10,10
IAEA_plus_30,30,23,phrase,zh,中子测量电流,43,41429,13,30,0.6772618889808655,0.6712039709091187,0.6665949940681457,0.6772618889808655,0,0.0,0,10,10
IAEA_plus_30,30,23,phrase,en,neutron measurement current,43,41429,13,30,0.7035508155822754,0.6991282900174459,0.6771908760070801,0.7035508155822754,4,0.4,3,10,10
IAEA_plus_30,30,24,core_term,zh,中子,43,41142,13,30,0.6228203177452087,0.6219706535339355,0.61971395611763,0.6228203177452087,0,0.0,0,10,10
IAEA_plus_30,30,24,core_term,en,neutron,43,41142,13,30,0.6899797916412354,0.6767170627911886,0.6626322746276856,0.6899797916412354,6,0.6,1,10,10
IAEA_plus_30,30,24,phrase,zh,中子测量电流,43,41142,13,30,0.674386739730835,0.6738664507865906,0.6699054360389709,0.674386739730835,0,0.0,0,10,10
IAEA_plus_30,30,24,phrase,en,neutron measurement current,43,41142,13,30,0.7035508155822754,0.6991282900174459,0.6767610549926758,0.7035508155822754,4,0.4,3,10,10
IAEA_plus_30,30,25,core_term,zh,中子,43,43908,13,30,0.6228203177452087,0.6219706535339355,0.61971395611763,0.6228203177452087,0,0.0,0,10,10
IAEA_plus_30,30,25,core_term,en,neutron,43,43908,13,30,0.6899797916412354,0.6775538325309753,0.6652425467967987,0.6899797916412354,5,0.5,1,10,10
IAEA_plus_30,30,25,phrase,zh,中子测量电流,43,43908,13,30,0.674386739730835,0.6738664507865906,0.6701100587844848,0.674386739730835,0,0.0,0,10,10
IAEA_plus_30,30,25,phrase,en,neutron measurement current,43,43908,13,30,0.7035508155822754,0.6991282900174459,0.6771908760070801,0.7035508155822754,4,0.4,3,10,10
IAEA_plus_30,30,26,core_term,zh,中子,43,40817,13,30,0.6089305877685547,0.6050087412198385,0.5702354311943054,0.6089305877685547,0,0.0,0,10,10
IAEA_plus_30,30,26,core_term,en,neutron,43,40817,13,30,0.6899797916412354,0.6767170627911886,0.663338053226471,0.6899797916412354,5,0.5,1,10,10
IAEA_plus_30,30,26,phrase,zh,中子测量电流,43,40817,13,30,0.6693858504295349,0.6599276463190714,0.613299435377121,0.6693858504295349,0,0.0,0,10,10
IAEA_plus_30,30,26,phrase,en,neutron measurement current,43,40817,13,30,0.6957577466964722,0.6816319227218628,0.6631497085094452,0.6957577466964722,7,0.7,1,10,10
IAEA_plus_30,30,27,core_term,zh,中子,43,43366,13,30,0.6228203177452087,0.6219706535339355,0.61971395611763,0.6228203177452087,0,0.0,0,10,10
IAEA_plus_30,30,27,core_term,en,neutron,43,43366,13,30,0.6899797916412354,0.6775538325309753,0.6654585242271424,0.6899797916412354,5,0.5,1,10,10
IAEA_plus_30,30,27,phrase,zh,中子测量电流,43,43366,13,30,0.674386739730835,0.6738664507865906,0.6699054360389709,0.674386739730835,0,0.0,0,10,10
IAEA_plus_30,30,27,phrase,en,neutron measurement current,43,43366,13,30,0.7035508155822754,0.6991282900174459,0.6771908760070801,0.7035508155822754,4,0.4,3,10,10
IAEA_plus_30,30,28,core_term,zh,中子,43,49423,13,30,0.6116806268692017,0.6109298268953959,0.6096568167209625,0.6116806268692017,0,0.0,0,10,10
IAEA_plus_30,30,28,core_term,en,neutron,43,49423,13,30,0.6899797916412354,0.6775538325309753,0.6661648571491241,0.6899797916412354,5,0.5,1,10,10
IAEA_plus_30,30,28,phrase,zh,中子测量电流,43,49423,13,30,0.6652456521987915,0.6637954115867615,0.6617978990077973,0.6652456521987915,0,0.0,0,10,10
IAEA_plus_30,30,28,phrase,en,neutron measurement current,43,49423,13,30,0.7035508155822754,0.6991282900174459,0.6771908760070801,0.7035508155822754,4,0.4,3,10,10
IAEA_plus_30,30,29,core_term,zh,中子,43,40780,13,30,0.6376688480377197,0.6274608572324117,0.622068452835083,0.6376688480377197,0,0.0,0,10,10
IAEA_plus_30,30,29,core_term,en,neutron,43,40780,13,30,0.6899797916412354,0.6767170627911886,0.6639501214027405,0.6899797916412354,5,0.5,1,10,10
IAEA_plus_30,30,29,phrase,zh,中子测量电流,43,40780,13,30,0.6772618889808655,0.6750983198483785,0.6708976626396179,0.6772618889808655,0,0.0,0,10,10
IAEA_plus_30,30,29,phrase,en,neutron measurement current,43,40780,13,30,0.7035508155822754,0.6991282900174459,0.6767610549926758,0.7035508155822754,4,0.4,3,10,10
IAEA_plus_30,30,30,core_term,zh,中子,43,39279,13,30,0.6228203177452087,0.6219706535339355,0.61971395611763,0.6228203177452087,0,0.0,0,10,10
IAEA_plus_30,30,30,core_term,en,neutron,43,39279,13,30,0.6899797916412354,0.6767170627911886,0.6639501214027405,0.6899797916412354,5,0.5,1,10,10
IAEA_plus_30,30,30,phrase,zh,中子测量电流,43,39279,13,30,0.674386739730835,0.6738664507865906,0.6701100587844848,0.674386739730835,0,0.0,0,10,10
IAEA_plus_30,30,30,phrase,en,neutron measurement current,43,39279,13,30,0.7035508155822754,0.6991282900174459,0.6767610549926758,0.7035508155822754,4,0.4,3,10,10
IAEA_plus_30,30,31,core_term,zh,中子,43,35838,13,30,0.6376688480377197,0.6274608572324117,0.622068452835083,0.6376688480377197,0,0.0,0,10,10
IAEA_plus_30,30,31,core_term,en,neutron,43,35838,13,30,0.6899797916412354,0.6775538325309753,0.6648365914821625,0.6899797916412354,5,0.5,1,10,10
IAEA_plus_30,30,31,phrase,zh,中子测量电流,43,35838,13,30,0.6772618889808655,0.6750983198483785,0.6708976626396179,0.6772618889808655,0,0.0,0,10,10
IAEA_plus_30,30,31,phrase,en,neutron measurement current,43,35838,13,30,0.7035508155822754,0.6991282900174459,0.6771908760070801,0.7035508155822754,4,0.4,3,10,10
IAEA_plus_30,30,32,core_term,zh,中子,43,39402,13,30,0.6228203177452087,0.6219706535339355,0.61971395611763,0.6228203177452087,0,0.0,0,10,10
IAEA_plus_30,30,32,core_term,en,neutron,43,39402,13,30,0.6899797916412354,0.6767170627911886,0.6609632730484009,0.6899797916412354,8,0.8,1,10,10
IAEA_plus_30,30,32,phrase,zh,中子测量电流,43,39402,13,30,0.674386739730835,0.6738664507865906,0.6701100587844848,0.674386739730835,0,0.0,0,10,10
IAEA_plus_30,30,32,phrase,en,neutron measurement current,43,39402,13,30,0.6957577466964722,0.6816319227218628,0.6617294371128082,0.6957577466964722,8,0.8,1,10,10
IAEA_plus_30,30,33,core_term,zh,中子,43,45745,13,30,0.6376688480377197,0.6259249647458395,0.6175918519496918,0.6376688480377197,0,0.0,0,10,10
IAEA_plus_30,30,33,core_term,en,neutron,43,45745,13,30,0.6899797916412354,0.6775538325309753,0.6654967308044434,0.6899797916412354,6,0.6,1,10,10
IAEA_plus_30,30,33,phrase,zh,中子测量电流,43,45745,13,30,0.6772618889808655,0.6712039709091187,0.6667243778705597,0.6772618889808655,0,0.0,0,10,10
IAEA_plus_30,30,33,phrase,en,neutron measurement current,43,45745,13,30,0.6957577466964722,0.6816319227218628,0.6639061689376831,0.6957577466964722,7,0.7,1,10,10
IAEA_plus_30,30,34,core_term,zh,中子,43,45758,13,30,0.6228203177452087,0.6219706535339355,0.61971395611763,0.6228203177452087,0,0.0,0,10,10
IAEA_plus_30,30,34,core_term,en,neutron,43,45758,13,30,0.6899797916412354,0.6775538325309753,0.6654585242271424,0.6899797916412354,5,0.5,1,10,10
IAEA_plus_30,30,34,phrase,zh,中子测量电流,43,45758,13,30,0.674386739730835,0.6738664507865906,0.6701100587844848,0.674386739730835,0,0.0,0,10,10
IAEA_plus_30,30,34,phrase,en,neutron measurement current,43,45758,13,30,0.7035508155822754,0.6991282900174459,0.6771908760070801,0.7035508155822754,4,0.4,3,10,10
IAEA_plus_30,30,35,core_term,zh,中子,43,43614,13,30,0.6376688480377197,0.6259249647458395,0.6175918519496918,0.6376688480377197,0,0.0,0,10,10
IAEA_plus_30,30,35,core_term,en,neutron,43,43614,13,30,0.6899797916412354,0.6775538325309753,0.6655700266361236,0.6899797916412354,5,0.5,1,10,10
IAEA_plus_30,30,35,phrase,zh,中子测量电流,43,43614,13,30,0.6772618889808655,0.6712039709091187,0.6667243778705597,0.6772618889808655,0,0.0,0,10,10
IAEA_plus_30,30,35,phrase,en,neutron measurement current,43,43614,13,30,0.6957577466964722,0.6816319227218628,0.6639061689376831,0.6957577466964722,7,0.7,1,10,10
IAEA_plus_30,30,36,core_term,zh,中子,43,43440,13,30,0.6228203177452087,0.6219706535339355,0.61971395611763,0.6228203177452087,0,0.0,0,10,10
IAEA_plus_30,30,36,core_term,en,neutron,43,43440,13,30,0.6899797916412354,0.6775538325309753,0.6654967308044434,0.6899797916412354,6,0.6,1,10,10
IAEA_plus_30,30,36,phrase,zh,中子测量电流,43,43440,13,30,0.674386739730835,0.6738664507865906,0.6699054360389709,0.674386739730835,0,0.0,0,10,10
IAEA_plus_30,30,36,phrase,en,neutron measurement current,43,43440,13,30,0.6957577466964722,0.6816319227218628,0.6635795295238495,0.6957577466964722,7,0.7,1,10,10
IAEA_plus_30,30,37,core_term,zh,中子,43,40391,13,30,0.6228203177452087,0.6219706535339355,0.61971395611763,0.6228203177452087,0,0.0,0,10,10
IAEA_plus_30,30,37,core_term,en,neutron,43,40391,13,30,0.6899797916412354,0.6775538325309753,0.6650354743003846,0.6899797916412354,5,0.5,1,10,10
IAEA_plus_30,30,37,phrase,zh,中子测量电流,43,40391,13,30,0.674386739730835,0.6738664507865906,0.6701100587844848,0.674386739730835,0,0.0,0,10,10
IAEA_plus_30,30,37,phrase,en,neutron measurement current,43,40391,13,30,0.7035508155822754,0.6991282900174459,0.6771908760070801,0.7035508155822754,4,0.4,3,10,10
IAEA_plus_30,30,38,core_term,zh,中子,43,38539,13,30,0.6116806268692017,0.6109298268953959,0.6098556876182556,0.6116806268692017,0,0.0,0,10,10
IAEA_plus_30,30,38,core_term,en,neutron,43,38539,13,30,0.6899797916412354,0.6775538325309753,0.6655700266361236,0.6899797916412354,5,0.5,1,10,10
IAEA_plus_30,30,38,phrase,zh,中子测量电流,43,38539,13,30,0.6652456521987915,0.6644489566485087,0.6627322137355804,0.6652456521987915,0,0.0,0,10,10
IAEA_plus_30,30,38,phrase,en,neutron measurement current,43,38539,13,30,0.6957577466964722,0.6816319227218628,0.6646158218383789,0.6957577466964722,7,0.7,1,10,10
IAEA_plus_30,30,39,core_term,zh,中子,43,42545,13,30,0.6376688480377197,0.6259249647458395,0.6175918519496918,0.6376688480377197,0,0.0,0,10,10
IAEA_plus_30,30,39,core_term,en,neutron,43,42545,13,30,0.6899797916412354,0.6775538325309753,0.6648365914821625,0.6899797916412354,5,0.5,1,10,10
IAEA_plus_30,30,39,phrase,zh,中子测量电流,43,42545,13,30,0.6772618889808655,0.6698239048322042,0.6657037198543548,0.6772618889808655,0,0.0,0,10,10
IAEA_plus_30,30,39,phrase,en,neutron measurement current,43,42545,13,30,0.7035508155822754,0.6991282900174459,0.6771908760070801,0.7035508155822754,4,0.4,3,10,10
IAEA_plus_30,30,40,core_term,zh,中子,43,40061,13,30,0.6376688480377197,0.6259249647458395,0.6175918519496918,0.6376688480377197,0,0.0,0,10,10
IAEA_plus_30,30,40,core_term,en,neutron,43,40061,13,30,0.6899797916412354,0.6767170627911886,0.6641571938991546,0.6899797916412354,5,0.5,1,10,10
IAEA_plus_30,30,40,phrase,zh,中子测量电流,43,40061,13,30,0.6772618889808655,0.6698199510574341,0.6655229806900025,0.6772618889808655,0,0.0,0,10,10
IAEA_plus_30,30,40,phrase,en,neutron measurement current,43,40061,13,30,0.7035508155822754,0.6991282900174459,0.6767319321632386,0.7035508155822754,5,0.5,3,10,10
IAEA_plus_30,30,41,core_term,zh,中子,43,48235,13,30,0.6376688480377197,0.6274608572324117,0.622068452835083,0.6376688480377197,0,0.0,0,10,10
IAEA_plus_30,30,41,core_term,en,neutron,43,48235,13,30,0.6899797916412354,0.6775538325309753,0.6650354743003846,0.6899797916412354,5,0.5,1,10,10
IAEA_plus_30,30,41,phrase,zh,中子测量电流,43,48235,13,30,0.6772618889808655,0.6750983198483785,0.6708976626396179,0.6772618889808655,0,0.0,0,10,10
IAEA_plus_30,30,41,phrase,en,neutron measurement current,43,48235,13,30,0.7035508155822754,0.6991282900174459,0.6771908760070801,0.7035508155822754,4,0.4,3,10,10
IAEA_plus_30,30,42,core_term,zh,中子,43,44439,13,30,0.6376688480377197,0.6259249647458395,0.6175918519496918,0.6376688480377197,0,0.0,0,10,10
IAEA_plus_30,30,42,core_term,en,neutron,43,44439,13,30,0.6899797916412354,0.6775538325309753,0.6662509679794312,0.6899797916412354,5,0.5,1,10,10
IAEA_plus_30,30,42,phrase,zh,中子测量电流,43,44439,13,30,0.6772618889808655,0.6698239048322042,0.6657037198543548,0.6772618889808655,0,0.0,0,10,10
IAEA_plus_30,30,42,phrase,en,neutron measurement current,43,44439,13,30,0.7035508155822754,0.6991282900174459,0.6771908760070801,0.7035508155822754,4,0.4,3,10,10
IAEA_plus_30,30,43,core_term,zh,中子,43,46597,13,30,0.6376688480377197,0.6274608572324117,0.622068452835083,0.6376688480377197,0,0.0,0,10,10
IAEA_plus_30,30,43,core_term,en,neutron,43,46597,13,30,0.6899797916412354,0.6775538325309753,0.6661648571491241,0.6899797916412354,5,0.5,1,10,10
IAEA_plus_30,30,43,phrase,zh,中子测量电流,43,46597,13,30,0.6772618889808655,0.6750983198483785,0.6710787355899811,0.6772618889808655,0,0.0,0,10,10
IAEA_plus_30,30,43,phrase,en,neutron measurement current,43,46597,13,30,0.7035508155822754,0.6991282900174459,0.6771908760070801,0.7035508155822754,4,0.4,3,10,10
IAEA_plus_30,30,44,core_term,zh,中子,43,45162,13,30,0.6376688480377197,0.6274608572324117,0.622068452835083,0.6376688480377197,0,0.0,0,10,10
IAEA_plus_30,30,44,core_term,en,neutron,43,45162,13,30,0.6899797916412354,0.6767170627911886,0.6624413073062897,0.6899797916412354,8,0.8,1,10,10
IAEA_plus_30,30,44,phrase,zh,中子测量电流,43,45162,13,30,0.6772618889808655,0.6750983198483785,0.6710787355899811,0.6772618889808655,0,0.0,0,10,10
IAEA_plus_30,30,44,phrase,en,neutron measurement current,43,45162,13,30,0.6957577466964722,0.6816319227218628,0.6620560765266419,0.6957577466964722,8,0.8,1,10,10
IAEA_plus_30,30,45,core_term,zh,中子,43,49666,13,30,0.6228203177452087,0.6219706535339355,0.61971395611763,0.6228203177452087,0,0.0,0,10,10
IAEA_plus_30,30,45,core_term,en,neutron,43,49666,13,30,0.6899797916412354,0.6775538325309753,0.6661919593811035,0.6899797916412354,5,0.5,1,10,10
IAEA_plus_30,30,45,phrase,zh,中子测量电流,43,49666,13,30,0.674386739730835,0.6738664507865906,0.6701100587844848,0.674386739730835,0,0.0,0,10,10
IAEA_plus_30,30,45,phrase,en,neutron measurement current,43,49666,13,30,0.6957577466964722,0.6816319227218628,0.6648040533065795,0.6957577466964722,6,0.6,1,10,10
IAEA_plus_30,30,46,core_term,zh,中子,43,34542,13,30,0.6376688480377197,0.6274608572324117,0.622068452835083,0.6376688480377197,0,0.0,0,10,10
IAEA_plus_30,30,46,core_term,en,neutron,43,34542,13,30,0.6899797916412354,0.6775538325309753,0.6645804107189178,0.6899797916412354,5,0.5,1,10,10
IAEA_plus_30,30,46,phrase,zh,中子测量电流,43,34542,13,30,0.6772618889808655,0.6750983198483785,0.6708976626396179,0.6772618889808655,0,0.0,0,10,10
IAEA_plus_30,30,46,phrase,en,neutron measurement current,43,34542,13,30,0.6957577466964722,0.6816319227218628,0.6648040533065795,0.6957577466964722,6,0.6,1,10,10
IAEA_plus_30,30,47,core_term,zh,中子,43,44364,13,30,0.6376688480377197,0.6259249647458395,0.6175918519496918,0.6376688480377197,0,0.0,0,10,10
IAEA_plus_30,30,47,core_term,en,neutron,43,44364,13,30,0.6899797916412354,0.6775538325309753,0.6661919593811035,0.6899797916412354,5,0.5,1,10,10
IAEA_plus_30,30,47,phrase,zh,中子测量电流,43,44364,13,30,0.6772618889808655,0.6712039709091187,0.6667243778705597,0.6772618889808655,0,0.0,0,10,10
IAEA_plus_30,30,47,phrase,en,neutron measurement current,43,44364,13,30,0.6957577466964722,0.6816319227218628,0.6632594108581543,0.6957577466964722,7,0.7,1,10,10
IAEA_plus_30,30,48,core_term,zh,中子,43,43009,13,30,0.6376688480377197,0.6274608572324117,0.622068452835083,0.6376688480377197,0,0.0,0,10,10
IAEA_plus_30,30,48,core_term,en,neutron,43,43009,13,30,0.6899797916412354,0.6775538325309753,0.6656655967235565,0.6899797916412354,5,0.5,1,10,10
IAEA_plus_30,30,48,phrase,zh,中子测量电流,43,43009,13,30,0.6772618889808655,0.6750983198483785,0.6710787355899811,0.6772618889808655,0,0.0,0,10,10
IAEA_plus_30,30,48,phrase,en,neutron measurement current,43,43009,13,30,0.7035508155822754,0.6991282900174459,0.6771908760070801,0.7035508155822754,4,0.4,3,10,10
IAEA_plus_30,30,49,core_term,zh,中子,43,37946,13,30,0.6376688480377197,0.6259249647458395,0.6175918519496918,0.6376688480377197,0,0.0,0,10,10
IAEA_plus_30,30,49,core_term,en,neutron,43,37946,13,30,0.6899797916412354,0.6767170627911886,0.6639501214027405,0.6899797916412354,5,0.5,1,10,10
IAEA_plus_30,30,49,phrase,zh,中子测量电流,43,37946,13,30,0.6772618889808655,0.6698199510574341,0.6655229806900025,0.6772618889808655,0,0.0,0,10,10
IAEA_plus_30,30,49,phrase,en,neutron measurement current,43,37946,13,30,0.7035508155822754,0.6991282900174459,0.6767610549926758,0.7035508155822754,4,0.4,3,10,10
IAEA_plus_30,30,50,core_term,zh,中子,43,50809,13,30,0.6376688480377197,0.6259249647458395,0.6175918519496918,0.6376688480377197,0,0.0,0,10,10
IAEA_plus_30,30,50,core_term,en,neutron,43,50809,13,30,0.6899797916412354,0.6775538325309753,0.6654967308044434,0.6899797916412354,6,0.6,1,10,10
IAEA_plus_30,30,50,phrase,zh,中子测量电流,43,50809,13,30,0.6772618889808655,0.6712039709091187,0.6667243778705597,0.6772618889808655,0,0.0,0,10,10
IAEA_plus_30,30,50,phrase,en,neutron measurement current,43,50809,13,30,0.6957577466964722,0.6816319227218628,0.6635221898555755,0.6957577466964722,8,0.8,1,10,10
IAEA_plus_30,30,51,core_term,zh,中子,43,43896,13,30,0.6228203177452087,0.6219706535339355,0.61971395611763,0.6228203177452087,0,0.0,0,10,10
IAEA_plus_30,30,51,core_term,en,neutron,43,43896,13,30,0.6899797916412354,0.6775538325309753,0.6654967308044434,0.6899797916412354,6,0.6,1,10,10
IAEA_plus_30,30,51,phrase,zh,中子测量电流,43,43896,13,30,0.674386739730835,0.6738664507865906,0.6701100587844848,0.674386739730835,0,0.0,0,10,10
IAEA_plus_30,30,51,phrase,en,neutron measurement current,43,43896,13,30,0.6957577466964722,0.6816319227218628,0.6648040533065795,0.6957577466964722,6,0.6,1,10,10
IAEA_plus_30,30,52,core_term,zh,中子,43,39145,13,30,0.6376688480377197,0.6259249647458395,0.6175918519496918,0.6376688480377197,0,0.0,0,10,10
IAEA_plus_30,30,52,core_term,en,neutron,43,39145,13,30,0.6899797916412354,0.6767170627911886,0.6609632730484009,0.6899797916412354,8,0.8,1,10,10
IAEA_plus_30,30,52,phrase,zh,中子测量电流,43,39145,13,30,0.6772618889808655,0.6712039709091187,0.666480016708374,0.6772618889808655,0,0.0,0,10,10
IAEA_plus_30,30,52,phrase,en,neutron measurement current,43,39145,13,30,0.6957577466964722,0.6816319227218628,0.6617294371128082,0.6957577466964722,8,0.8,1,10,10
IAEA_plus_30,30,53,core_term,zh,中子,43,35760,13,30,0.6228203177452087,0.6219706535339355,0.61971395611763,0.6228203177452087,0,0.0,0,10,10
IAEA_plus_30,30,53,core_term,en,neutron,43,35760,13,30,0.6899797916412354,0.6775538325309753,0.6648365914821625,0.6899797916412354,5,0.5,1,10,10
IAEA_plus_30,30,53,phrase,zh,中子测量电流,43,35760,13,30,0.674386739730835,0.6738664507865906,0.6699054360389709,0.674386739730835,0,0.0,0,10,10
IAEA_plus_30,30,53,phrase,en,neutron measurement current,43,35760,13,30,0.7035508155822754,0.6991282900174459,0.6771908760070801,0.7035508155822754,4,0.4,3,10,10
IAEA_plus_30,30,54,core_term,zh,中子,43,46673,13,30,0.6376688480377197,0.6259249647458395,0.6175918519496918,0.6376688480377197,0,0.0,0,10,10
IAEA_plus_30,30,54,core_term,en,neutron,43,46673,13,30,0.6899797916412354,0.6775538325309753,0.6650354743003846,0.6899797916412354,5,0.5,1,10,10
IAEA_plus_30,30,54,phrase,zh,中子测量电流,43,46673,13,30,0.6772618889808655,0.6698239048322042,0.6657037198543548,0.6772618889808655,0,0.0,0,10,10
IAEA_plus_30,30,54,phrase,en,neutron measurement current,43,46673,13,30,0.7035508155822754,0.6991282900174459,0.6771908760070801,0.7035508155822754,4,0.4,3,10,10
IAEA_plus_30,30,55,core_term,zh,中子,43,42530,13,30,0.6116806268692017,0.6109298268953959,0.6096568167209625,0.6116806268692017,0,0.0,0,10,10
IAEA_plus_30,30,55,core_term,en,neutron,43,42530,13,30,0.6899797916412354,0.6775538325309753,0.6661919593811035,0.6899797916412354,5,0.5,1,10,10
IAEA_plus_30,30,55,phrase,zh,中子测量电流,43,42530,13,30,0.6652456521987915,0.6637954115867615,0.6617978990077973,0.6652456521987915,0,0.0,0,10,10
IAEA_plus_30,30,55,phrase,en,neutron measurement current,43,42530,13,30,0.6957577466964722,0.6816319227218628,0.6635860502719879,0.6957577466964722,7,0.7,1,10,10
IAEA_plus_30,30,56,core_term,zh,中子,43,40873,13,30,0.6376688480377197,0.6259249647458395,0.6175918519496918,0.6376688480377197,0,0.0,0,10,10
IAEA_plus_30,30,56,core_term,en,neutron,43,40873,13,30,0.6899797916412354,0.6775538325309753,0.6648365914821625,0.6899797916412354,5,0.5,1,10,10
IAEA_plus_30,30,56,phrase,zh,中子测量电流,43,40873,13,30,0.6772618889808655,0.6698239048322042,0.665899783372879,0.6772618889808655,0,0.0,0,10,10
IAEA_plus_30,30,56,phrase,en,neutron measurement current,43,40873,13,30,0.7035508155822754,0.6991282900174459,0.6771908760070801,0.7035508155822754,4,0.4,3,10,10
IAEA_plus_30,30,57,core_term,zh,中子,43,42604,13,30,0.6376688480377197,0.6259249647458395,0.6175918519496918,0.6376688480377197,0,0.0,0,10,10
IAEA_plus_30,30,57,core_term,en,neutron,43,42604,13,30,0.6899797916412354,0.6775538325309753,0.6648365914821625,0.6899797916412354,5,0.5,1,10,10
IAEA_plus_30,30,57,phrase,zh,中子测量电流,43,42604,13,30,0.6772618889808655,0.6712039709091187,0.6665949940681457,0.6772618889808655,0,0.0,0,10,10
IAEA_plus_30,30,57,phrase,en,neutron measurement current,43,42604,13,30,0.7035508155822754,0.6991282900174459,0.6771908760070801,0.7035508155822754,4,0.4,3,10,10
IAEA_plus_30,30,58,core_term,zh,中子,43,48241,13,30,0.6228203177452087,0.6219706535339355,0.61971395611763,0.6228203177452087,0,0.0,0,10,10
IAEA_plus_30,30,58,core_term,en,neutron,43,48241,13,30,0.6899797916412354,0.6775538325309753,0.6650354743003846,0.6899797916412354,5,0.5,1,10,10
IAEA_plus_30,30,58,phrase,zh,中子测量电流,43,48241,13,30,0.674386739730835,0.6738664507865906,0.6701100587844848,0.674386739730835,0,0.0,0,10,10
IAEA_plus_30,30,58,phrase,en,neutron measurement current,43,48241,13,30,0.7035508155822754,0.6991282900174459,0.6771908760070801,0.7035508155822754,4,0.4,3,10,10
IAEA_plus_30,30,59,core_term,zh,中子,43,43237,13,30,0.6376688480377197,0.6274608572324117,0.622068452835083,0.6376688480377197,0,0.0,0,10,10
IAEA_plus_30,30,59,core_term,en,neutron,43,43237,13,30,0.6899797916412354,0.6767170627911886,0.6607562005519867,0.6899797916412354,8,0.8,1,10,10
IAEA_plus_30,30,59,phrase,zh,中子测量电流,43,43237,13,30,0.6772618889808655,0.6750983198483785,0.6708976626396179,0.6772618889808655,0,0.0,0,10,10
IAEA_plus_30,30,59,phrase,en,neutron measurement current,43,43237,13,30,0.6957577466964722,0.6816319227218628,0.6627657294273377,0.6957577466964722,8,0.8,1,10,10
IAEA_plus_30,30,60,core_term,zh,中子,43,40859,13,30,0.6228203177452087,0.6219706535339355,0.61971395611763,0.6228203177452087,0,0.0,0,10,10
IAEA_plus_30,30,60,core_term,en,neutron,43,40859,13,30,0.6899797916412354,0.6775538325309753,0.6626602947711945,0.6899797916412354,6,0.6,1,10,10
IAEA_plus_30,30,60,phrase,zh,中子测量电流,43,40859,13,30,0.674386739730835,0.6738664507865906,0.6701100587844848,0.674386739730835,0,0.0,0,10,10
IAEA_plus_30,30,60,phrase,en,neutron measurement current,43,40859,13,30,0.6957577466964722,0.6816319227218628,0.6648040533065795,0.6957577466964722,6,0.6,1,10,10
IAEA_plus_30,30,61,core_term,zh,中子,43,44023,13,30,0.6376688480377197,0.6259249647458395,0.6175918519496918,0.6376688480377197,0,0.0,0,10,10
IAEA_plus_30,30,61,core_term,en,neutron,43,44023,13,30,0.6899797916412354,0.6775538325309753,0.6645804107189178,0.6899797916412354,5,0.5,1,10,10
IAEA_plus_30,30,61,phrase,zh,中子测量电流,43,44023,13,30,0.6772618889808655,0.6698239048322042,0.6657037198543548,0.6772618889808655,0,0.0,0,10,10
IAEA_plus_30,30,61,phrase,en,neutron measurement current,43,44023,13,30,0.6957577466964722,0.6816319227218628,0.662165778875351,0.6957577466964722,8,0.8,1,10,10
IAEA_plus_30,30,62,core_term,zh,中子,43,36511,13,30,0.6376688480377197,0.6274608572324117,0.622068452835083,0.6376688480377197,0,0.0,0,10,10
IAEA_plus_30,30,62,core_term,en,neutron,43,36511,13,30,0.6899797916412354,0.6767170627911886,0.6630278110504151,0.6899797916412354,5,0.5,1,10,10
IAEA_plus_30,30,62,phrase,zh,中子测量电流,43,36511,13,30,0.6772618889808655,0.6750983198483785,0.6708976626396179,0.6772618889808655,0,0.0,0,10,10
IAEA_plus_30,30,62,phrase,en,neutron measurement current,43,36511,13,30,0.7035508155822754,0.6991282900174459,0.6767319321632386,0.7035508155822754,5,0.5,3,10,10
IAEA_plus_30,30,63,core_term,zh,中子,43,45649,13,30,0.6228203177452087,0.6219706535339355,0.61971395611763,0.6228203177452087,0,0.0,0,10,10
IAEA_plus_30,30,63,core_term,en,neutron,43,45649,13,30,0.6899797916412354,0.6767170627911886,0.6639501214027405,0.6899797916412354,5,0.5,1,10,10
IAEA_plus_30,30,63,phrase,zh,中子测量电流,43,45649,13,30,0.674386739730835,0.6738664507865906,0.6699054360389709,0.674386739730835,0,0.0,0,10,10
IAEA_plus_30,30,63,phrase,en,neutron measurement current,43,45649,13,30,0.7035508155822754,0.6991282900174459,0.6767319321632386,0.7035508155822754,5,0.5,3,10,10
IAEA_plus_30,30,64,core_term,zh,中子,43,46695,13,30,0.6116806268692017,0.6109298268953959,0.6098909616470337,0.6116806268692017,0,0.0,0,10,10
IAEA_plus_30,30,64,core_term,en,neutron,43,46695,13,30,0.6899797916412354,0.6775538325309753,0.6662509679794312,0.6899797916412354,5,0.5,1,10,10
IAEA_plus_30,30,64,phrase,zh,中子测量电流,43,46695,13,30,0.6693858504295349,0.6665657758712769,0.6639178454875946,0.6693858504295349,0,0.0,0,10,10
IAEA_plus_30,30,64,phrase,en,neutron measurement current,43,46695,13,30,0.7035508155822754,0.6991282900174459,0.6771908760070801,0.7035508155822754,4,0.4,3,10,10
IAEA_plus_30,30,65,core_term,zh,中子,43,51154,13,30,0.6376688480377197,0.6274608572324117,0.622068452835083,0.6376688480377197,0,0.0,0,10,10
IAEA_plus_30,30,65,core_term,en,neutron,43,51154,13,30,0.6899797916412354,0.6767170627911886,0.6625219941139221,0.6899797916412354,7,0.7,1,10,10
IAEA_plus_30,30,65,phrase,zh,中子测量电流,43,51154,13,30,0.6772618889808655,0.6750983198483785,0.6708976626396179,0.6772618889808655,0,0.0,0,10,10
IAEA_plus_30,30,65,phrase,en,neutron measurement current,43,51154,13,30,0.6957577466964722,0.6816319227218628,0.6617294371128082,0.6957577466964722,8,0.8,1,10,10
IAEA_plus_30,30,66,core_term,zh,中子,43,42454,13,30,0.6376688480377197,0.6259249647458395,0.6175918519496918,0.6376688480377197,0,0.0,0,10,10
IAEA_plus_30,30,66,core_term,en,neutron,43,42454,13,30,0.6899797916412354,0.6767170627911886,0.6626322746276856,0.6899797916412354,6,0.6,1,10,10
IAEA_plus_30,30,66,phrase,zh,中子测量电流,43,42454,13,30,0.6772618889808655,0.6712039709091187,0.666480016708374,0.6772618889808655,0,0.0,0,10,10
IAEA_plus_30,30,66,phrase,en,neutron measurement current,43,42454,13,30,0.7035508155822754,0.6991282900174459,0.6767319321632386,0.7035508155822754,5,0.5,3,10,10
IAEA_plus_30,30,67,core_term,zh,中子,43,45955,13,30,0.6228203177452087,0.6219706535339355,0.61971395611763,0.6228203177452087,0,0.0,0,10,10
IAEA_plus_30,30,67,core_term,en,neutron,43,45955,13,30,0.6899797916412354,0.6775538325309753,0.6662509679794312,0.6899797916412354,5,0.5,1,10,10
IAEA_plus_30,30,67,phrase,zh,中子测量电流,43,45955,13,30,0.674386739730835,0.6738664507865906,0.6701100587844848,0.674386739730835,0,0.0,0,10,10
IAEA_plus_30,30,67,phrase,en,neutron measurement current,43,45955,13,30,0.7035508155822754,0.6991282900174459,0.6771908760070801,0.7035508155822754,4,0.4,3,10,10
IAEA_plus_30,30,68,core_term,zh,中子,43,45001,13,30,0.6376688480377197,0.6274608572324117,0.622068452835083,0.6376688480377197,0,0.0,0,10,10
IAEA_plus_30,30,68,core_term,en,neutron,43,45001,13,30,0.6899797916412354,0.6775538325309753,0.6656655967235565,0.6899797916412354,5,0.5,1,10,10
IAEA_plus_30,30,68,phrase,zh,中子测量电流,43,45001,13,30,0.6772618889808655,0.6750983198483785,0.6708976626396179,0.6772618889808655,0,0.0,0,10,10
IAEA_plus_30,30,68,phrase,en,neutron measurement current,43,45001,13,30,0.7035508155822754,0.6991282900174459,0.6771908760070801,0.7035508155822754,4,0.4,3,10,10
IAEA_plus_30,30,69,core_term,zh,中子,43,36944,13,30,0.6228203177452087,0.6219706535339355,0.61971395611763,0.6228203177452087,0,0.0,0,10,10
IAEA_plus_30,30,69,core_term,en,neutron,43,36944,13,30,0.6899797916412354,0.6767170627911886,0.6628393471240998,0.6899797916412354,6,0.6,1,10,10
IAEA_plus_30,30,69,phrase,zh,中子测量电流,43,36944,13,30,0.674386739730835,0.6738664507865906,0.6701100587844848,0.674386739730835,0,0.0,0,10,10
IAEA_plus_30,30,69,phrase,en,neutron measurement current,43,36944,13,30,0.7035508155822754,0.6991282900174459,0.6767610549926758,0.7035508155822754,4,0.4,3,10,10
IAEA_plus_30,30,70,core_term,zh,中子,43,36812,13,30,0.6376688480377197,0.6274608572324117,0.622068452835083,0.6376688480377197,0,0.0,0,10,10
IAEA_plus_30,30,70,core_term,en,neutron,43,36812,13,30,0.6899797916412354,0.6775538325309753,0.6626602947711945,0.6899797916412354,6,0.6,1,10,10
IAEA_plus_30,30,70,phrase,zh,中子测量电流,43,36812,13,30,0.6772618889808655,0.6750983198483785,0.6710787355899811,0.6772618889808655,0,0.0,0,10,10
IAEA_plus_30,30,70,phrase,en,neutron measurement current,43,36812,13,30,0.6957577466964722,0.6816319227218628,0.6648040533065795,0.6957577466964722,6,0.6,1,10,10
IAEA_plus_30,30,71,core_term,zh,中子,43,38755,13,30,0.6376688480377197,0.6274608572324117,0.622068452835083,0.6376688480377197,0,0.0,0,10,10
IAEA_plus_30,30,71,core_term,en,neutron,43,38755,13,30,0.6899797916412354,0.6767170627911886,0.6635451257228852,0.6899797916412354,5,0.5,1,10,10
IAEA_plus_30,30,71,phrase,zh,中子测量电流,43,38755,13,30,0.6772618889808655,0.6750983198483785,0.6710787355899811,0.6772618889808655,0,0.0,0,10,10
IAEA_plus_30,30,71,phrase,en,neutron measurement current,43,38755,13,30,0.6957577466964722,0.6816319227218628,0.6617932975292206,0.6957577466964722,7,0.7,1,10,10
IAEA_plus_30,30,72,core_term,zh,中子,43,37678,13,30,0.6228203177452087,0.6219706535339355,0.61971395611763,0.6228203177452087,0,0.0,0,10,10
IAEA_plus_30,30,72,core_term,en,neutron,43,37678,13,30,0.6899797916412354,0.6775538325309753,0.6656655967235565,0.6899797916412354,5,0.5,1,10,10
IAEA_plus_30,30,72,phrase,zh,中子测量电流,43,37678,13,30,0.674386739730835,0.6738664507865906,0.6699054360389709,0.674386739730835,0,0.0,0,10,10
IAEA_plus_30,30,72,phrase,en,neutron measurement current,43,37678,13,30,0.7035508155822754,0.6991282900174459,0.6771908760070801,0.7035508155822754,4,0.4,3,10,10
IAEA_plus_30,30,73,core_term,zh,中子,43,48522,13,30,0.6376688480377197,0.6259249647458395,0.6175918519496918,0.6376688480377197,0,0.0,0,10,10
IAEA_plus_30,30,73,core_term,en,neutron,43,48522,13,30,0.6899797916412354,0.6775538325309753,0.6656655967235565,0.6899797916412354,5,0.5,1,10,10
IAEA_plus_30,30,73,phrase,zh,中子测量电流,43,48522,13,30,0.6772618889808655,0.6698239048322042,0.6657037198543548,0.6772618889808655,0,0.0,0,10,10
IAEA_plus_30,30,73,phrase,en,neutron measurement current,43,48522,13,30,0.7035508155822754,0.6991282900174459,0.6771908760070801,0.7035508155822754,4,0.4,3,10,10
IAEA_plus_30,30,74,core_term,zh,中子,43,50766,13,30,0.6376688480377197,0.6259249647458395,0.6175918519496918,0.6376688480377197,0,0.0,0,10,10
IAEA_plus_30,30,74,core_term,en,neutron,43,50766,13,30,0.6899797916412354,0.6775538325309753,0.6662509679794312,0.6899797916412354,5,0.5,1,10,10
IAEA_plus_30,30,74,phrase,zh,中子测量电流,43,50766,13,30,0.6772618889808655,0.6698239048322042,0.665899783372879,0.6772618889808655,0,0.0,0,10,10
IAEA_plus_30,30,74,phrase,en,neutron measurement current,43,50766,13,30,0.7035508155822754,0.6991282900174459,0.6771908760070801,0.7035508155822754,4,0.4,3,10,10
IAEA_plus_30,30,75,core_term,zh,中子,43,48107,13,30,0.6376688480377197,0.6259249647458395,0.6175918519496918,0.6376688480377197,0,0.0,0,10,10
IAEA_plus_30,30,75,core_term,en,neutron,43,48107,13,30,0.6899797916412354,0.6775538325309753,0.6654967308044434,0.6899797916412354,6,0.6,1,10,10
IAEA_plus_30,30,75,phrase,zh,中子测量电流,43,48107,13,30,0.6772618889808655,0.6698239048322042,0.6657037198543548,0.6772618889808655,0,0.0,0,10,10
IAEA_plus_30,30,75,phrase,en,neutron measurement current,43,48107,13,30,0.6957577466964722,0.6816319227218628,0.6648040533065795,0.6957577466964722,6,0.6,1,10,10
IAEA_plus_30,30,76,core_term,zh,中子,43,47348,13,30,0.6376688480377197,0.6274608572324117,0.622068452835083,0.6376688480377197,0,0.0,0,10,10
IAEA_plus_30,30,76,core_term,en,neutron,43,47348,13,30,0.6899797916412354,0.6767170627911886,0.6640338361263275,0.6899797916412354,5,0.5,1,10,10
IAEA_plus_30,30,76,phrase,zh,中子测量电流,43,47348,13,30,0.6772618889808655,0.6750983198483785,0.6710787355899811,0.6772618889808655,0,0.0,0,10,10
IAEA_plus_30,30,76,phrase,en,neutron measurement current,43,47348,13,30,0.7035508155822754,0.6991282900174459,0.6767319321632386,0.7035508155822754,5,0.5,3,10,10
IAEA_plus_30,30,77,core_term,zh,中子,43,44004,13,30,0.6228203177452087,0.6219706535339355,0.61971395611763,0.6228203177452087,0,0.0,0,10,10
IAEA_plus_30,30,77,core_term,en,neutron,43,44004,13,30,0.6899797916412354,0.6775538325309753,0.6641988396644593,0.6899797916412354,6,0.6,1,10,10
IAEA_plus_30,30,77,phrase,zh,中子测量电流,43,44004,13,30,0.674386739730835,0.6738664507865906,0.6701100587844848,0.674386739730835,0,0.0,0,10,10
IAEA_plus_30,30,77,phrase,en,neutron measurement current,43,44004,13,30,0.6957577466964722,0.6816319227218628,0.6646158218383789,0.6957577466964722,7,0.7,1,10,10
IAEA_plus_30,30,78,core_term,zh,中子,43,50305,13,30,0.6376688480377197,0.6259249647458395,0.6175918519496918,0.6376688480377197,0,0.0,0,10,10
IAEA_plus_30,30,78,core_term,en,neutron,43,50305,13,30,0.6899797916412354,0.6775538325309753,0.6661919593811035,0.6899797916412354,5,0.5,1,10,10
IAEA_plus_30,30,78,phrase,zh,中子测量电流,43,50305,13,30,0.6772618889808655,0.6698239048322042,0.6657037198543548,0.6772618889808655,0,0.0,0,10,10
IAEA_plus_30,30,78,phrase,en,neutron measurement current,43,50305,13,30,0.6957577466964722,0.6816319227218628,0.6646158218383789,0.6957577466964722,7,0.7,1,10,10
IAEA_plus_30,30,79,core_term,zh,中子,43,47774,13,30,0.6376688480377197,0.6274608572324117,0.622068452835083,0.6376688480377197,0,0.0,0,10,10
IAEA_plus_30,30,79,core_term,en,neutron,43,47774,13,30,0.6899797916412354,0.6767170627911886,0.6646835565567016,0.6899797916412354,5,0.5,1,10,10
IAEA_plus_30,30,79,phrase,zh,中子测量电流,43,47774,13,30,0.6772618889808655,0.6750983198483785,0.6710787355899811,0.6772618889808655,0,0.0,0,10,10
IAEA_plus_30,30,79,phrase,en,neutron measurement current,43,47774,13,30,0.6957577466964722,0.6816319227218628,0.6617932975292206,0.6957577466964722,7,0.7,1,10,10
IAEA_plus_30,30,80,core_term,zh,中子,43,50324,13,30,0.6116806268692017,0.6109298268953959,0.6098556876182556,0.6116806268692017,0,0.0,0,10,10
IAEA_plus_30,30,80,core_term,en,neutron,43,50324,13,30,0.6899797916412354,0.6775538325309753,0.6661919593811035,0.6899797916412354,5,0.5,1,10,10
IAEA_plus_30,30,80,phrase,zh,中子测量电流,43,50324,13,30,0.6652456521987915,0.6644489566485087,0.6627322137355804,0.6652456521987915,0,0.0,0,10,10
IAEA_plus_30,30,80,phrase,en,neutron measurement current,43,50324,13,30,0.6957577466964722,0.6816319227218628,0.6625497579574585,0.6957577466964722,7,0.7,1,10,10
IAEA_plus_30,30,81,core_term,zh,中子,43,43169,13,30,0.6376688480377197,0.6274608572324117,0.622068452835083,0.6376688480377197,0,0.0,0,10,10
IAEA_plus_30,30,81,core_term,en,neutron,43,43169,13,30,0.6899797916412354,0.6767170627911886,0.6641571938991546,0.6899797916412354,5,0.5,1,10,10
IAEA_plus_30,30,81,phrase,zh,中子测量电流,43,43169,13,30,0.6772618889808655,0.6750983198483785,0.6710787355899811,0.6772618889808655,0,0.0,0,10,10
IAEA_plus_30,30,81,phrase,en,neutron measurement current,43,43169,13,30,0.7035508155822754,0.6991282900174459,0.6767319321632386,0.7035508155822754,5,0.5,3,10,10
IAEA_plus_30,30,82,core_term,zh,中子,43,46273,13,30,0.6228203177452087,0.6219706535339355,0.61971395611763,0.6228203177452087,0,0.0,0,10,10
IAEA_plus_30,30,82,core_term,en,neutron,43,46273,13,30,0.6899797916412354,0.6775538325309753,0.6652425467967987,0.6899797916412354,5,0.5,1,10,10
IAEA_plus_30,30,82,phrase,zh,中子测量电流,43,46273,13,30,0.674386739730835,0.6738664507865906,0.6699054360389709,0.674386739730835,0,0.0,0,10,10
IAEA_plus_30,30,82,phrase,en,neutron measurement current,43,46273,13,30,0.7035508155822754,0.6991282900174459,0.6771908760070801,0.7035508155822754,4,0.4,3,10,10
IAEA_plus_30,30,83,core_term,zh,中子,43,40520,13,30,0.6228203177452087,0.6219706535339355,0.61971395611763,0.6228203177452087,0,0.0,0,10,10
IAEA_plus_30,30,83,core_term,en,neutron,43,40520,13,30,0.6899797916412354,0.6775538325309753,0.6639917671680451,0.6899797916412354,6,0.6,1,10,10
IAEA_plus_30,30,83,phrase,zh,中子测量电流,43,40520,13,30,0.674386739730835,0.6738664507865906,0.6701100587844848,0.674386739730835,0,0.0,0,10,10
IAEA_plus_30,30,83,phrase,en,neutron measurement current,43,40520,13,30,0.6957577466964722,0.6816319227218628,0.6648040533065795,0.6957577466964722,6,0.6,1,10,10
IAEA_plus_30,30,84,core_term,zh,中子,43,42583,13,30,0.6376688480377197,0.6274608572324117,0.622068452835083,0.6376688480377197,0,0.0,0,10,10
IAEA_plus_30,30,84,core_term,en,neutron,43,42583,13,30,0.6899797916412354,0.6767170627911886,0.6635451257228852,0.6899797916412354,5,0.5,1,10,10
IAEA_plus_30,30,84,phrase,zh,中子测量电流,43,42583,13,30,0.6772618889808655,0.6750983198483785,0.6710787355899811,0.6772618889808655,0,0.0,0,10,10
IAEA_plus_30,30,84,phrase,en,neutron measurement current,43,42583,13,30,0.6957577466964722,0.6816319227218628,0.6606996655464172,0.6957577466964722,8,0.8,1,10,10
IAEA_plus_30,30,85,core_term,zh,中子,43,42077,13,30,0.6376688480377197,0.6274608572324117,0.622068452835083,0.6376688480377197,0,0.0,0,10,10
IAEA_plus_30,30,85,core_term,en,neutron,43,42077,13,30,0.6899797916412354,0.6767170627911886,0.6625219941139221,0.6899797916412354,7,0.7,1,10,10
IAEA_plus_30,30,85,phrase,zh,中子测量电流,43,42077,13,30,0.6772618889808655,0.6750983198483785,0.6710787355899811,0.6772618889808655,0,0.0,0,10,10
IAEA_plus_30,30,85,phrase,en,neutron measurement current,43,42077,13,30,0.6957577466964722,0.6816319227218628,0.6627657294273377,0.6957577466964722,8,0.8,1,10,10
IAEA_plus_30,30,86,core_term,zh,中子,43,44567,13,30,0.6376688480377197,0.6259249647458395,0.6175918519496918,0.6376688480377197,0,0.0,0,10,10
IAEA_plus_30,30,86,core_term,en,neutron,43,44567,13,30,0.6899797916412354,0.6767170627911886,0.6646835565567016,0.6899797916412354,5,0.5,1,10,10
IAEA_plus_30,30,86,phrase,zh,中子测量电流,43,44567,13,30,0.6772618889808655,0.6698199510574341,0.6655229806900025,0.6772618889808655,0,0.0,0,10,10
IAEA_plus_30,30,86,phrase,en,neutron measurement current,43,44567,13,30,0.6957577466964722,0.6816319227218628,0.6602667510509491,0.6957577466964722,9,0.9,1,10,10
IAEA_plus_30,30,87,core_term,zh,中子,43,44671,13,30,0.6376688480377197,0.6274608572324117,0.622068452835083,0.6376688480377197,0,0.0,0,10,10
IAEA_plus_30,30,87,core_term,en,neutron,43,44671,13,30,0.6899797916412354,0.6775538325309753,0.6654967308044434,0.6899797916412354,6,0.6,1,10,10
IAEA_plus_30,30,87,phrase,zh,中子测量电流,43,44671,13,30,0.6772618889808655,0.6750983198483785,0.6708976626396179,0.6772618889808655,0,0.0,0,10,10
IAEA_plus_30,30,87,phrase,en,neutron measurement current,43,44671,13,30,0.6957577466964722,0.6816319227218628,0.6631955504417419,0.6957577466964722,8,0.8,1,10,10
IAEA_plus_30,30,88,core_term,zh,中子,43,44635,13,30,0.6376688480377197,0.6274608572324117,0.622068452835083,0.6376688480377197,0,0.0,0,10,10
IAEA_plus_30,30,88,core_term,en,neutron,43,44635,13,30,0.6899797916412354,0.6767170627911886,0.6626322746276856,0.6899797916412354,6,0.6,1,10,10
IAEA_plus_30,30,88,phrase,zh,中子测量电流,43,44635,13,30,0.6772618889808655,0.6750983198483785,0.6708976626396179,0.6772618889808655,0,0.0,0,10,10
IAEA_plus_30,30,88,phrase,en,neutron measurement current,43,44635,13,30,0.7035508155822754,0.6991282900174459,0.6767610549926758,0.7035508155822754,4,0.4,3,10,10
IAEA_plus_30,30,89,core_term,zh,中子,43,50079,13,30,0.6228203177452087,0.6219706535339355,0.61971395611763,0.6228203177452087,0,0.0,0,10,10
IAEA_plus_30,30,89,core_term,en,neutron,43,50079,13,30,0.6899797916412354,0.6775538325309753,0.6654967308044434,0.6899797916412354,6,0.6,1,10,10
IAEA_plus_30,30,89,phrase,zh,中子测量电流,43,50079,13,30,0.674386739730835,0.6738664507865906,0.6699054360389709,0.674386739730835,0,0.0,0,10,10
IAEA_plus_30,30,89,phrase,en,neutron measurement current,43,50079,13,30,0.6957577466964722,0.6816319227218628,0.6646158218383789,0.6957577466964722,7,0.7,1,10,10
IAEA_plus_30,30,90,core_term,zh,中子,43,48916,13,30,0.6228203177452087,0.6219706535339355,0.61971395611763,0.6228203177452087,0,0.0,0,10,10
IAEA_plus_30,30,90,core_term,en,neutron,43,48916,13,30,0.6899797916412354,0.6775538325309753,0.6650354743003846,0.6899797916412354,5,0.5,1,10,10
IAEA_plus_30,30,90,phrase,zh,中子测量电流,43,48916,13,30,0.674386739730835,0.6738664507865906,0.6701100587844848,0.674386739730835,0,0.0,0,10,10
IAEA_plus_30,30,90,phrase,en,neutron measurement current,43,48916,13,30,0.7035508155822754,0.6991282900174459,0.6771908760070801,0.7035508155822754,4,0.4,3,10,10
IAEA_plus_30,30,91,core_term,zh,中子,43,47073,13,30,0.6376688480377197,0.6259249647458395,0.6175918519496918,0.6376688480377197,0,0.0,0,10,10
IAEA_plus_30,30,91,core_term,en,neutron,43,47073,13,30,0.6899797916412354,0.6775538325309753,0.6654585242271424,0.6899797916412354,5,0.5,1,10,10
IAEA_plus_30,30,91,phrase,zh,中子测量电流,43,47073,13,30,0.6772618889808655,0.6698239048322042,0.665899783372879,0.6772618889808655,0,0.0,0,10,10
IAEA_plus_30,30,91,phrase,en,neutron measurement current,43,47073,13,30,0.7035508155822754,0.6991282900174459,0.6771908760070801,0.7035508155822754,4,0.4,3,10,10
IAEA_plus_30,30,92,core_term,zh,中子,43,38152,13,30,0.6228203177452087,0.6219706535339355,0.61971395611763,0.6228203177452087,0,0.0,0,10,10
IAEA_plus_30,30,92,core_term,en,neutron,43,38152,13,30,0.6899797916412354,0.6767170627911886,0.6641571938991546,0.6899797916412354,5,0.5,1,10,10
IAEA_plus_30,30,92,phrase,zh,中子测量电流,43,38152,13,30,0.674386739730835,0.6738664507865906,0.6699054360389709,0.674386739730835,0,0.0,0,10,10
IAEA_plus_30,30,92,phrase,en,neutron measurement current,43,38152,13,30,0.7035508155822754,0.6991282900174459,0.6767319321632386,0.7035508155822754,5,0.5,3,10,10
IAEA_plus_30,30,93,core_term,zh,中子,43,44213,13,30,0.6228203177452087,0.6219706535339355,0.61971395611763,0.6228203177452087,0,0.0,0,10,10
IAEA_plus_30,30,93,core_term,en,neutron,43,44213,13,30,0.6899797916412354,0.6767170627911886,0.6626322746276856,0.6899797916412354,6,0.6,1,10,10
IAEA_plus_30,30,93,phrase,zh,中子测量电流,43,44213,13,30,0.674386739730835,0.6738664507865906,0.6699054360389709,0.674386739730835,0,0.0,0,10,10
IAEA_plus_30,30,93,phrase,en,neutron measurement current,43,44213,13,30,0.7035508155822754,0.6991282900174459,0.6767319321632386,0.7035508155822754,5,0.5,3,10,10
IAEA_plus_30,30,94,core_term,zh,中子,43,46171,13,30,0.6376688480377197,0.6274608572324117,0.622068452835083,0.6376688480377197,0,0.0,0,10,10
IAEA_plus_30,30,94,core_term,en,neutron,43,46171,13,30,0.6899797916412354,0.6767170627911886,0.6625219941139221,0.6899797916412354,7,0.7,1,10,10
IAEA_plus_30,30,94,phrase,zh,中子测量电流,43,46171,13,30,0.6772618889808655,0.6750983198483785,0.6708976626396179,0.6772618889808655,0,0.0,0,10,10
IAEA_plus_30,30,94,phrase,en,neutron measurement current,43,46171,13,30,0.6957577466964722,0.6816319227218628,0.6631497085094452,0.6957577466964722,7,0.7,1,10,10
IAEA_plus_30,30,95,core_term,zh,中子,43,44493,13,30,0.6376688480377197,0.6274608572324117,0.622068452835083,0.6376688480377197,0,0.0,0,10,10
IAEA_plus_30,30,95,core_term,en,neutron,43,44493,13,30,0.6899797916412354,0.6775538325309753,0.6656655967235565,0.6899797916412354,5,0.5,1,10,10
IAEA_plus_30,30,95,phrase,zh,中子测量电流,43,44493,13,30,0.6772618889808655,0.6750983198483785,0.6708976626396179,0.6772618889808655,0,0.0,0,10,10
IAEA_plus_30,30,95,phrase,en,neutron measurement current,43,44493,13,30,0.7035508155822754,0.6991282900174459,0.6771908760070801,0.7035508155822754,4,0.4,3,10,10
IAEA_plus_30,30,96,core_term,zh,中子,43,46383,13,30,0.6116806268692017,0.6109298268953959,0.6098909616470337,0.6116806268692017,0,0.0,0,10,10
IAEA_plus_30,30,96,core_term,en,neutron,43,46383,13,30,0.6899797916412354,0.6775538325309753,0.6652425467967987,0.6899797916412354,5,0.5,1,10,10
IAEA_plus_30,30,96,phrase,zh,中子测量电流,43,46383,13,30,0.6693858504295349,0.6665657758712769,0.6639178454875946,0.6693858504295349,0,0.0,0,10,10
IAEA_plus_30,30,96,phrase,en,neutron measurement current,43,46383,13,30,0.7035508155822754,0.6991282900174459,0.6771908760070801,0.7035508155822754,4,0.4,3,10,10
IAEA_plus_30,30,97,core_term,zh,中子,43,44724,13,30,0.6116806268692017,0.6109298268953959,0.6097173631191254,0.6116806268692017,0,0.0,0,10,10
IAEA_plus_30,30,97,core_term,en,neutron,43,44724,13,30,0.6899797916412354,0.6775538325309753,0.6653629541397095,0.6899797916412354,5,0.5,1,10,10
IAEA_plus_30,30,97,phrase,zh,中子测量电流,43,44724,13,30,0.6693858504295349,0.6665657758712769,0.6632412552833558,0.6693858504295349,0,0.0,0,10,10
IAEA_plus_30,30,97,phrase,en,neutron measurement current,43,44724,13,30,0.6957577466964722,0.6816319227218628,0.6646158218383789,0.6957577466964722,7,0.7,1,10,10
IAEA_plus_30,30,98,core_term,zh,中子,43,39079,13,30,0.6376688480377197,0.6274608572324117,0.622068452835083,0.6376688480377197,0,0.0,0,10,10
IAEA_plus_30,30,98,core_term,en,neutron,43,39079,13,30,0.6899797916412354,0.6767170627911886,0.6635451257228852,0.6899797916412354,5,0.5,1,10,10
IAEA_plus_30,30,98,phrase,zh,中子测量电流,43,39079,13,30,0.6772618889808655,0.6750983198483785,0.6710787355899811,0.6772618889808655,0,0.0,0,10,10
IAEA_plus_30,30,98,phrase,en,neutron measurement current,43,39079,13,30,0.6957577466964722,0.6816319227218628,0.6617932975292206,0.6957577466964722,7,0.7,1,10,10
IAEA_plus_30,30,99,core_term,zh,中子,43,46755,13,30,0.6103138327598572,0.6073058644930521,0.6030639231204986,0.6103138327598572,0,0.0,0,10,10
IAEA_plus_30,30,99,core_term,en,neutron,43,46755,13,30,0.6899797916412354,0.6767170627911886,0.6649397373199463,0.6899797916412354,5,0.5,1,10,10
IAEA_plus_30,30,99,phrase,zh,中子测量电流,43,46755,13,30,0.664697527885437,0.6631498535474142,0.6563639521598816,0.664697527885437,0,0.0,0,10,10
IAEA_plus_30,30,99,phrase,en,neutron measurement current,43,46755,13,30,0.7035508155822754,0.6991282900174459,0.6767319321632386,0.7035508155822754,5,0.5,3,10,10
IAEA_plus_35,35,0,core_term,zh,中子,48,47974,13,35,0.6228203177452087,0.6219706535339355,0.61971395611763,0.6228203177452087,0,0.0,0,10,10
IAEA_plus_35,35,0,core_term,en,neutron,48,47974,13,35,0.6899797916412354,0.6775538325309753,0.6653629541397095,0.6899797916412354,5,0.5,1,10,10
IAEA_plus_35,35,0,phrase,zh,中子测量电流,48,47974,13,35,0.674386739730835,0.6738664507865906,0.6701100587844848,0.674386739730835,0,0.0,0,10,10
IAEA_plus_35,35,0,phrase,en,neutron measurement current,48,47974,13,35,0.6957577466964722,0.6816319227218628,0.6632594108581543,0.6957577466964722,7,0.7,1,10,10
IAEA_plus_35,35,1,core_term,zh,中子,48,52575,13,35,0.6376688480377197,0.6274608572324117,0.622068452835083,0.6376688480377197,0,0.0,0,10,10
IAEA_plus_35,35,1,core_term,en,neutron,48,52575,13,35,0.6899797916412354,0.6775538325309753,0.6662509679794312,0.6899797916412354,5,0.5,1,10,10
IAEA_plus_35,35,1,phrase,zh,中子测量电流,48,52575,13,35,0.6772618889808655,0.6750983198483785,0.6708976626396179,0.6772618889808655,0,0.0,0,10,10
IAEA_plus_35,35,1,phrase,en,neutron measurement current,48,52575,13,35,0.7035508155822754,0.6991282900174459,0.6771908760070801,0.7035508155822754,4,0.4,3,10,10
IAEA_plus_35,35,2,core_term,zh,中子,48,47970,13,35,0.6376688480377197,0.6274608572324117,0.622068452835083,0.6376688480377197,0,0.0,0,10,10
IAEA_plus_35,35,2,core_term,en,neutron,48,47970,13,35,0.6899797916412354,0.6775538325309753,0.6661648571491241,0.6899797916412354,5,0.5,1,10,10
IAEA_plus_35,35,2,phrase,zh,中子测量电流,48,47970,13,35,0.6772618889808655,0.6750983198483785,0.6710787415504456,0.6772618889808655,0,0.0,0,10,10
IAEA_plus_35,35,2,phrase,en,neutron measurement current,48,47970,13,35,0.7035508155822754,0.6991282900174459,0.6771908760070801,0.7035508155822754,4,0.4,3,10,10
IAEA_plus_35,35,3,core_term,zh,中子,48,51866,13,35,0.6376688480377197,0.6274608572324117,0.622068452835083,0.6376688480377197,0,0.0,0,10,10
IAEA_plus_35,35,3,core_term,en,neutron,48,51866,13,35,0.6899797916412354,0.6775538325309753,0.6662509679794312,0.6899797916412354,5,0.5,1,10,10
IAEA_plus_35,35,3,phrase,zh,中子测量电流,48,51866,13,35,0.6772618889808655,0.6750983198483785,0.6708976626396179,0.6772618889808655,0,0.0,0,10,10
IAEA_plus_35,35,3,phrase,en,neutron measurement current,48,51866,13,35,0.7035508155822754,0.6991282900174459,0.6771908760070801,0.7035508155822754,4,0.4,3,10,10
IAEA_plus_35,35,4,core_term,zh,中子,48,53660,13,35,0.6376688480377197,0.6259249647458395,0.6175918519496918,0.6376688480377197,0,0.0,0,10,10
IAEA_plus_35,35,4,core_term,en,neutron,48,53660,13,35,0.6899797916412354,0.6775538325309753,0.6661919593811035,0.6899797916412354,5,0.5,1,10,10
IAEA_plus_35,35,4,phrase,zh,中子测量电流,48,53660,13,35,0.6772618889808655,0.6698239048322042,0.665899783372879,0.6772618889808655,0,0.0,0,10,10
IAEA_plus_35,35,4,phrase,en,neutron measurement current,48,53660,13,35,0.6957577466964722,0.6816319227218628,0.6632594108581543,0.6957577466964722,7,0.7,1,10,10
IAEA_plus_35,35,5,core_term,zh,中子,48,45241,13,35,0.6228203177452087,0.6219706535339355,0.61971395611763,0.6228203177452087,0,0.0,0,10,10
IAEA_plus_35,35,5,core_term,en,neutron,48,45241,13,35,0.6899797916412354,0.6767170627911886,0.6641571938991546,0.6899797916412354,5,0.5,1,10,10
IAEA_plus_35,35,5,phrase,zh,中子测量电流,48,45241,13,35,0.674386739730835,0.6738664507865906,0.6701100587844848,0.674386739730835,0,0.0,0,10,10
IAEA_plus_35,35,5,phrase,en,neutron measurement current,48,45241,13,35,0.7035508155822754,0.6991282900174459,0.6767319321632386,0.7035508155822754,5,0.5,3,10,10
IAEA_plus_35,35,6,core_term,zh,中子,48,46325,13,35,0.6376688480377197,0.6274608572324117,0.622068452835083,0.6376688480377197,0,0.0,0,10,10
IAEA_plus_35,35,6,core_term,en,neutron,48,46325,13,35,0.6899797916412354,0.6775538325309753,0.6652425467967987,0.6899797916412354,5,0.5,1,10,10
IAEA_plus_35,35,6,phrase,zh,中子测量电流,48,46325,13,35,0.6772618889808655,0.6750983198483785,0.6708976626396179,0.6772618889808655,0,0.0,0,10,10
IAEA_plus_35,35,6,phrase,en,neutron measurement current,48,46325,13,35,0.7035508155822754,0.6991282900174459,0.6771908760070801,0.7035508155822754,4,0.4,3,10,10
IAEA_plus_35,35,7,core_term,zh,中子,48,41882,13,35,0.6228203177452087,0.6219706535339355,0.61971395611763,0.6228203177452087,0,0.0,0,10,10
IAEA_plus_35,35,7,core_term,en,neutron,48,41882,13,35,0.6899797916412354,0.6767170627911886,0.6649397373199463,0.6899797916412354,5,0.5,1,10,10
IAEA_plus_35,35,7,phrase,zh,中子测量电流,48,41882,13,35,0.674386739730835,0.6738664507865906,0.6701100587844848,0.674386739730835,0,0.0,0,10,10
IAEA_plus_35,35,7,phrase,en,neutron measurement current,48,41882,13,35,0.7035508155822754,0.6991282900174459,0.6767610549926758,0.7035508155822754,4,0.4,3,10,10
IAEA_plus_35,35,8,core_term,zh,中子,48,52687,13,35,0.6376688480377197,0.6274608572324117,0.622068452835083,0.6376688480377197,0,0.0,0,10,10
IAEA_plus_35,35,8,core_term,en,neutron,48,52687,13,35,0.6899797916412354,0.6775538325309753,0.6662509679794312,0.6899797916412354,5,0.5,1,10,10
IAEA_plus_35,35,8,phrase,zh,中子测量电流,48,52687,13,35,0.6772618889808655,0.6750983198483785,0.6710787355899811,0.6772618889808655,0,0.0,0,10,10
IAEA_plus_35,35,8,phrase,en,neutron measurement current,48,52687,13,35,0.7035508155822754,0.6991282900174459,0.6771908760070801,0.7035508155822754,4,0.4,3,10,10
IAEA_plus_35,35,9,core_term,zh,中子,48,51128,13,35,0.6228203177452087,0.6219706535339355,0.61971395611763,0.6228203177452087,0,0.0,0,10,10
IAEA_plus_35,35,9,core_term,en,neutron,48,51128,13,35,0.6899797916412354,0.6775538325309753,0.6662509679794312,0.6899797916412354,5,0.5,1,10,10
IAEA_plus_35,35,9,phrase,zh,中子测量电流,48,51128,13,35,0.674386739730835,0.6738664507865906,0.6701100587844848,0.674386739730835,0,0.0,0,10,10
IAEA_plus_35,35,9,phrase,en,neutron measurement current,48,51128,13,35,0.7035508155822754,0.6991282900174459,0.6771908760070801,0.7035508155822754,4,0.4,3,10,10
IAEA_plus_35,35,10,core_term,zh,中子,48,44625,13,35,0.6228203177452087,0.6219706535339355,0.61971395611763,0.6228203177452087,0,0.0,0,10,10
IAEA_plus_35,35,10,core_term,en,neutron,48,44625,13,35,0.6899797916412354,0.6767170627911886,0.6606558859348297,0.6899797916412354,9,0.9,1,10,10
IAEA_plus_35,35,10,phrase,zh,中子测量电流,48,44625,13,35,0.674386739730835,0.6738664507865906,0.6701100587844848,0.674386739730835,0,0.0,0,10,10
IAEA_plus_35,35,10,phrase,en,neutron measurement current,48,44625,13,35,0.6957577466964722,0.6816319227218628,0.6616231620311737,0.6957577466964722,9,0.9,1,10,10
IAEA_plus_35,35,11,core_term,zh,中子,48,51298,13,35,0.6376688480377197,0.6274608572324117,0.622068452835083,0.6376688480377197,0,0.0,0,10,10
IAEA_plus_35,35,11,core_term,en,neutron,48,51298,13,35,0.6899797916412354,0.6775538325309753,0.6662509679794312,0.6899797916412354,5,0.5,1,10,10
IAEA_plus_35,35,11,phrase,zh,中子测量电流,48,51298,13,35,0.6772618889808655,0.6750983198483785,0.6710787355899811,0.6772618889808655,0,0.0,0,10,10
IAEA_plus_35,35,11,phrase,en,neutron measurement current,48,51298,13,35,0.7035508155822754,0.6991282900174459,0.6771908760070801,0.7035508155822754,4,0.4,3,10,10
IAEA_plus_35,35,12,core_term,zh,中子,48,54922,13,35,0.6376688480377197,0.6274608572324117,0.622068452835083,0.6376688480377197,0,0.0,0,10,10
IAEA_plus_35,35,12,core_term,en,neutron,48,54922,13,35,0.6899797916412354,0.6775538325309753,0.6661919593811035,0.6899797916412354,5,0.5,1,10,10
IAEA_plus_35,35,12,phrase,zh,中子测量电流,48,54922,13,35,0.6772618889808655,0.6750983198483785,0.6708976626396179,0.6772618889808655,0,0.0,0,10,10
IAEA_plus_35,35,12,phrase,en,neutron measurement current,48,54922,13,35,0.6957577466964722,0.6816319227218628,0.6632594108581543,0.6957577466964722,7,0.7,1,10,10
IAEA_plus_35,35,13,core_term,zh,中子,48,50831,13,35,0.6228203177452087,0.6219706535339355,0.61971395611763,0.6228203177452087,0,0.0,0,10,10
IAEA_plus_35,35,13,core_term,en,neutron,48,50831,13,35,0.6899797916412354,0.6775538325309753,0.6661648571491241,0.6899797916412354,5,0.5,1,10,10
IAEA_plus_35,35,13,phrase,zh,中子测量电流,48,50831,13,35,0.674386739730835,0.6738664507865906,0.6699054360389709,0.674386739730835,0,0.0,0,10,10
IAEA_plus_35,35,13,phrase,en,neutron measurement current,48,50831,13,35,0.7035508155822754,0.6991282900174459,0.6771908760070801,0.7035508155822754,4,0.4,3,10,10
IAEA_plus_35,35,14,core_term,zh,中子,48,49185,13,35,0.6376688480377197,0.6274608572324117,0.622068452835083,0.6376688480377197,0,0.0,0,10,10
IAEA_plus_35,35,14,core_term,en,neutron,48,49185,13,35,0.6899797916412354,0.6775538325309753,0.6662509679794312,0.6899797916412354,5,0.5,1,10,10
IAEA_plus_35,35,14,phrase,zh,中子测量电流,48,49185,13,35,0.6772618889808655,0.6750983198483785,0.6710787355899811,0.6772618889808655,0,0.0,0,10,10
IAEA_plus_35,35,14,phrase,en,neutron measurement current,48,49185,13,35,0.7035508155822754,0.6991282900174459,0.6771908760070801,0.7035508155822754,4,0.4,3,10,10
IAEA_plus_35,35,15,core_term,zh,中子,48,46235,13,35,0.6376688480377197,0.6274608572324117,0.622068452835083,0.6376688480377197,0,0.0,0,10,10
IAEA_plus_35,35,15,core_term,en,neutron,48,46235,13,35,0.6899797916412354,0.6767170627911886,0.6646835565567016,0.6899797916412354,5,0.5,1,10,10
IAEA_plus_35,35,15,phrase,zh,中子测量电流,48,46235,13,35,0.6772618889808655,0.6750983198483785,0.6710787355899811,0.6772618889808655,0,0.0,0,10,10
IAEA_plus_35,35,15,phrase,en,neutron measurement current,48,46235,13,35,0.6957577466964722,0.6816319227218628,0.661409318447113,0.6957577466964722,8,0.8,1,10,10
IAEA_plus_35,35,16,core_term,zh,中子,48,54832,13,35,0.6376688480377197,0.6259249647458395,0.6175918519496918,0.6376688480377197,0,0.0,0,10,10
IAEA_plus_35,35,16,core_term,en,neutron,48,54832,13,35,0.6899797916412354,0.6775538325309753,0.6661648571491241,0.6899797916412354,5,0.5,1,10,10
IAEA_plus_35,35,16,phrase,zh,中子测量电流,48,54832,13,35,0.6772618889808655,0.6712039709091187,0.6665949940681457,0.6772618889808655,0,0.0,0,10,10
IAEA_plus_35,35,16,phrase,en,neutron measurement current,48,54832,13,35,0.7035508155822754,0.6991282900174459,0.6771908760070801,0.7035508155822754,4,0.4,3,10,10
IAEA_plus_35,35,17,core_term,zh,中子,48,48307,13,35,0.6376688480377197,0.6274608572324117,0.622068452835083,0.6376688480377197,0,0.0,0,10,10
IAEA_plus_35,35,17,core_term,en,neutron,48,48307,13,35,0.6899797916412354,0.6775538325309753,0.6662509679794312,0.6899797916412354,5,0.5,1,10,10
IAEA_plus_35,35,17,phrase,zh,中子测量电流,48,48307,13,35,0.6772618889808655,0.6750983198483785,0.6710787355899811,0.6772618889808655,0,0.0,0,10,10
IAEA_plus_35,35,17,phrase,en,neutron measurement current,48,48307,13,35,0.7035508155822754,0.6991282900174459,0.6771908760070801,0.7035508155822754,4,0.4,3,10,10
IAEA_plus_35,35,18,core_term,zh,中子,48,38316,13,35,0.6228203177452087,0.6219706535339355,0.61971395611763,0.6228203177452087,0,0.0,0,10,10
IAEA_plus_35,35,18,core_term,en,neutron,48,38316,13,35,0.6899797916412354,0.6767170627911886,0.6641571938991546,0.6899797916412354,5,0.5,1,10,10
IAEA_plus_35,35,18,phrase,zh,中子测量电流,48,38316,13,35,0.674386739730835,0.6738664507865906,0.6699054360389709,0.674386739730835,0,0.0,0,10,10
IAEA_plus_35,35,18,phrase,en,neutron measurement current,48,38316,13,35,0.7035508155822754,0.6991282900174459,0.6767319321632386,0.7035508155822754,5,0.5,3,10,10
IAEA_plus_35,35,19,core_term,zh,中子,48,47691,13,35,0.6376688480377197,0.6274608572324117,0.622068452835083,0.6376688480377197,0,0.0,0,10,10
IAEA_plus_35,35,19,core_term,en,neutron,48,47691,13,35,0.6899797916412354,0.6775538325309753,0.6639306902885437,0.6899797916412354,5,0.5,1,10,10
IAEA_plus_35,35,19,phrase,zh,中子测量电流,48,47691,13,35,0.6772618889808655,0.6750983198483785,0.6710787355899811,0.6772618889808655,0,0.0,0,10,10
IAEA_plus_35,35,19,phrase,en,neutron measurement current,48,47691,13,35,0.7035508155822754,0.6991282900174459,0.6771908760070801,0.7035508155822754,4,0.4,3,10,10
IAEA_plus_35,35,20,core_term,zh,中子,48,53442,13,35,0.6376688480377197,0.6259249647458395,0.6175918519496918,0.6376688480377197,0,0.0,0,10,10
IAEA_plus_35,35,20,core_term,en,neutron,48,53442,13,35,0.6899797916412354,0.6775538325309753,0.6661919593811035,0.6899797916412354,5,0.5,1,10,10
IAEA_plus_35,35,20,phrase,zh,中子测量电流,48,53442,13,35,0.6772618889808655,0.6698239048322042,0.665899783372879,0.6772618889808655,0,0.0,0,10,10
IAEA_plus_35,35,20,phrase,en,neutron measurement current,48,53442,13,35,0.6957577466964722,0.6816319227218628,0.6648040533065795,0.6957577466964722,6,0.6,1,10,10
IAEA_plus_35,35,21,core_term,zh,中子,48,44391,13,35,0.6228203177452087,0.6219706535339355,0.61971395611763,0.6228203177452087,0,0.0,0,10,10
IAEA_plus_35,35,21,core_term,en,neutron,48,44391,13,35,0.6899797916412354,0.6775538325309753,0.6662509679794312,0.6899797916412354,5,0.5,1,10,10
IAEA_plus_35,35,21,phrase,zh,中子测量电流,48,44391,13,35,0.674386739730835,0.6738664507865906,0.6701100587844848,0.674386739730835,0,0.0,0,10,10
IAEA_plus_35,35,21,phrase,en,neutron measurement current,48,44391,13,35,0.7035508155822754,0.6991282900174459,0.6771908760070801,0.7035508155822754,4,0.4,3,10,10
IAEA_plus_35,35,22,core_term,zh,中子,48,42389,13,35,0.6103138327598572,0.6073058644930521,0.6030639231204986,0.6103138327598572,0,0.0,0,10,10
IAEA_plus_35,35,22,core_term,en,neutron,48,42389,13,35,0.6899797916412354,0.6767170627911886,0.6641571938991546,0.6899797916412354,5,0.5,1,10,10
IAEA_plus_35,35,22,phrase,zh,中子测量电流,48,42389,13,35,0.664697527885437,0.6631498535474142,0.6563639521598816,0.664697527885437,0,0.0,0,10,10
IAEA_plus_35,35,22,phrase,en,neutron measurement current,48,42389,13,35,0.7035508155822754,0.6991282900174459,0.6767610549926758,0.7035508155822754,4,0.4,3,10,10
IAEA_plus_35,35,23,core_term,zh,中子,48,53381,13,35,0.6376688480377197,0.6274608572324117,0.622068452835083,0.6376688480377197,0,0.0,0,10,10
IAEA_plus_35,35,23,core_term,en,neutron,48,53381,13,35,0.6899797916412354,0.6767170627911886,0.6649397373199463,0.6899797916412354,5,0.5,1,10,10
IAEA_plus_35,35,23,phrase,zh,中子测量电流,48,53381,13,35,0.6772618889808655,0.6750983198483785,0.6710787355899811,0.6772618889808655,0,0.0,0,10,10
IAEA_plus_35,35,23,phrase,en,neutron measurement current,48,53381,13,35,0.7035508155822754,0.6991282900174459,0.6767610549926758,0.7035508155822754,4,0.4,3,10,10
IAEA_plus_35,35,24,core_term,zh,中子,48,48105,13,35,0.6228203177452087,0.6219706535339355,0.61971395611763,0.6228203177452087,0,0.0,0,10,10
IAEA_plus_35,35,24,core_term,en,neutron,48,48105,13,35,0.6899797916412354,0.6767170627911886,0.6649397373199463,0.6899797916412354,5,0.5,1,10,10
IAEA_plus_35,35,24,phrase,zh,中子测量电流,48,48105,13,35,0.674386739730835,0.6738664507865906,0.6701100587844848,0.674386739730835,0,0.0,0,10,10
IAEA_plus_35,35,24,phrase,en,neutron measurement current,48,48105,13,35,0.7035508155822754,0.6991282900174459,0.6767610549926758,0.7035508155822754,4,0.4,3,10,10
IAEA_plus_35,35,25,core_term,zh,中子,48,49725,13,35,0.6228203177452087,0.6219706535339355,0.61971395611763,0.6228203177452087,0,0.0,0,10,10
IAEA_plus_35,35,25,core_term,en,neutron,48,49725,13,35,0.6899797916412354,0.6775538325309753,0.6662509679794312,0.6899797916412354,5,0.5,1,10,10
IAEA_plus_35,35,25,phrase,zh,中子测量电流,48,49725,13,35,0.674386739730835,0.6738664507865906,0.6699054360389709,0.674386739730835,0,0.0,0,10,10
IAEA_plus_35,35,25,phrase,en,neutron measurement current,48,49725,13,35,0.7035508155822754,0.6991282900174459,0.6771908760070801,0.7035508155822754,4,0.4,3,10,10
IAEA_plus_35,35,26,core_term,zh,中子,48,46971,13,35,0.6376688480377197,0.6274608572324117,0.622068452835083,0.6376688480377197,0,0.0,0,10,10
IAEA_plus_35,35,26,core_term,en,neutron,48,46971,13,35,0.6899797916412354,0.6775538325309753,0.6641988396644593,0.6899797916412354,6,0.6,1,10,10
IAEA_plus_35,35,26,phrase,zh,中子测量电流,48,46971,13,35,0.6772618889808655,0.6750983198483785,0.6710787355899811,0.6772618889808655,0,0.0,0,10,10
IAEA_plus_35,35,26,phrase,en,neutron measurement current,48,46971,13,35,0.6957577466964722,0.6816319227218628,0.6639061689376831,0.6957577466964722,7,0.7,1,10,10
IAEA_plus_35,35,27,core_term,zh,中子,48,51638,13,35,0.6376688480377197,0.6274608572324117,0.622068452835083,0.6376688480377197,0,0.0,0,10,10
IAEA_plus_35,35,27,core_term,en,neutron,48,51638,13,35,0.6899797916412354,0.6775538325309753,0.6662509679794312,0.6899797916412354,5,0.5,1,10,10
IAEA_plus_35,35,27,phrase,zh,中子测量电流,48,51638,13,35,0.6772618889808655,0.6750983198483785,0.6710787355899811,0.6772618889808655,0,0.0,0,10,10
IAEA_plus_35,35,27,phrase,en,neutron measurement current,48,51638,13,35,0.7035508155822754,0.6991282900174459,0.6771908760070801,0.7035508155822754,4,0.4,3,10,10
IAEA_plus_35,35,28,core_term,zh,中子,48,46367,13,35,0.6376688480377197,0.6274608572324117,0.622068452835083,0.6376688480377197,0,0.0,0,10,10
IAEA_plus_35,35,28,core_term,en,neutron,48,46367,13,35,0.6899797916412354,0.6775538325309753,0.6655700266361236,0.6899797916412354,5,0.5,1,10,10
IAEA_plus_35,35,28,phrase,zh,中子测量电流,48,46367,13,35,0.6772618889808655,0.6750983198483785,0.6710787355899811,0.6772618889808655,0,0.0,0,10,10
IAEA_plus_35,35,28,phrase,en,neutron measurement current,48,46367,13,35,0.6957577466964722,0.6816319227218628,0.6639061689376831,0.6957577466964722,7,0.7,1,10,10
IAEA_plus_35,35,29,core_term,zh,中子,48,48876,13,35,0.6376688480377197,0.6259249647458395,0.6175918519496918,0.6376688480377197,0,0.0,0,10,10
IAEA_plus_35,35,29,core_term,en,neutron,48,48876,13,35,0.6899797916412354,0.6775538325309753,0.6654585242271424,0.6899797916412354,5,0.5,1,10,10
IAEA_plus_35,35,29,phrase,zh,中子测量电流,48,48876,13,35,0.6772618889808655,0.6712039709091187,0.6667243778705597,0.6772618889808655,0,0.0,0,10,10
IAEA_plus_35,35,29,phrase,en,neutron measurement current,48,48876,13,35,0.7035508155822754,0.6991282900174459,0.6771908760070801,0.7035508155822754,4,0.4,3,10,10
IAEA_plus_35,35,30,core_term,zh,中子,48,43293,13,35,0.6376688480377197,0.6274608572324117,0.622068452835083,0.6376688480377197,0,0.0,0,10,10
IAEA_plus_35,35,30,core_term,en,neutron,48,43293,13,35,0.6899797916412354,0.6767170627911886,0.6625219941139221,0.6899797916412354,7,0.7,1,10,10
IAEA_plus_35,35,30,phrase,zh,中子测量电流,48,43293,13,35,0.6772618889808655,0.6750983198483785,0.6710787355899811,0.6772618889808655,0,0.0,0,10,10
IAEA_plus_35,35,30,phrase,en,neutron measurement current,48,43293,13,35,0.6957577466964722,0.6816319227218628,0.6627657294273377,0.6957577466964722,8,0.8,1,10,10
IAEA_plus_35,35,31,core_term,zh,中子,48,52900,13,35,0.6228203177452087,0.6219706535339355,0.61971395611763,0.6228203177452087,0,0.0,0,10,10
IAEA_plus_35,35,31,core_term,en,neutron,48,52900,13,35,0.6899797916412354,0.6775538325309753,0.6662509679794312,0.6899797916412354,5,0.5,1,10,10
IAEA_plus_35,35,31,phrase,zh,中子测量电流,48,52900,13,35,0.674386739730835,0.6738664507865906,0.6699054360389709,0.674386739730835,0,0.0,0,10,10
IAEA_plus_35,35,31,phrase,en,neutron measurement current,48,52900,13,35,0.7035508155822754,0.6991282900174459,0.6771908760070801,0.7035508155822754,4,0.4,3,10,10
IAEA_plus_35,35,32,core_term,zh,中子,48,43241,13,35,0.6376688480377197,0.6274608572324117,0.622068452835083,0.6376688480377197,0,0.0,0,10,10
IAEA_plus_35,35,32,core_term,en,neutron,48,43241,13,35,0.6899797916412354,0.6775538325309753,0.6656655967235565,0.6899797916412354,5,0.5,1,10,10
IAEA_plus_35,35,32,phrase,zh,中子测量电流,48,43241,13,35,0.6772618889808655,0.6750983198483785,0.6710787355899811,0.6772618889808655,0,0.0,0,10,10
IAEA_plus_35,35,32,phrase,en,neutron measurement current,48,43241,13,35,0.7035508155822754,0.6991282900174459,0.6771908760070801,0.7035508155822754,4,0.4,3,10,10
IAEA_plus_35,35,33,core_term,zh,中子,48,46419,13,35,0.6376688480377197,0.6274608572324117,0.622068452835083,0.6376688480377197,0,0.0,0,10,10
IAEA_plus_35,35,33,core_term,en,neutron,48,46419,13,35,0.6899797916412354,0.6775538325309753,0.6661919593811035,0.6899797916412354,5,0.5,1,10,10
IAEA_plus_35,35,33,phrase,zh,中子测量电流,48,46419,13,35,0.6772618889808655,0.6750983198483785,0.6710787355899811,0.6772618889808655,0,0.0,0,10,10
IAEA_plus_35,35,33,phrase,en,neutron measurement current,48,46419,13,35,0.6957577466964722,0.6816319227218628,0.6635795295238495,0.6957577466964722,7,0.7,1,10,10
IAEA_plus_35,35,34,core_term,zh,中子,48,49388,13,35,0.6376688480377197,0.6274608572324117,0.622068452835083,0.6376688480377197,0,0.0,0,10,10
IAEA_plus_35,35,34,core_term,en,neutron,48,49388,13,35,0.6899797916412354,0.6775538325309753,0.6650354743003846,0.6899797916412354,5,0.5,1,10,10
IAEA_plus_35,35,34,phrase,zh,中子测量电流,48,49388,13,35,0.6772618889808655,0.6750983198483785,0.6710787355899811,0.6772618889808655,0,0.0,0,10,10
IAEA_plus_35,35,34,phrase,en,neutron measurement current,48,49388,13,35,0.7035508155822754,0.6991282900174459,0.6771908760070801,0.7035508155822754,4,0.4,3,10,10
IAEA_plus_35,35,35,core_term,zh,中子,48,54885,13,35,0.6376688480377197,0.6259249647458395,0.6175918519496918,0.6376688480377197,0,0.0,0,10,10
IAEA_plus_35,35,35,core_term,en,neutron,48,54885,13,35,0.6899797916412354,0.6775538325309753,0.6654967308044434,0.6899797916412354,6,0.6,1,10,10
IAEA_plus_35,35,35,phrase,zh,中子测量电流,48,54885,13,35,0.6772618889808655,0.6712039709091187,0.6667243778705597,0.6772618889808655,0,0.0,0,10,10
IAEA_plus_35,35,35,phrase,en,neutron measurement current,48,54885,13,35,0.6957577466964722,0.6816319227218628,0.6620904743671417,0.6957577466964722,8,0.8,1,10,10
IAEA_plus_35,35,36,core_term,zh,中子,48,50844,13,35,0.6228203177452087,0.6219706535339355,0.61971395611763,0.6228203177452087,0,0.0,0,10,10
IAEA_plus_35,35,36,core_term,en,neutron,48,50844,13,35,0.6899797916412354,0.6775538325309753,0.6662509679794312,0.6899797916412354,5,0.5,1,10,10
IAEA_plus_35,35,36,phrase,zh,中子测量电流,48,50844,13,35,0.674386739730835,0.6738664507865906,0.6699054360389709,0.674386739730835,0,0.0,0,10,10
IAEA_plus_35,35,36,phrase,en,neutron measurement current,48,50844,13,35,0.7035508155822754,0.6991282900174459,0.6771908760070801,0.7035508155822754,4,0.4,3,10,10
IAEA_plus_35,35,37,core_term,zh,中子,48,41122,13,35,0.6228203177452087,0.6219706535339355,0.61971395611763,0.6228203177452087,0,0.0,0,10,10
IAEA_plus_35,35,37,core_term,en,neutron,48,41122,13,35,0.6899797916412354,0.6767170627911886,0.6628393471240998,0.6899797916412354,6,0.6,1,10,10
IAEA_plus_35,35,37,phrase,zh,中子测量电流,48,41122,13,35,0.674386739730835,0.6738664507865906,0.6699054360389709,0.674386739730835,0,0.0,0,10,10
IAEA_plus_35,35,37,phrase,en,neutron measurement current,48,41122,13,35,0.7035508155822754,0.6991282900174459,0.6767610549926758,0.7035508155822754,4,0.4,3,10,10
IAEA_plus_35,35,38,core_term,zh,中子,48,51571,13,35,0.6376688480377197,0.6259249647458395,0.6175918519496918,0.6376688480377197,0,0.0,0,10,10
IAEA_plus_35,35,38,core_term,en,neutron,48,51571,13,35,0.6899797916412354,0.6767170627911886,0.6625219941139221,0.6899797916412354,7,0.7,1,10,10
IAEA_plus_35,35,38,phrase,zh,中子测量电流,48,51571,13,35,0.6772618889808655,0.6712039709091187,0.6662477493286133,0.6772618889808655,0,0.0,0,10,10
IAEA_plus_35,35,38,phrase,en,neutron measurement current,48,51571,13,35,0.6957577466964722,0.6816319227218628,0.6617294371128082,0.6957577466964722,8,0.8,1,10,10
IAEA_plus_35,35,39,core_term,zh,中子,48,46475,13,35,0.6376688480377197,0.6274608572324117,0.622068452835083,0.6376688480377197,0,0.0,0,10,10
IAEA_plus_35,35,39,core_term,en,neutron,48,46475,13,35,0.6899797916412354,0.6767170627911886,0.6635451257228852,0.6899797916412354,5,0.5,1,10,10
IAEA_plus_35,35,39,phrase,zh,中子测量电流,48,46475,13,35,0.6772618889808655,0.6750983198483785,0.6708976626396179,0.6772618889808655,0,0.0,0,10,10
IAEA_plus_35,35,39,phrase,en,neutron measurement current,48,46475,13,35,0.6957577466964722,0.6816319227218628,0.66282958984375,0.6957577466964722,7,0.7,1,10,10
IAEA_plus_35,35,40,core_term,zh,中子,48,44092,13,35,0.6376688480377197,0.6259249647458395,0.6175918519496918,0.6376688480377197,0,0.0,0,10,10
IAEA_plus_35,35,40,core_term,en,neutron,48,44092,13,35,0.6899797916412354,0.6775538325309753,0.6645804107189178,0.6899797916412354,5,0.5,1,10,10
IAEA_plus_35,35,40,phrase,zh,中子测量电流,48,44092,13,35,0.6772618889808655,0.6712039709091187,0.6665949940681457,0.6772618889808655,0,0.0,0,10,10
IAEA_plus_35,35,40,phrase,en,neutron measurement current,48,44092,13,35,0.6957577466964722,0.6816319227218628,0.6646158218383789,0.6957577466964722,7,0.7,1,10,10
IAEA_plus_35,35,41,core_term,zh,中子,48,52341,13,35,0.6376688480377197,0.6259249647458395,0.6175918519496918,0.6376688480377197,0,0.0,0,10,10
IAEA_plus_35,35,41,core_term,en,neutron,48,52341,13,35,0.6899797916412354,0.6767170627911886,0.6640338361263275,0.6899797916412354,5,0.5,1,10,10
IAEA_plus_35,35,41,phrase,zh,中子测量电流,48,52341,13,35,0.6772618889808655,0.6698199510574341,0.6655229806900025,0.6772618889808655,0,0.0,0,10,10
IAEA_plus_35,35,41,phrase,en,neutron measurement current,48,52341,13,35,0.7035508155822754,0.6991282900174459,0.6767610549926758,0.7035508155822754,4,0.4,3,10,10
IAEA_plus_35,35,42,core_term,zh,中子,48,44128,13,35,0.6228203177452087,0.6219706535339355,0.61971395611763,0.6228203177452087,0,0.0,0,10,10
IAEA_plus_35,35,42,core_term,en,neutron,48,44128,13,35,0.6899797916412354,0.6767170627911886,0.6641571938991546,0.6899797916412354,5,0.5,1,10,10
IAEA_plus_35,35,42,phrase,zh,中子测量电流,48,44128,13,35,0.674386739730835,0.6738664507865906,0.6701100587844848,0.674386739730835,0,0.0,0,10,10
IAEA_plus_35,35,42,phrase,en,neutron measurement current,48,44128,13,35,0.7035508155822754,0.6991282900174459,0.6767610549926758,0.7035508155822754,4,0.4,3,10,10
IAEA_plus_35,35,43,core_term,zh,中子,48,47341,13,35,0.6376688480377197,0.6259249647458395,0.6175918519496918,0.6376688480377197,0,0.0,0,10,10
IAEA_plus_35,35,43,core_term,en,neutron,48,47341,13,35,0.6899797916412354,0.6775538325309753,0.6661648571491241,0.6899797916412354,5,0.5,1,10,10
IAEA_plus_35,35,43,phrase,zh,中子测量电流,48,47341,13,35,0.6772618889808655,0.6712039709091187,0.6667243778705597,0.6772618889808655,0,0.0,0,10,10
IAEA_plus_35,35,43,phrase,en,neutron measurement current,48,47341,13,35,0.7035508155822754,0.6991282900174459,0.6771908760070801,0.7035508155822754,4,0.4,3,10,10
IAEA_plus_35,35,44,core_term,zh,中子,48,50468,13,35,0.6228203177452087,0.6219706535339355,0.61971395611763,0.6228203177452087,0,0.0,0,10,10
IAEA_plus_35,35,44,core_term,en,neutron,48,50468,13,35,0.6899797916412354,0.6775538325309753,0.6661919593811035,0.6899797916412354,5,0.5,1,10,10
IAEA_plus_35,35,44,phrase,zh,中子测量电流,48,50468,13,35,0.674386739730835,0.6738664507865906,0.6699054360389709,0.674386739730835,0,0.0,0,10,10
IAEA_plus_35,35,44,phrase,en,neutron measurement current,48,50468,13,35,0.6957577466964722,0.6816319227218628,0.6648040533065795,0.6957577466964722,6,0.6,1,10,10
IAEA_plus_35,35,45,core_term,zh,中子,48,52991,13,35,0.6376688480377197,0.6274608572324117,0.622068452835083,0.6376688480377197,0,0.0,0,10,10
IAEA_plus_35,35,45,core_term,en,neutron,48,52991,13,35,0.6899797916412354,0.6775538325309753,0.6662509679794312,0.6899797916412354,5,0.5,1,10,10
IAEA_plus_35,35,45,phrase,zh,中子测量电流,48,52991,13,35,0.6772618889808655,0.6750983198483785,0.6710787355899811,0.6772618889808655,0,0.0,0,10,10
IAEA_plus_35,35,45,phrase,en,neutron measurement current,48,52991,13,35,0.7035508155822754,0.6991282900174459,0.6771908760070801,0.7035508155822754,4,0.4,3,10,10
IAEA_plus_35,35,46,core_term,zh,中子,48,48940,13,35,0.6376688480377197,0.6274608572324117,0.622068452835083,0.6376688480377197,0,0.0,0,10,10
IAEA_plus_35,35,46,core_term,en,neutron,48,48940,13,35,0.6899797916412354,0.6775538325309753,0.6656655967235565,0.6899797916412354,5,0.5,1,10,10
IAEA_plus_35,35,46,phrase,zh,中子测量电流,48,48940,13,35,0.6772618889808655,0.6750983198483785,0.6710787355899811,0.6772618889808655,0,0.0,0,10,10
IAEA_plus_35,35,46,phrase,en,neutron measurement current,48,48940,13,35,0.7035508155822754,0.6991282900174459,0.6771908760070801,0.7035508155822754,4,0.4,3,10,10
IAEA_plus_35,35,47,core_term,zh,中子,48,45310,13,35,0.6228203177452087,0.6219706535339355,0.61971395611763,0.6228203177452087,0,0.0,0,10,10
IAEA_plus_35,35,47,core_term,en,neutron,48,45310,13,35,0.6899797916412354,0.6767170627911886,0.6626322746276856,0.6899797916412354,6,0.6,1,10,10
IAEA_plus_35,35,47,phrase,zh,中子测量电流,48,45310,13,35,0.674386739730835,0.6738664507865906,0.6701100587844848,0.674386739730835,0,0.0,0,10,10
IAEA_plus_35,35,47,phrase,en,neutron measurement current,48,45310,13,35,0.7035508155822754,0.6991282900174459,0.6767610549926758,0.7035508155822754,4,0.4,3,10,10
IAEA_plus_35,35,48,core_term,zh,中子,48,47493,13,35,0.6228203177452087,0.6219706535339355,0.61971395611763,0.6228203177452087,0,0.0,0,10,10
IAEA_plus_35,35,48,core_term,en,neutron,48,47493,13,35,0.6899797916412354,0.6767170627911886,0.6649397373199463,0.6899797916412354,5,0.5,1,10,10
IAEA_plus_35,35,48,phrase,zh,中子测量电流,48,47493,13,35,0.674386739730835,0.6738664507865906,0.6701100587844848,0.674386739730835,0,0.0,0,10,10
IAEA_plus_35,35,48,phrase,en,neutron measurement current,48,47493,13,35,0.7035508155822754,0.6991282900174459,0.6767610549926758,0.7035508155822754,4,0.4,3,10,10
IAEA_plus_35,35,49,core_term,zh,中子,48,44226,13,35,0.6376688480377197,0.6274608572324117,0.622068452835083,0.6376688480377197,0,0.0,0,10,10
IAEA_plus_35,35,49,core_term,en,neutron,48,44226,13,35,0.6899797916412354,0.6767170627911886,0.663338053226471,0.6899797916412354,5,0.5,1,10,10
IAEA_plus_35,35,49,phrase,zh,中子测量电流,48,44226,13,35,0.6772618889808655,0.6750983198483785,0.6710787355899811,0.6772618889808655,0,0.0,0,10,10
IAEA_plus_35,35,49,phrase,en,neutron measurement current,48,44226,13,35,0.6957577466964722,0.6816319227218628,0.66282958984375,0.6957577466964722,7,0.7,1,10,10
IAEA_plus_35,35,50,core_term,zh,中子,48,50606,13,35,0.6376688480377197,0.6259249647458395,0.6175918519496918,0.6376688480377197,0,0.0,0,10,10
IAEA_plus_35,35,50,core_term,en,neutron,48,50606,13,35,0.6899797916412354,0.6775538325309753,0.6654967308044434,0.6899797916412354,6,0.6,1,10,10
IAEA_plus_35,35,50,phrase,zh,中子测量电流,48,50606,13,35,0.6772618889808655,0.6712039709091187,0.6665949940681457,0.6772618889808655,0,0.0,0,10,10
IAEA_plus_35,35,50,phrase,en,neutron measurement current,48,50606,13,35,0.6957577466964722,0.6816319227218628,0.6646158218383789,0.6957577466964722,7,0.7,1,10,10
IAEA_plus_35,35,51,core_term,zh,中子,48,52453,13,35,0.6376688480377197,0.6274608572324117,0.622068452835083,0.6376688480377197,0,0.0,0,10,10
IAEA_plus_35,35,51,core_term,en,neutron,48,52453,13,35,0.6899797916412354,0.6775538325309753,0.6655700266361236,0.6899797916412354,5,0.5,1,10,10
IAEA_plus_35,35,51,phrase,zh,中子测量电流,48,52453,13,35,0.6772618889808655,0.6750983198483785,0.6708976626396179,0.6772618889808655,0,0.0,0,10,10
IAEA_plus_35,35,51,phrase,en,neutron measurement current,48,52453,13,35,0.6957577466964722,0.6816319227218628,0.6648040533065795,0.6957577466964722,6,0.6,1,10,10
IAEA_plus_35,35,52,core_term,zh,中子,48,47122,13,35,0.6228203177452087,0.6219706535339355,0.61971395611763,0.6228203177452087,0,0.0,0,10,10
IAEA_plus_35,35,52,core_term,en,neutron,48,47122,13,35,0.6899797916412354,0.6775538325309753,0.6654585242271424,0.6899797916412354,5,0.5,1,10,10
IAEA_plus_35,35,52,phrase,zh,中子测量电流,48,47122,13,35,0.674386739730835,0.6738664507865906,0.6701100587844848,0.674386739730835,0,0.0,0,10,10
IAEA_plus_35,35,52,phrase,en,neutron measurement current,48,47122,13,35,0.7035508155822754,0.6991282900174459,0.6771908760070801,0.7035508155822754,4,0.4,3,10,10
IAEA_plus_35,35,53,core_term,zh,中子,48,42625,13,35,0.6376688480377197,0.6259249647458395,0.6175918519496918,0.6376688480377197,0,0.0,0,10,10
IAEA_plus_35,35,53,core_term,en,neutron,48,42625,13,35,0.6899797916412354,0.6767170627911886,0.6612394988536835,0.6899797916412354,7,0.7,1,10,10
IAEA_plus_35,35,53,phrase,zh,中子测量电流,48,42625,13,35,0.6772618889808655,0.6712039709091187,0.6662477493286133,0.6772618889808655,0,0.0,0,10,10
IAEA_plus_35,35,53,phrase,en,neutron measurement current,48,42625,13,35,0.7035508155822754,0.6991282900174459,0.6767610549926758,0.7035508155822754,4,0.4,3,10,10
IAEA_plus_35,35,54,core_term,zh,中子,48,46971,13,35,0.6376688480377197,0.6259249647458395,0.6175918519496918,0.6376688480377197,0,0.0,0,10,10
IAEA_plus_35,35,54,core_term,en,neutron,48,46971,13,35,0.6899797916412354,0.6775538325309753,0.6656655967235565,0.6899797916412354,5,0.5,1,10,10
IAEA_plus_35,35,54,phrase,zh,中子测量电流,48,46971,13,35,0.6772618889808655,0.6712039709091187,0.6665949940681457,0.6772618889808655,0,0.0,0,10,10
IAEA_plus_35,35,54,phrase,en,neutron measurement current,48,46971,13,35,0.7035508155822754,0.6991282900174459,0.6771908760070801,0.7035508155822754,4,0.4,3,10,10
IAEA_plus_35,35,55,core_term,zh,中子,48,53094,13,35,0.6228203177452087,0.6219706535339355,0.61971395611763,0.6228203177452087,0,0.0,0,10,10
IAEA_plus_35,35,55,core_term,en,neutron,48,53094,13,35,0.6899797916412354,0.6775538325309753,0.6654967308044434,0.6899797916412354,6,0.6,1,10,10
IAEA_plus_35,35,55,phrase,zh,中子测量电流,48,53094,13,35,0.674386739730835,0.6738664507865906,0.6701100587844848,0.674386739730835,0,0.0,0,10,10
IAEA_plus_35,35,55,phrase,en,neutron measurement current,48,53094,13,35,0.6957577466964722,0.6816319227218628,0.6648040533065795,0.6957577466964722,6,0.6,1,10,10
IAEA_plus_35,35,56,core_term,zh,中子,48,45873,13,35,0.6376688480377197,0.6274608572324117,0.622068452835083,0.6376688480377197,0,0.0,0,10,10
IAEA_plus_35,35,56,core_term,en,neutron,48,45873,13,35,0.6899797916412354,0.6767170627911886,0.6607562005519867,0.6899797916412354,8,0.8,1,10,10
IAEA_plus_35,35,56,phrase,zh,中子测量电流,48,45873,13,35,0.6772618889808655,0.6750983198483785,0.6710787355899811,0.6772618889808655,0,0.0,0,10,10
IAEA_plus_35,35,56,phrase,en,neutron measurement current,48,45873,13,35,0.6957577466964722,0.6816319227218628,0.6627657294273377,0.6957577466964722,8,0.8,1,10,10
IAEA_plus_35,35,57,core_term,zh,中子,48,43332,13,35,0.6376688480377197,0.6259249647458395,0.6175918519496918,0.6376688480377197,0,0.0,0,10,10
IAEA_plus_35,35,57,core_term,en,neutron,48,43332,13,35,0.6899797916412354,0.6775538325309753,0.6656655967235565,0.6899797916412354,5,0.5,1,10,10
IAEA_plus_35,35,57,phrase,zh,中子测量电流,48,43332,13,35,0.6772618889808655,0.6712039709091187,0.6667243778705597,0.6772618889808655,0,0.0,0,10,10
IAEA_plus_35,35,57,phrase,en,neutron measurement current,48,43332,13,35,0.7035508155822754,0.6991282900174459,0.6771908760070801,0.7035508155822754,4,0.4,3,10,10
IAEA_plus_35,35,58,core_term,zh,中子,48,44109,13,35,0.6376688480377197,0.6259249647458395,0.6175918519496918,0.6376688480377197,0,0.0,0,10,10
IAEA_plus_35,35,58,core_term,en,neutron,48,44109,13,35,0.6899797916412354,0.6767170627911886,0.6639501214027405,0.6899797916412354,5,0.5,1,10,10
IAEA_plus_35,35,58,phrase,zh,中子测量电流,48,44109,13,35,0.6772618889808655,0.6712039709091187,0.666480016708374,0.6772618889808655,0,0.0,0,10,10
IAEA_plus_35,35,58,phrase,en,neutron measurement current,48,44109,13,35,0.7035508155822754,0.6991282900174459,0.6767610549926758,0.7035508155822754,4,0.4,3,10,10
IAEA_plus_35,35,59,core_term,zh,中子,48,50726,13,35,0.6376688480377197,0.6274608572324117,0.622068452835083,0.6376688480377197,0,0.0,0,10,10
IAEA_plus_35,35,59,core_term,en,neutron,48,50726,13,35,0.6899797916412354,0.6775538325309753,0.6656655967235565,0.6899797916412354,5,0.5,1,10,10
IAEA_plus_35,35,59,phrase,zh,中子测量电流,48,50726,13,35,0.6772618889808655,0.6750983198483785,0.6710787355899811,0.6772618889808655,0,0.0,0,10,10
IAEA_plus_35,35,59,phrase,en,neutron measurement current,48,50726,13,35,0.7035508155822754,0.6991282900174459,0.6771908760070801,0.7035508155822754,4,0.4,3,10,10
IAEA_plus_35,35,60,core_term,zh,中子,48,45388,13,35,0.6376688480377197,0.6274608572324117,0.622068452835083,0.6376688480377197,0,0.0,0,10,10
IAEA_plus_35,35,60,core_term,en,neutron,48,45388,13,35,0.6899797916412354,0.6775538325309753,0.6654967308044434,0.6899797916412354,6,0.6,1,10,10
IAEA_plus_35,35,60,phrase,zh,中子测量电流,48,45388,13,35,0.6772618889808655,0.6750983198483785,0.6710787355899811,0.6772618889808655,0,0.0,0,10,10
IAEA_plus_35,35,60,phrase,en,neutron measurement current,48,45388,13,35,0.6957577466964722,0.6816319227218628,0.6648040533065795,0.6957577466964722,6,0.6,1,10,10
IAEA_plus_35,35,61,core_term,zh,中子,48,43610,13,35,0.6376688480377197,0.6274608572324117,0.622068452835083,0.6376688480377197,0,0.0,0,10,10
IAEA_plus_35,35,61,core_term,en,neutron,48,43610,13,35,0.6899797916412354,0.6775538325309753,0.6652425467967987,0.6899797916412354,5,0.5,1,10,10
IAEA_plus_35,35,61,phrase,zh,中子测量电流,48,43610,13,35,0.6772618889808655,0.6750983198483785,0.6710787355899811,0.6772618889808655,0,0.0,0,10,10
IAEA_plus_35,35,61,phrase,en,neutron measurement current,48,43610,13,35,0.7035508155822754,0.6991282900174459,0.6771908760070801,0.7035508155822754,4,0.4,3,10,10
IAEA_plus_35,35,62,core_term,zh,中子,48,52802,13,35,0.6376688480377197,0.6274608572324117,0.622068452835083,0.6376688480377197,0,0.0,0,10,10
IAEA_plus_35,35,62,core_term,en,neutron,48,52802,13,35,0.6899797916412354,0.6775538325309753,0.6650354743003846,0.6899797916412354,5,0.5,1,10,10
IAEA_plus_35,35,62,phrase,zh,中子测量电流,48,52802,13,35,0.6772618889808655,0.6750983198483785,0.6710787355899811,0.6772618889808655,0,0.0,0,10,10
IAEA_plus_35,35,62,phrase,en,neutron measurement current,48,52802,13,35,0.7035508155822754,0.6991282900174459,0.6771908760070801,0.7035508155822754,4,0.4,3,10,10
IAEA_plus_35,35,63,core_term,zh,中子,48,48331,13,35,0.6376688480377197,0.6274608572324117,0.622068452835083,0.6376688480377197,0,0.0,0,10,10
IAEA_plus_35,35,63,core_term,en,neutron,48,48331,13,35,0.6899797916412354,0.6775538325309753,0.6662509679794312,0.6899797916412354,5,0.5,1,10,10
IAEA_plus_35,35,63,phrase,zh,中子测量电流,48,48331,13,35,0.6772618889808655,0.6750983198483785,0.6710787355899811,0.6772618889808655,0,0.0,0,10,10
IAEA_plus_35,35,63,phrase,en,neutron measurement current,48,48331,13,35,0.7035508155822754,0.6991282900174459,0.6771908760070801,0.7035508155822754,4,0.4,3,10,10
IAEA_plus_35,35,64,core_term,zh,中子,48,47978,13,35,0.6376688480377197,0.6274608572324117,0.622068452835083,0.6376688480377197,0,0.0,0,10,10
IAEA_plus_35,35,64,core_term,en,neutron,48,47978,13,35,0.6899797916412354,0.6775538325309753,0.6654585242271424,0.6899797916412354,5,0.5,1,10,10
IAEA_plus_35,35,64,phrase,zh,中子测量电流,48,47978,13,35,0.6772618889808655,0.6750983198483785,0.6708976626396179,0.6772618889808655,0,0.0,0,10,10
IAEA_plus_35,35,64,phrase,en,neutron measurement current,48,47978,13,35,0.7035508155822754,0.6991282900174459,0.6771908760070801,0.7035508155822754,4,0.4,3,10,10
IAEA_plus_35,35,65,core_term,zh,中子,48,50444,13,35,0.6376688480377197,0.6259249647458395,0.6175918519496918,0.6376688480377197,0,0.0,0,10,10
IAEA_plus_35,35,65,core_term,en,neutron,48,50444,13,35,0.6899797916412354,0.6767170627911886,0.6649397373199463,0.6899797916412354,5,0.5,1,10,10
IAEA_plus_35,35,65,phrase,zh,中子测量电流,48,50444,13,35,0.6772618889808655,0.6712039709091187,0.6662477493286133,0.6772618889808655,0,0.0,0,10,10
IAEA_plus_35,35,65,phrase,en,neutron measurement current,48,50444,13,35,0.7035508155822754,0.6991282900174459,0.6767610549926758,0.7035508155822754,4,0.4,3,10,10
IAEA_plus_35,35,66,core_term,zh,中子,48,42913,13,35,0.6376688480377197,0.6274608572324117,0.622068452835083,0.6376688480377197,0,0.0,0,10,10
IAEA_plus_35,35,66,core_term,en,neutron,48,42913,13,35,0.6899797916412354,0.6775538325309753,0.6654585242271424,0.6899797916412354,5,0.5,1,10,10
IAEA_plus_35,35,66,phrase,zh,中子测量电流,48,42913,13,35,0.6772618889808655,0.6750983198483785,0.6710787355899811,0.6772618889808655,0,0.0,0,10,10
IAEA_plus_35,35,66,phrase,en,neutron measurement current,48,42913,13,35,0.7035508155822754,0.6991282900174459,0.6771908760070801,0.7035508155822754,4,0.4,3,10,10
IAEA_plus_35,35,67,core_term,zh,中子,48,46913,13,35,0.6376688480377197,0.6274608572324117,0.622068452835083,0.6376688480377197,0,0.0,0,10,10
IAEA_plus_35,35,67,core_term,en,neutron,48,46913,13,35,0.6899797916412354,0.6775538325309753,0.6639917671680451,0.6899797916412354,6,0.6,1,10,10
IAEA_plus_35,35,67,phrase,zh,中子测量电流,48,46913,13,35,0.6772618889808655,0.6750983198483785,0.6710787355899811,0.6772618889808655,0,0.0,0,10,10
IAEA_plus_35,35,67,phrase,en,neutron measurement current,48,46913,13,35,0.6957577466964722,0.6816319227218628,0.6631955504417419,0.6957577466964722,8,0.8,1,10,10
IAEA_plus_35,35,68,core_term,zh,中子,48,46705,13,35,0.6376688480377197,0.6274608572324117,0.622068452835083,0.6376688480377197,0,0.0,0,10,10
IAEA_plus_35,35,68,core_term,en,neutron,48,46705,13,35,0.6899797916412354,0.6775538325309753,0.6652425467967987,0.6899797916412354,5,0.5,1,10,10
IAEA_plus_35,35,68,phrase,zh,中子测量电流,48,46705,13,35,0.6772618889808655,0.6750983198483785,0.6708976626396179,0.6772618889808655,0,0.0,0,10,10
IAEA_plus_35,35,68,phrase,en,neutron measurement current,48,46705,13,35,0.7035508155822754,0.6991282900174459,0.6771908760070801,0.7035508155822754,4,0.4,3,10,10
IAEA_plus_35,35,69,core_term,zh,中子,48,42829,13,35,0.6376688480377197,0.6259249647458395,0.6175918519496918,0.6376688480377197,0,0.0,0,10,10
IAEA_plus_35,35,69,core_term,en,neutron,48,42829,13,35,0.6899797916412354,0.6775538325309753,0.6652425467967987,0.6899797916412354,5,0.5,1,10,10
IAEA_plus_35,35,69,phrase,zh,中子测量电流,48,42829,13,35,0.6772618889808655,0.6712039709091187,0.6667243778705597,0.6772618889808655,0,0.0,0,10,10
IAEA_plus_35,35,69,phrase,en,neutron measurement current,48,42829,13,35,0.7035508155822754,0.6991282900174459,0.6771908760070801,0.7035508155822754,4,0.4,3,10,10
IAEA_plus_35,35,70,core_term,zh,中子,48,49723,13,35,0.6376688480377197,0.6259249647458395,0.6175918519496918,0.6376688480377197,0,0.0,0,10,10
IAEA_plus_35,35,70,core_term,en,neutron,48,49723,13,35,0.6899797916412354,0.6775538325309753,0.6661648571491241,0.6899797916412354,5,0.5,1,10,10
IAEA_plus_35,35,70,phrase,zh,中子测量电流,48,49723,13,35,0.6772618889808655,0.6698239048322042,0.665899783372879,0.6772618889808655,0,0.0,0,10,10
IAEA_plus_35,35,70,phrase,en,neutron measurement current,48,49723,13,35,0.7035508155822754,0.6991282900174459,0.6771908760070801,0.7035508155822754,4,0.4,3,10,10
IAEA_plus_35,35,71,core_term,zh,中子,48,47693,13,35,0.6376688480377197,0.6259249647458395,0.6175918519496918,0.6376688480377197,0,0.0,0,10,10
IAEA_plus_35,35,71,core_term,en,neutron,48,47693,13,35,0.6899797916412354,0.6775538325309753,0.6652425467967987,0.6899797916412354,5,0.5,1,10,10
IAEA_plus_35,35,71,phrase,zh,中子测量电流,48,47693,13,35,0.6772618889808655,0.6712039709091187,0.6667243778705597,0.6772618889808655,0,0.0,0,10,10
IAEA_plus_35,35,71,phrase,en,neutron measurement current,48,47693,13,35,0.7035508155822754,0.6991282900174459,0.6771908760070801,0.7035508155822754,4,0.4,3,10,10
IAEA_plus_35,35,72,core_term,zh,中子,48,46892,13,35,0.6376688480377197,0.6259249647458395,0.6175918519496918,0.6376688480377197,0,0.0,0,10,10
IAEA_plus_35,35,72,core_term,en,neutron,48,46892,13,35,0.6899797916412354,0.6775538325309753,0.6654585242271424,0.6899797916412354,5,0.5,1,10,10
IAEA_plus_35,35,72,phrase,zh,中子测量电流,48,46892,13,35,0.6772618889808655,0.6712039709091187,0.6667243778705597,0.6772618889808655,0,0.0,0,10,10
IAEA_plus_35,35,72,phrase,en,neutron measurement current,48,46892,13,35,0.7035508155822754,0.6991282900174459,0.6771908760070801,0.7035508155822754,4,0.4,3,10,10
IAEA_plus_35,35,73,core_term,zh,中子,48,49224,13,35,0.6376688480377197,0.6259249647458395,0.6175918519496918,0.6376688480377197,0,0.0,0,10,10
IAEA_plus_35,35,73,core_term,en,neutron,48,49224,13,35,0.6899797916412354,0.6775538325309753,0.6654585242271424,0.6899797916412354,5,0.5,1,10,10
IAEA_plus_35,35,73,phrase,zh,中子测量电流,48,49224,13,35,0.6772618889808655,0.6712039709091187,0.6667243778705597,0.6772618889808655,0,0.0,0,10,10
IAEA_plus_35,35,73,phrase,en,neutron measurement current,48,49224,13,35,0.7035508155822754,0.6991282900174459,0.6771908760070801,0.7035508155822754,4,0.4,3,10,10
IAEA_plus_35,35,74,core_term,zh,中子,48,50725,13,35,0.6376688480377197,0.6274608572324117,0.622068452835083,0.6376688480377197,0,0.0,0,10,10
IAEA_plus_35,35,74,core_term,en,neutron,48,50725,13,35,0.6899797916412354,0.6775538325309753,0.6654585242271424,0.6899797916412354,5,0.5,1,10,10
IAEA_plus_35,35,74,phrase,zh,中子测量电流,48,50725,13,35,0.6772618889808655,0.6750983198483785,0.6708976626396179,0.6772618889808655,0,0.0,0,10,10
IAEA_plus_35,35,74,phrase,en,neutron measurement current,48,50725,13,35,0.7035508155822754,0.6991282900174459,0.6771908760070801,0.7035508155822754,4,0.4,3,10,10
IAEA_plus_35,35,75,core_term,zh,中子,48,49129,13,35,0.6376688480377197,0.6274608572324117,0.622068452835083,0.6376688480377197,0,0.0,0,10,10
IAEA_plus_35,35,75,core_term,en,neutron,48,49129,13,35,0.6899797916412354,0.6775538325309753,0.6641988396644593,0.6899797916412354,6,0.6,1,10,10
IAEA_plus_35,35,75,phrase,zh,中子测量电流,48,49129,13,35,0.6772618889808655,0.6750983198483785,0.6710787355899811,0.6772618889808655,0,0.0,0,10,10
IAEA_plus_35,35,75,phrase,en,neutron measurement current,48,49129,13,35,0.6957577466964722,0.6816319227218628,0.6639061689376831,0.6957577466964722,7,0.7,1,10,10
IAEA_plus_35,35,76,core_term,zh,中子,48,48823,13,35,0.6376688480377197,0.6274608572324117,0.622068452835083,0.6376688480377197,0,0.0,0,10,10
IAEA_plus_35,35,76,core_term,en,neutron,48,48823,13,35,0.6899797916412354,0.6775538325309753,0.6662509679794312,0.6899797916412354,5,0.5,1,10,10
IAEA_plus_35,35,76,phrase,zh,中子测量电流,48,48823,13,35,0.6772618889808655,0.6750983198483785,0.6710787355899811,0.6772618889808655,0,0.0,0,10,10
IAEA_plus_35,35,76,phrase,en,neutron measurement current,48,48823,13,35,0.7035508155822754,0.6991282900174459,0.6771908760070801,0.7035508155822754,4,0.4,3,10,10
IAEA_plus_35,35,77,core_term,zh,中子,48,54464,13,35,0.6228203177452087,0.6219706535339355,0.61971395611763,0.6228203177452087,0,0.0,0,10,10
IAEA_plus_35,35,77,core_term,en,neutron,48,54464,13,35,0.6899797916412354,0.6775538325309753,0.6662509679794312,0.6899797916412354,5,0.5,1,10,10
IAEA_plus_35,35,77,phrase,zh,中子测量电流,48,54464,13,35,0.674386739730835,0.6738664507865906,0.6699054360389709,0.674386739730835,0,0.0,0,10,10
IAEA_plus_35,35,77,phrase,en,neutron measurement current,48,54464,13,35,0.7035508155822754,0.6991282900174459,0.6771908760070801,0.7035508155822754,4,0.4,3,10,10
IAEA_plus_35,35,78,core_term,zh,中子,48,42849,13,35,0.6228203177452087,0.6219706535339355,0.61971395611763,0.6228203177452087,0,0.0,0,10,10
IAEA_plus_35,35,78,core_term,en,neutron,48,42849,13,35,0.6899797916412354,0.6767170627911886,0.6649397373199463,0.6899797916412354,5,0.5,1,10,10
IAEA_plus_35,35,78,phrase,zh,中子测量电流,48,42849,13,35,0.674386739730835,0.6738664507865906,0.6701100587844848,0.674386739730835,0,0.0,0,10,10
IAEA_plus_35,35,78,phrase,en,neutron measurement current,48,42849,13,35,0.7035508155822754,0.6991282900174459,0.6767610549926758,0.7035508155822754,4,0.4,3,10,10
IAEA_plus_35,35,79,core_term,zh,中子,48,39926,13,35,0.6228203177452087,0.6219706535339355,0.61971395611763,0.6228203177452087,0,0.0,0,10,10
IAEA_plus_35,35,79,core_term,en,neutron,48,39926,13,35,0.6899797916412354,0.6767170627911886,0.6630278110504151,0.6899797916412354,5,0.5,1,10,10
IAEA_plus_35,35,79,phrase,zh,中子测量电流,48,39926,13,35,0.674386739730835,0.6738664507865906,0.6701100587844848,0.674386739730835,0,0.0,0,10,10
IAEA_plus_35,35,79,phrase,en,neutron measurement current,48,39926,13,35,0.7035508155822754,0.6991282900174459,0.6767610549926758,0.7035508155822754,4,0.4,3,10,10
IAEA_plus_35,35,80,core_term,zh,中子,48,41997,13,35,0.6228203177452087,0.6219706535339355,0.61971395611763,0.6228203177452087,0,0.0,0,10,10
IAEA_plus_35,35,80,core_term,en,neutron,48,41997,13,35,0.6899797916412354,0.6767170627911886,0.663338053226471,0.6899797916412354,5,0.5,1,10,10
IAEA_plus_35,35,80,phrase,zh,中子测量电流,48,41997,13,35,0.674386739730835,0.6738664507865906,0.6699054360389709,0.674386739730835,0,0.0,0,10,10
IAEA_plus_35,35,80,phrase,en,neutron measurement current,48,41997,13,35,0.6957577466964722,0.6816319227218628,0.6617359578609466,0.6957577466964722,8,0.8,1,10,10
IAEA_plus_35,35,81,core_term,zh,中子,48,50686,13,35,0.6376688480377197,0.6274608572324117,0.622068452835083,0.6376688480377197,0,0.0,0,10,10
IAEA_plus_35,35,81,core_term,en,neutron,48,50686,13,35,0.6899797916412354,0.6775538325309753,0.6653629541397095,0.6899797916412354,5,0.5,1,10,10
IAEA_plus_35,35,81,phrase,zh,中子测量电流,48,50686,13,35,0.6772618889808655,0.6750983198483785,0.6710787355899811,0.6772618889808655,0,0.0,0,10,10
IAEA_plus_35,35,81,phrase,en,neutron measurement current,48,50686,13,35,0.6957577466964722,0.6816319227218628,0.6648040533065795,0.6957577466964722,6,0.6,1,10,10
IAEA_plus_35,35,82,core_term,zh,中子,48,54323,13,35,0.6116806268692017,0.6109298268953959,0.6098909616470337,0.6116806268692017,0,0.0,0,10,10
IAEA_plus_35,35,82,core_term,en,neutron,48,54323,13,35,0.6899797916412354,0.6775538325309753,0.6661648571491241,0.6899797916412354,5,0.5,1,10,10
IAEA_plus_35,35,82,phrase,zh,中子测量电流,48,54323,13,35,0.6693858504295349,0.6665657758712769,0.6639178454875946,0.6693858504295349,0,0.0,0,10,10
IAEA_plus_35,35,82,phrase,en,neutron measurement current,48,54323,13,35,0.7035508155822754,0.6991282900174459,0.6771908760070801,0.7035508155822754,4,0.4,3,10,10
IAEA_plus_35,35,83,core_term,zh,中子,48,46880,13,35,0.6376688480377197,0.6259249647458395,0.6175918519496918,0.6376688480377197,0,0.0,0,10,10
IAEA_plus_35,35,83,core_term,en,neutron,48,46880,13,35,0.6899797916412354,0.6775538325309753,0.6645804107189178,0.6899797916412354,5,0.5,1,10,10
IAEA_plus_35,35,83,phrase,zh,中子测量电流,48,46880,13,35,0.6772618889808655,0.6712039709091187,0.6665949940681457,0.6772618889808655,0,0.0,0,10,10
IAEA_plus_35,35,83,phrase,en,neutron measurement current,48,46880,13,35,0.6957577466964722,0.6816319227218628,0.6646158218383789,0.6957577466964722,7,0.7,1,10,10
IAEA_plus_35,35,84,core_term,zh,中子,48,46857,13,35,0.6228203177452087,0.6219706535339355,0.61971395611763,0.6228203177452087,0,0.0,0,10,10
IAEA_plus_35,35,84,core_term,en,neutron,48,46857,13,35,0.6899797916412354,0.6775538325309753,0.6656655967235565,0.6899797916412354,5,0.5,1,10,10
IAEA_plus_35,35,84,phrase,zh,中子测量电流,48,46857,13,35,0.674386739730835,0.6738664507865906,0.6699054360389709,0.674386739730835,0,0.0,0,10,10
IAEA_plus_35,35,84,phrase,en,neutron measurement current,48,46857,13,35,0.7035508155822754,0.6991282900174459,0.6771908760070801,0.7035508155822754,4,0.4,3,10,10
IAEA_plus_35,35,85,core_term,zh,中子,48,45258,13,35,0.6116806268692017,0.6109298268953959,0.6098909616470337,0.6116806268692017,0,0.0,0,10,10
IAEA_plus_35,35,85,core_term,en,neutron,48,45258,13,35,0.6899797916412354,0.6775538325309753,0.6662509679794312,0.6899797916412354,5,0.5,1,10,10
IAEA_plus_35,35,85,phrase,zh,中子测量电流,48,45258,13,35,0.6693858504295349,0.6665657758712769,0.6639178454875946,0.6693858504295349,0,0.0,0,10,10
IAEA_plus_35,35,85,phrase,en,neutron measurement current,48,45258,13,35,0.7035508155822754,0.6991282900174459,0.6771908760070801,0.7035508155822754,4,0.4,3,10,10
IAEA_plus_35,35,86,core_term,zh,中子,48,47343,13,35,0.6376688480377197,0.6274608572324117,0.622068452835083,0.6376688480377197,0,0.0,0,10,10
IAEA_plus_35,35,86,core_term,en,neutron,48,47343,13,35,0.6899797916412354,0.6775538325309753,0.6652425467967987,0.6899797916412354,5,0.5,1,10,10
IAEA_plus_35,35,86,phrase,zh,中子测量电流,48,47343,13,35,0.6772618889808655,0.6750983198483785,0.6708976626396179,0.6772618889808655,0,0.0,0,10,10
IAEA_plus_35,35,86,phrase,en,neutron measurement current,48,47343,13,35,0.7035508155822754,0.6991282900174459,0.6771908760070801,0.7035508155822754,4,0.4,3,10,10
IAEA_plus_35,35,87,core_term,zh,中子,48,50487,13,35,0.6103138327598572,0.6084927320480347,0.6048609912395477,0.6103138327598572,0,0.0,0,10,10
IAEA_plus_35,35,87,core_term,en,neutron,48,50487,13,35,0.6899797916412354,0.6767170627911886,0.6646835565567016,0.6899797916412354,5,0.5,1,10,10
IAEA_plus_35,35,87,phrase,zh,中子测量电流,48,50487,13,35,0.6693858504295349,0.6663830677668253,0.6600395441055298,0.6693858504295349,0,0.0,0,10,10
IAEA_plus_35,35,87,phrase,en,neutron measurement current,48,50487,13,35,0.6957577466964722,0.6816319227218628,0.6631497085094452,0.6957577466964722,7,0.7,1,10,10
IAEA_plus_35,35,88,core_term,zh,中子,48,41035,13,35,0.6116806268692017,0.6109298268953959,0.6098556876182556,0.6116806268692017,0,0.0,0,10,10
IAEA_plus_35,35,88,core_term,en,neutron,48,41035,13,35,0.6899797916412354,0.6775538325309753,0.6639306902885437,0.6899797916412354,5,0.5,1,10,10
IAEA_plus_35,35,88,phrase,zh,中子测量电流,48,41035,13,35,0.6652456521987915,0.6644489566485087,0.6627322137355804,0.6652456521987915,0,0.0,0,10,10
IAEA_plus_35,35,88,phrase,en,neutron measurement current,48,41035,13,35,0.7035508155822754,0.6991282900174459,0.6771908760070801,0.7035508155822754,4,0.4,3,10,10
IAEA_plus_35,35,89,core_term,zh,中子,48,44343,13,35,0.6376688480377197,0.6274608572324117,0.622068452835083,0.6376688480377197,0,0.0,0,10,10
IAEA_plus_35,35,89,core_term,en,neutron,48,44343,13,35,0.6899797916412354,0.6767170627911886,0.6639501214027405,0.6899797916412354,5,0.5,1,10,10
IAEA_plus_35,35,89,phrase,zh,中子测量电流,48,44343,13,35,0.6772618889808655,0.6750983198483785,0.6710787355899811,0.6772618889808655,0,0.0,0,10,10
IAEA_plus_35,35,89,phrase,en,neutron measurement current,48,44343,13,35,0.7035508155822754,0.6991282900174459,0.6767610549926758,0.7035508155822754,4,0.4,3,10,10
IAEA_plus_35,35,90,core_term,zh,中子,48,46288,13,35,0.6228203177452087,0.6219706535339355,0.61971395611763,0.6228203177452087,0,0.0,0,10,10
IAEA_plus_35,35,90,core_term,en,neutron,48,46288,13,35,0.6899797916412354,0.6775538325309753,0.6656655967235565,0.6899797916412354,5,0.5,1,10,10
IAEA_plus_35,35,90,phrase,zh,中子测量电流,48,46288,13,35,0.674386739730835,0.6738664507865906,0.6701100587844848,0.674386739730835,0,0.0,0,10,10
IAEA_plus_35,35,90,phrase,en,neutron measurement current,48,46288,13,35,0.7035508155822754,0.6991282900174459,0.6771908760070801,0.7035508155822754,4,0.4,3,10,10
IAEA_plus_35,35,91,core_term,zh,中子,48,50336,13,35,0.6376688480377197,0.6259249647458395,0.6175918519496918,0.6376688480377197,0,0.0,0,10,10
IAEA_plus_35,35,91,core_term,en,neutron,48,50336,13,35,0.6899797916412354,0.6775538325309753,0.6662509679794312,0.6899797916412354,5,0.5,1,10,10
IAEA_plus_35,35,91,phrase,zh,中子测量电流,48,50336,13,35,0.6772618889808655,0.6712039709091187,0.6667243778705597,0.6772618889808655,0,0.0,0,10,10
IAEA_plus_35,35,91,phrase,en,neutron measurement current,48,50336,13,35,0.7035508155822754,0.6991282900174459,0.6771908760070801,0.7035508155822754,4,0.4,3,10,10
IAEA_plus_35,35,92,core_term,zh,中子,48,49371,13,35,0.6376688480377197,0.6274608572324117,0.622068452835083,0.6376688480377197,0,0.0,0,10,10
IAEA_plus_35,35,92,core_term,en,neutron,48,49371,13,35,0.6899797916412354,0.6775538325309753,0.6662509679794312,0.6899797916412354,5,0.5,1,10,10
IAEA_plus_35,35,92,phrase,zh,中子测量电流,48,49371,13,35,0.6772618889808655,0.6750983198483785,0.6710787355899811,0.6772618889808655,0,0.0,0,10,10
IAEA_plus_35,35,92,phrase,en,neutron measurement current,48,49371,13,35,0.7035508155822754,0.6991282900174459,0.6771908760070801,0.7035508155822754,4,0.4,3,10,10
IAEA_plus_35,35,93,core_term,zh,中子,48,45592,13,35,0.6376688480377197,0.6274608572324117,0.622068452835083,0.6376688480377197,0,0.0,0,10,10
IAEA_plus_35,35,93,core_term,en,neutron,48,45592,13,35,0.6899797916412354,0.6775538325309753,0.6655700266361236,0.6899797916412354,5,0.5,1,10,10
IAEA_plus_35,35,93,phrase,zh,中子测量电流,48,45592,13,35,0.6772618889808655,0.6750983198483785,0.6708976626396179,0.6772618889808655,0,0.0,0,10,10
IAEA_plus_35,35,93,phrase,en,neutron measurement current,48,45592,13,35,0.6957577466964722,0.6816319227218628,0.6632594108581543,0.6957577466964722,7,0.7,1,10,10
IAEA_plus_35,35,94,core_term,zh,中子,48,48961,13,35,0.6228203177452087,0.6219706535339355,0.61971395611763,0.6228203177452087,0,0.0,0,10,10
IAEA_plus_35,35,94,core_term,en,neutron,48,48961,13,35,0.6899797916412354,0.6767170627911886,0.6649397373199463,0.6899797916412354,5,0.5,1,10,10
IAEA_plus_35,35,94,phrase,zh,中子测量电流,48,48961,13,35,0.674386739730835,0.6738664507865906,0.6699054360389709,0.674386739730835,0,0.0,0,10,10
IAEA_plus_35,35,94,phrase,en,neutron measurement current,48,48961,13,35,0.7035508155822754,0.6991282900174459,0.6767610549926758,0.7035508155822754,4,0.4,3,10,10
IAEA_plus_35,35,95,core_term,zh,中子,48,46767,13,35,0.6376688480377197,0.6274608572324117,0.622068452835083,0.6376688480377197,0,0.0,0,10,10
IAEA_plus_35,35,95,core_term,en,neutron,48,46767,13,35,0.6899797916412354,0.6775538325309753,0.6654585242271424,0.6899797916412354,5,0.5,1,10,10
IAEA_plus_35,35,95,phrase,zh,中子测量电流,48,46767,13,35,0.6772618889808655,0.6750983198483785,0.6708976626396179,0.6772618889808655,0,0.0,0,10,10
IAEA_plus_35,35,95,phrase,en,neutron measurement current,48,46767,13,35,0.7035508155822754,0.6991282900174459,0.6771908760070801,0.7035508155822754,4,0.4,3,10,10
IAEA_plus_35,35,96,core_term,zh,中子,48,53526,13,35,0.6376688480377197,0.6274608572324117,0.622068452835083,0.6376688480377197,0,0.0,0,10,10
IAEA_plus_35,35,96,core_term,en,neutron,48,53526,13,35,0.6899797916412354,0.6775538325309753,0.6650354743003846,0.6899797916412354,5,0.5,1,10,10
IAEA_plus_35,35,96,phrase,zh,中子测量电流,48,53526,13,35,0.6772618889808655,0.6750983198483785,0.6708976626396179,0.6772618889808655,0,0.0,0,10,10
IAEA_plus_35,35,96,phrase,en,neutron measurement current,48,53526,13,35,0.7035508155822754,0.6991282900174459,0.6771908760070801,0.7035508155822754,4,0.4,3,10,10
IAEA_plus_35,35,97,core_term,zh,中子,48,47337,13,35,0.6376688480377197,0.6274608572324117,0.622068452835083,0.6376688480377197,0,0.0,0,10,10
IAEA_plus_35,35,97,core_term,en,neutron,48,47337,13,35,0.6899797916412354,0.6775538325309753,0.6656655967235565,0.6899797916412354,5,0.5,1,10,10
IAEA_plus_35,35,97,phrase,zh,中子测量电流,48,47337,13,35,0.6772618889808655,0.6750983198483785,0.6710787355899811,0.6772618889808655,0,0.0,0,10,10
IAEA_plus_35,35,97,phrase,en,neutron measurement current,48,47337,13,35,0.7035508155822754,0.6991282900174459,0.6771908760070801,0.7035508155822754,4,0.4,3,10,10
IAEA_plus_35,35,98,core_term,zh,中子,48,45358,13,35,0.6228203177452087,0.6219706535339355,0.61971395611763,0.6228203177452087,0,0.0,0,10,10
IAEA_plus_35,35,98,core_term,en,neutron,48,45358,13,35,0.6899797916412354,0.6775538325309753,0.6656655967235565,0.6899797916412354,5,0.5,1,10,10
IAEA_plus_35,35,98,phrase,zh,中子测量电流,48,45358,13,35,0.674386739730835,0.6738664507865906,0.6701100587844848,0.674386739730835,0,0.0,0,10,10
IAEA_plus_35,35,98,phrase,en,neutron measurement current,48,45358,13,35,0.7035508155822754,0.6991282900174459,0.6771908760070801,0.7035508155822754,4,0.4,3,10,10
IAEA_plus_35,35,99,core_term,zh,中子,48,48272,13,35,0.6376688480377197,0.6274608572324117,0.622068452835083,0.6376688480377197,0,0.0,0,10,10
IAEA_plus_35,35,99,core_term,en,neutron,48,48272,13,35,0.6899797916412354,0.6775538325309753,0.6661919593811035,0.6899797916412354,5,0.5,1,10,10
IAEA_plus_35,35,99,phrase,zh,中子测量电流,48,48272,13,35,0.6772618889808655,0.6750983198483785,0.6710787355899811,0.6772618889808655,0,0.0,0,10,10
IAEA_plus_35,35,99,phrase,en,neutron measurement current,48,48272,13,35,0.6957577466964722,0.6816319227218628,0.6635860502719879,0.6957577466964722,7,0.7,1,10,10
IAEA_plus_40,40,0,core_term,zh,中子,53,53544,13,40,0.6376688480377197,0.6274608572324117,0.622068452835083,0.6376688480377197,0,0.0,0,10,10
IAEA_plus_40,40,0,core_term,en,neutron,53,53544,13,40,0.6899797916412354,0.6775538325309753,0.6662509679794312,0.6899797916412354,5,0.5,1,10,10
IAEA_plus_40,40,0,phrase,zh,中子测量电流,53,53544,13,40,0.6772618889808655,0.6750983198483785,0.6710787355899811,0.6772618889808655,0,0.0,0,10,10
IAEA_plus_40,40,0,phrase,en,neutron measurement current,53,53544,13,40,0.7035508155822754,0.6991282900174459,0.6771908760070801,0.7035508155822754,4,0.4,3,10,10
IAEA_plus_40,40,1,core_term,zh,中子,53,50839,13,40,0.6376688480377197,0.6274608572324117,0.622068452835083,0.6376688480377197,0,0.0,0,10,10
IAEA_plus_40,40,1,core_term,en,neutron,53,50839,13,40,0.6899797916412354,0.6775538325309753,0.6662509679794312,0.6899797916412354,5,0.5,1,10,10
IAEA_plus_40,40,1,phrase,zh,中子测量电流,53,50839,13,40,0.6772618889808655,0.6750983198483785,0.6710787355899811,0.6772618889808655,0,0.0,0,10,10
IAEA_plus_40,40,1,phrase,en,neutron measurement current,53,50839,13,40,0.7035508155822754,0.6991282900174459,0.6771908760070801,0.7035508155822754,4,0.4,3,10,10
IAEA_plus_40,40,2,core_term,zh,中子,53,45836,13,40,0.6376688480377197,0.6274608572324117,0.622068452835083,0.6376688480377197,0,0.0,0,10,10
IAEA_plus_40,40,2,core_term,en,neutron,53,45836,13,40,0.6899797916412354,0.6775538325309753,0.6645804107189178,0.6899797916412354,5,0.5,1,10,10
IAEA_plus_40,40,2,phrase,zh,中子测量电流,53,45836,13,40,0.6772618889808655,0.6750983198483785,0.6710787355899811,0.6772618889808655,0,0.0,0,10,10
IAEA_plus_40,40,2,phrase,en,neutron measurement current,53,45836,13,40,0.6957577466964722,0.6816319227218628,0.6648040533065795,0.6957577466964722,6,0.6,1,10,10
IAEA_plus_40,40,3,core_term,zh,中子,53,48111,13,40,0.6228203177452087,0.6219706535339355,0.61971395611763,0.6228203177452087,0,0.0,0,10,10
IAEA_plus_40,40,3,core_term,en,neutron,53,48111,13,40,0.6899797916412354,0.6775538325309753,0.6656655967235565,0.6899797916412354,5,0.5,1,10,10
IAEA_plus_40,40,3,phrase,zh,中子测量电流,53,48111,13,40,0.674386739730835,0.6738664507865906,0.6701100587844848,0.674386739730835,0,0.0,0,10,10
IAEA_plus_40,40,3,phrase,en,neutron measurement current,53,48111,13,40,0.7035508155822754,0.6991282900174459,0.6771908760070801,0.7035508155822754,4,0.4,3,10,10
IAEA_plus_40,40,4,core_term,zh,中子,53,53369,13,40,0.6228203177452087,0.6219706535339355,0.61971395611763,0.6228203177452087,0,0.0,0,10,10
IAEA_plus_40,40,4,core_term,en,neutron,53,53369,13,40,0.6899797916412354,0.6775538325309753,0.6661648571491241,0.6899797916412354,5,0.5,1,10,10
IAEA_plus_40,40,4,phrase,zh,中子测量电流,53,53369,13,40,0.674386739730835,0.6738664507865906,0.6701100587844848,0.674386739730835,0,0.0,0,10,10
IAEA_plus_40,40,4,phrase,en,neutron measurement current,53,53369,13,40,0.7035508155822754,0.6991282900174459,0.6771908760070801,0.7035508155822754,4,0.4,3,10,10
IAEA_plus_40,40,5,core_term,zh,中子,53,47473,13,40,0.6376688480377197,0.6274608572324117,0.622068452835083,0.6376688480377197,0,0.0,0,10,10
IAEA_plus_40,40,5,core_term,en,neutron,53,47473,13,40,0.6899797916412354,0.6767170627911886,0.6649397373199463,0.6899797916412354,5,0.5,1,10,10
IAEA_plus_40,40,5,phrase,zh,中子测量电流,53,47473,13,40,0.6772618889808655,0.6750983198483785,0.6710787355899811,0.6772618889808655,0,0.0,0,10,10
IAEA_plus_40,40,5,phrase,en,neutron measurement current,53,47473,13,40,0.7035508155822754,0.6991282900174459,0.6767610549926758,0.7035508155822754,4,0.4,3,10,10
IAEA_plus_40,40,6,core_term,zh,中子,53,47920,13,40,0.6376688480377197,0.6274608572324117,0.622068452835083,0.6376688480377197,0,0.0,0,10,10
IAEA_plus_40,40,6,core_term,en,neutron,53,47920,13,40,0.6899797916412354,0.6775538325309753,0.6639306902885437,0.6899797916412354,5,0.5,1,10,10
IAEA_plus_40,40,6,phrase,zh,中子测量电流,53,47920,13,40,0.6772618889808655,0.6750983198483785,0.6710787355899811,0.6772618889808655,0,0.0,0,10,10
IAEA_plus_40,40,6,phrase,en,neutron measurement current,53,47920,13,40,0.7035508155822754,0.6991282900174459,0.6771908760070801,0.7035508155822754,4,0.4,3,10,10
IAEA_plus_40,40,7,core_term,zh,中子,53,48824,13,40,0.6376688480377197,0.6259249647458395,0.6175918519496918,0.6376688480377197,0,0.0,0,10,10
IAEA_plus_40,40,7,core_term,en,neutron,53,48824,13,40,0.6899797916412354,0.6775538325309753,0.6656655967235565,0.6899797916412354,5,0.5,1,10,10
IAEA_plus_40,40,7,phrase,zh,中子测量电流,53,48824,13,40,0.6772618889808655,0.6712039709091187,0.6665949940681457,0.6772618889808655,0,0.0,0,10,10
IAEA_plus_40,40,7,phrase,en,neutron measurement current,53,48824,13,40,0.7035508155822754,0.6991282900174459,0.6771908760070801,0.7035508155822754,4,0.4,3,10,10
IAEA_plus_40,40,8,core_term,zh,中子,53,49571,13,40,0.6376688480377197,0.6259249647458395,0.6175918519496918,0.6376688480377197,0,0.0,0,10,10
IAEA_plus_40,40,8,core_term,en,neutron,53,49571,13,40,0.6899797916412354,0.6775538325309753,0.6656655967235565,0.6899797916412354,5,0.5,1,10,10
IAEA_plus_40,40,8,phrase,zh,中子测量电流,53,49571,13,40,0.6772618889808655,0.6712039709091187,0.6665949940681457,0.6772618889808655,0,0.0,0,10,10
IAEA_plus_40,40,8,phrase,en,neutron measurement current,53,49571,13,40,0.7035508155822754,0.6991282900174459,0.6771908760070801,0.7035508155822754,4,0.4,3,10,10
IAEA_plus_40,40,9,core_term,zh,中子,53,51776,13,40,0.6376688480377197,0.6274608572324117,0.622068452835083,0.6376688480377197,0,0.0,0,10,10
IAEA_plus_40,40,9,core_term,en,neutron,53,51776,13,40,0.6899797916412354,0.6775538325309753,0.6654967308044434,0.6899797916412354,6,0.6,1,10,10
IAEA_plus_40,40,9,phrase,zh,中子测量电流,53,51776,13,40,0.6772618889808655,0.6750983198483785,0.6708976626396179,0.6772618889808655,0,0.0,0,10,10
IAEA_plus_40,40,9,phrase,en,neutron measurement current,53,51776,13,40,0.6957577466964722,0.6816319227218628,0.6648040533065795,0.6957577466964722,6,0.6,1,10,10
IAEA_plus_40,40,10,core_term,zh,中子,53,53432,13,40,0.6376688480377197,0.6274608572324117,0.622068452835083,0.6376688480377197,0,0.0,0,10,10
IAEA_plus_40,40,10,core_term,en,neutron,53,53432,13,40,0.6899797916412354,0.6775538325309753,0.6652425467967987,0.6899797916412354,5,0.5,1,10,10
IAEA_plus_40,40,10,phrase,zh,中子测量电流,53,53432,13,40,0.6772618889808655,0.6750983198483785,0.6708976626396179,0.6772618889808655,0,0.0,0,10,10
IAEA_plus_40,40,10,phrase,en,neutron measurement current,53,53432,13,40,0.7035508155822754,0.6991282900174459,0.6771908760070801,0.7035508155822754,4,0.4,3,10,10
IAEA_plus_40,40,11,core_term,zh,中子,53,46814,13,40,0.6376688480377197,0.6274608572324117,0.622068452835083,0.6376688480377197,0,0.0,0,10,10
IAEA_plus_40,40,11,core_term,en,neutron,53,46814,13,40,0.6899797916412354,0.6767170627911886,0.6641571938991546,0.6899797916412354,5,0.5,1,10,10
IAEA_plus_40,40,11,phrase,zh,中子测量电流,53,46814,13,40,0.6772618889808655,0.6750983198483785,0.6710787355899811,0.6772618889808655,0,0.0,0,10,10
IAEA_plus_40,40,11,phrase,en,neutron measurement current,53,46814,13,40,0.7035508155822754,0.6991282900174459,0.6767610549926758,0.7035508155822754,4,0.4,3,10,10
IAEA_plus_40,40,12,core_term,zh,中子,53,56825,13,40,0.6376688480377197,0.6259249647458395,0.6175918519496918,0.6376688480377197,0,0.0,0,10,10
IAEA_plus_40,40,12,core_term,en,neutron,53,56825,13,40,0.6899797916412354,0.6775538325309753,0.6654967308044434,0.6899797916412354,6,0.6,1,10,10
IAEA_plus_40,40,12,phrase,zh,中子测量电流,53,56825,13,40,0.6772618889808655,0.6712039709091187,0.6667243778705597,0.6772618889808655,0,0.0,0,10,10
IAEA_plus_40,40,12,phrase,en,neutron measurement current,53,56825,13,40,0.6957577466964722,0.6816319227218628,0.6648040533065795,0.6957577466964722,6,0.6,1,10,10
IAEA_plus_40,40,13,core_term,zh,中子,53,49468,13,40,0.6376688480377197,0.6259249647458395,0.6175918519496918,0.6376688480377197,0,0.0,0,10,10
IAEA_plus_40,40,13,core_term,en,neutron,53,49468,13,40,0.6899797916412354,0.6767170627911886,0.6641571938991546,0.6899797916412354,5,0.5,1,10,10
IAEA_plus_40,40,13,phrase,zh,中子测量电流,53,49468,13,40,0.6772618889808655,0.6712039709091187,0.666480016708374,0.6772618889808655,0,0.0,0,10,10
IAEA_plus_40,40,13,phrase,en,neutron measurement current,53,49468,13,40,0.7035508155822754,0.6991282900174459,0.6767610549926758,0.7035508155822754,4,0.4,3,10,10
IAEA_plus_40,40,14,core_term,zh,中子,53,54684,13,40,0.6376688480377197,0.6274608572324117,0.622068452835083,0.6376688480377197,0,0.0,0,10,10
IAEA_plus_40,40,14,core_term,en,neutron,53,54684,13,40,0.6899797916412354,0.6775538325309753,0.6654967308044434,0.6899797916412354,6,0.6,1,10,10
IAEA_plus_40,40,14,phrase,zh,中子测量电流,53,54684,13,40,0.6772618889808655,0.6750983198483785,0.6710787355899811,0.6772618889808655,0,0.0,0,10,10
IAEA_plus_40,40,14,phrase,en,neutron measurement current,53,54684,13,40,0.6957577466964722,0.6816319227218628,0.6648040533065795,0.6957577466964722,6,0.6,1,10,10
IAEA_plus_40,40,15,core_term,zh,中子,53,53810,13,40,0.6376688480377197,0.6274608572324117,0.622068452835083,0.6376688480377197,0,0.0,0,10,10
IAEA_plus_40,40,15,core_term,en,neutron,53,53810,13,40,0.6899797916412354,0.6775538325309753,0.6661919593811035,0.6899797916412354,5,0.5,1,10,10
IAEA_plus_40,40,15,phrase,zh,中子测量电流,53,53810,13,40,0.6772618889808655,0.6750983198483785,0.6710787355899811,0.6772618889808655,0,0.0,0,10,10
IAEA_plus_40,40,15,phrase,en,neutron measurement current,53,53810,13,40,0.6957577466964722,0.6816319227218628,0.6648040533065795,0.6957577466964722,6,0.6,1,10,10
IAEA_plus_40,40,16,core_term,zh,中子,53,53818,13,40,0.6116806268692017,0.6109298268953959,0.6098909616470337,0.6116806268692017,0,0.0,0,10,10
IAEA_plus_40,40,16,core_term,en,neutron,53,53818,13,40,0.6899797916412354,0.6775538523991903,0.6662509739398956,0.6899797916412354,5,0.5,1,10,10
IAEA_plus_40,40,16,phrase,zh,中子测量电流,53,53818,13,40,0.6693858504295349,0.6665657758712769,0.6639178454875946,0.6693858504295349,0,0.0,0,10,10
IAEA_plus_40,40,16,phrase,en,neutron measurement current,53,53818,13,40,0.7035508155822754,0.6991282900174459,0.6771908760070801,0.7035508155822754,4,0.4,3,10,10
IAEA_plus_40,40,17,core_term,zh,中子,53,54440,13,40,0.6376688480377197,0.6274608572324117,0.622068452835083,0.6376688480377197,0,0.0,0,10,10
IAEA_plus_40,40,17,core_term,en,neutron,53,54440,13,40,0.6899797916412354,0.6775538325309753,0.6662509679794312,0.6899797916412354,5,0.5,1,10,10
IAEA_plus_40,40,17,phrase,zh,中子测量电流,53,54440,13,40,0.6772618889808655,0.6750983198483785,0.6710787355899811,0.6772618889808655,0,0.0,0,10,10
IAEA_plus_40,40,17,phrase,en,neutron measurement current,53,54440,13,40,0.7035508155822754,0.6991282900174459,0.6771908760070801,0.7035508155822754,4,0.4,3,10,10
IAEA_plus_40,40,18,core_term,zh,中子,53,58538,13,40,0.6376688480377197,0.6274608572324117,0.622068452835083,0.6376688480377197,0,0.0,0,10,10
IAEA_plus_40,40,18,core_term,en,neutron,53,58538,13,40,0.6899797916412354,0.6775538325309753,0.6661919593811035,0.6899797916412354,5,0.5,1,10,10
IAEA_plus_40,40,18,phrase,zh,中子测量电流,53,58538,13,40,0.6772618889808655,0.6750983198483785,0.6710787355899811,0.6772618889808655,0,0.0,0,10,10
IAEA_plus_40,40,18,phrase,en,neutron measurement current,53,58538,13,40,0.6957577466964722,0.6816319227218628,0.6648040533065795,0.6957577466964722,6,0.6,1,10,10
IAEA_plus_40,40,19,core_term,zh,中子,53,53643,13,40,0.6228203177452087,0.6219706535339355,0.61971395611763,0.6228203177452087,0,0.0,0,10,10
IAEA_plus_40,40,19,core_term,en,neutron,53,53643,13,40,0.6899797916412354,0.6775538325309753,0.6653629541397095,0.6899797916412354,5,0.5,1,10,10
IAEA_plus_40,40,19,phrase,zh,中子测量电流,53,53643,13,40,0.674386739730835,0.6738664507865906,0.6701100587844848,0.674386739730835,0,0.0,0,10,10
IAEA_plus_40,40,19,phrase,en,neutron measurement current,53,53643,13,40,0.6957577466964722,0.6816319227218628,0.6646158218383789,0.6957577466964722,7,0.7,1,10,10
IAEA_plus_40,40,20,core_term,zh,中子,53,54773,13,40,0.6116806268692017,0.6109298268953959,0.6098909616470337,0.6116806268692017,0,0.0,0,10,10
IAEA_plus_40,40,20,core_term,en,neutron,53,54773,13,40,0.6899797916412354,0.6775538325309753,0.6662509679794312,0.6899797916412354,5,0.5,1,10,10
IAEA_plus_40,40,20,phrase,zh,中子测量电流,53,54773,13,40,0.6693858504295349,0.6665657758712769,0.6639178454875946,0.6693858504295349,0,0.0,0,10,10
IAEA_plus_40,40,20,phrase,en,neutron measurement current,53,54773,13,40,0.7035508155822754,0.6991282900174459,0.6771908760070801,0.7035508155822754,4,0.4,3,10,10
IAEA_plus_40,40,21,core_term,zh,中子,53,57864,13,40,0.6376688480377197,0.6274608572324117,0.622068452835083,0.6376688480377197,0,0.0,0,10,10
IAEA_plus_40,40,21,core_term,en,neutron,53,57864,13,40,0.6899797916412354,0.6775538325309753,0.6661648571491241,0.6899797916412354,5,0.5,1,10,10
IAEA_plus_40,40,21,phrase,zh,中子测量电流,53,57864,13,40,0.6772618889808655,0.6750983198483785,0.6708976626396179,0.6772618889808655,0,0.0,0,10,10
IAEA_plus_40,40,21,phrase,en,neutron measurement current,53,57864,13,40,0.7035508155822754,0.6991282900174459,0.6771908760070801,0.7035508155822754,4,0.4,3,10,10
IAEA_plus_40,40,22,core_term,zh,中子,53,51026,13,40,0.6376688480377197,0.6274608572324117,0.622068452835083,0.6376688480377197,0,0.0,0,10,10
IAEA_plus_40,40,22,core_term,en,neutron,53,51026,13,40,0.6899797916412354,0.6767170627911886,0.6649397373199463,0.6899797916412354,5,0.5,1,10,10
IAEA_plus_40,40,22,phrase,zh,中子测量电流,53,51026,13,40,0.6772618889808655,0.6750983198483785,0.6708976626396179,0.6772618889808655,0,0.0,0,10,10
IAEA_plus_40,40,22,phrase,en,neutron measurement current,53,51026,13,40,0.7035508155822754,0.6991282900174459,0.6767610549926758,0.7035508155822754,4,0.4,3,10,10
IAEA_plus_40,40,23,core_term,zh,中子,53,55921,13,40,0.6116806268692017,0.6109298268953959,0.6098909616470337,0.6116806268692017,0,0.0,0,10,10
IAEA_plus_40,40,23,core_term,en,neutron,53,55921,13,40,0.6899797916412354,0.6775538325309753,0.6662509679794312,0.6899797916412354,5,0.5,1,10,10
IAEA_plus_40,40,23,phrase,zh,中子测量电流,53,55921,13,40,0.6693858504295349,0.6665657758712769,0.6639178454875946,0.6693858504295349,0,0.0,0,10,10
IAEA_plus_40,40,23,phrase,en,neutron measurement current,53,55921,13,40,0.7035508155822754,0.6991282900174459,0.6771908760070801,0.7035508155822754,4,0.4,3,10,10
IAEA_plus_40,40,24,core_term,zh,中子,53,45973,13,40,0.6376688480377197,0.6259249647458395,0.6175918519496918,0.6376688480377197,0,0.0,0,10,10
IAEA_plus_40,40,24,core_term,en,neutron,53,45973,13,40,0.6899797916412354,0.6775538325309753,0.6652425467967987,0.6899797916412354,5,0.5,1,10,10
IAEA_plus_40,40,24,phrase,zh,中子测量电流,53,45973,13,40,0.6772618889808655,0.6712039709091187,0.6667243778705597,0.6772618889808655,0,0.0,0,10,10
IAEA_plus_40,40,24,phrase,en,neutron measurement current,53,45973,13,40,0.7035508155822754,0.6991282900174459,0.6771908760070801,0.7035508155822754,4,0.4,3,10,10
IAEA_plus_40,40,25,core_term,zh,中子,53,51976,13,40,0.6376688480377197,0.6274608572324117,0.622068452835083,0.6376688480377197,0,0.0,0,10,10
IAEA_plus_40,40,25,core_term,en,neutron,53,51976,13,40,0.6899797916412354,0.6775538325309753,0.6655700266361236,0.6899797916412354,5,0.5,1,10,10
IAEA_plus_40,40,25,phrase,zh,中子测量电流,53,51976,13,40,0.6772618889808655,0.6750983198483785,0.6710787355899811,0.6772618889808655,0,0.0,0,10,10
IAEA_plus_40,40,25,phrase,en,neutron measurement current,53,51976,13,40,0.6957577466964722,0.6816319227218628,0.6648040533065795,0.6957577466964722,6,0.6,1,10,10
IAEA_plus_40,40,26,core_term,zh,中子,53,47608,13,40,0.6116806268692017,0.6109298268953959,0.6098909616470337,0.6116806268692017,0,0.0,0,10,10
IAEA_plus_40,40,26,core_term,en,neutron,53,47608,13,40,0.6899797916412354,0.6775538325309753,0.6662509679794312,0.6899797916412354,5,0.5,1,10,10
IAEA_plus_40,40,26,phrase,zh,中子测量电流,53,47608,13,40,0.6693858504295349,0.6665657758712769,0.6639178454875946,0.6693858504295349,0,0.0,0,10,10
IAEA_plus_40,40,26,phrase,en,neutron measurement current,53,47608,13,40,0.7035508155822754,0.6991282900174459,0.6771908760070801,0.7035508155822754,4,0.4,3,10,10
IAEA_plus_40,40,27,core_term,zh,中子,53,53035,13,40,0.6376688480377197,0.6259249647458395,0.6175918519496918,0.6376688480377197,0,0.0,0,10,10
IAEA_plus_40,40,27,core_term,en,neutron,53,53035,13,40,0.6899797916412354,0.6767170627911886,0.6649397373199463,0.6899797916412354,5,0.5,1,10,10
IAEA_plus_40,40,27,phrase,zh,中子测量电流,53,53035,13,40,0.6772618889808655,0.6712039709091187,0.666480016708374,0.6772618889808655,0,0.0,0,10,10
IAEA_plus_40,40,27,phrase,en,neutron measurement current,53,53035,13,40,0.7035508155822754,0.6991282900174459,0.6767610549926758,0.7035508155822754,4,0.4,3,10,10
IAEA_plus_40,40,28,core_term,zh,中子,53,51750,13,40,0.6376688480377197,0.6274608572324117,0.622068452835083,0.6376688480377197,0,0.0,0,10,10
IAEA_plus_40,40,28,core_term,en,neutron,53,51750,13,40,0.6899797916412354,0.6767170627911886,0.6639501214027405,0.6899797916412354,5,0.5,1,10,10
IAEA_plus_40,40,28,phrase,zh,中子测量电流,53,51750,13,40,0.6772618889808655,0.6750983198483785,0.6708976626396179,0.6772618889808655,0,0.0,0,10,10
IAEA_plus_40,40,28,phrase,en,neutron measurement current,53,51750,13,40,0.7035508155822754,0.6991282900174459,0.6767319321632386,0.7035508155822754,5,0.5,3,10,10
IAEA_plus_40,40,29,core_term,zh,中子,53,54705,13,40,0.6376688480377197,0.6274608572324117,0.622068452835083,0.6376688480377197,0,0.0,0,10,10
IAEA_plus_40,40,29,core_term,en,neutron,53,54705,13,40,0.6899797916412354,0.6775538325309753,0.6662509679794312,0.6899797916412354,5,0.5,1,10,10
IAEA_plus_40,40,29,phrase,zh,中子测量电流,53,54705,13,40,0.6772618889808655,0.6750983198483785,0.6710787355899811,0.6772618889808655,0,0.0,0,10,10
IAEA_plus_40,40,29,phrase,en,neutron measurement current,53,54705,13,40,0.7035508155822754,0.6991282900174459,0.6771908760070801,0.7035508155822754,4,0.4,3,10,10
IAEA_plus_40,40,30,core_term,zh,中子,53,49665,13,40,0.6376688480377197,0.6274608572324117,0.622068452835083,0.6376688480377197,0,0.0,0,10,10
IAEA_plus_40,40,30,core_term,en,neutron,53,49665,13,40,0.6899797916412354,0.6767170627911886,0.6641571938991546,0.6899797916412354,5,0.5,1,10,10
IAEA_plus_40,40,30,phrase,zh,中子测量电流,53,49665,13,40,0.6772618889808655,0.6750983198483785,0.6710787355899811,0.6772618889808655,0,0.0,0,10,10
IAEA_plus_40,40,30,phrase,en,neutron measurement current,53,49665,13,40,0.7035508155822754,0.6991282900174459,0.6767319321632386,0.7035508155822754,5,0.5,3,10,10
IAEA_plus_40,40,31,core_term,zh,中子,53,54374,13,40,0.6116806268692017,0.6109298268953959,0.6097173631191254,0.6116806268692017,0,0.0,0,10,10
IAEA_plus_40,40,31,core_term,en,neutron,53,54374,13,40,0.6899797916412354,0.6775538325309753,0.6654585242271424,0.6899797916412354,5,0.5,1,10,10
IAEA_plus_40,40,31,phrase,zh,中子测量电流,53,54374,13,40,0.6693858504295349,0.6665657758712769,0.6632412552833558,0.6693858504295349,0,0.0,0,10,10
IAEA_plus_40,40,31,phrase,en,neutron measurement current,53,54374,13,40,0.7035508155822754,0.6991282900174459,0.6771908760070801,0.7035508155822754,4,0.4,3,10,10
IAEA_plus_40,40,32,core_term,zh,中子,53,53692,13,40,0.6376688480377197,0.6274608572324117,0.622068452835083,0.6376688480377197,0,0.0,0,10,10
IAEA_plus_40,40,32,core_term,en,neutron,53,53692,13,40,0.6899797916412354,0.6775538325309753,0.6661919593811035,0.6899797916412354,5,0.5,1,10,10
IAEA_plus_40,40,32,phrase,zh,中子测量电流,53,53692,13,40,0.6772618889808655,0.6750983198483785,0.6710787355899811,0.6772618889808655,0,0.0,0,10,10
IAEA_plus_40,40,32,phrase,en,neutron measurement current,53,53692,13,40,0.6957577466964722,0.6816319227218628,0.6639061689376831,0.6957577466964722,7,0.7,1,10,10
IAEA_plus_40,40,33,core_term,zh,中子,53,52346,13,40,0.6376688480377197,0.6274608572324117,0.622068452835083,0.6376688480377197,0,0.0,0,10,10
IAEA_plus_40,40,33,core_term,en,neutron,53,52346,13,40,0.6899797916412354,0.6775538325309753,0.6662509679794312,0.6899797916412354,5,0.5,1,10,10
IAEA_plus_40,40,33,phrase,zh,中子测量电流,53,52346,13,40,0.6772618889808655,0.6750983198483785,0.6710787355899811,0.6772618889808655,0,0.0,0,10,10
IAEA_plus_40,40,33,phrase,en,neutron measurement current,53,52346,13,40,0.7035508155822754,0.6991282900174459,0.6771908760070801,0.7035508155822754,4,0.4,3,10,10
IAEA_plus_40,40,34,core_term,zh,中子,53,50383,13,40,0.6376688480377197,0.6259249647458395,0.6175918519496918,0.6376688480377197,0,0.0,0,10,10
IAEA_plus_40,40,34,core_term,en,neutron,53,50383,13,40,0.6899797916412354,0.6775538325309753,0.6655700266361236,0.6899797916412354,5,0.5,1,10,10
IAEA_plus_40,40,34,phrase,zh,中子测量电流,53,50383,13,40,0.6772618889808655,0.6712039709091187,0.6667243778705597,0.6772618889808655,0,0.0,0,10,10
IAEA_plus_40,40,34,phrase,en,neutron measurement current,53,50383,13,40,0.6957577466964722,0.6816319227218628,0.6635795295238495,0.6957577466964722,7,0.7,1,10,10
IAEA_plus_40,40,35,core_term,zh,中子,53,49991,13,40,0.6376688480377197,0.6274608572324117,0.622068452835083,0.6376688480377197,0,0.0,0,10,10
IAEA_plus_40,40,35,core_term,en,neutron,53,49991,13,40,0.6899797916412354,0.6775538325309753,0.6639306902885437,0.6899797916412354,5,0.5,1,10,10
IAEA_plus_40,40,35,phrase,zh,中子测量电流,53,49991,13,40,0.6772618889808655,0.6750983198483785,0.6710787355899811,0.6772618889808655,0,0.0,0,10,10
IAEA_plus_40,40,35,phrase,en,neutron measurement current,53,49991,13,40,0.7035508155822754,0.6991282900174459,0.6771908760070801,0.7035508155822754,4,0.4,3,10,10
IAEA_plus_40,40,36,core_term,zh,中子,53,53149,13,40,0.6376688480377197,0.6274608572324117,0.622068452835083,0.6376688480377197,0,0.0,0,10,10
IAEA_plus_40,40,36,core_term,en,neutron,53,53149,13,40,0.6899797916412354,0.6775538325309753,0.6654585242271424,0.6899797916412354,5,0.5,1,10,10
IAEA_plus_40,40,36,phrase,zh,中子测量电流,53,53149,13,40,0.6772618889808655,0.6750983198483785,0.6708976626396179,0.6772618889808655,0,0.0,0,10,10
IAEA_plus_40,40,36,phrase,en,neutron measurement current,53,53149,13,40,0.7035508155822754,0.6991282900174459,0.6771908760070801,0.7035508155822754,4,0.4,3,10,10
IAEA_plus_40,40,37,core_term,zh,中子,53,51654,13,40,0.6376688480377197,0.6259249647458395,0.6175918519496918,0.6376688480377197,0,0.0,0,10,10
IAEA_plus_40,40,37,core_term,en,neutron,53,51654,13,40,0.6899797916412354,0.6775538325309753,0.6662509679794312,0.6899797916412354,5,0.5,1,10,10
IAEA_plus_40,40,37,phrase,zh,中子测量电流,53,51654,13,40,0.6772618889808655,0.6712039709091187,0.6667243778705597,0.6772618889808655,0,0.0,0,10,10
IAEA_plus_40,40,37,phrase,en,neutron measurement current,53,51654,13,40,0.7035508155822754,0.6991282900174459,0.6771908760070801,0.7035508155822754,4,0.4,3,10,10
IAEA_plus_40,40,38,core_term,zh,中子,53,53039,13,40,0.6228203177452087,0.6219706535339355,0.61971395611763,0.6228203177452087,0,0.0,0,10,10
IAEA_plus_40,40,38,core_term,en,neutron,53,53039,13,40,0.6899797916412354,0.6775538325309753,0.6662509679794312,0.6899797916412354,5,0.5,1,10,10
IAEA_plus_40,40,38,phrase,zh,中子测量电流,53,53039,13,40,0.674386739730835,0.6738664507865906,0.6701100587844848,0.674386739730835,0,0.0,0,10,10
IAEA_plus_40,40,38,phrase,en,neutron measurement current,53,53039,13,40,0.7035508155822754,0.6991282900174459,0.6771908760070801,0.7035508155822754,4,0.4,3,10,10
IAEA_plus_40,40,39,core_term,zh,中子,53,47554,13,40,0.6228203177452087,0.6219706535339355,0.61971395611763,0.6228203177452087,0,0.0,0,10,10
IAEA_plus_40,40,39,core_term,en,neutron,53,47554,13,40,0.6899797916412354,0.6775538325309753,0.6652425467967987,0.6899797916412354,5,0.5,1,10,10
IAEA_plus_40,40,39,phrase,zh,中子测量电流,53,47554,13,40,0.674386739730835,0.6738664507865906,0.6699054360389709,0.674386739730835,0,0.0,0,10,10
IAEA_plus_40,40,39,phrase,en,neutron measurement current,53,47554,13,40,0.7035508155822754,0.6991282900174459,0.6771908760070801,0.7035508155822754,4,0.4,3,10,10
IAEA_plus_40,40,40,core_term,zh,中子,53,56469,13,40,0.6376688480377197,0.6259249647458395,0.6175918519496918,0.6376688480377197,0,0.0,0,10,10
IAEA_plus_40,40,40,core_term,en,neutron,53,56469,13,40,0.6899797916412354,0.6775538325309753,0.6662509679794312,0.6899797916412354,5,0.5,1,10,10
IAEA_plus_40,40,40,phrase,zh,中子测量电流,53,56469,13,40,0.6772618889808655,0.6698239048322042,0.6657037198543548,0.6772618889808655,0,0.0,0,10,10
IAEA_plus_40,40,40,phrase,en,neutron measurement current,53,56469,13,40,0.7035508155822754,0.6991282900174459,0.6771908760070801,0.7035508155822754,4,0.4,3,10,10
IAEA_plus_40,40,41,core_term,zh,中子,53,47478,13,40,0.6376688480377197,0.6274608572324117,0.622068452835083,0.6376688480377197,0,0.0,0,10,10
IAEA_plus_40,40,41,core_term,en,neutron,53,47478,13,40,0.6899797916412354,0.6767170627911886,0.6628393471240998,0.6899797916412354,6,0.6,1,10,10
IAEA_plus_40,40,41,phrase,zh,中子测量电流,53,47478,13,40,0.6772618889808655,0.6750983198483785,0.6708976626396179,0.6772618889808655,0,0.0,0,10,10
IAEA_plus_40,40,41,phrase,en,neutron measurement current,53,47478,13,40,0.7035508155822754,0.6991282900174459,0.6767610549926758,0.7035508155822754,4,0.4,3,10,10
IAEA_plus_40,40,42,core_term,zh,中子,53,50377,13,40,0.6376688480377197,0.6274608572324117,0.622068452835083,0.6376688480377197,0,0.0,0,10,10
IAEA_plus_40,40,42,core_term,en,neutron,53,50377,13,40,0.6899797916412354,0.6767170627911886,0.6649397373199463,0.6899797916412354,5,0.5,1,10,10
IAEA_plus_40,40,42,phrase,zh,中子测量电流,53,50377,13,40,0.6772618889808655,0.6750983198483785,0.6710787355899811,0.6772618889808655,0,0.0,0,10,10
IAEA_plus_40,40,42,phrase,en,neutron measurement current,53,50377,13,40,0.7035508155822754,0.6991282900174459,0.6767610549926758,0.7035508155822754,4,0.4,3,10,10
IAEA_plus_40,40,43,core_term,zh,中子,53,55393,13,40,0.6376688480377197,0.6274608572324117,0.622068452835083,0.6376688480377197,0,0.0,0,10,10
IAEA_plus_40,40,43,core_term,en,neutron,53,55393,13,40,0.6899797916412354,0.6775538325309753,0.6661648571491241,0.6899797916412354,5,0.5,1,10,10
IAEA_plus_40,40,43,phrase,zh,中子测量电流,53,55393,13,40,0.6772618889808655,0.6750983198483785,0.6710787355899811,0.6772618889808655,0,0.0,0,10,10
IAEA_plus_40,40,43,phrase,en,neutron measurement current,53,55393,13,40,0.7035508155822754,0.6991282900174459,0.6771908760070801,0.7035508155822754,4,0.4,3,10,10
IAEA_plus_40,40,44,core_term,zh,中子,53,53327,13,40,0.6228203177452087,0.6219706535339355,0.61971395611763,0.6228203177452087,0,0.0,0,10,10
IAEA_plus_40,40,44,core_term,en,neutron,53,53327,13,40,0.6899797916412354,0.6775538325309753,0.6661648571491241,0.6899797916412354,5,0.5,1,10,10
IAEA_plus_40,40,44,phrase,zh,中子测量电流,53,53327,13,40,0.674386739730835,0.6738664507865906,0.6701100587844848,0.674386739730835,0,0.0,0,10,10
IAEA_plus_40,40,44,phrase,en,neutron measurement current,53,53327,13,40,0.7035508155822754,0.6991282900174459,0.6771908760070801,0.7035508155822754,4,0.4,3,10,10
IAEA_plus_40,40,45,core_term,zh,中子,53,48726,13,40,0.6376688480377197,0.6259249647458395,0.6175918519496918,0.6376688480377197,0,0.0,0,10,10
IAEA_plus_40,40,45,core_term,en,neutron,53,48726,13,40,0.6899797916412354,0.6775538325309753,0.6641988396644593,0.6899797916412354,6,0.6,1,10,10
IAEA_plus_40,40,45,phrase,zh,中子测量电流,53,48726,13,40,0.6772618889808655,0.6712039709091187,0.6667243778705597,0.6772618889808655,0,0.0,0,10,10
IAEA_plus_40,40,45,phrase,en,neutron measurement current,53,48726,13,40,0.6957577466964722,0.6816319227218628,0.6631955504417419,0.6957577466964722,8,0.8,1,10,10
IAEA_plus_40,40,46,core_term,zh,中子,53,51600,13,40,0.6376688480377197,0.6274608572324117,0.622068452835083,0.6376688480377197,0,0.0,0,10,10
IAEA_plus_40,40,46,core_term,en,neutron,53,51600,13,40,0.6899797916412354,0.6775538325309753,0.6662509679794312,0.6899797916412354,5,0.5,1,10,10
IAEA_plus_40,40,46,phrase,zh,中子测量电流,53,51600,13,40,0.6772618889808655,0.6750983198483785,0.6710787355899811,0.6772618889808655,0,0.0,0,10,10
IAEA_plus_40,40,46,phrase,en,neutron measurement current,53,51600,13,40,0.7035508155822754,0.6991282900174459,0.6771908760070801,0.7035508155822754,4,0.4,3,10,10
IAEA_plus_40,40,47,core_term,zh,中子,53,52579,13,40,0.6376688480377197,0.6274608572324117,0.622068452835083,0.6376688480377197,0,0.0,0,10,10
IAEA_plus_40,40,47,core_term,en,neutron,53,52579,13,40,0.6899797916412354,0.6767170627911886,0.6646835565567016,0.6899797916412354,5,0.5,1,10,10
IAEA_plus_40,40,47,phrase,zh,中子测量电流,53,52579,13,40,0.6772618889808655,0.6750983198483785,0.6710787355899811,0.6772618889808655,0,0.0,0,10,10
IAEA_plus_40,40,47,phrase,en,neutron measurement current,53,52579,13,40,0.6957577466964722,0.6816319227218628,0.6631497085094452,0.6957577466964722,7,0.7,1,10,10
IAEA_plus_40,40,48,core_term,zh,中子,53,51014,13,40,0.6228203177452087,0.6219706535339355,0.61971395611763,0.6228203177452087,0,0.0,0,10,10
IAEA_plus_40,40,48,core_term,en,neutron,53,51014,13,40,0.6899797916412354,0.6775538325309753,0.6652425467967987,0.6899797916412354,5,0.5,1,10,10
IAEA_plus_40,40,48,phrase,zh,中子测量电流,53,51014,13,40,0.674386739730835,0.6738664507865906,0.6699054360389709,0.674386739730835,0,0.0,0,10,10
IAEA_plus_40,40,48,phrase,en,neutron measurement current,53,51014,13,40,0.7035508155822754,0.6991282900174459,0.6771908760070801,0.7035508155822754,4,0.4,3,10,10
IAEA_plus_40,40,49,core_term,zh,中子,53,53137,13,40,0.6376688480377197,0.6274608572324117,0.622068452835083,0.6376688480377197,0,0.0,0,10,10
IAEA_plus_40,40,49,core_term,en,neutron,53,53137,13,40,0.6899797916412354,0.6775538325309753,0.6656655967235565,0.6899797916412354,5,0.5,1,10,10
IAEA_plus_40,40,49,phrase,zh,中子测量电流,53,53137,13,40,0.6772618889808655,0.6750983198483785,0.6710787355899811,0.6772618889808655,0,0.0,0,10,10
IAEA_plus_40,40,49,phrase,en,neutron measurement current,53,53137,13,40,0.7035508155822754,0.6991282900174459,0.6771908760070801,0.7035508155822754,4,0.4,3,10,10
IAEA_plus_40,40,50,core_term,zh,中子,53,54076,13,40,0.6376688480377197,0.6274608572324117,0.622068452835083,0.6376688480377197,0,0.0,0,10,10
IAEA_plus_40,40,50,core_term,en,neutron,53,54076,13,40,0.6899797916412354,0.6775538325309753,0.6662509679794312,0.6899797916412354,5,0.5,1,10,10
IAEA_plus_40,40,50,phrase,zh,中子测量电流,53,54076,13,40,0.6772618889808655,0.6750983198483785,0.6710787355899811,0.6772618889808655,0,0.0,0,10,10
IAEA_plus_40,40,50,phrase,en,neutron measurement current,53,54076,13,40,0.7035508155822754,0.6991282900174459,0.6771908760070801,0.7035508155822754,4,0.4,3,10,10
IAEA_plus_40,40,51,core_term,zh,中子,53,57786,13,40,0.6376688480377197,0.6274608572324117,0.622068452835083,0.6376688480377197,0,0.0,0,10,10
IAEA_plus_40,40,51,core_term,en,neutron,53,57786,13,40,0.6899797916412354,0.6775538325309753,0.6661919593811035,0.6899797916412354,5,0.5,1,10,10
IAEA_plus_40,40,51,phrase,zh,中子测量电流,53,57786,13,40,0.6772618889808655,0.6750983198483785,0.6710787355899811,0.6772618889808655,0,0.0,0,10,10
IAEA_plus_40,40,51,phrase,en,neutron measurement current,53,57786,13,40,0.6957577466964722,0.6816319227218628,0.6639061689376831,0.6957577466964722,7,0.7,1,10,10
IAEA_plus_40,40,52,core_term,zh,中子,53,55079,13,40,0.6376688480377197,0.6274608572324117,0.622068452835083,0.6376688480377197,0,0.0,0,10,10
IAEA_plus_40,40,52,core_term,en,neutron,53,55079,13,40,0.6899797916412354,0.6767170627911886,0.6640338361263275,0.6899797916412354,5,0.5,1,10,10
IAEA_plus_40,40,52,phrase,zh,中子测量电流,53,55079,13,40,0.6772618889808655,0.6750983198483785,0.6710787355899811,0.6772618889808655,0,0.0,0,10,10
IAEA_plus_40,40,52,phrase,en,neutron measurement current,53,55079,13,40,0.7035508155822754,0.6991282900174459,0.6767610549926758,0.7035508155822754,4,0.4,3,10,10
IAEA_plus_40,40,53,core_term,zh,中子,53,48167,13,40,0.6228203177452087,0.6219706535339355,0.61971395611763,0.6228203177452087,0,0.0,0,10,10
IAEA_plus_40,40,53,core_term,en,neutron,53,48167,13,40,0.6899797916412354,0.6775538325309753,0.6656655967235565,0.6899797916412354,5,0.5,1,10,10
IAEA_plus_40,40,53,phrase,zh,中子测量电流,53,48167,13,40,0.674386739730835,0.6738664507865906,0.6701100587844848,0.674386739730835,0,0.0,0,10,10
IAEA_plus_40,40,53,phrase,en,neutron measurement current,53,48167,13,40,0.7035508155822754,0.6991282900174459,0.6771908760070801,0.7035508155822754,4,0.4,3,10,10
IAEA_plus_40,40,54,core_term,zh,中子,53,56516,13,40,0.6376688480377197,0.6274608572324117,0.622068452835083,0.6376688480377197,0,0.0,0,10,10
IAEA_plus_40,40,54,core_term,en,neutron,53,56516,13,40,0.6899797916412354,0.6775538325309753,0.6662509679794312,0.6899797916412354,5,0.5,1,10,10
IAEA_plus_40,40,54,phrase,zh,中子测量电流,53,56516,13,40,0.6772618889808655,0.6750983198483785,0.6710787355899811,0.6772618889808655,0,0.0,0,10,10
IAEA_plus_40,40,54,phrase,en,neutron measurement current,53,56516,13,40,0.7035508155822754,0.6991282900174459,0.6771908760070801,0.7035508155822754,4,0.4,3,10,10
IAEA_plus_40,40,55,core_term,zh,中子,53,55336,13,40,0.6376688480377197,0.6274608572324117,0.622068452835083,0.6376688480377197,0,0.0,0,10,10
IAEA_plus_40,40,55,core_term,en,neutron,53,55336,13,40,0.6899797916412354,0.6775538325309753,0.6662509679794312,0.6899797916412354,5,0.5,1,10,10
IAEA_plus_40,40,55,phrase,zh,中子测量电流,53,55336,13,40,0.6772618889808655,0.6750983198483785,0.6708976626396179,0.6772618889808655,0,0.0,0,10,10
IAEA_plus_40,40,55,phrase,en,neutron measurement current,53,55336,13,40,0.7035508155822754,0.6991282900174459,0.6771908760070801,0.7035508155822754,4,0.4,3,10,10
IAEA_plus_40,40,56,core_term,zh,中子,53,52860,13,40,0.6228203177452087,0.6219706535339355,0.61971395611763,0.6228203177452087,0,0.0,0,10,10
IAEA_plus_40,40,56,core_term,en,neutron,53,52860,13,40,0.6899797916412354,0.6775538325309753,0.6662509679794312,0.6899797916412354,5,0.5,1,10,10
IAEA_plus_40,40,56,phrase,zh,中子测量电流,53,52860,13,40,0.674386739730835,0.6738664507865906,0.6701100587844848,0.674386739730835,0,0.0,0,10,10
IAEA_plus_40,40,56,phrase,en,neutron measurement current,53,52860,13,40,0.7035508155822754,0.6991282900174459,0.6771908760070801,0.7035508155822754,4,0.4,3,10,10
IAEA_plus_40,40,57,core_term,zh,中子,53,55380,13,40,0.6228203177452087,0.6219706535339355,0.61971395611763,0.6228203177452087,0,0.0,0,10,10
IAEA_plus_40,40,57,core_term,en,neutron,53,55380,13,40,0.6899797916412354,0.6775538325309753,0.6653629541397095,0.6899797916412354,5,0.5,1,10,10
IAEA_plus_40,40,57,phrase,zh,中子测量电流,53,55380,13,40,0.674386739730835,0.6738664507865906,0.6701100587844848,0.674386739730835,0,0.0,0,10,10
IAEA_plus_40,40,57,phrase,en,neutron measurement current,53,55380,13,40,0.6957577466964722,0.6816319227218628,0.6648040533065795,0.6957577466964722,6,0.6,1,10,10
IAEA_plus_40,40,58,core_term,zh,中子,53,51521,13,40,0.6376688480377197,0.6274608572324117,0.622068452835083,0.6376688480377197,0,0.0,0,10,10
IAEA_plus_40,40,58,core_term,en,neutron,53,51521,13,40,0.6899797916412354,0.6767170627911886,0.6639501214027405,0.6899797916412354,5,0.5,1,10,10
IAEA_plus_40,40,58,phrase,zh,中子测量电流,53,51521,13,40,0.6772618889808655,0.6750983198483785,0.6710787355899811,0.6772618889808655,0,0.0,0,10,10
IAEA_plus_40,40,58,phrase,en,neutron measurement current,53,51521,13,40,0.7035508155822754,0.6991282900174459,0.6767610549926758,0.7035508155822754,4,0.4,3,10,10
IAEA_plus_40,40,59,core_term,zh,中子,53,53541,13,40,0.6376688480377197,0.6274608572324117,0.622068452835083,0.6376688480377197,0,0.0,0,10,10
IAEA_plus_40,40,59,core_term,en,neutron,53,53541,13,40,0.6899797916412354,0.6775538325309753,0.6662509679794312,0.6899797916412354,5,0.5,1,10,10
IAEA_plus_40,40,59,phrase,zh,中子测量电流,53,53541,13,40,0.6772618889808655,0.6750983198483785,0.6710787355899811,0.6772618889808655,0,0.0,0,10,10
IAEA_plus_40,40,59,phrase,en,neutron measurement current,53,53541,13,40,0.7035508155822754,0.6991282900174459,0.6771908760070801,0.7035508155822754,4,0.4,3,10,10
IAEA_plus_40,40,60,core_term,zh,中子,53,50762,13,40,0.6376688480377197,0.6274608572324117,0.622068452835083,0.6376688480377197,0,0.0,0,10,10
IAEA_plus_40,40,60,core_term,en,neutron,53,50762,13,40,0.6899797916412354,0.6775538325309753,0.6661648571491241,0.6899797916412354,5,0.5,1,10,10
IAEA_plus_40,40,60,phrase,zh,中子测量电流,53,50762,13,40,0.6772618889808655,0.6750983198483785,0.6710787355899811,0.6772618889808655,0,0.0,0,10,10
IAEA_plus_40,40,60,phrase,en,neutron measurement current,53,50762,13,40,0.7035508155822754,0.6991282900174459,0.6771908760070801,0.7035508155822754,4,0.4,3,10,10
IAEA_plus_40,40,61,core_term,zh,中子,53,55128,13,40,0.6376688480377197,0.6259249647458395,0.6175918519496918,0.6376688480377197,0,0.0,0,10,10
IAEA_plus_40,40,61,core_term,en,neutron,53,55128,13,40,0.6899797916412354,0.6775538325309753,0.6662509679794312,0.6899797916412354,5,0.5,1,10,10
IAEA_plus_40,40,61,phrase,zh,中子测量电流,53,55128,13,40,0.6772618889808655,0.6698239048322042,0.6657037198543548,0.6772618889808655,0,0.0,0,10,10
IAEA_plus_40,40,61,phrase,en,neutron measurement current,53,55128,13,40,0.7035508155822754,0.6991282900174459,0.6771908760070801,0.7035508155822754,4,0.4,3,10,10
IAEA_plus_40,40,62,core_term,zh,中子,53,50778,13,40,0.6376688480377197,0.6274608572324117,0.622068452835083,0.6376688480377197,0,0.0,0,10,10
IAEA_plus_40,40,62,core_term,en,neutron,53,50778,13,40,0.6899797916412354,0.6775538325309753,0.6654585242271424,0.6899797916412354,5,0.5,1,10,10
IAEA_plus_40,40,62,phrase,zh,中子测量电流,53,50778,13,40,0.6772618889808655,0.6750983198483785,0.6710787355899811,0.6772618889808655,0,0.0,0,10,10
IAEA_plus_40,40,62,phrase,en,neutron measurement current,53,50778,13,40,0.7035508155822754,0.6991282900174459,0.6771908760070801,0.7035508155822754,4,0.4,3,10,10
IAEA_plus_40,40,63,core_term,zh,中子,53,49694,13,40,0.6228203177452087,0.6219706535339355,0.61971395611763,0.6228203177452087,0,0.0,0,10,10
IAEA_plus_40,40,63,core_term,en,neutron,53,49694,13,40,0.6899797916412354,0.6775538325309753,0.6656655967235565,0.6899797916412354,5,0.5,1,10,10
IAEA_plus_40,40,63,phrase,zh,中子测量电流,53,49694,13,40,0.674386739730835,0.6738664507865906,0.6701100587844848,0.674386739730835,0,0.0,0,10,10
IAEA_plus_40,40,63,phrase,en,neutron measurement current,53,49694,13,40,0.7035508155822754,0.6991282900174459,0.6771908760070801,0.7035508155822754,4,0.4,3,10,10
IAEA_plus_40,40,64,core_term,zh,中子,53,51596,13,40,0.6376688480377197,0.6274608572324117,0.622068452835083,0.6376688480377197,0,0.0,0,10,10
IAEA_plus_40,40,64,core_term,en,neutron,53,51596,13,40,0.6899797916412354,0.6767170627911886,0.6641571938991546,0.6899797916412354,5,0.5,1,10,10
IAEA_plus_40,40,64,phrase,zh,中子测量电流,53,51596,13,40,0.6772618889808655,0.6750983198483785,0.6710787355899811,0.6772618889808655,0,0.0,0,10,10
IAEA_plus_40,40,64,phrase,en,neutron measurement current,53,51596,13,40,0.7035508155822754,0.6991282900174459,0.6767610549926758,0.7035508155822754,4,0.4,3,10,10
IAEA_plus_40,40,65,core_term,zh,中子,53,48072,13,40,0.6376688480377197,0.6259249647458395,0.6175918519496918,0.6376688480377197,0,0.0,0,10,10
IAEA_plus_40,40,65,core_term,en,neutron,53,48072,13,40,0.6899797916412354,0.6767170627911886,0.6635451257228852,0.6899797916412354,5,0.5,1,10,10
IAEA_plus_40,40,65,phrase,zh,中子测量电流,53,48072,13,40,0.6772618889808655,0.6712039709091187,0.666480016708374,0.6772618889808655,0,0.0,0,10,10
IAEA_plus_40,40,65,phrase,en,neutron measurement current,53,48072,13,40,0.6957577466964722,0.6816319227218628,0.6631497085094452,0.6957577466964722,7,0.7,1,10,10
IAEA_plus_40,40,66,core_term,zh,中子,53,54036,13,40,0.6376688480377197,0.6274608572324117,0.622068452835083,0.6376688480377197,0,0.0,0,10,10
IAEA_plus_40,40,66,core_term,en,neutron,53,54036,13,40,0.6899797916412354,0.6775538325309753,0.6661919593811035,0.6899797916412354,5,0.5,1,10,10
IAEA_plus_40,40,66,phrase,zh,中子测量电流,53,54036,13,40,0.6772618889808655,0.6750983198483785,0.6710787355899811,0.6772618889808655,0,0.0,0,10,10
IAEA_plus_40,40,66,phrase,en,neutron measurement current,53,54036,13,40,0.6957577466964722,0.6816319227218628,0.6639061689376831,0.6957577466964722,7,0.7,1,10,10
IAEA_plus_40,40,67,core_term,zh,中子,53,56671,13,40,0.6376688480377197,0.6274608572324117,0.622068452835083,0.6376688480377197,0,0.0,0,10,10
IAEA_plus_40,40,67,core_term,en,neutron,53,56671,13,40,0.6899797916412354,0.6775538325309753,0.6662509679794312,0.6899797916412354,5,0.5,1,10,10
IAEA_plus_40,40,67,phrase,zh,中子测量电流,53,56671,13,40,0.6772618889808655,0.6750983198483785,0.6708976626396179,0.6772618889808655,0,0.0,0,10,10
IAEA_plus_40,40,67,phrase,en,neutron measurement current,53,56671,13,40,0.7035508155822754,0.6991282900174459,0.6771908760070801,0.7035508155822754,4,0.4,3,10,10
IAEA_plus_40,40,68,core_term,zh,中子,53,53086,13,40,0.6376688480377197,0.6274608572324117,0.622068452835083,0.6376688480377197,0,0.0,0,10,10
IAEA_plus_40,40,68,core_term,en,neutron,53,53086,13,40,0.6899797916412354,0.6775538325309753,0.6661919593811035,0.6899797916412354,5,0.5,1,10,10
IAEA_plus_40,40,68,phrase,zh,中子测量电流,53,53086,13,40,0.6772618889808655,0.6750983198483785,0.6710787355899811,0.6772618889808655,0,0.0,0,10,10
IAEA_plus_40,40,68,phrase,en,neutron measurement current,53,53086,13,40,0.6957577466964722,0.6816319227218628,0.6639061689376831,0.6957577466964722,7,0.7,1,10,10
IAEA_plus_40,40,69,core_term,zh,中子,53,58217,13,40,0.6376688480377197,0.6259249647458395,0.6175918519496918,0.6376688480377197,0,0.0,0,10,10
IAEA_plus_40,40,69,core_term,en,neutron,53,58217,13,40,0.6899797916412354,0.6775538325309753,0.6662509679794312,0.6899797916412354,5,0.5,1,10,10
IAEA_plus_40,40,69,phrase,zh,中子测量电流,53,58217,13,40,0.6772618889808655,0.6712039709091187,0.6667243778705597,0.6772618889808655,0,0.0,0,10,10
IAEA_plus_40,40,69,phrase,en,neutron measurement current,53,58217,13,40,0.7035508155822754,0.6991282900174459,0.6771908760070801,0.7035508155822754,4,0.4,3,10,10
IAEA_plus_40,40,70,core_term,zh,中子,53,50677,13,40,0.6376688480377197,0.6274608572324117,0.622068452835083,0.6376688480377197,0,0.0,0,10,10
IAEA_plus_40,40,70,core_term,en,neutron,53,50677,13,40,0.6899797916412354,0.6775538325309753,0.6641988396644593,0.6899797916412354,6,0.6,1,10,10
IAEA_plus_40,40,70,phrase,zh,中子测量电流,53,50677,13,40,0.6772618889808655,0.6750983198483785,0.6710787355899811,0.6772618889808655,0,0.0,0,10,10
IAEA_plus_40,40,70,phrase,en,neutron measurement current,53,50677,13,40,0.6957577466964722,0.6816319227218628,0.6635795295238495,0.6957577466964722,7,0.7,1,10,10
IAEA_plus_40,40,71,core_term,zh,中子,53,51835,13,40,0.6376688480377197,0.6259249647458395,0.6175918519496918,0.6376688480377197,0,0.0,0,10,10
IAEA_plus_40,40,71,core_term,en,neutron,53,51835,13,40,0.6899797916412354,0.6775538325309753,0.6654585242271424,0.6899797916412354,5,0.5,1,10,10
IAEA_plus_40,40,71,phrase,zh,中子测量电流,53,51835,13,40,0.6772618889808655,0.6712039709091187,0.6667243778705597,0.6772618889808655,0,0.0,0,10,10
IAEA_plus_40,40,71,phrase,en,neutron measurement current,53,51835,13,40,0.7035508155822754,0.6991282900174459,0.6771908760070801,0.7035508155822754,4,0.4,3,10,10
IAEA_plus_40,40,72,core_term,zh,中子,53,56333,13,40,0.6376688480377197,0.6274608572324117,0.622068452835083,0.6376688480377197,0,0.0,0,10,10
IAEA_plus_40,40,72,core_term,en,neutron,53,56333,13,40,0.6899797916412354,0.6775538325309753,0.6662509679794312,0.6899797916412354,5,0.5,1,10,10
IAEA_plus_40,40,72,phrase,zh,中子测量电流,53,56333,13,40,0.6772618889808655,0.6750983198483785,0.6710787355899811,0.6772618889808655,0,0.0,0,10,10
IAEA_plus_40,40,72,phrase,en,neutron measurement current,53,56333,13,40,0.7035508155822754,0.6991282900174459,0.6771908760070801,0.7035508155822754,4,0.4,3,10,10
IAEA_plus_40,40,73,core_term,zh,中子,53,49044,13,40,0.6228203177452087,0.6219706535339355,0.61971395611763,0.6228203177452087,0,0.0,0,10,10
IAEA_plus_40,40,73,core_term,en,neutron,53,49044,13,40,0.6899797916412354,0.6775538325309753,0.6655700266361236,0.6899797916412354,5,0.5,1,10,10
IAEA_plus_40,40,73,phrase,zh,中子测量电流,53,49044,13,40,0.674386739730835,0.6738664507865906,0.6701100587844848,0.674386739730835,0,0.0,0,10,10
IAEA_plus_40,40,73,phrase,en,neutron measurement current,53,49044,13,40,0.6957577466964722,0.6816319227218628,0.6635860502719879,0.6957577466964722,7,0.7,1,10,10
IAEA_plus_40,40,74,core_term,zh,中子,53,57354,13,40,0.6228203177452087,0.6219706535339355,0.61971395611763,0.6228203177452087,0,0.0,0,10,10
IAEA_plus_40,40,74,core_term,en,neutron,53,57354,13,40,0.6899797916412354,0.6775538325309753,0.6661919593811035,0.6899797916412354,5,0.5,1,10,10
IAEA_plus_40,40,74,phrase,zh,中子测量电流,53,57354,13,40,0.674386739730835,0.6738664507865906,0.6701100587844848,0.674386739730835,0,0.0,0,10,10
IAEA_plus_40,40,74,phrase,en,neutron measurement current,53,57354,13,40,0.6957577466964722,0.6816319227218628,0.6646158218383789,0.6957577466964722,7,0.7,1,10,10
IAEA_plus_40,40,75,core_term,zh,中子,53,45819,13,40,0.6376688480377197,0.6259249647458395,0.6175918519496918,0.6376688480377197,0,0.0,0,10,10
IAEA_plus_40,40,75,core_term,en,neutron,53,45819,13,40,0.6899797916412354,0.6775538325309753,0.6655700266361236,0.6899797916412354,5,0.5,1,10,10
IAEA_plus_40,40,75,phrase,zh,中子测量电流,53,45819,13,40,0.6772618889808655,0.6712039709091187,0.6667243778705597,0.6772618889808655,0,0.0,0,10,10
IAEA_plus_40,40,75,phrase,en,neutron measurement current,53,45819,13,40,0.6957577466964722,0.6816319227218628,0.6648040533065795,0.6957577466964722,6,0.6,1,10,10
IAEA_plus_40,40,76,core_term,zh,中子,53,56342,13,40,0.6376688480377197,0.6274608572324117,0.622068452835083,0.6376688480377197,0,0.0,0,10,10
IAEA_plus_40,40,76,core_term,en,neutron,53,56342,13,40,0.6899797916412354,0.6775538325309753,0.6662509679794312,0.6899797916412354,5,0.5,1,10,10
IAEA_plus_40,40,76,phrase,zh,中子测量电流,53,56342,13,40,0.6772618889808655,0.6750983198483785,0.6710787355899811,0.6772618889808655,0,0.0,0,10,10
IAEA_plus_40,40,76,phrase,en,neutron measurement current,53,56342,13,40,0.7035508155822754,0.6991282900174459,0.6771908760070801,0.7035508155822754,4,0.4,3,10,10
IAEA_plus_40,40,77,core_term,zh,中子,53,47571,13,40,0.6376688480377197,0.6274608572324117,0.622068452835083,0.6376688480377197,0,0.0,0,10,10
IAEA_plus_40,40,77,core_term,en,neutron,53,47571,13,40,0.6899797916412354,0.6775538325309753,0.6648365914821625,0.6899797916412354,5,0.5,1,10,10
IAEA_plus_40,40,77,phrase,zh,中子测量电流,53,47571,13,40,0.6772618889808655,0.6750983198483785,0.6710787355899811,0.6772618889808655,0,0.0,0,10,10
IAEA_plus_40,40,77,phrase,en,neutron measurement current,53,47571,13,40,0.7035508155822754,0.6991282900174459,0.6771908760070801,0.7035508155822754,4,0.4,3,10,10
IAEA_plus_40,40,78,core_term,zh,中子,53,49177,13,40,0.6376688480377197,0.6274608572324117,0.622068452835083,0.6376688480377197,0,0.0,0,10,10
IAEA_plus_40,40,78,core_term,en,neutron,53,49177,13,40,0.6899797916412354,0.6775538325309753,0.6656655967235565,0.6899797916412354,5,0.5,1,10,10
IAEA_plus_40,40,78,phrase,zh,中子测量电流,53,49177,13,40,0.6772618889808655,0.6750983198483785,0.6710787355899811,0.6772618889808655,0,0.0,0,10,10
IAEA_plus_40,40,78,phrase,en,neutron measurement current,53,49177,13,40,0.7035508155822754,0.6991282900174459,0.6771908760070801,0.7035508155822754,4,0.4,3,10,10
IAEA_plus_40,40,79,core_term,zh,中子,53,53193,13,40,0.6376688480377197,0.6274608572324117,0.622068452835083,0.6376688480377197,0,0.0,0,10,10
IAEA_plus_40,40,79,core_term,en,neutron,53,53193,13,40,0.6899797916412354,0.6775538325309753,0.6662509679794312,0.6899797916412354,5,0.5,1,10,10
IAEA_plus_40,40,79,phrase,zh,中子测量电流,53,53193,13,40,0.6772618889808655,0.6750983198483785,0.6710787355899811,0.6772618889808655,0,0.0,0,10,10
IAEA_plus_40,40,79,phrase,en,neutron measurement current,53,53193,13,40,0.7035508155822754,0.6991282900174459,0.6771908760070801,0.7035508155822754,4,0.4,3,10,10
IAEA_plus_40,40,80,core_term,zh,中子,53,56625,13,40,0.6228203177452087,0.6219706535339355,0.61971395611763,0.6228203177452087,0,0.0,0,10,10
IAEA_plus_40,40,80,core_term,en,neutron,53,56625,13,40,0.6899797916412354,0.6775538325309753,0.6662509679794312,0.6899797916412354,5,0.5,1,10,10
IAEA_plus_40,40,80,phrase,zh,中子测量电流,53,56625,13,40,0.674386739730835,0.6738664507865906,0.6701100587844848,0.674386739730835,0,0.0,0,10,10
IAEA_plus_40,40,80,phrase,en,neutron measurement current,53,56625,13,40,0.7035508155822754,0.6991282900174459,0.6771908760070801,0.7035508155822754,4,0.4,3,10,10
IAEA_plus_40,40,81,core_term,zh,中子,53,52819,13,40,0.6376688480377197,0.6274608572324117,0.622068452835083,0.6376688480377197,0,0.0,0,10,10
IAEA_plus_40,40,81,core_term,en,neutron,53,52819,13,40,0.6899797916412354,0.6775538325309753,0.6650354743003846,0.6899797916412354,5,0.5,1,10,10
IAEA_plus_40,40,81,phrase,zh,中子测量电流,53,52819,13,40,0.6772618889808655,0.6750983198483785,0.6710787355899811,0.6772618889808655,0,0.0,0,10,10
IAEA_plus_40,40,81,phrase,en,neutron measurement current,53,52819,13,40,0.7035508155822754,0.6991282900174459,0.6771908760070801,0.7035508155822754,4,0.4,3,10,10
IAEA_plus_40,40,82,core_term,zh,中子,53,56132,13,40,0.6376688480377197,0.6274608572324117,0.622068452835083,0.6376688480377197,0,0.0,0,10,10
IAEA_plus_40,40,82,core_term,en,neutron,53,56132,13,40,0.6899797916412354,0.6775538325309753,0.6662509679794312,0.6899797916412354,5,0.5,1,10,10
IAEA_plus_40,40,82,phrase,zh,中子测量电流,53,56132,13,40,0.6772618889808655,0.6750983198483785,0.6710787355899811,0.6772618889808655,0,0.0,0,10,10
IAEA_plus_40,40,82,phrase,en,neutron measurement current,53,56132,13,40,0.7035508155822754,0.6991282900174459,0.6771908760070801,0.7035508155822754,4,0.4,3,10,10
IAEA_plus_40,40,83,core_term,zh,中子,53,53782,13,40,0.6376688480377197,0.6274608572324117,0.622068452835083,0.6376688480377197,0,0.0,0,10,10
IAEA_plus_40,40,83,core_term,en,neutron,53,53782,13,40,0.6899797916412354,0.6767170627911886,0.6649397373199463,0.6899797916412354,5,0.5,1,10,10
IAEA_plus_40,40,83,phrase,zh,中子测量电流,53,53782,13,40,0.6772618889808655,0.6750983198483785,0.6708976626396179,0.6772618889808655,0,0.0,0,10,10
IAEA_plus_40,40,83,phrase,en,neutron measurement current,53,53782,13,40,0.7035508155822754,0.6991282900174459,0.6767610549926758,0.7035508155822754,4,0.4,3,10,10
IAEA_plus_40,40,84,core_term,zh,中子,53,52735,13,40,0.6376688480377197,0.6274608572324117,0.622068452835083,0.6376688480377197,0,0.0,0,10,10
IAEA_plus_40,40,84,core_term,en,neutron,53,52735,13,40,0.6899797916412354,0.6775538325309753,0.6662509679794312,0.6899797916412354,5,0.5,1,10,10
IAEA_plus_40,40,84,phrase,zh,中子测量电流,53,52735,13,40,0.6772618889808655,0.6750983198483785,0.6710787355899811,0.6772618889808655,0,0.0,0,10,10
IAEA_plus_40,40,84,phrase,en,neutron measurement current,53,52735,13,40,0.7035508155822754,0.6991282900174459,0.6771908760070801,0.7035508155822754,4,0.4,3,10,10
IAEA_plus_40,40,85,core_term,zh,中子,53,49707,13,40,0.6376688480377197,0.6259249647458395,0.6175918519496918,0.6376688480377197,0,0.0,0,10,10
IAEA_plus_40,40,85,core_term,en,neutron,53,49707,13,40,0.6899797916412354,0.6775538325309753,0.6654585242271424,0.6899797916412354,5,0.5,1,10,10
IAEA_plus_40,40,85,phrase,zh,中子测量电流,53,49707,13,40,0.6772618889808655,0.6712039709091187,0.6667243778705597,0.6772618889808655,0,0.0,0,10,10
IAEA_plus_40,40,85,phrase,en,neutron measurement current,53,49707,13,40,0.7035508155822754,0.6991282900174459,0.6771908760070801,0.7035508155822754,4,0.4,3,10,10
IAEA_plus_40,40,86,core_term,zh,中子,53,47908,13,40,0.6228203177452087,0.6219706535339355,0.61971395611763,0.6228203177452087,0,0.0,0,10,10
IAEA_plus_40,40,86,core_term,en,neutron,53,47908,13,40,0.6899797916412354,0.6767170627911886,0.6646835565567016,0.6899797916412354,5,0.5,1,10,10
IAEA_plus_40,40,86,phrase,zh,中子测量电流,53,47908,13,40,0.674386739730835,0.6738664507865906,0.6701100587844848,0.674386739730835,0,0.0,0,10,10
IAEA_plus_40,40,86,phrase,en,neutron measurement current,53,47908,13,40,0.6957577466964722,0.6816319227218628,0.6631497085094452,0.6957577466964722,7,0.7,1,10,10
IAEA_plus_40,40,87,core_term,zh,中子,53,53500,13,40,0.6376688480377197,0.6274608572324117,0.622068452835083,0.6376688480377197,0,0.0,0,10,10
IAEA_plus_40,40,87,core_term,en,neutron,53,53500,13,40,0.6899797916412354,0.6775538325309753,0.6662509679794312,0.6899797916412354,5,0.5,1,10,10
IAEA_plus_40,40,87,phrase,zh,中子测量电流,53,53500,13,40,0.6772618889808655,0.6750983198483785,0.6710787355899811,0.6772618889808655,0,0.0,0,10,10
IAEA_plus_40,40,87,phrase,en,neutron measurement current,53,53500,13,40,0.7035508155822754,0.6991282900174459,0.6771908760070801,0.7035508155822754,4,0.4,3,10,10
IAEA_plus_40,40,88,core_term,zh,中子,53,51896,13,40,0.6376688480377197,0.6274608572324117,0.622068452835083,0.6376688480377197,0,0.0,0,10,10
IAEA_plus_40,40,88,core_term,en,neutron,53,51896,13,40,0.6899797916412354,0.6775538325309753,0.6662509679794312,0.6899797916412354,5,0.5,1,10,10
IAEA_plus_40,40,88,phrase,zh,中子测量电流,53,51896,13,40,0.6772618889808655,0.6750983198483785,0.6710787355899811,0.6772618889808655,0,0.0,0,10,10
IAEA_plus_40,40,88,phrase,en,neutron measurement current,53,51896,13,40,0.7035508155822754,0.6991282900174459,0.6771908760070801,0.7035508155822754,4,0.4,3,10,10
IAEA_plus_40,40,89,core_term,zh,中子,53,53046,13,40,0.6376688480377197,0.6274608572324117,0.622068452835083,0.6376688480377197,0,0.0,0,10,10
IAEA_plus_40,40,89,core_term,en,neutron,53,53046,13,40,0.6899797916412354,0.6775538325309753,0.6656655967235565,0.6899797916412354,5,0.5,1,10,10
IAEA_plus_40,40,89,phrase,zh,中子测量电流,53,53046,13,40,0.6772618889808655,0.6750983198483785,0.6708976626396179,0.6772618889808655,0,0.0,0,10,10
IAEA_plus_40,40,89,phrase,en,neutron measurement current,53,53046,13,40,0.7035508155822754,0.6991282900174459,0.6771908760070801,0.7035508155822754,4,0.4,3,10,10
IAEA_plus_40,40,90,core_term,zh,中子,53,55547,13,40,0.6376688480377197,0.6274608572324117,0.622068452835083,0.6376688480377197,0,0.0,0,10,10
IAEA_plus_40,40,90,core_term,en,neutron,53,55547,13,40,0.6899797916412354,0.6767170627911886,0.6649397373199463,0.6899797916412354,5,0.5,1,10,10
IAEA_plus_40,40,90,phrase,zh,中子测量电流,53,55547,13,40,0.6772618889808655,0.6750983198483785,0.6710787355899811,0.6772618889808655,0,0.0,0,10,10
IAEA_plus_40,40,90,phrase,en,neutron measurement current,53,55547,13,40,0.7035508155822754,0.6991282900174459,0.6767319321632386,0.7035508155822754,5,0.5,3,10,10
IAEA_plus_40,40,91,core_term,zh,中子,53,58598,13,40,0.6376688480377197,0.6274608572324117,0.622068452835083,0.6376688480377197,0,0.0,0,10,10
IAEA_plus_40,40,91,core_term,en,neutron,53,58598,13,40,0.6899797916412354,0.6775538325309753,0.6661919593811035,0.6899797916412354,5,0.5,1,10,10
IAEA_plus_40,40,91,phrase,zh,中子测量电流,53,58598,13,40,0.6772618889808655,0.6750983198483785,0.6710787355899811,0.6772618889808655,0,0.0,0,10,10
IAEA_plus_40,40,91,phrase,en,neutron measurement current,53,58598,13,40,0.6957577466964722,0.6816319227218628,0.6639061689376831,0.6957577466964722,7,0.7,1,10,10
IAEA_plus_40,40,92,core_term,zh,中子,53,44956,13,40,0.6376688480377197,0.6274608572324117,0.622068452835083,0.6376688480377197,0,0.0,0,10,10
IAEA_plus_40,40,92,core_term,en,neutron,53,44956,13,40,0.6899797916412354,0.6767170627911886,0.6641571938991546,0.6899797916412354,5,0.5,1,10,10
IAEA_plus_40,40,92,phrase,zh,中子测量电流,53,44956,13,40,0.6772618889808655,0.6750983198483785,0.6710787355899811,0.6772618889808655,0,0.0,0,10,10
IAEA_plus_40,40,92,phrase,en,neutron measurement current,53,44956,13,40,0.7035508155822754,0.6991282900174459,0.6767319321632386,0.7035508155822754,5,0.5,3,10,10
IAEA_plus_40,40,93,core_term,zh,中子,53,53248,13,40,0.6376688480377197,0.6259249647458395,0.6175918519496918,0.6376688480377197,0,0.0,0,10,10
IAEA_plus_40,40,93,core_term,en,neutron,53,53248,13,40,0.6899797916412354,0.6775538325309753,0.6661919593811035,0.6899797916412354,5,0.5,1,10,10
IAEA_plus_40,40,93,phrase,zh,中子测量电流,53,53248,13,40,0.6772618889808655,0.6712039709091187,0.6667243778705597,0.6772618889808655,0,0.0,0,10,10
IAEA_plus_40,40,93,phrase,en,neutron measurement current,53,53248,13,40,0.6957577466964722,0.6816319227218628,0.6635795295238495,0.6957577466964722,7,0.7,1,10,10
IAEA_plus_40,40,94,core_term,zh,中子,53,56245,13,40,0.6116806268692017,0.6109298268953959,0.6098909616470337,0.6116806268692017,0,0.0,0,10,10
IAEA_plus_40,40,94,core_term,en,neutron,53,56245,13,40,0.6899797916412354,0.6775538325309753,0.6662509679794312,0.6899797916412354,5,0.5,1,10,10
IAEA_plus_40,40,94,phrase,zh,中子测量电流,53,56245,13,40,0.6693858504295349,0.6665657758712769,0.6639178454875946,0.6693858504295349,0,0.0,0,10,10
IAEA_plus_40,40,94,phrase,en,neutron measurement current,53,56245,13,40,0.7035508155822754,0.6991282900174459,0.6771908760070801,0.7035508155822754,4,0.4,3,10,10
IAEA_plus_40,40,95,core_term,zh,中子,53,49723,13,40,0.6376688480377197,0.6274608572324117,0.622068452835083,0.6376688480377197,0,0.0,0,10,10
IAEA_plus_40,40,95,core_term,en,neutron,53,49723,13,40,0.6899797916412354,0.6775538325309753,0.6654585242271424,0.6899797916412354,5,0.5,1,10,10
IAEA_plus_40,40,95,phrase,zh,中子测量电流,53,49723,13,40,0.6772618889808655,0.6750983198483785,0.6710787355899811,0.6772618889808655,0,0.0,0,10,10
IAEA_plus_40,40,95,phrase,en,neutron measurement current,53,49723,13,40,0.7035508155822754,0.6991282900174459,0.6771908760070801,0.7035508155822754,4,0.4,3,10,10
IAEA_plus_40,40,96,core_term,zh,中子,53,51709,13,40,0.6376688480377197,0.6274608572324117,0.622068452835083,0.6376688480377197,0,0.0,0,10,10
IAEA_plus_40,40,96,core_term,en,neutron,53,51709,13,40,0.6899797916412354,0.6775538325309753,0.6650354743003846,0.6899797916412354,5,0.5,1,10,10
IAEA_plus_40,40,96,phrase,zh,中子测量电流,53,51709,13,40,0.6772618889808655,0.6750983198483785,0.6708976626396179,0.6772618889808655,0,0.0,0,10,10
IAEA_plus_40,40,96,phrase,en,neutron measurement current,53,51709,13,40,0.7035508155822754,0.6991282900174459,0.6771908760070801,0.7035508155822754,4,0.4,3,10,10
IAEA_plus_40,40,97,core_term,zh,中子,53,51400,13,40,0.6376688480377197,0.6274608572324117,0.622068452835083,0.6376688480377197,0,0.0,0,10,10
IAEA_plus_40,40,97,core_term,en,neutron,53,51400,13,40,0.6899797916412354,0.6775538325309753,0.6650354743003846,0.6899797916412354,5,0.5,1,10,10
IAEA_plus_40,40,97,phrase,zh,中子测量电流,53,51400,13,40,0.6772618889808655,0.6750983198483785,0.6710787355899811,0.6772618889808655,0,0.0,0,10,10
IAEA_plus_40,40,97,phrase,en,neutron measurement current,53,51400,13,40,0.7035508155822754,0.6991282900174459,0.6771908760070801,0.7035508155822754,4,0.4,3,10,10
IAEA_plus_40,40,98,core_term,zh,中子,53,54265,13,40,0.6376688480377197,0.6274608572324117,0.622068452835083,0.6376688480377197,0,0.0,0,10,10
IAEA_plus_40,40,98,core_term,en,neutron,53,54265,13,40,0.6899797916412354,0.6775538325309753,0.6661648571491241,0.6899797916412354,5,0.5,1,10,10
IAEA_plus_40,40,98,phrase,zh,中子测量电流,53,54265,13,40,0.6772618889808655,0.6750983198483785,0.6710787355899811,0.6772618889808655,0,0.0,0,10,10
IAEA_plus_40,40,98,phrase,en,neutron measurement current,53,54265,13,40,0.7035508155822754,0.6991282900174459,0.6771908760070801,0.7035508155822754,4,0.4,3,10,10
IAEA_plus_40,40,99,core_term,zh,中子,53,44899,13,40,0.6376688480377197,0.6274608572324117,0.622068452835083,0.6376688480377197,0,0.0,0,10,10
IAEA_plus_40,40,99,core_term,en,neutron,53,44899,13,40,0.6899797916412354,0.6775538325309753,0.6656655967235565,0.6899797916412354,5,0.5,1,10,10
IAEA_plus_40,40,99,phrase,zh,中子测量电流,53,44899,13,40,0.6772618889808655,0.6750983198483785,0.6708976626396179,0.6772618889808655,0,0.0,0,10,10
IAEA_plus_40,40,99,phrase,en,neutron measurement current,53,44899,13,40,0.7035508155822754,0.6991282900174459,0.6771908760070801,0.7035508155822754,4,0.4,3,10,10
IAEA_plus_45,45,0,core_term,zh,中子,58,58050,13,45,0.6376688480377197,0.6259249647458395,0.6175918519496918,0.6376688480377197,0,0.0,0,10,10
IAEA_plus_45,45,0,core_term,en,neutron,58,58050,13,45,0.6899797916412354,0.6775538325309753,0.6661919593811035,0.6899797916412354,5,0.5,1,10,10
IAEA_plus_45,45,0,phrase,zh,中子测量电流,58,58050,13,45,0.6772618889808655,0.6712039709091187,0.6665949940681457,0.6772618889808655,0,0.0,0,10,10
IAEA_plus_45,45,0,phrase,en,neutron measurement current,58,58050,13,45,0.6957577466964722,0.6816319227218628,0.6648040533065795,0.6957577466964722,6,0.6,1,10,10
IAEA_plus_45,45,1,core_term,zh,中子,58,59129,13,45,0.6376688480377197,0.6259249647458395,0.6175918519496918,0.6376688480377197,0,0.0,0,10,10
IAEA_plus_45,45,1,core_term,en,neutron,58,59129,13,45,0.6899797916412354,0.6775538325309753,0.6662509679794312,0.6899797916412354,5,0.5,1,10,10
IAEA_plus_45,45,1,phrase,zh,中子测量电流,58,59129,13,45,0.6772618889808655,0.6712039709091187,0.6667243778705597,0.6772618889808655,0,0.0,0,10,10
IAEA_plus_45,45,1,phrase,en,neutron measurement current,58,59129,13,45,0.7035508155822754,0.6991282900174459,0.6771908760070801,0.7035508155822754,4,0.4,3,10,10
IAEA_plus_45,45,2,core_term,zh,中子,58,60045,13,45,0.6376688480377197,0.6274608572324117,0.622068452835083,0.6376688480377197,0,0.0,0,10,10
IAEA_plus_45,45,2,core_term,en,neutron,58,60045,13,45,0.6899797916412354,0.6775538325309753,0.6662509679794312,0.6899797916412354,5,0.5,1,10,10
IAEA_plus_45,45,2,phrase,zh,中子测量电流,58,60045,13,45,0.6772618889808655,0.6750983198483785,0.6708976626396179,0.6772618889808655,0,0.0,0,10,10
IAEA_plus_45,45,2,phrase,en,neutron measurement current,58,60045,13,45,0.7035508155822754,0.6991282900174459,0.6771908760070801,0.7035508155822754,4,0.4,3,10,10
IAEA_plus_45,45,3,core_term,zh,中子,58,58465,13,45,0.6376688480377197,0.6259249647458395,0.6175918519496918,0.6376688480377197,0,0.0,0,10,10
IAEA_plus_45,45,3,core_term,en,neutron,58,58465,13,45,0.6899797916412354,0.6775538325309753,0.6662509679794312,0.6899797916412354,5,0.5,1,10,10
IAEA_plus_45,45,3,phrase,zh,中子测量电流,58,58465,13,45,0.6772618889808655,0.6698239048322042,0.665899783372879,0.6772618889808655,0,0.0,0,10,10
IAEA_plus_45,45,3,phrase,en,neutron measurement current,58,58465,13,45,0.7035508155822754,0.6991282900174459,0.6771908760070801,0.7035508155822754,4,0.4,3,10,10
IAEA_plus_45,45,4,core_term,zh,中子,58,56438,13,45,0.6376688480377197,0.6274608572324117,0.622068452835083,0.6376688480377197,0,0.0,0,10,10
IAEA_plus_45,45,4,core_term,en,neutron,58,56438,13,45,0.6899797916412354,0.6775538325309753,0.6654585242271424,0.6899797916412354,5,0.5,1,10,10
IAEA_plus_45,45,4,phrase,zh,中子测量电流,58,56438,13,45,0.6772618889808655,0.6750983198483785,0.6708976626396179,0.6772618889808655,0,0.0,0,10,10
IAEA_plus_45,45,4,phrase,en,neutron measurement current,58,56438,13,45,0.7035508155822754,0.6991282900174459,0.6771908760070801,0.7035508155822754,4,0.4,3,10,10
IAEA_plus_45,45,5,core_term,zh,中子,58,54349,13,45,0.6376688480377197,0.6274608572324117,0.622068452835083,0.6376688480377197,0,0.0,0,10,10
IAEA_plus_45,45,5,core_term,en,neutron,58,54349,13,45,0.6899797916412354,0.6775538325309753,0.6655700266361236,0.6899797916412354,5,0.5,1,10,10
IAEA_plus_45,45,5,phrase,zh,中子测量电流,58,54349,13,45,0.6772618889808655,0.6750983198483785,0.6710787355899811,0.6772618889808655,0,0.0,0,10,10
IAEA_plus_45,45,5,phrase,en,neutron measurement current,58,54349,13,45,0.6957577466964722,0.6816319227218628,0.6648040533065795,0.6957577466964722,6,0.6,1,10,10
IAEA_plus_45,45,6,core_term,zh,中子,58,57777,13,45,0.6228203177452087,0.6219706535339355,0.61971395611763,0.6228203177452087,0,0.0,0,10,10
IAEA_plus_45,45,6,core_term,en,neutron,58,57777,13,45,0.6899797916412354,0.6775538325309753,0.6662509679794312,0.6899797916412354,5,0.5,1,10,10
IAEA_plus_45,45,6,phrase,zh,中子测量电流,58,57777,13,45,0.674386739730835,0.6738664507865906,0.6701100587844848,0.674386739730835,0,0.0,0,10,10
IAEA_plus_45,45,6,phrase,en,neutron measurement current,58,57777,13,45,0.7035508155822754,0.6991282900174459,0.6771908760070801,0.7035508155822754,4,0.4,3,10,10
IAEA_plus_45,45,7,core_term,zh,中子,58,53566,13,45,0.6376688480377197,0.6274608572324117,0.622068452835083,0.6376688480377197,0,0.0,0,10,10
IAEA_plus_45,45,7,core_term,en,neutron,58,53566,13,45,0.6899797916412354,0.6775538325309753,0.6662509679794312,0.6899797916412354,5,0.5,1,10,10
IAEA_plus_45,45,7,phrase,zh,中子测量电流,58,53566,13,45,0.6772618889808655,0.6750983198483785,0.6710787355899811,0.6772618889808655,0,0.0,0,10,10
IAEA_plus_45,45,7,phrase,en,neutron measurement current,58,53566,13,45,0.7035508155822754,0.6991282900174459,0.6771908760070801,0.7035508155822754,4,0.4,3,10,10
IAEA_plus_45,45,8,core_term,zh,中子,58,56308,13,45,0.6376688480377197,0.6274608572324117,0.622068452835083,0.6376688480377197,0,0.0,0,10,10
IAEA_plus_45,45,8,core_term,en,neutron,58,56308,13,45,0.6899797916412354,0.6775538325309753,0.6662509679794312,0.6899797916412354,5,0.5,1,10,10
IAEA_plus_45,45,8,phrase,zh,中子测量电流,58,56308,13,45,0.6772618889808655,0.6750983198483785,0.6710787355899811,0.6772618889808655,0,0.0,0,10,10
IAEA_plus_45,45,8,phrase,en,neutron measurement current,58,56308,13,45,0.7035508155822754,0.6991282900174459,0.6771908760070801,0.7035508155822754,4,0.4,3,10,10
IAEA_plus_45,45,9,core_term,zh,中子,58,61044,13,45,0.6376688480377197,0.6274608572324117,0.622068452835083,0.6376688480377197,0,0.0,0,10,10
IAEA_plus_45,45,9,core_term,en,neutron,58,61044,13,45,0.6899797916412354,0.6775538325309753,0.6661648571491241,0.6899797916412354,5,0.5,1,10,10
IAEA_plus_45,45,9,phrase,zh,中子测量电流,58,61044,13,45,0.6772618889808655,0.6750983198483785,0.6710787355899811,0.6772618889808655,0,0.0,0,10,10
IAEA_plus_45,45,9,phrase,en,neutron measurement current,58,61044,13,45,0.7035508155822754,0.6991282900174459,0.6771908760070801,0.7035508155822754,4,0.4,3,10,10
IAEA_plus_45,45,10,core_term,zh,中子,58,60026,13,45,0.6376688480377197,0.6274608572324117,0.622068452835083,0.6376688480377197,0,0.0,0,10,10
IAEA_plus_45,45,10,core_term,en,neutron,58,60026,13,45,0.6899797916412354,0.6775538325309753,0.6662509679794312,0.6899797916412354,5,0.5,1,10,10
IAEA_plus_45,45,10,phrase,zh,中子测量电流,58,60026,13,45,0.6772618889808655,0.6750983198483785,0.6710787355899811,0.6772618889808655,0,0.0,0,10,10
IAEA_plus_45,45,10,phrase,en,neutron measurement current,58,60026,13,45,0.7035508155822754,0.6991282900174459,0.6771908760070801,0.7035508155822754,4,0.4,3,10,10
IAEA_plus_45,45,11,core_term,zh,中子,58,56946,13,45,0.6376688480377197,0.6274608572324117,0.622068452835083,0.6376688480377197,0,0.0,0,10,10
IAEA_plus_45,45,11,core_term,en,neutron,58,56946,13,45,0.6899797916412354,0.6775538325309753,0.6661919593811035,0.6899797916412354,5,0.5,1,10,10
IAEA_plus_45,45,11,phrase,zh,中子测量电流,58,56946,13,45,0.6772618889808655,0.6750983198483785,0.6710787355899811,0.6772618889808655,0,0.0,0,10,10
IAEA_plus_45,45,11,phrase,en,neutron measurement current,58,56946,13,45,0.6957577466964722,0.6816319227218628,0.6648040533065795,0.6957577466964722,6,0.6,1,10,10
IAEA_plus_45,45,12,core_term,zh,中子,58,53699,13,45,0.6376688480377197,0.6274608572324117,0.622068452835083,0.6376688480377197,0,0.0,0,10,10
IAEA_plus_45,45,12,core_term,en,neutron,58,53699,13,45,0.6899797916412354,0.6775538325309753,0.6654585242271424,0.6899797916412354,5,0.5,1,10,10
IAEA_plus_45,45,12,phrase,zh,中子测量电流,58,53699,13,45,0.6772618889808655,0.6750983198483785,0.6710787355899811,0.6772618889808655,0,0.0,0,10,10
IAEA_plus_45,45,12,phrase,en,neutron measurement current,58,53699,13,45,0.7035508155822754,0.6991282900174459,0.6771908760070801,0.7035508155822754,4,0.4,3,10,10
IAEA_plus_45,45,13,core_term,zh,中子,58,55198,13,45,0.6376688480377197,0.6274608572324117,0.622068452835083,0.6376688480377197,0,0.0,0,10,10
IAEA_plus_45,45,13,core_term,en,neutron,58,55198,13,45,0.6899797916412354,0.6775538325309753,0.6662509679794312,0.6899797916412354,5,0.5,1,10,10
IAEA_plus_45,45,13,phrase,zh,中子测量电流,58,55198,13,45,0.6772618889808655,0.6750983198483785,0.6708976626396179,0.6772618889808655,0,0.0,0,10,10
IAEA_plus_45,45,13,phrase,en,neutron measurement current,58,55198,13,45,0.7035508155822754,0.6991282900174459,0.6771908760070801,0.7035508155822754,4,0.4,3,10,10
IAEA_plus_45,45,14,core_term,zh,中子,58,53695,13,45,0.6376688480377197,0.6274608572324117,0.622068452835083,0.6376688480377197,0,0.0,0,10,10
IAEA_plus_45,45,14,core_term,en,neutron,58,53695,13,45,0.6899797916412354,0.6775538325309753,0.6654585242271424,0.6899797916412354,5,0.5,1,10,10
IAEA_plus_45,45,14,phrase,zh,中子测量电流,58,53695,13,45,0.6772618889808655,0.6750983198483785,0.6710787355899811,0.6772618889808655,0,0.0,0,10,10
IAEA_plus_45,45,14,phrase,en,neutron measurement current,58,53695,13,45,0.7035508155822754,0.6991282900174459,0.6771908760070801,0.7035508155822754,4,0.4,3,10,10
IAEA_plus_45,45,15,core_term,zh,中子,58,56623,13,45,0.6376688480377197,0.6274608572324117,0.622068452835083,0.6376688480377197,0,0.0,0,10,10
IAEA_plus_45,45,15,core_term,en,neutron,58,56623,13,45,0.6899797916412354,0.6775538325309753,0.6662509679794312,0.6899797916412354,5,0.5,1,10,10
IAEA_plus_45,45,15,phrase,zh,中子测量电流,58,56623,13,45,0.6772618889808655,0.6750983198483785,0.6710787355899811,0.6772618889808655,0,0.0,0,10,10
IAEA_plus_45,45,15,phrase,en,neutron measurement current,58,56623,13,45,0.7035508155822754,0.6991282900174459,0.6771908760070801,0.7035508155822754,4,0.4,3,10,10
IAEA_plus_45,45,16,core_term,zh,中子,58,59444,13,45,0.6376688480377197,0.6274608572324117,0.622068452835083,0.6376688480377197,0,0.0,0,10,10
IAEA_plus_45,45,16,core_term,en,neutron,58,59444,13,45,0.6899797916412354,0.6775538325309753,0.6662509679794312,0.6899797916412354,5,0.5,1,10,10
IAEA_plus_45,45,16,phrase,zh,中子测量电流,58,59444,13,45,0.6772618889808655,0.6750983198483785,0.6710787355899811,0.6772618889808655,0,0.0,0,10,10
IAEA_plus_45,45,16,phrase,en,neutron measurement current,58,59444,13,45,0.7035508155822754,0.6991282900174459,0.6771908760070801,0.7035508155822754,4,0.4,3,10,10
IAEA_plus_45,45,17,core_term,zh,中子,58,59215,13,45,0.6376688480377197,0.6274608572324117,0.622068452835083,0.6376688480377197,0,0.0,0,10,10
IAEA_plus_45,45,17,core_term,en,neutron,58,59215,13,45,0.6899797916412354,0.6775538325309753,0.6662509679794312,0.6899797916412354,5,0.5,1,10,10
IAEA_plus_45,45,17,phrase,zh,中子测量电流,58,59215,13,45,0.6772618889808655,0.6750983198483785,0.6710787355899811,0.6772618889808655,0,0.0,0,10,10
IAEA_plus_45,45,17,phrase,en,neutron measurement current,58,59215,13,45,0.7035508155822754,0.6991282900174459,0.6771908760070801,0.7035508155822754,4,0.4,3,10,10
IAEA_plus_45,45,18,core_term,zh,中子,58,57856,13,45,0.6376688480377197,0.6274608572324117,0.622068452835083,0.6376688480377197,0,0.0,0,10,10
IAEA_plus_45,45,18,core_term,en,neutron,58,57856,13,45,0.6899797916412354,0.6775538325309753,0.6654967308044434,0.6899797916412354,6,0.6,1,10,10
IAEA_plus_45,45,18,phrase,zh,中子测量电流,58,57856,13,45,0.6772618889808655,0.6750983198483785,0.6710787355899811,0.6772618889808655,0,0.0,0,10,10
IAEA_plus_45,45,18,phrase,en,neutron measurement current,58,57856,13,45,0.6957577466964722,0.6816319227218628,0.6648040533065795,0.6957577466964722,6,0.6,1,10,10
IAEA_plus_45,45,19,core_term,zh,中子,58,60818,13,45,0.6376688480377197,0.6274608572324117,0.622068452835083,0.6376688480377197,0,0.0,0,10,10
IAEA_plus_45,45,19,core_term,en,neutron,58,60818,13,45,0.6899797916412354,0.6775538325309753,0.6662509679794312,0.6899797916412354,5,0.5,1,10,10
IAEA_plus_45,45,19,phrase,zh,中子测量电流,58,60818,13,45,0.6772618889808655,0.6750983198483785,0.6710787355899811,0.6772618889808655,0,0.0,0,10,10
IAEA_plus_45,45,19,phrase,en,neutron measurement current,58,60818,13,45,0.7035508155822754,0.6991282900174459,0.6771908760070801,0.7035508155822754,4,0.4,3,10,10
IAEA_plus_45,45,20,core_term,zh,中子,58,57069,13,45,0.6376688480377197,0.6259249647458395,0.6175918519496918,0.6376688480377197,0,0.0,0,10,10
IAEA_plus_45,45,20,core_term,en,neutron,58,57069,13,45,0.6899797916412354,0.6775538325309753,0.6654585242271424,0.6899797916412354,5,0.5,1,10,10
IAEA_plus_45,45,20,phrase,zh,中子测量电流,58,57069,13,45,0.6772618889808655,0.6712039709091187,0.6667243778705597,0.6772618889808655,0,0.0,0,10,10
IAEA_plus_45,45,20,phrase,en,neutron measurement current,58,57069,13,45,0.7035508155822754,0.6991282900174459,0.6771908760070801,0.7035508155822754,4,0.4,3,10,10
IAEA_plus_45,45,21,core_term,zh,中子,58,47881,13,45,0.6376688480377197,0.6274608572324117,0.622068452835083,0.6376688480377197,0,0.0,0,10,10
IAEA_plus_45,45,21,core_term,en,neutron,58,47881,13,45,0.6899797916412354,0.6775538325309753,0.6656655967235565,0.6899797916412354,5,0.5,1,10,10
IAEA_plus_45,45,21,phrase,zh,中子测量电流,58,47881,13,45,0.6772618889808655,0.6750983198483785,0.6710787355899811,0.6772618889808655,0,0.0,0,10,10
IAEA_plus_45,45,21,phrase,en,neutron measurement current,58,47881,13,45,0.7035508155822754,0.6991282900174459,0.6771908760070801,0.7035508155822754,4,0.4,3,10,10
IAEA_plus_45,45,22,core_term,zh,中子,58,56414,13,45,0.6228203177452087,0.6219706535339355,0.61971395611763,0.6228203177452087,0,0.0,0,10,10
IAEA_plus_45,45,22,core_term,en,neutron,58,56414,13,45,0.6899797916412354,0.6775538325309753,0.6662509679794312,0.6899797916412354,5,0.5,1,10,10
IAEA_plus_45,45,22,phrase,zh,中子测量电流,58,56414,13,45,0.674386739730835,0.6738664507865906,0.6701100587844848,0.674386739730835,0,0.0,0,10,10
IAEA_plus_45,45,22,phrase,en,neutron measurement current,58,56414,13,45,0.7035508155822754,0.6991282900174459,0.6771908760070801,0.7035508155822754,4,0.4,3,10,10
IAEA_plus_45,45,23,core_term,zh,中子,58,57429,13,45,0.6376688480377197,0.6274608572324117,0.622068452835083,0.6376688480377197,0,0.0,0,10,10
IAEA_plus_45,45,23,core_term,en,neutron,58,57429,13,45,0.6899797916412354,0.6767170627911886,0.6649397373199463,0.6899797916412354,5,0.5,1,10,10
IAEA_plus_45,45,23,phrase,zh,中子测量电流,58,57429,13,45,0.6772618889808655,0.6750983198483785,0.6708976626396179,0.6772618889808655,0,0.0,0,10,10
IAEA_plus_45,45,23,phrase,en,neutron measurement current,58,57429,13,45,0.7035508155822754,0.6991282900174459,0.6767610549926758,0.7035508155822754,4,0.4,3,10,10
IAEA_plus_45,45,24,core_term,zh,中子,58,53573,13,45,0.6376688480377197,0.6274608572324117,0.622068452835083,0.6376688480377197,0,0.0,0,10,10
IAEA_plus_45,45,24,core_term,en,neutron,58,53573,13,45,0.6899797916412354,0.6767170627911886,0.6649397373199463,0.6899797916412354,5,0.5,1,10,10
IAEA_plus_45,45,24,phrase,zh,中子测量电流,58,53573,13,45,0.6772618889808655,0.6750983198483785,0.6710787355899811,0.6772618889808655,0,0.0,0,10,10
IAEA_plus_45,45,24,phrase,en,neutron measurement current,58,53573,13,45,0.7035508155822754,0.6991282900174459,0.6767610549926758,0.7035508155822754,4,0.4,3,10,10
IAEA_plus_45,45,25,core_term,zh,中子,58,56247,13,45,0.6376688480377197,0.6274608572324117,0.622068452835083,0.6376688480377197,0,0.0,0,10,10
IAEA_plus_45,45,25,core_term,en,neutron,58,56247,13,45,0.6899797916412354,0.6775538325309753,0.6656655967235565,0.6899797916412354,5,0.5,1,10,10
IAEA_plus_45,45,25,phrase,zh,中子测量电流,58,56247,13,45,0.6772618889808655,0.6750983198483785,0.6710787355899811,0.6772618889808655,0,0.0,0,10,10
IAEA_plus_45,45,25,phrase,en,neutron measurement current,58,56247,13,45,0.7035508155822754,0.6991282900174459,0.6771908760070801,0.7035508155822754,4,0.4,3,10,10
IAEA_plus_45,45,26,core_term,zh,中子,58,60056,13,45,0.6376688480377197,0.6259249647458395,0.6175918519496918,0.6376688480377197,0,0.0,0,10,10
IAEA_plus_45,45,26,core_term,en,neutron,58,60056,13,45,0.6899797916412354,0.6775538325309753,0.6661648571491241,0.6899797916412354,5,0.5,1,10,10
IAEA_plus_45,45,26,phrase,zh,中子测量电流,58,60056,13,45,0.6772618889808655,0.6712039709091187,0.6667243778705597,0.6772618889808655,0,0.0,0,10,10
IAEA_plus_45,45,26,phrase,en,neutron measurement current,58,60056,13,45,0.7035508155822754,0.6991282900174459,0.6771908760070801,0.7035508155822754,4,0.4,3,10,10
IAEA_plus_45,45,27,core_term,zh,中子,58,56693,13,45,0.6376688480377197,0.6274608572324117,0.622068452835083,0.6376688480377197,0,0.0,0,10,10
IAEA_plus_45,45,27,core_term,en,neutron,58,56693,13,45,0.6899797916412354,0.6775538325309753,0.6662509679794312,0.6899797916412354,5,0.5,1,10,10
IAEA_plus_45,45,27,phrase,zh,中子测量电流,58,56693,13,45,0.6772618889808655,0.6750983198483785,0.6710787355899811,0.6772618889808655,0,0.0,0,10,10
IAEA_plus_45,45,27,phrase,en,neutron measurement current,58,56693,13,45,0.7035508155822754,0.6991282900174459,0.6771908760070801,0.7035508155822754,4,0.4,3,10,10
IAEA_plus_45,45,28,core_term,zh,中子,58,58761,13,45,0.6376688480377197,0.6274608572324117,0.622068452835083,0.6376688480377197,0,0.0,0,10,10
IAEA_plus_45,45,28,core_term,en,neutron,58,58761,13,45,0.6899797916412354,0.6775538325309753,0.6662509679794312,0.6899797916412354,5,0.5,1,10,10
IAEA_plus_45,45,28,phrase,zh,中子测量电流,58,58761,13,45,0.6772618889808655,0.6750983198483785,0.6710787355899811,0.6772618889808655,0,0.0,0,10,10
IAEA_plus_45,45,28,phrase,en,neutron measurement current,58,58761,13,45,0.7035508155822754,0.6991282900174459,0.6771908760070801,0.7035508155822754,4,0.4,3,10,10
IAEA_plus_45,45,29,core_term,zh,中子,58,56829,13,45,0.6376688480377197,0.6274608572324117,0.622068452835083,0.6376688480377197,0,0.0,0,10,10
IAEA_plus_45,45,29,core_term,en,neutron,58,56829,13,45,0.6899797916412354,0.6767170627911886,0.6649397373199463,0.6899797916412354,5,0.5,1,10,10
IAEA_plus_45,45,29,phrase,zh,中子测量电流,58,56829,13,45,0.6772618889808655,0.6750983198483785,0.6710787355899811,0.6772618889808655,0,0.0,0,10,10
IAEA_plus_45,45,29,phrase,en,neutron measurement current,58,56829,13,45,0.7035508155822754,0.6991282900174459,0.6767319321632386,0.7035508155822754,5,0.5,3,10,10
IAEA_plus_45,45,30,core_term,zh,中子,58,58119,13,45,0.6376688480377197,0.6274608572324117,0.622068452835083,0.6376688480377197,0,0.0,0,10,10
IAEA_plus_45,45,30,core_term,en,neutron,58,58119,13,45,0.6899797916412354,0.6775538325309753,0.6650354743003846,0.6899797916412354,5,0.5,1,10,10
IAEA_plus_45,45,30,phrase,zh,中子测量电流,58,58119,13,45,0.6772618889808655,0.6750983198483785,0.6710787355899811,0.6772618889808655,0,0.0,0,10,10
IAEA_plus_45,45,30,phrase,en,neutron measurement current,58,58119,13,45,0.7035508155822754,0.6991282900174459,0.6771908760070801,0.7035508155822754,4,0.4,3,10,10
IAEA_plus_45,45,31,core_term,zh,中子,58,58288,13,45,0.6376688480377197,0.6274608572324117,0.622068452835083,0.6376688480377197,0,0.0,0,10,10
IAEA_plus_45,45,31,core_term,en,neutron,58,58288,13,45,0.6899797916412354,0.6775538325309753,0.6662509679794312,0.6899797916412354,5,0.5,1,10,10
IAEA_plus_45,45,31,phrase,zh,中子测量电流,58,58288,13,45,0.6772618889808655,0.6750983198483785,0.6710787355899811,0.6772618889808655,0,0.0,0,10,10
IAEA_plus_45,45,31,phrase,en,neutron measurement current,58,58288,13,45,0.7035508155822754,0.6991282900174459,0.6771908760070801,0.7035508155822754,4,0.4,3,10,10
IAEA_plus_45,45,32,core_term,zh,中子,58,58387,13,45,0.6376688480377197,0.6274608572324117,0.622068452835083,0.6376688480377197,0,0.0,0,10,10
IAEA_plus_45,45,32,core_term,en,neutron,58,58387,13,45,0.6899797916412354,0.6775538325309753,0.6653629541397095,0.6899797916412354,5,0.5,1,10,10
IAEA_plus_45,45,32,phrase,zh,中子测量电流,58,58387,13,45,0.6772618889808655,0.6750983198483785,0.6710787355899811,0.6772618889808655,0,0.0,0,10,10
IAEA_plus_45,45,32,phrase,en,neutron measurement current,58,58387,13,45,0.6957577466964722,0.6816319227218628,0.6648040533065795,0.6957577466964722,6,0.6,1,10,10
IAEA_plus_45,45,33,core_term,zh,中子,58,59802,13,45,0.6376688480377197,0.6274608572324117,0.622068452835083,0.6376688480377197,0,0.0,0,10,10
IAEA_plus_45,45,33,core_term,en,neutron,58,59802,13,45,0.6899797916412354,0.6775538325309753,0.6661648571491241,0.6899797916412354,5,0.5,1,10,10
IAEA_plus_45,45,33,phrase,zh,中子测量电流,58,59802,13,45,0.6772618889808655,0.6750983198483785,0.6710787355899811,0.6772618889808655,0,0.0,0,10,10
IAEA_plus_45,45,33,phrase,en,neutron measurement current,58,59802,13,45,0.7035508155822754,0.6991282900174459,0.6771908760070801,0.7035508155822754,4,0.4,3,10,10
IAEA_plus_45,45,34,core_term,zh,中子,58,54055,13,45,0.6376688480377197,0.6274608572324117,0.622068452835083,0.6376688480377197,0,0.0,0,10,10
IAEA_plus_45,45,34,core_term,en,neutron,58,54055,13,45,0.6899797916412354,0.6775538325309753,0.6656655967235565,0.6899797916412354,5,0.5,1,10,10
IAEA_plus_45,45,34,phrase,zh,中子测量电流,58,54055,13,45,0.6772618889808655,0.6750983198483785,0.6710787355899811,0.6772618889808655,0,0.0,0,10,10
IAEA_plus_45,45,34,phrase,en,neutron measurement current,58,54055,13,45,0.7035508155822754,0.6991282900174459,0.6771908760070801,0.7035508155822754,4,0.4,3,10,10
IAEA_plus_45,45,35,core_term,zh,中子,58,51902,13,45,0.6376688480377197,0.6274608572324117,0.622068452835083,0.6376688480377197,0,0.0,0,10,10
IAEA_plus_45,45,35,core_term,en,neutron,58,51902,13,45,0.6899797916412354,0.6767170627911886,0.6639501214027405,0.6899797916412354,5,0.5,1,10,10
IAEA_plus_45,45,35,phrase,zh,中子测量电流,58,51902,13,45,0.6772618889808655,0.6750983198483785,0.6710787355899811,0.6772618889808655,0,0.0,0,10,10
IAEA_plus_45,45,35,phrase,en,neutron measurement current,58,51902,13,45,0.7035508155822754,0.6991282900174459,0.6767610549926758,0.7035508155822754,4,0.4,3,10,10
IAEA_plus_45,45,36,core_term,zh,中子,58,53113,13,45,0.6376688480377197,0.6274608572324117,0.622068452835083,0.6376688480377197,0,0.0,0,10,10
IAEA_plus_45,45,36,core_term,en,neutron,58,53113,13,45,0.6899797916412354,0.6775538325309753,0.6654585242271424,0.6899797916412354,5,0.5,1,10,10
IAEA_plus_45,45,36,phrase,zh,中子测量电流,58,53113,13,45,0.6772618889808655,0.6750983198483785,0.6710787355899811,0.6772618889808655,0,0.0,0,10,10
IAEA_plus_45,45,36,phrase,en,neutron measurement current,58,53113,13,45,0.7035508155822754,0.6991282900174459,0.6771908760070801,0.7035508155822754,4,0.4,3,10,10
IAEA_plus_45,45,37,core_term,zh,中子,58,56344,13,45,0.6376688480377197,0.6274608572324117,0.622068452835083,0.6376688480377197,0,0.0,0,10,10
IAEA_plus_45,45,37,core_term,en,neutron,58,56344,13,45,0.6899797916412354,0.6775538325309753,0.6654585301876068,0.6899797916412354,5,0.5,1,10,10
IAEA_plus_45,45,37,phrase,zh,中子测量电流,58,56344,13,45,0.6772618889808655,0.6750983198483785,0.6710787355899811,0.6772618889808655,0,0.0,0,10,10
IAEA_plus_45,45,37,phrase,en,neutron measurement current,58,56344,13,45,0.7035508155822754,0.6991282900174459,0.6771908760070801,0.7035508155822754,4,0.4,3,10,10
IAEA_plus_45,45,38,core_term,zh,中子,58,58018,13,45,0.6376688480377197,0.6274608572324117,0.622068452835083,0.6376688480377197,0,0.0,0,10,10
IAEA_plus_45,45,38,core_term,en,neutron,58,58018,13,45,0.6899797916412354,0.6775538325309753,0.6662509679794312,0.6899797916412354,5,0.5,1,10,10
IAEA_plus_45,45,38,phrase,zh,中子测量电流,58,58018,13,45,0.6772618889808655,0.6750983198483785,0.6708976626396179,0.6772618889808655,0,0.0,0,10,10
IAEA_plus_45,45,38,phrase,en,neutron measurement current,58,58018,13,45,0.7035508155822754,0.6991282900174459,0.6771908760070801,0.7035508155822754,4,0.4,3,10,10
IAEA_plus_45,45,39,core_term,zh,中子,58,55724,13,45,0.6376688480377197,0.6274608572324117,0.622068452835083,0.6376688480377197,0,0.0,0,10,10
IAEA_plus_45,45,39,core_term,en,neutron,58,55724,13,45,0.6899797916412354,0.6775538325309753,0.6662509679794312,0.6899797916412354,5,0.5,1,10,10
IAEA_plus_45,45,39,phrase,zh,中子测量电流,58,55724,13,45,0.6772618889808655,0.6750983198483785,0.6710787355899811,0.6772618889808655,0,0.0,0,10,10
IAEA_plus_45,45,39,phrase,en,neutron measurement current,58,55724,13,45,0.7035508155822754,0.6991282900174459,0.6771908760070801,0.7035508155822754,4,0.4,3,10,10
IAEA_plus_45,45,40,core_term,zh,中子,58,55916,13,45,0.6376688480377197,0.6259249647458395,0.6175918519496918,0.6376688480377197,0,0.0,0,10,10
IAEA_plus_45,45,40,core_term,en,neutron,58,55916,13,45,0.6899797916412354,0.6775538325309753,0.6662509679794312,0.6899797916412354,5,0.5,1,10,10
IAEA_plus_45,45,40,phrase,zh,中子测量电流,58,55916,13,45,0.6772618889808655,0.6712039709091187,0.6665949940681457,0.6772618889808655,0,0.0,0,10,10
IAEA_plus_45,45,40,phrase,en,neutron measurement current,58,55916,13,45,0.7035508155822754,0.6991282900174459,0.6771908760070801,0.7035508155822754,4,0.4,3,10,10
IAEA_plus_45,45,41,core_term,zh,中子,58,59351,13,45,0.6376688480377197,0.6274608572324117,0.622068452835083,0.6376688480377197,0,0.0,0,10,10
IAEA_plus_45,45,41,core_term,en,neutron,58,59351,13,45,0.6899797916412354,0.6775538325309753,0.6662509679794312,0.6899797916412354,5,0.5,1,10,10
IAEA_plus_45,45,41,phrase,zh,中子测量电流,58,59351,13,45,0.6772618889808655,0.6750983198483785,0.6710787355899811,0.6772618889808655,0,0.0,0,10,10
IAEA_plus_45,45,41,phrase,en,neutron measurement current,58,59351,13,45,0.7035508155822754,0.6991282900174459,0.6771908760070801,0.7035508155822754,4,0.4,3,10,10
IAEA_plus_45,45,42,core_term,zh,中子,58,55340,13,45,0.6376688480377197,0.6274608572324117,0.622068452835083,0.6376688480377197,0,0.0,0,10,10
IAEA_plus_45,45,42,core_term,en,neutron,58,55340,13,45,0.6899797916412354,0.6775538325309753,0.6662509679794312,0.6899797916412354,5,0.5,1,10,10
IAEA_plus_45,45,42,phrase,zh,中子测量电流,58,55340,13,45,0.6772618889808655,0.6750983198483785,0.6710787355899811,0.6772618889808655,0,0.0,0,10,10
IAEA_plus_45,45,42,phrase,en,neutron measurement current,58,55340,13,45,0.7035508155822754,0.6991282900174459,0.6771908760070801,0.7035508155822754,4,0.4,3,10,10
IAEA_plus_45,45,43,core_term,zh,中子,58,52600,13,45,0.6376688480377197,0.6274608572324117,0.622068452835083,0.6376688480377197,0,0.0,0,10,10
IAEA_plus_45,45,43,core_term,en,neutron,58,52600,13,45,0.6899797916412354,0.6775538325309753,0.6656655967235565,0.6899797916412354,5,0.5,1,10,10
IAEA_plus_45,45,43,phrase,zh,中子测量电流,58,52600,13,45,0.6772618889808655,0.6750983198483785,0.6710787355899811,0.6772618889808655,0,0.0,0,10,10
IAEA_plus_45,45,43,phrase,en,neutron measurement current,58,52600,13,45,0.7035508155822754,0.6991282900174459,0.6771908760070801,0.7035508155822754,4,0.4,3,10,10
IAEA_plus_45,45,44,core_term,zh,中子,58,57492,13,45,0.6376688480377197,0.6274608572324117,0.622068452835083,0.6376688480377197,0,0.0,0,10,10
IAEA_plus_45,45,44,core_term,en,neutron,58,57492,13,45,0.6899797916412354,0.6767170627911886,0.6649397373199463,0.6899797916412354,5,0.5,1,10,10
IAEA_plus_45,45,44,phrase,zh,中子测量电流,58,57492,13,45,0.6772618889808655,0.6750983198483785,0.6710787355899811,0.6772618889808655,0,0.0,0,10,10
IAEA_plus_45,45,44,phrase,en,neutron measurement current,58,57492,13,45,0.7035508155822754,0.6991282900174459,0.6767610549926758,0.7035508155822754,4,0.4,3,10,10
IAEA_plus_45,45,45,core_term,zh,中子,58,55556,13,45,0.6376688480377197,0.6274608572324117,0.622068452835083,0.6376688480377197,0,0.0,0,10,10
IAEA_plus_45,45,45,core_term,en,neutron,58,55556,13,45,0.6899797916412354,0.6775538325309753,0.6654585242271424,0.6899797916412354,5,0.5,1,10,10
IAEA_plus_45,45,45,phrase,zh,中子测量电流,58,55556,13,45,0.6772618889808655,0.6750983198483785,0.6710787355899811,0.6772618889808655,0,0.0,0,10,10
IAEA_plus_45,45,45,phrase,en,neutron measurement current,58,55556,13,45,0.7035508155822754,0.6991282900174459,0.6771908760070801,0.7035508155822754,4,0.4,3,10,10
IAEA_plus_45,45,46,core_term,zh,中子,58,54359,13,45,0.6376688480377197,0.6274608572324117,0.622068452835083,0.6376688480377197,0,0.0,0,10,10
IAEA_plus_45,45,46,core_term,en,neutron,58,54359,13,45,0.6899797916412354,0.6767170627911886,0.6649397373199463,0.6899797916412354,5,0.5,1,10,10
IAEA_plus_45,45,46,phrase,zh,中子测量电流,58,54359,13,45,0.6772618889808655,0.6750983198483785,0.6710787355899811,0.6772618889808655,0,0.0,0,10,10
IAEA_plus_45,45,46,phrase,en,neutron measurement current,58,54359,13,45,0.7035508155822754,0.6991282900174459,0.6767610549926758,0.7035508155822754,4,0.4,3,10,10
IAEA_plus_45,45,47,core_term,zh,中子,58,58167,13,45,0.6376688480377197,0.6274608572324117,0.622068452835083,0.6376688480377197,0,0.0,0,10,10
IAEA_plus_45,45,47,core_term,en,neutron,58,58167,13,45,0.6899797916412354,0.6775538325309753,0.6662509679794312,0.6899797916412354,5,0.5,1,10,10
IAEA_plus_45,45,47,phrase,zh,中子测量电流,58,58167,13,45,0.6772618889808655,0.6750983198483785,0.6710787355899811,0.6772618889808655,0,0.0,0,10,10
IAEA_plus_45,45,47,phrase,en,neutron measurement current,58,58167,13,45,0.7035508155822754,0.6991282900174459,0.6771908760070801,0.7035508155822754,4,0.4,3,10,10
IAEA_plus_45,45,48,core_term,zh,中子,58,52437,13,45,0.6228203177452087,0.6219706535339355,0.61971395611763,0.6228203177452087,0,0.0,0,10,10
IAEA_plus_45,45,48,core_term,en,neutron,58,52437,13,45,0.6899797916412354,0.6775538325309753,0.6654585242271424,0.6899797916412354,5,0.5,1,10,10
IAEA_plus_45,45,48,phrase,zh,中子测量电流,58,52437,13,45,0.674386739730835,0.6738664507865906,0.6701100587844848,0.674386739730835,0,0.0,0,10,10
IAEA_plus_45,45,48,phrase,en,neutron measurement current,58,52437,13,45,0.7035508155822754,0.6991282900174459,0.6771908760070801,0.7035508155822754,4,0.4,3,10,10
IAEA_plus_45,45,49,core_term,zh,中子,58,53334,13,45,0.6376688480377197,0.6259249647458395,0.6175918519496918,0.6376688480377197,0,0.0,0,10,10
IAEA_plus_45,45,49,core_term,en,neutron,58,53334,13,45,0.6899797916412354,0.6775538325309753,0.6656655967235565,0.6899797916412354,5,0.5,1,10,10
IAEA_plus_45,45,49,phrase,zh,中子测量电流,58,53334,13,45,0.6772618889808655,0.6712039709091187,0.6667243778705597,0.6772618889808655,0,0.0,0,10,10
IAEA_plus_45,45,49,phrase,en,neutron measurement current,58,53334,13,45,0.7035508155822754,0.6991282900174459,0.6771908760070801,0.7035508155822754,4,0.4,3,10,10
IAEA_plus_45,45,50,core_term,zh,中子,58,58070,13,45,0.6376688480377197,0.6274608572324117,0.622068452835083,0.6376688480377197,0,0.0,0,10,10
IAEA_plus_45,45,50,core_term,en,neutron,58,58070,13,45,0.6899797916412354,0.6775538325309753,0.6662509679794312,0.6899797916412354,5,0.5,1,10,10
IAEA_plus_45,45,50,phrase,zh,中子测量电流,58,58070,13,45,0.6772618889808655,0.6750983198483785,0.6710787355899811,0.6772618889808655,0,0.0,0,10,10
IAEA_plus_45,45,50,phrase,en,neutron measurement current,58,58070,13,45,0.7035508155822754,0.6991282900174459,0.6771908760070801,0.7035508155822754,4,0.4,3,10,10
IAEA_plus_45,45,51,core_term,zh,中子,58,57875,13,45,0.6376688480377197,0.6274608572324117,0.622068452835083,0.6376688480377197,0,0.0,0,10,10
IAEA_plus_45,45,51,core_term,en,neutron,58,57875,13,45,0.6899797916412354,0.6775538325309753,0.6662509679794312,0.6899797916412354,5,0.5,1,10,10
IAEA_plus_45,45,51,phrase,zh,中子测量电流,58,57875,13,45,0.6772618889808655,0.6750983198483785,0.6708976626396179,0.6772618889808655,0,0.0,0,10,10
IAEA_plus_45,45,51,phrase,en,neutron measurement current,58,57875,13,45,0.7035508155822754,0.6991282900174459,0.6771908760070801,0.7035508155822754,4,0.4,3,10,10
IAEA_plus_45,45,52,core_term,zh,中子,58,56151,13,45,0.6376688480377197,0.6274608572324117,0.622068452835083,0.6376688480377197,0,0.0,0,10,10
IAEA_plus_45,45,52,core_term,en,neutron,58,56151,13,45,0.6899797916412354,0.6775538325309753,0.6654585242271424,0.6899797916412354,5,0.5,1,10,10
IAEA_plus_45,45,52,phrase,zh,中子测量电流,58,56151,13,45,0.6772618889808655,0.6750983198483785,0.6710787355899811,0.6772618889808655,0,0.0,0,10,10
IAEA_plus_45,45,52,phrase,en,neutron measurement current,58,56151,13,45,0.7035508155822754,0.6991282900174459,0.6771908760070801,0.7035508155822754,4,0.4,3,10,10
IAEA_plus_45,45,53,core_term,zh,中子,58,47244,13,45,0.6376688480377197,0.6274608572324117,0.622068452835083,0.6376688480377197,0,0.0,0,10,10
IAEA_plus_45,45,53,core_term,en,neutron,58,47244,13,45,0.6899797916412354,0.6767170627911886,0.6641571938991546,0.6899797916412354,5,0.5,1,10,10
IAEA_plus_45,45,53,phrase,zh,中子测量电流,58,47244,13,45,0.6772618889808655,0.6750983198483785,0.6710787355899811,0.6772618889808655,0,0.0,0,10,10
IAEA_plus_45,45,53,phrase,en,neutron measurement current,58,47244,13,45,0.7035508155822754,0.6991282900174459,0.6767610549926758,0.7035508155822754,4,0.4,3,10,10
IAEA_plus_45,45,54,core_term,zh,中子,58,60784,13,45,0.6376688480377197,0.6274608572324117,0.622068452835083,0.6376688480377197,0,0.0,0,10,10
IAEA_plus_45,45,54,core_term,en,neutron,58,60784,13,45,0.6899797916412354,0.6775538325309753,0.6662509679794312,0.6899797916412354,5,0.5,1,10,10
IAEA_plus_45,45,54,phrase,zh,中子测量电流,58,60784,13,45,0.6772618889808655,0.6750983198483785,0.6710787355899811,0.6772618889808655,0,0.0,0,10,10
IAEA_plus_45,45,54,phrase,en,neutron measurement current,58,60784,13,45,0.7035508155822754,0.6991282900174459,0.6771908760070801,0.7035508155822754,4,0.4,3,10,10
IAEA_plus_45,45,55,core_term,zh,中子,58,60155,13,45,0.6376688480377197,0.6274608572324117,0.622068452835083,0.6376688480377197,0,0.0,0,10,10
IAEA_plus_45,45,55,core_term,en,neutron,58,60155,13,45,0.6899797916412354,0.6775538325309753,0.6662509679794312,0.6899797916412354,5,0.5,1,10,10
IAEA_plus_45,45,55,phrase,zh,中子测量电流,58,60155,13,45,0.6772618889808655,0.6750983198483785,0.6710787355899811,0.6772618889808655,0,0.0,0,10,10
IAEA_plus_45,45,55,phrase,en,neutron measurement current,58,60155,13,45,0.7035508155822754,0.6991282900174459,0.6771908760070801,0.7035508155822754,4,0.4,3,10,10
IAEA_plus_45,45,56,core_term,zh,中子,58,54430,13,45,0.6376688480377197,0.6274608572324117,0.622068452835083,0.6376688480377197,0,0.0,0,10,10
IAEA_plus_45,45,56,core_term,en,neutron,58,54430,13,45,0.6899797916412354,0.6775538325309753,0.6662509679794312,0.6899797916412354,5,0.5,1,10,10
IAEA_plus_45,45,56,phrase,zh,中子测量电流,58,54430,13,45,0.6772618889808655,0.6750983198483785,0.6710787355899811,0.6772618889808655,0,0.0,0,10,10
IAEA_plus_45,45,56,phrase,en,neutron measurement current,58,54430,13,45,0.7035508155822754,0.6991282900174459,0.6771908760070801,0.7035508155822754,4,0.4,3,10,10
IAEA_plus_45,45,57,core_term,zh,中子,58,53092,13,45,0.6376688480377197,0.6274608572324117,0.622068452835083,0.6376688480377197,0,0.0,0,10,10
IAEA_plus_45,45,57,core_term,en,neutron,58,53092,13,45,0.6899797916412354,0.6775538325309753,0.6661648571491241,0.6899797916412354,5,0.5,1,10,10
IAEA_plus_45,45,57,phrase,zh,中子测量电流,58,53092,13,45,0.6772618889808655,0.6750983198483785,0.6710787355899811,0.6772618889808655,0,0.0,0,10,10
IAEA_plus_45,45,57,phrase,en,neutron measurement current,58,53092,13,45,0.7035508155822754,0.6991282900174459,0.6771908760070801,0.7035508155822754,4,0.4,3,10,10
IAEA_plus_45,45,58,core_term,zh,中子,58,55225,13,45,0.6376688480377197,0.6274608572324117,0.622068452835083,0.6376688480377197,0,0.0,0,10,10
IAEA_plus_45,45,58,core_term,en,neutron,58,55225,13,45,0.6899797916412354,0.6775538325309753,0.6662509679794312,0.6899797916412354,5,0.5,1,10,10
IAEA_plus_45,45,58,phrase,zh,中子测量电流,58,55225,13,45,0.6772618889808655,0.6750983198483785,0.6710787355899811,0.6772618889808655,0,0.0,0,10,10
IAEA_plus_45,45,58,phrase,en,neutron measurement current,58,55225,13,45,0.7035508155822754,0.6991282900174459,0.6771908760070801,0.7035508155822754,4,0.4,3,10,10
IAEA_plus_45,45,59,core_term,zh,中子,58,59257,13,45,0.6376688480377197,0.6274608572324117,0.622068452835083,0.6376688480377197,0,0.0,0,10,10
IAEA_plus_45,45,59,core_term,en,neutron,58,59257,13,45,0.6899797916412354,0.6775538325309753,0.6662509679794312,0.6899797916412354,5,0.5,1,10,10
IAEA_plus_45,45,59,phrase,zh,中子测量电流,58,59257,13,45,0.6772618889808655,0.6750983198483785,0.6710787355899811,0.6772618889808655,0,0.0,0,10,10
IAEA_plus_45,45,59,phrase,en,neutron measurement current,58,59257,13,45,0.7035508155822754,0.6991282900174459,0.6771908760070801,0.7035508155822754,4,0.4,3,10,10
IAEA_plus_45,45,60,core_term,zh,中子,58,58324,13,45,0.6376688480377197,0.6259249647458395,0.6175918519496918,0.6376688480377197,0,0.0,0,10,10
IAEA_plus_45,45,60,core_term,en,neutron,58,58324,13,45,0.6899797916412354,0.6775538325309753,0.6662509679794312,0.6899797916412354,5,0.5,1,10,10
IAEA_plus_45,45,60,phrase,zh,中子测量电流,58,58324,13,45,0.6772618889808655,0.6712039709091187,0.6665949940681457,0.6772618889808655,0,0.0,0,10,10
IAEA_plus_45,45,60,phrase,en,neutron measurement current,58,58324,13,45,0.7035508155822754,0.6991282900174459,0.6771908760070801,0.7035508155822754,4,0.4,3,10,10
IAEA_plus_45,45,61,core_term,zh,中子,58,60380,13,45,0.6376688480377197,0.6274608572324117,0.622068452835083,0.6376688480377197,0,0.0,0,10,10
IAEA_plus_45,45,61,core_term,en,neutron,58,60380,13,45,0.6899797916412354,0.6775538325309753,0.6661919593811035,0.6899797916412354,5,0.5,1,10,10
IAEA_plus_45,45,61,phrase,zh,中子测量电流,58,60380,13,45,0.6772618889808655,0.6750983198483785,0.6710787355899811,0.6772618889808655,0,0.0,0,10,10
IAEA_plus_45,45,61,phrase,en,neutron measurement current,58,60380,13,45,0.6957577466964722,0.6816319227218628,0.6648040533065795,0.6957577466964722,6,0.6,1,10,10
IAEA_plus_45,45,62,core_term,zh,中子,58,58326,13,45,0.6228203177452087,0.6219706535339355,0.61971395611763,0.6228203177452087,0,0.0,0,10,10
IAEA_plus_45,45,62,core_term,en,neutron,58,58326,13,45,0.6899797916412354,0.6775538325309753,0.6661648571491241,0.6899797916412354,5,0.5,1,10,10
IAEA_plus_45,45,62,phrase,zh,中子测量电流,58,58326,13,45,0.674386739730835,0.6738664507865906,0.6701100587844848,0.674386739730835,0,0.0,0,10,10
IAEA_plus_45,45,62,phrase,en,neutron measurement current,58,58326,13,45,0.7035508155822754,0.6991282900174459,0.6771908760070801,0.7035508155822754,4,0.4,3,10,10
IAEA_plus_45,45,63,core_term,zh,中子,58,58445,13,45,0.6376688480377197,0.6274608572324117,0.622068452835083,0.6376688480377197,0,0.0,0,10,10
IAEA_plus_45,45,63,core_term,en,neutron,58,58445,13,45,0.6899797916412354,0.6775538325309753,0.6662509679794312,0.6899797916412354,5,0.5,1,10,10
IAEA_plus_45,45,63,phrase,zh,中子测量电流,58,58445,13,45,0.6772618889808655,0.6750983198483785,0.6710787355899811,0.6772618889808655,0,0.0,0,10,10
IAEA_plus_45,45,63,phrase,en,neutron measurement current,58,58445,13,45,0.7035508155822754,0.6991282900174459,0.6771908760070801,0.7035508155822754,4,0.4,3,10,10
IAEA_plus_45,45,64,core_term,zh,中子,58,57486,13,45,0.6376688480377197,0.6274608572324117,0.622068452835083,0.6376688480377197,0,0.0,0,10,10
IAEA_plus_45,45,64,core_term,en,neutron,58,57486,13,45,0.6899797916412354,0.6775538325309753,0.6662509679794312,0.6899797916412354,5,0.5,1,10,10
IAEA_plus_45,45,64,phrase,zh,中子测量电流,58,57486,13,45,0.6772618889808655,0.6750983198483785,0.6710787355899811,0.6772618889808655,0,0.0,0,10,10
IAEA_plus_45,45,64,phrase,en,neutron measurement current,58,57486,13,45,0.7035508155822754,0.6991282900174459,0.6771908760070801,0.7035508155822754,4,0.4,3,10,10
IAEA_plus_45,45,65,core_term,zh,中子,58,60101,13,45,0.6376688480377197,0.6274608572324117,0.622068452835083,0.6376688480377197,0,0.0,0,10,10
IAEA_plus_45,45,65,core_term,en,neutron,58,60101,13,45,0.6899797916412354,0.6775538325309753,0.6662509679794312,0.6899797916412354,5,0.5,1,10,10
IAEA_plus_45,45,65,phrase,zh,中子测量电流,58,60101,13,45,0.6772618889808655,0.6750983198483785,0.6710787355899811,0.6772618889808655,0,0.0,0,10,10
IAEA_plus_45,45,65,phrase,en,neutron measurement current,58,60101,13,45,0.7035508155822754,0.6991282900174459,0.6771908760070801,0.7035508155822754,4,0.4,3,10,10
IAEA_plus_45,45,66,core_term,zh,中子,58,53220,13,45,0.6376688480377197,0.6274608572324117,0.622068452835083,0.6376688480377197,0,0.0,0,10,10
IAEA_plus_45,45,66,core_term,en,neutron,58,53220,13,45,0.6899797916412354,0.6775538325309753,0.6662509679794312,0.6899797916412354,5,0.5,1,10,10
IAEA_plus_45,45,66,phrase,zh,中子测量电流,58,53220,13,45,0.6772618889808655,0.6750983198483785,0.6710787355899811,0.6772618889808655,0,0.0,0,10,10
IAEA_plus_45,45,66,phrase,en,neutron measurement current,58,53220,13,45,0.7035508155822754,0.6991282900174459,0.6771908760070801,0.7035508155822754,4,0.4,3,10,10
IAEA_plus_45,45,67,core_term,zh,中子,58,55778,13,45,0.6376688480377197,0.6274608572324117,0.622068452835083,0.6376688480377197,0,0.0,0,10,10
IAEA_plus_45,45,67,core_term,en,neutron,58,55778,13,45,0.6899797916412354,0.6775538325309753,0.6654585242271424,0.6899797916412354,5,0.5,1,10,10
IAEA_plus_45,45,67,phrase,zh,中子测量电流,58,55778,13,45,0.6772618889808655,0.6750983198483785,0.6710787355899811,0.6772618889808655,0,0.0,0,10,10
IAEA_plus_45,45,67,phrase,en,neutron measurement current,58,55778,13,45,0.7035508155822754,0.6991282900174459,0.6771908760070801,0.7035508155822754,4,0.4,3,10,10
IAEA_plus_45,45,68,core_term,zh,中子,58,57176,13,45,0.6376688480377197,0.6274608572324117,0.622068452835083,0.6376688480377197,0,0.0,0,10,10
IAEA_plus_45,45,68,core_term,en,neutron,58,57176,13,45,0.6899797916412354,0.6767170627911886,0.6646835565567016,0.6899797916412354,5,0.5,1,10,10
IAEA_plus_45,45,68,phrase,zh,中子测量电流,58,57176,13,45,0.6772618889808655,0.6750983198483785,0.6710787355899811,0.6772618889808655,0,0.0,0,10,10
IAEA_plus_45,45,68,phrase,en,neutron measurement current,58,57176,13,45,0.6957577466964722,0.6816319227218628,0.6631497085094452,0.6957577466964722,7,0.7,1,10,10
IAEA_plus_45,45,69,core_term,zh,中子,58,60421,13,45,0.6376688480377197,0.6274608572324117,0.622068452835083,0.6376688480377197,0,0.0,0,10,10
IAEA_plus_45,45,69,core_term,en,neutron,58,60421,13,45,0.6899797916412354,0.6775538325309753,0.6662509679794312,0.6899797916412354,5,0.5,1,10,10
IAEA_plus_45,45,69,phrase,zh,中子测量电流,58,60421,13,45,0.6772618889808655,0.6750983198483785,0.6710787355899811,0.6772618889808655,0,0.0,0,10,10
IAEA_plus_45,45,69,phrase,en,neutron measurement current,58,60421,13,45,0.7035508155822754,0.6991282900174459,0.6771908760070801,0.7035508155822754,4,0.4,3,10,10
IAEA_plus_45,45,70,core_term,zh,中子,58,57566,13,45,0.6376688480377197,0.6274608572324117,0.622068452835083,0.6376688480377197,0,0.0,0,10,10
IAEA_plus_45,45,70,core_term,en,neutron,58,57566,13,45,0.6899797916412354,0.6775538325309753,0.6662509679794312,0.6899797916412354,5,0.5,1,10,10
IAEA_plus_45,45,70,phrase,zh,中子测量电流,58,57566,13,45,0.6772618889808655,0.6750983198483785,0.6710787355899811,0.6772618889808655,0,0.0,0,10,10
IAEA_plus_45,45,70,phrase,en,neutron measurement current,58,57566,13,45,0.7035508155822754,0.6991282900174459,0.6771908760070801,0.7035508155822754,4,0.4,3,10,10
IAEA_plus_45,45,71,core_term,zh,中子,58,59278,13,45,0.6376688480377197,0.6274608572324117,0.622068452835083,0.6376688480377197,0,0.0,0,10,10
IAEA_plus_45,45,71,core_term,en,neutron,58,59278,13,45,0.6899797916412354,0.6775538325309753,0.6661648571491241,0.6899797916412354,5,0.5,1,10,10
IAEA_plus_45,45,71,phrase,zh,中子测量电流,58,59278,13,45,0.6772618889808655,0.6750983198483785,0.6710787355899811,0.6772618889808655,0,0.0,0,10,10
IAEA_plus_45,45,71,phrase,en,neutron measurement current,58,59278,13,45,0.7035508155822754,0.6991282900174459,0.6771908760070801,0.7035508155822754,4,0.4,3,10,10
IAEA_plus_45,45,72,core_term,zh,中子,58,52300,13,45,0.6376688480377197,0.6274608572324117,0.622068452835083,0.6376688480377197,0,0.0,0,10,10
IAEA_plus_45,45,72,core_term,en,neutron,58,52300,13,45,0.6899797916412354,0.6775538325309753,0.6656655967235565,0.6899797916412354,5,0.5,1,10,10
IAEA_plus_45,45,72,phrase,zh,中子测量电流,58,52300,13,45,0.6772618889808655,0.6750983198483785,0.6710787355899811,0.6772618889808655,0,0.0,0,10,10
IAEA_plus_45,45,72,phrase,en,neutron measurement current,58,52300,13,45,0.7035508155822754,0.6991282900174459,0.6771908760070801,0.7035508155822754,4,0.4,3,10,10
IAEA_plus_45,45,73,core_term,zh,中子,58,51834,13,45,0.6376688480377197,0.6274608572324117,0.622068452835083,0.6376688480377197,0,0.0,0,10,10
IAEA_plus_45,45,73,core_term,en,neutron,58,51834,13,45,0.6899797916412354,0.6775538325309753,0.6654585242271424,0.6899797916412354,5,0.5,1,10,10
IAEA_plus_45,45,73,phrase,zh,中子测量电流,58,51834,13,45,0.6772618889808655,0.6750983198483785,0.6710787355899811,0.6772618889808655,0,0.0,0,10,10
IAEA_plus_45,45,73,phrase,en,neutron measurement current,58,51834,13,45,0.7035508155822754,0.6991282900174459,0.6771908760070801,0.7035508155822754,4,0.4,3,10,10
IAEA_plus_45,45,74,core_term,zh,中子,58,60421,13,45,0.6376688480377197,0.6274608572324117,0.622068452835083,0.6376688480377197,0,0.0,0,10,10
IAEA_plus_45,45,74,core_term,en,neutron,58,60421,13,45,0.6899797916412354,0.6775538325309753,0.6654967308044434,0.6899797916412354,6,0.6,1,10,10
IAEA_plus_45,45,74,phrase,zh,中子测量电流,58,60421,13,45,0.6772618889808655,0.6750983198483785,0.6708976626396179,0.6772618889808655,0,0.0,0,10,10
IAEA_plus_45,45,74,phrase,en,neutron measurement current,58,60421,13,45,0.6957577466964722,0.6816319227218628,0.6648040533065795,0.6957577466964722,6,0.6,1,10,10
IAEA_plus_45,45,75,core_term,zh,中子,58,60564,13,45,0.6376688480377197,0.6274608572324117,0.622068452835083,0.6376688480377197,0,0.0,0,10,10
IAEA_plus_45,45,75,core_term,en,neutron,58,60564,13,45,0.6899797916412354,0.6775538325309753,0.6661648571491241,0.6899797916412354,5,0.5,1,10,10
IAEA_plus_45,45,75,phrase,zh,中子测量电流,58,60564,13,45,0.6772618889808655,0.6750983198483785,0.6710787355899811,0.6772618889808655,0,0.0,0,10,10
IAEA_plus_45,45,75,phrase,en,neutron measurement current,58,60564,13,45,0.7035508155822754,0.6991282900174459,0.6771908760070801,0.7035508155822754,4,0.4,3,10,10
IAEA_plus_45,45,76,core_term,zh,中子,58,55608,13,45,0.6376688480377197,0.6274608572324117,0.622068452835083,0.6376688480377197,0,0.0,0,10,10
IAEA_plus_45,45,76,core_term,en,neutron,58,55608,13,45,0.6899797916412354,0.6775538325309753,0.6650354743003846,0.6899797916412354,5,0.5,1,10,10
IAEA_plus_45,45,76,phrase,zh,中子测量电流,58,55608,13,45,0.6772618889808655,0.6750983198483785,0.6710787355899811,0.6772618889808655,0,0.0,0,10,10
IAEA_plus_45,45,76,phrase,en,neutron measurement current,58,55608,13,45,0.7035508155822754,0.6991282900174459,0.6771908760070801,0.7035508155822754,4,0.4,3,10,10
IAEA_plus_45,45,77,core_term,zh,中子,58,58067,13,45,0.6228203177452087,0.6219706535339355,0.61971395611763,0.6228203177452087,0,0.0,0,10,10
IAEA_plus_45,45,77,core_term,en,neutron,58,58067,13,45,0.6899797916412354,0.6775538325309753,0.6662509679794312,0.6899797916412354,5,0.5,1,10,10
IAEA_plus_45,45,77,phrase,zh,中子测量电流,58,58067,13,45,0.674386739730835,0.6738664507865906,0.6701100587844848,0.674386739730835,0,0.0,0,10,10
IAEA_plus_45,45,77,phrase,en,neutron measurement current,58,58067,13,45,0.7035508155822754,0.6991282900174459,0.6771908760070801,0.7035508155822754,4,0.4,3,10,10
IAEA_plus_45,45,78,core_term,zh,中子,58,54042,13,45,0.6376688480377197,0.6274608572324117,0.622068452835083,0.6376688480377197,0,0.0,0,10,10
IAEA_plus_45,45,78,core_term,en,neutron,58,54042,13,45,0.6899797916412354,0.6775538325309753,0.6662509679794312,0.6899797916412354,5,0.5,1,10,10
IAEA_plus_45,45,78,phrase,zh,中子测量电流,58,54042,13,45,0.6772618889808655,0.6750983198483785,0.6710787355899811,0.6772618889808655,0,0.0,0,10,10
IAEA_plus_45,45,78,phrase,en,neutron measurement current,58,54042,13,45,0.7035508155822754,0.6991282900174459,0.6771908760070801,0.7035508155822754,4,0.4,3,10,10
IAEA_plus_45,45,79,core_term,zh,中子,58,58353,13,45,0.6376688480377197,0.6274608572324117,0.622068452835083,0.6376688480377197,0,0.0,0,10,10
IAEA_plus_45,45,79,core_term,en,neutron,58,58353,13,45,0.6899797916412354,0.6775538325309753,0.6662509679794312,0.6899797916412354,5,0.5,1,10,10
IAEA_plus_45,45,79,phrase,zh,中子测量电流,58,58353,13,45,0.6772618889808655,0.6750983198483785,0.6708976626396179,0.6772618889808655,0,0.0,0,10,10
IAEA_plus_45,45,79,phrase,en,neutron measurement current,58,58353,13,45,0.7035508155822754,0.6991282900174459,0.6771908760070801,0.7035508155822754,4,0.4,3,10,10
IAEA_plus_45,45,80,core_term,zh,中子,58,58290,13,45,0.6376688480377197,0.6274608572324117,0.622068452835083,0.6376688480377197,0,0.0,0,10,10
IAEA_plus_45,45,80,core_term,en,neutron,58,58290,13,45,0.6899797916412354,0.6775538325309753,0.6661648571491241,0.6899797916412354,5,0.5,1,10,10
IAEA_plus_45,45,80,phrase,zh,中子测量电流,58,58290,13,45,0.6772618889808655,0.6750983198483785,0.6710787355899811,0.6772618889808655,0,0.0,0,10,10
IAEA_plus_45,45,80,phrase,en,neutron measurement current,58,58290,13,45,0.7035508155822754,0.6991282900174459,0.6771908760070801,0.7035508155822754,4,0.4,3,10,10
IAEA_plus_45,45,81,core_term,zh,中子,58,58377,13,45,0.6376688480377197,0.6259249647458395,0.6175918519496918,0.6376688480377197,0,0.0,0,10,10
IAEA_plus_45,45,81,core_term,en,neutron,58,58377,13,45,0.6899797916412354,0.6775538325309753,0.6662509679794312,0.6899797916412354,5,0.5,1,10,10
IAEA_plus_45,45,81,phrase,zh,中子测量电流,58,58377,13,45,0.6772618889808655,0.6712039709091187,0.6665949940681457,0.6772618889808655,0,0.0,0,10,10
IAEA_plus_45,45,81,phrase,en,neutron measurement current,58,58377,13,45,0.7035508155822754,0.6991282900174459,0.6771908760070801,0.7035508155822754,4,0.4,3,10,10
IAEA_plus_45,45,82,core_term,zh,中子,58,48290,13,45,0.6376688480377197,0.6274608572324117,0.622068452835083,0.6376688480377197,0,0.0,0,10,10
IAEA_plus_45,45,82,core_term,en,neutron,58,48290,13,45,0.6899797916412354,0.6775538325309753,0.6656655967235565,0.6899797916412354,5,0.5,1,10,10
IAEA_plus_45,45,82,phrase,zh,中子测量电流,58,48290,13,45,0.6772618889808655,0.6750983198483785,0.6710787355899811,0.6772618889808655,0,0.0,0,10,10
IAEA_plus_45,45,82,phrase,en,neutron measurement current,58,48290,13,45,0.7035508155822754,0.6991282900174459,0.6771908760070801,0.7035508155822754,4,0.4,3,10,10
IAEA_plus_45,45,83,core_term,zh,中子,58,55705,13,45,0.6376688480377197,0.6259249647458395,0.6175918519496918,0.6376688480377197,0,0.0,0,10,10
IAEA_plus_45,45,83,core_term,en,neutron,58,55705,13,45,0.6899797916412354,0.6775538325309753,0.6662509679794312,0.6899797916412354,5,0.5,1,10,10
IAEA_plus_45,45,83,phrase,zh,中子测量电流,58,55705,13,45,0.6772618889808655,0.6712039709091187,0.6667243778705597,0.6772618889808655,0,0.0,0,10,10
IAEA_plus_45,45,83,phrase,en,neutron measurement current,58,55705,13,45,0.7035508155822754,0.6991282900174459,0.6771908760070801,0.7035508155822754,4,0.4,3,10,10
IAEA_plus_45,45,84,core_term,zh,中子,58,52273,13,45,0.6376688480377197,0.6274608572324117,0.622068452835083,0.6376688480377197,0,0.0,0,10,10
IAEA_plus_45,45,84,core_term,en,neutron,58,52273,13,45,0.6899797916412354,0.6775538325309753,0.6656655967235565,0.6899797916412354,5,0.5,1,10,10
IAEA_plus_45,45,84,phrase,zh,中子测量电流,58,52273,13,45,0.6772618889808655,0.6750983198483785,0.6710787355899811,0.6772618889808655,0,0.0,0,10,10
IAEA_plus_45,45,84,phrase,en,neutron measurement current,58,52273,13,45,0.7035508155822754,0.6991282900174459,0.6771908760070801,0.7035508155822754,4,0.4,3,10,10
IAEA_plus_45,45,85,core_term,zh,中子,58,55307,13,45,0.6376688480377197,0.6274608572324117,0.622068452835083,0.6376688480377197,0,0.0,0,10,10
IAEA_plus_45,45,85,core_term,en,neutron,58,55307,13,45,0.6899797916412354,0.6767170627911886,0.6649397373199463,0.6899797916412354,5,0.5,1,10,10
IAEA_plus_45,45,85,phrase,zh,中子测量电流,58,55307,13,45,0.6772618889808655,0.6750983198483785,0.6710787355899811,0.6772618889808655,0,0.0,0,10,10
IAEA_plus_45,45,85,phrase,en,neutron measurement current,58,55307,13,45,0.7035508155822754,0.6991282900174459,0.6767319321632386,0.7035508155822754,5,0.5,3,10,10
IAEA_plus_45,45,86,core_term,zh,中子,58,59681,13,45,0.6376688480377197,0.6274608572324117,0.622068452835083,0.6376688480377197,0,0.0,0,10,10
IAEA_plus_45,45,86,core_term,en,neutron,58,59681,13,45,0.6899797916412354,0.6775538325309753,0.6662509679794312,0.6899797916412354,5,0.5,1,10,10
IAEA_plus_45,45,86,phrase,zh,中子测量电流,58,59681,13,45,0.6772618889808655,0.6750983198483785,0.6708976626396179,0.6772618889808655,0,0.0,0,10,10
IAEA_plus_45,45,86,phrase,en,neutron measurement current,58,59681,13,45,0.7035508155822754,0.6991282900174459,0.6771908760070801,0.7035508155822754,4,0.4,3,10,10
IAEA_plus_45,45,87,core_term,zh,中子,58,59889,13,45,0.6376688480377197,0.6259249647458395,0.6175918519496918,0.6376688480377197,0,0.0,0,10,10
IAEA_plus_45,45,87,core_term,en,neutron,58,59889,13,45,0.6899797916412354,0.6775538325309753,0.6662509679794312,0.6899797916412354,5,0.5,1,10,10
IAEA_plus_45,45,87,phrase,zh,中子测量电流,58,59889,13,45,0.6772618889808655,0.6698239048322042,0.665899783372879,0.6772618889808655,0,0.0,0,10,10
IAEA_plus_45,45,87,phrase,en,neutron measurement current,58,59889,13,45,0.7035508155822754,0.6991282900174459,0.6771908760070801,0.7035508155822754,4,0.4,3,10,10
IAEA_plus_45,45,88,core_term,zh,中子,58,59630,13,45,0.6228203177452087,0.6219706535339355,0.61971395611763,0.6228203177452087,0,0.0,0,10,10
IAEA_plus_45,45,88,core_term,en,neutron,58,59630,13,45,0.6899797916412354,0.6775538325309753,0.6662509679794312,0.6899797916412354,5,0.5,1,10,10
IAEA_plus_45,45,88,phrase,zh,中子测量电流,58,59630,13,45,0.674386739730835,0.6738664507865906,0.6701100587844848,0.674386739730835,0,0.0,0,10,10
IAEA_plus_45,45,88,phrase,en,neutron measurement current,58,59630,13,45,0.7035508155822754,0.6991282900174459,0.6771908760070801,0.7035508155822754,4,0.4,3,10,10
IAEA_plus_45,45,89,core_term,zh,中子,58,54086,13,45,0.6376688480377197,0.6259249647458395,0.6175918519496918,0.6376688480377197,0,0.0,0,10,10
IAEA_plus_45,45,89,core_term,en,neutron,58,54086,13,45,0.6899797916412354,0.6775538325309753,0.6656655967235565,0.6899797916412354,5,0.5,1,10,10
IAEA_plus_45,45,89,phrase,zh,中子测量电流,58,54086,13,45,0.6772618889808655,0.6712039709091187,0.6667243778705597,0.6772618889808655,0,0.0,0,10,10
IAEA_plus_45,45,89,phrase,en,neutron measurement current,58,54086,13,45,0.7035508155822754,0.6991282900174459,0.6771908760070801,0.7035508155822754,4,0.4,3,10,10
IAEA_plus_45,45,90,core_term,zh,中子,58,60231,13,45,0.6376688480377197,0.6274608572324117,0.622068452835083,0.6376688480377197,0,0.0,0,10,10
IAEA_plus_45,45,90,core_term,en,neutron,58,60231,13,45,0.6899797916412354,0.6775538325309753,0.6661919593811035,0.6899797916412354,5,0.5,1,10,10
IAEA_plus_45,45,90,phrase,zh,中子测量电流,58,60231,13,45,0.6772618889808655,0.6750983198483785,0.6710787355899811,0.6772618889808655,0,0.0,0,10,10
IAEA_plus_45,45,90,phrase,en,neutron measurement current,58,60231,13,45,0.6957577466964722,0.6816319227218628,0.6648040533065795,0.6957577466964722,6,0.6,1,10,10
IAEA_plus_45,45,91,core_term,zh,中子,58,57063,13,45,0.6376688480377197,0.6274608572324117,0.622068452835083,0.6376688480377197,0,0.0,0,10,10
IAEA_plus_45,45,91,core_term,en,neutron,58,57063,13,45,0.6899797916412354,0.6775538325309753,0.6662509679794312,0.6899797916412354,5,0.5,1,10,10
IAEA_plus_45,45,91,phrase,zh,中子测量电流,58,57063,13,45,0.6772618889808655,0.6750983198483785,0.6710787355899811,0.6772618889808655,0,0.0,0,10,10
IAEA_plus_45,45,91,phrase,en,neutron measurement current,58,57063,13,45,0.7035508155822754,0.6991282900174459,0.6771908760070801,0.7035508155822754,4,0.4,3,10,10
IAEA_plus_45,45,92,core_term,zh,中子,58,56311,13,45,0.6376688480377197,0.6274608572324117,0.622068452835083,0.6376688480377197,0,0.0,0,10,10
IAEA_plus_45,45,92,core_term,en,neutron,58,56311,13,45,0.6899797916412354,0.6775538325309753,0.6654585242271424,0.6899797916412354,5,0.5,1,10,10
IAEA_plus_45,45,92,phrase,zh,中子测量电流,58,56311,13,45,0.6772618889808655,0.6750983198483785,0.6710787355899811,0.6772618889808655,0,0.0,0,10,10
IAEA_plus_45,45,92,phrase,en,neutron measurement current,58,56311,13,45,0.7035508155822754,0.6991282900174459,0.6771908760070801,0.7035508155822754,4,0.4,3,10,10
IAEA_plus_45,45,93,core_term,zh,中子,58,59373,13,45,0.6376688480377197,0.6274608572324117,0.622068452835083,0.6376688480377197,0,0.0,0,10,10
IAEA_plus_45,45,93,core_term,en,neutron,58,59373,13,45,0.6899797916412354,0.6775538325309753,0.6662509679794312,0.6899797916412354,5,0.5,1,10,10
IAEA_plus_45,45,93,phrase,zh,中子测量电流,58,59373,13,45,0.6772618889808655,0.6750983198483785,0.6710787355899811,0.6772618889808655,0,0.0,0,10,10
IAEA_plus_45,45,93,phrase,en,neutron measurement current,58,59373,13,45,0.7035508155822754,0.6991282900174459,0.6771908760070801,0.7035508155822754,4,0.4,3,10,10
IAEA_plus_45,45,94,core_term,zh,中子,58,55272,13,45,0.6376688480377197,0.6274608572324117,0.622068452835083,0.6376688480377197,0,0.0,0,10,10
IAEA_plus_45,45,94,core_term,en,neutron,58,55272,13,45,0.6899797916412354,0.6775538325309753,0.6662509679794312,0.6899797916412354,5,0.5,1,10,10
IAEA_plus_45,45,94,phrase,zh,中子测量电流,58,55272,13,45,0.6772618889808655,0.6750983198483785,0.6710787355899811,0.6772618889808655,0,0.0,0,10,10
IAEA_plus_45,45,94,phrase,en,neutron measurement current,58,55272,13,45,0.7035508155822754,0.6991282900174459,0.6771908760070801,0.7035508155822754,4,0.4,3,10,10
IAEA_plus_45,45,95,core_term,zh,中子,58,60301,13,45,0.6376688480377197,0.6274608572324117,0.622068452835083,0.6376688480377197,0,0.0,0,10,10
IAEA_plus_45,45,95,core_term,en,neutron,58,60301,13,45,0.6899797916412354,0.6775538325309753,0.6662509679794312,0.6899797916412354,5,0.5,1,10,10
IAEA_plus_45,45,95,phrase,zh,中子测量电流,58,60301,13,45,0.6772618889808655,0.6750983198483785,0.6710787355899811,0.6772618889808655,0,0.0,0,10,10
IAEA_plus_45,45,95,phrase,en,neutron measurement current,58,60301,13,45,0.7035508155822754,0.6991282900174459,0.6771908760070801,0.7035508155822754,4,0.4,3,10,10
IAEA_plus_45,45,96,core_term,zh,中子,58,52793,13,45,0.6376688480377197,0.6274608572324117,0.622068452835083,0.6376688480377197,0,0.0,0,10,10
IAEA_plus_45,45,96,core_term,en,neutron,58,52793,13,45,0.6899797916412354,0.6775538325309753,0.6656655967235565,0.6899797916412354,5,0.5,1,10,10
IAEA_plus_45,45,96,phrase,zh,中子测量电流,58,52793,13,45,0.6772618889808655,0.6750983198483785,0.6710787355899811,0.6772618889808655,0,0.0,0,10,10
IAEA_plus_45,45,96,phrase,en,neutron measurement current,58,52793,13,45,0.7035508155822754,0.6991282900174459,0.6771908760070801,0.7035508155822754,4,0.4,3,10,10
IAEA_plus_45,45,97,core_term,zh,中子,58,54835,13,45,0.6376688480377197,0.6274608572324117,0.622068452835083,0.6376688480377197,0,0.0,0,10,10
IAEA_plus_45,45,97,core_term,en,neutron,58,54835,13,45,0.6899797916412354,0.6775538325309753,0.6652425467967987,0.6899797916412354,5,0.5,1,10,10
IAEA_plus_45,45,97,phrase,zh,中子测量电流,58,54835,13,45,0.6772618889808655,0.6750983198483785,0.6710787355899811,0.6772618889808655,0,0.0,0,10,10
IAEA_plus_45,45,97,phrase,en,neutron measurement current,58,54835,13,45,0.7035508155822754,0.6991282900174459,0.6771908760070801,0.7035508155822754,4,0.4,3,10,10
IAEA_plus_45,45,98,core_term,zh,中子,58,61444,13,45,0.6376688480377197,0.6274608572324117,0.622068452835083,0.6376688480377197,0,0.0,0,10,10
IAEA_plus_45,45,98,core_term,en,neutron,58,61444,13,45,0.6899797916412354,0.6775538325309753,0.6662509679794312,0.6899797916412354,5,0.5,1,10,10
IAEA_plus_45,45,98,phrase,zh,中子测量电流,58,61444,13,45,0.6772618889808655,0.6750983198483785,0.6710787355899811,0.6772618889808655,0,0.0,0,10,10
IAEA_plus_45,45,98,phrase,en,neutron measurement current,58,61444,13,45,0.7035508155822754,0.6991282900174459,0.6771908760070801,0.7035508155822754,4,0.4,3,10,10
IAEA_plus_45,45,99,core_term,zh,中子,58,55903,13,45,0.6376688480377197,0.6274608572324117,0.622068452835083,0.6376688480377197,0,0.0,0,10,10
IAEA_plus_45,45,99,core_term,en,neutron,58,55903,13,45,0.6899797916412354,0.6775538325309753,0.6662509679794312,0.6899797916412354,5,0.5,1,10,10
IAEA_plus_45,45,99,phrase,zh,中子测量电流,58,55903,13,45,0.6772618889808655,0.6750983198483785,0.6710787355899811,0.6772618889808655,0,0.0,0,10,10
IAEA_plus_45,45,99,phrase,en,neutron measurement current,58,55903,13,45,0.7035508155822754,0.6991282900174459,0.6771908760070801,0.7035508155822754,4,0.4,3,10,10
IAEA_plus_50,50,0,core_term,zh,中子,63,61771,13,50,0.6376688480377197,0.6274608572324117,0.622068452835083,0.6376688480377197,0,0.0,0,10,10
IAEA_plus_50,50,0,core_term,en,neutron,63,61771,13,50,0.6899797916412354,0.6775538325309753,0.6662509679794312,0.6899797916412354,5,0.5,1,10,10
IAEA_plus_50,50,0,phrase,zh,中子测量电流,63,61771,13,50,0.6772618889808655,0.6750983198483785,0.6710787355899811,0.6772618889808655,0,0.0,0,10,10
IAEA_plus_50,50,0,phrase,en,neutron measurement current,63,61771,13,50,0.7035508155822754,0.6991282900174459,0.6771908760070801,0.7035508155822754,4,0.4,3,10,10
IAEA_plus_50,50,1,core_term,zh,中子,63,61812,13,50,0.6376688480377197,0.6274608572324117,0.622068452835083,0.6376688480377197,0,0.0,0,10,10
IAEA_plus_50,50,1,core_term,en,neutron,63,61812,13,50,0.6899797916412354,0.6775538325309753,0.6662509679794312,0.6899797916412354,5,0.5,1,10,10
IAEA_plus_50,50,1,phrase,zh,中子测量电流,63,61812,13,50,0.6772618889808655,0.6750983198483785,0.6710787355899811,0.6772618889808655,0,0.0,0,10,10
IAEA_plus_50,50,1,phrase,en,neutron measurement current,63,61812,13,50,0.7035508155822754,0.6991282900174459,0.6771908760070801,0.7035508155822754,4,0.4,3,10,10
IAEA_plus_50,50,2,core_term,zh,中子,63,61489,13,50,0.6376688480377197,0.6274608572324117,0.622068452835083,0.6376688480377197,0,0.0,0,10,10
IAEA_plus_50,50,2,core_term,en,neutron,63,61489,13,50,0.6899797916412354,0.6775538325309753,0.6661648571491241,0.6899797916412354,5,0.5,1,10,10
IAEA_plus_50,50,2,phrase,zh,中子测量电流,63,61489,13,50,0.6772618889808655,0.6750983198483785,0.6710787355899811,0.6772618889808655,0,0.0,0,10,10
IAEA_plus_50,50,2,phrase,en,neutron measurement current,63,61489,13,50,0.7035508155822754,0.6991282900174459,0.6771908760070801,0.7035508155822754,4,0.4,3,10,10
IAEA_plus_50,50,3,core_term,zh,中子,63,61748,13,50,0.6376688480377197,0.6274608572324117,0.622068452835083,0.6376688480377197,0,0.0,0,10,10
IAEA_plus_50,50,3,core_term,en,neutron,63,61748,13,50,0.6899797916412354,0.6775538325309753,0.6662509679794312,0.6899797916412354,5,0.5,1,10,10
IAEA_plus_50,50,3,phrase,zh,中子测量电流,63,61748,13,50,0.6772618889808655,0.6750983198483785,0.6710787355899811,0.6772618889808655,0,0.0,0,10,10
IAEA_plus_50,50,3,phrase,en,neutron measurement current,63,61748,13,50,0.7035508155822754,0.6991282900174459,0.6771908760070801,0.7035508155822754,4,0.4,3,10,10
IAEA_plus_50,50,4,core_term,zh,中子,63,60283,13,50,0.6376688480377197,0.6274608572324117,0.622068452835083,0.6376688480377197,0,0.0,0,10,10
IAEA_plus_50,50,4,core_term,en,neutron,63,60283,13,50,0.6899797916412354,0.6775538325309753,0.6662509679794312,0.6899797916412354,5,0.5,1,10,10
IAEA_plus_50,50,4,phrase,zh,中子测量电流,63,60283,13,50,0.6772618889808655,0.6750983198483785,0.6710787355899811,0.6772618889808655,0,0.0,0,10,10
IAEA_plus_50,50,4,phrase,en,neutron measurement current,63,60283,13,50,0.7035508155822754,0.6991282900174459,0.6771908760070801,0.7035508155822754,4,0.4,3,10,10
IAEA_plus_50,50,5,core_term,zh,中子,63,58184,13,50,0.6376688480377197,0.6274608572324117,0.622068452835083,0.6376688480377197,0,0.0,0,10,10
IAEA_plus_50,50,5,core_term,en,neutron,63,58184,13,50,0.6899797916412354,0.6775538325309753,0.6662509679794312,0.6899797916412354,5,0.5,1,10,10
IAEA_plus_50,50,5,phrase,zh,中子测量电流,63,58184,13,50,0.6772618889808655,0.6750983198483785,0.6710787355899811,0.6772618889808655,0,0.0,0,10,10
IAEA_plus_50,50,5,phrase,en,neutron measurement current,63,58184,13,50,0.7035508155822754,0.6991282900174459,0.6771908760070801,0.7035508155822754,4,0.4,3,10,10
IAEA_plus_50,50,6,core_term,zh,中子,63,60833,13,50,0.6376688480377197,0.6274608572324117,0.622068452835083,0.6376688480377197,0,0.0,0,10,10
IAEA_plus_50,50,6,core_term,en,neutron,63,60833,13,50,0.6899797916412354,0.6775538325309753,0.6662509679794312,0.6899797916412354,5,0.5,1,10,10
IAEA_plus_50,50,6,phrase,zh,中子测量电流,63,60833,13,50,0.6772618889808655,0.6750983198483785,0.6710787355899811,0.6772618889808655,0,0.0,0,10,10
IAEA_plus_50,50,6,phrase,en,neutron measurement current,63,60833,13,50,0.7035508155822754,0.6991282900174459,0.6771908760070801,0.7035508155822754,4,0.4,3,10,10
IAEA_plus_50,50,7,core_term,zh,中子,63,61415,13,50,0.6376688480377197,0.6274608572324117,0.622068452835083,0.6376688480377197,0,0.0,0,10,10
IAEA_plus_50,50,7,core_term,en,neutron,63,61415,13,50,0.6899797916412354,0.6775538325309753,0.6662509679794312,0.6899797916412354,5,0.5,1,10,10
IAEA_plus_50,50,7,phrase,zh,中子测量电流,63,61415,13,50,0.6772618889808655,0.6750983198483785,0.6710787355899811,0.6772618889808655,0,0.0,0,10,10
IAEA_plus_50,50,7,phrase,en,neutron measurement current,63,61415,13,50,0.7035508155822754,0.6991282900174459,0.6771908760070801,0.7035508155822754,4,0.4,3,10,10
IAEA_plus_50,50,8,core_term,zh,中子,63,59249,13,50,0.6376688480377197,0.6274608572324117,0.622068452835083,0.6376688480377197,0,0.0,0,10,10
IAEA_plus_50,50,8,core_term,en,neutron,63,59249,13,50,0.6899797916412354,0.6775538325309753,0.6662509679794312,0.6899797916412354,5,0.5,1,10,10
IAEA_plus_50,50,8,phrase,zh,中子测量电流,63,59249,13,50,0.6772618889808655,0.6750983198483785,0.6710787355899811,0.6772618889808655,0,0.0,0,10,10
IAEA_plus_50,50,8,phrase,en,neutron measurement current,63,59249,13,50,0.7035508155822754,0.6991282900174459,0.6771908760070801,0.7035508155822754,4,0.4,3,10,10
IAEA_plus_50,50,9,core_term,zh,中子,63,61664,13,50,0.6376688480377197,0.6274608572324117,0.622068452835083,0.6376688480377197,0,0.0,0,10,10
IAEA_plus_50,50,9,core_term,en,neutron,63,61664,13,50,0.6899797916412354,0.6775538325309753,0.6662509679794312,0.6899797916412354,5,0.5,1,10,10
IAEA_plus_50,50,9,phrase,zh,中子测量电流,63,61664,13,50,0.6772618889808655,0.6750983198483785,0.6710787355899811,0.6772618889808655,0,0.0,0,10,10
IAEA_plus_50,50,9,phrase,en,neutron measurement current,63,61664,13,50,0.7035508155822754,0.6991282900174459,0.6771908760070801,0.7035508155822754,4,0.4,3,10,10
IAEA_plus_50,50,10,core_term,zh,中子,63,61792,13,50,0.6376688480377197,0.6274608572324117,0.622068452835083,0.6376688480377197,0,0.0,0,10,10
IAEA_plus_50,50,10,core_term,en,neutron,63,61792,13,50,0.6899797916412354,0.6775538325309753,0.6662509679794312,0.6899797916412354,5,0.5,1,10,10
IAEA_plus_50,50,10,phrase,zh,中子测量电流,63,61792,13,50,0.6772618889808655,0.6750983198483785,0.6710787355899811,0.6772618889808655,0,0.0,0,10,10
IAEA_plus_50,50,10,phrase,en,neutron measurement current,63,61792,13,50,0.7035508155822754,0.6991282900174459,0.6771908760070801,0.7035508155822754,4,0.4,3,10,10
IAEA_plus_50,50,11,core_term,zh,中子,63,61447,13,50,0.6376688480377197,0.6274608572324117,0.622068452835083,0.6376688480377197,0,0.0,0,10,10
IAEA_plus_50,50,11,core_term,en,neutron,63,61447,13,50,0.6899797916412354,0.6775538325309753,0.6662509679794312,0.6899797916412354,5,0.5,1,10,10
IAEA_plus_50,50,11,phrase,zh,中子测量电流,63,61447,13,50,0.6772618889808655,0.6750983198483785,0.6710787355899811,0.6772618889808655,0,0.0,0,10,10
IAEA_plus_50,50,11,phrase,en,neutron measurement current,63,61447,13,50,0.7035508155822754,0.6991282900174459,0.6771908760070801,0.7035508155822754,4,0.4,3,10,10
IAEA_plus_50,50,12,core_term,zh,中子,63,61803,13,50,0.6376688480377197,0.6274608572324117,0.622068452835083,0.6376688480377197,0,0.0,0,10,10
IAEA_plus_50,50,12,core_term,en,neutron,63,61803,13,50,0.6899797916412354,0.6775538325309753,0.6662509679794312,0.6899797916412354,5,0.5,1,10,10
IAEA_plus_50,50,12,phrase,zh,中子测量电流,63,61803,13,50,0.6772618889808655,0.6750983198483785,0.6710787355899811,0.6772618889808655,0,0.0,0,10,10
IAEA_plus_50,50,12,phrase,en,neutron measurement current,63,61803,13,50,0.7035508155822754,0.6991282900174459,0.6771908760070801,0.7035508155822754,4,0.4,3,10,10
IAEA_plus_50,50,13,core_term,zh,中子,63,61447,13,50,0.6376688480377197,0.6274608572324117,0.622068452835083,0.6376688480377197,0,0.0,0,10,10
IAEA_plus_50,50,13,core_term,en,neutron,63,61447,13,50,0.6899797916412354,0.6775538325309753,0.6662509679794312,0.6899797916412354,5,0.5,1,10,10
IAEA_plus_50,50,13,phrase,zh,中子测量电流,63,61447,13,50,0.6772618889808655,0.6750983198483785,0.6710787355899811,0.6772618889808655,0,0.0,0,10,10
IAEA_plus_50,50,13,phrase,en,neutron measurement current,63,61447,13,50,0.7035508155822754,0.6991282900174459,0.6771908760070801,0.7035508155822754,4,0.4,3,10,10
IAEA_plus_50,50,14,core_term,zh,中子,63,61415,13,50,0.6376688480377197,0.6274608572324117,0.622068452835083,0.6376688480377197,0,0.0,0,10,10
IAEA_plus_50,50,14,core_term,en,neutron,63,61415,13,50,0.6899797916412354,0.6775538325309753,0.6662509679794312,0.6899797916412354,5,0.5,1,10,10
IAEA_plus_50,50,14,phrase,zh,中子测量电流,63,61415,13,50,0.6772618889808655,0.6750983198483785,0.6710787355899811,0.6772618889808655,0,0.0,0,10,10
IAEA_plus_50,50,14,phrase,en,neutron measurement current,63,61415,13,50,0.7035508155822754,0.6991282900174459,0.6771908760070801,0.7035508155822754,4,0.4,3,10,10
IAEA_plus_50,50,15,core_term,zh,中子,63,61489,13,50,0.6376688480377197,0.6274608572324117,0.622068452835083,0.6376688480377197,0,0.0,0,10,10
IAEA_plus_50,50,15,core_term,en,neutron,63,61489,13,50,0.6899797916412354,0.6775538325309753,0.6661648571491241,0.6899797916412354,5,0.5,1,10,10
IAEA_plus_50,50,15,phrase,zh,中子测量电流,63,61489,13,50,0.6772618889808655,0.6750983198483785,0.6710787355899811,0.6772618889808655,0,0.0,0,10,10
IAEA_plus_50,50,15,phrase,en,neutron measurement current,63,61489,13,50,0.7035508155822754,0.6991282900174459,0.6771908760070801,0.7035508155822754,4,0.4,3,10,10
IAEA_plus_50,50,16,core_term,zh,中子,63,61748,13,50,0.6376688480377197,0.6274608572324117,0.622068452835083,0.6376688480377197,0,0.0,0,10,10
IAEA_plus_50,50,16,core_term,en,neutron,63,61748,13,50,0.6899797916412354,0.6775538325309753,0.6662509679794312,0.6899797916412354,5,0.5,1,10,10
IAEA_plus_50,50,16,phrase,zh,中子测量电流,63,61748,13,50,0.6772618889808655,0.6750983198483785,0.6710787355899811,0.6772618889808655,0,0.0,0,10,10
IAEA_plus_50,50,16,phrase,en,neutron measurement current,63,61748,13,50,0.7035508155822754,0.6991282900174459,0.6771908760070801,0.7035508155822754,4,0.4,3,10,10
IAEA_plus_50,50,17,core_term,zh,中子,63,61807,13,50,0.6376688480377197,0.6274608572324117,0.622068452835083,0.6376688480377197,0,0.0,0,10,10
IAEA_plus_50,50,17,core_term,en,neutron,63,61807,13,50,0.6899797916412354,0.6775538325309753,0.6662509679794312,0.6899797916412354,5,0.5,1,10,10
IAEA_plus_50,50,17,phrase,zh,中子测量电流,63,61807,13,50,0.6772618889808655,0.6750983198483785,0.6710787355899811,0.6772618889808655,0,0.0,0,10,10
IAEA_plus_50,50,17,phrase,en,neutron measurement current,63,61807,13,50,0.7035508155822754,0.6991282900174459,0.6771908760070801,0.7035508155822754,4,0.4,3,10,10
IAEA_plus_50,50,18,core_term,zh,中子,63,61825,13,50,0.6376688480377197,0.6274608572324117,0.622068452835083,0.6376688480377197,0,0.0,0,10,10
IAEA_plus_50,50,18,core_term,en,neutron,63,61825,13,50,0.6899797916412354,0.6775538325309753,0.6662509679794312,0.6899797916412354,5,0.5,1,10,10
IAEA_plus_50,50,18,phrase,zh,中子测量电流,63,61825,13,50,0.6772618889808655,0.6750983198483785,0.6710787355899811,0.6772618889808655,0,0.0,0,10,10
IAEA_plus_50,50,18,phrase,en,neutron measurement current,63,61825,13,50,0.7035508155822754,0.6991282900174459,0.6771908760070801,0.7035508155822754,4,0.4,3,10,10
IAEA_plus_50,50,19,core_term,zh,中子,63,59727,13,50,0.6376688480377197,0.6274608572324117,0.622068452835083,0.6376688480377197,0,0.0,0,10,10
IAEA_plus_50,50,19,core_term,en,neutron,63,59727,13,50,0.6899797916412354,0.6775538325309753,0.6662509679794312,0.6899797916412354,5,0.5,1,10,10
IAEA_plus_50,50,19,phrase,zh,中子测量电流,63,59727,13,50,0.6772618889808655,0.6750983198483785,0.6710787355899811,0.6772618889808655,0,0.0,0,10,10
IAEA_plus_50,50,19,phrase,en,neutron measurement current,63,59727,13,50,0.7035508155822754,0.6991282900174459,0.6771908760070801,0.7035508155822754,4,0.4,3,10,10
IAEA_plus_50,50,20,core_term,zh,中子,63,61738,13,50,0.6376688480377197,0.6274608572324117,0.622068452835083,0.6376688480377197,0,0.0,0,10,10
IAEA_plus_50,50,20,core_term,en,neutron,63,61738,13,50,0.6899797916412354,0.6775538325309753,0.6662509679794312,0.6899797916412354,5,0.5,1,10,10
IAEA_plus_50,50,20,phrase,zh,中子测量电流,63,61738,13,50,0.6772618889808655,0.6750983198483785,0.6710787355899811,0.6772618889808655,0,0.0,0,10,10
IAEA_plus_50,50,20,phrase,en,neutron measurement current,63,61738,13,50,0.7035508155822754,0.6991282900174459,0.6771908760070801,0.7035508155822754,4,0.4,3,10,10
IAEA_plus_50,50,21,core_term,zh,中子,63,58590,13,50,0.6376688480377197,0.6274608572324117,0.622068452835083,0.6376688480377197,0,0.0,0,10,10
IAEA_plus_50,50,21,core_term,en,neutron,63,58590,13,50,0.6899797916412354,0.6775538325309753,0.6662509679794312,0.6899797916412354,5,0.5,1,10,10
IAEA_plus_50,50,21,phrase,zh,中子测量电流,63,58590,13,50,0.6772618889808655,0.6750983198483785,0.6710787355899811,0.6772618889808655,0,0.0,0,10,10
IAEA_plus_50,50,21,phrase,en,neutron measurement current,63,58590,13,50,0.7035508155822754,0.6991282900174459,0.6771908760070801,0.7035508155822754,4,0.4,3,10,10
IAEA_plus_50,50,22,core_term,zh,中子,63,61738,13,50,0.6376688480377197,0.6274608572324117,0.622068452835083,0.6376688480377197,0,0.0,0,10,10
IAEA_plus_50,50,22,core_term,en,neutron,63,61738,13,50,0.6899797916412354,0.6775538325309753,0.6662509679794312,0.6899797916412354,5,0.5,1,10,10
IAEA_plus_50,50,22,phrase,zh,中子测量电流,63,61738,13,50,0.6772618889808655,0.6750983198483785,0.6710787355899811,0.6772618889808655,0,0.0,0,10,10
IAEA_plus_50,50,22,phrase,en,neutron measurement current,63,61738,13,50,0.7035508155822754,0.6991282900174459,0.6771908760070801,0.7035508155822754,4,0.4,3,10,10
IAEA_plus_50,50,23,core_term,zh,中子,63,61746,13,50,0.6376688480377197,0.6274608572324117,0.622068452835083,0.6376688480377197,0,0.0,0,10,10
IAEA_plus_50,50,23,core_term,en,neutron,63,61746,13,50,0.6899797916412354,0.6775538325309753,0.6662509679794312,0.6899797916412354,5,0.5,1,10,10
IAEA_plus_50,50,23,phrase,zh,中子测量电流,63,61746,13,50,0.6772618889808655,0.6750983198483785,0.6710787355899811,0.6772618889808655,0,0.0,0,10,10
IAEA_plus_50,50,23,phrase,en,neutron measurement current,63,61746,13,50,0.7035508155822754,0.6991282900174459,0.6771908760070801,0.7035508155822754,4,0.4,3,10,10
IAEA_plus_50,50,24,core_term,zh,中子,63,61748,13,50,0.6376688480377197,0.6274608572324117,0.622068452835083,0.6376688480377197,0,0.0,0,10,10
IAEA_plus_50,50,24,core_term,en,neutron,63,61748,13,50,0.6899797916412354,0.6775538325309753,0.6662509679794312,0.6899797916412354,5,0.5,1,10,10
IAEA_plus_50,50,24,phrase,zh,中子测量电流,63,61748,13,50,0.6772618889808655,0.6750983198483785,0.6710787355899811,0.6772618889808655,0,0.0,0,10,10
IAEA_plus_50,50,24,phrase,en,neutron measurement current,63,61748,13,50,0.7035508155822754,0.6991282900174459,0.6771908760070801,0.7035508155822754,4,0.4,3,10,10
IAEA_plus_50,50,25,core_term,zh,中子,63,59727,13,50,0.6376688480377197,0.6274608572324117,0.622068452835083,0.6376688480377197,0,0.0,0,10,10
IAEA_plus_50,50,25,core_term,en,neutron,63,59727,13,50,0.6899797916412354,0.6775538325309753,0.6662509679794312,0.6899797916412354,5,0.5,1,10,10
IAEA_plus_50,50,25,phrase,zh,中子测量电流,63,59727,13,50,0.6772618889808655,0.6750983198483785,0.6710787355899811,0.6772618889808655,0,0.0,0,10,10
IAEA_plus_50,50,25,phrase,en,neutron measurement current,63,59727,13,50,0.7035508155822754,0.6991282900174459,0.6771908760070801,0.7035508155822754,4,0.4,3,10,10
IAEA_plus_50,50,26,core_term,zh,中子,63,61755,13,50,0.6376688480377197,0.6274608572324117,0.622068452835083,0.6376688480377197,0,0.0,0,10,10
IAEA_plus_50,50,26,core_term,en,neutron,63,61755,13,50,0.6899797916412354,0.6775538325309753,0.6662509679794312,0.6899797916412354,5,0.5,1,10,10
IAEA_plus_50,50,26,phrase,zh,中子测量电流,63,61755,13,50,0.6772618889808655,0.6750983198483785,0.6710787355899811,0.6772618889808655,0,0.0,0,10,10
IAEA_plus_50,50,26,phrase,en,neutron measurement current,63,61755,13,50,0.7035508155822754,0.6991282900174459,0.6771908760070801,0.7035508155822754,4,0.4,3,10,10
IAEA_plus_50,50,27,core_term,zh,中子,63,61738,13,50,0.6376688480377197,0.6274608572324117,0.622068452835083,0.6376688480377197,0,0.0,0,10,10
IAEA_plus_50,50,27,core_term,en,neutron,63,61738,13,50,0.6899797916412354,0.6775538325309753,0.6662509679794312,0.6899797916412354,5,0.5,1,10,10
IAEA_plus_50,50,27,phrase,zh,中子测量电流,63,61738,13,50,0.6772618889808655,0.6750983198483785,0.6710787355899811,0.6772618889808655,0,0.0,0,10,10
IAEA_plus_50,50,27,phrase,en,neutron measurement current,63,61738,13,50,0.7035508155822754,0.6991282900174459,0.6771908760070801,0.7035508155822754,4,0.4,3,10,10
IAEA_plus_50,50,28,core_term,zh,中子,63,61664,13,50,0.6376688480377197,0.6274608572324117,0.622068452835083,0.6376688480377197,0,0.0,0,10,10
IAEA_plus_50,50,28,core_term,en,neutron,63,61664,13,50,0.6899797916412354,0.6775538325309753,0.6662509679794312,0.6899797916412354,5,0.5,1,10,10
IAEA_plus_50,50,28,phrase,zh,中子测量电流,63,61664,13,50,0.6772618889808655,0.6750983198483785,0.6710787355899811,0.6772618889808655,0,0.0,0,10,10
IAEA_plus_50,50,28,phrase,en,neutron measurement current,63,61664,13,50,0.7035508155822754,0.6991282900174459,0.6771908760070801,0.7035508155822754,4,0.4,3,10,10
IAEA_plus_50,50,29,core_term,zh,中子,63,61803,13,50,0.6376688480377197,0.6274608572324117,0.622068452835083,0.6376688480377197,0,0.0,0,10,10
IAEA_plus_50,50,29,core_term,en,neutron,63,61803,13,50,0.6899797916412354,0.6775538325309753,0.6662509679794312,0.6899797916412354,5,0.5,1,10,10
IAEA_plus_50,50,29,phrase,zh,中子测量电流,63,61803,13,50,0.6772618889808655,0.6750983198483785,0.6710787355899811,0.6772618889808655,0,0.0,0,10,10
IAEA_plus_50,50,29,phrase,en,neutron measurement current,63,61803,13,50,0.7035508155822754,0.6991282900174459,0.6771908760070801,0.7035508155822754,4,0.4,3,10,10
IAEA_plus_50,50,30,core_term,zh,中子,63,61748,13,50,0.6376688480377197,0.6274608572324117,0.622068452835083,0.6376688480377197,0,0.0,0,10,10
IAEA_plus_50,50,30,core_term,en,neutron,63,61748,13,50,0.6899797916412354,0.6775538325309753,0.6662509679794312,0.6899797916412354,5,0.5,1,10,10
IAEA_plus_50,50,30,phrase,zh,中子测量电流,63,61748,13,50,0.6772618889808655,0.6750983198483785,0.6710787355899811,0.6772618889808655,0,0.0,0,10,10
IAEA_plus_50,50,30,phrase,en,neutron measurement current,63,61748,13,50,0.7035508155822754,0.6991282900174459,0.6771908760070801,0.7035508155822754,4,0.4,3,10,10
IAEA_plus_50,50,31,core_term,zh,中子,63,58590,13,50,0.6376688480377197,0.6274608572324117,0.622068452835083,0.6376688480377197,0,0.0,0,10,10
IAEA_plus_50,50,31,core_term,en,neutron,63,58590,13,50,0.6899797916412354,0.6775538325309753,0.6662509679794312,0.6899797916412354,5,0.5,1,10,10
IAEA_plus_50,50,31,phrase,zh,中子测量电流,63,58590,13,50,0.6772618889808655,0.6750983198483785,0.6710787355899811,0.6772618889808655,0,0.0,0,10,10
IAEA_plus_50,50,31,phrase,en,neutron measurement current,63,58590,13,50,0.7035508155822754,0.6991282900174459,0.6771908760070801,0.7035508155822754,4,0.4,3,10,10
IAEA_plus_50,50,32,core_term,zh,中子,63,60931,13,50,0.6228203177452087,0.6219706535339355,0.61971395611763,0.6228203177452087,0,0.0,0,10,10
IAEA_plus_50,50,32,core_term,en,neutron,63,60931,13,50,0.6899797916412354,0.6775538325309753,0.6662509679794312,0.6899797916412354,5,0.5,1,10,10
IAEA_plus_50,50,32,phrase,zh,中子测量电流,63,60931,13,50,0.674386739730835,0.6738664507865906,0.6701100587844848,0.674386739730835,0,0.0,0,10,10
IAEA_plus_50,50,32,phrase,en,neutron measurement current,63,60931,13,50,0.7035508155822754,0.6991282900174459,0.6771908760070801,0.7035508155822754,4,0.4,3,10,10
IAEA_plus_50,50,33,core_term,zh,中子,63,61745,13,50,0.6376688480377197,0.6274608572324117,0.622068452835083,0.6376688480377197,0,0.0,0,10,10
IAEA_plus_50,50,33,core_term,en,neutron,63,61745,13,50,0.6899797916412354,0.6775538325309753,0.6662509679794312,0.6899797916412354,5,0.5,1,10,10
IAEA_plus_50,50,33,phrase,zh,中子测量电流,63,61745,13,50,0.6772618889808655,0.6750983198483785,0.6710787355899811,0.6772618889808655,0,0.0,0,10,10
IAEA_plus_50,50,33,phrase,en,neutron measurement current,63,61745,13,50,0.7035508155822754,0.6991282900174459,0.6771908760070801,0.7035508155822754,4,0.4,3,10,10
IAEA_plus_50,50,34,core_term,zh,中子,63,61664,13,50,0.6376688480377197,0.6274608572324117,0.622068452835083,0.6376688480377197,0,0.0,0,10,10
IAEA_plus_50,50,34,core_term,en,neutron,63,61664,13,50,0.6899797916412354,0.6775538325309753,0.6662509679794312,0.6899797916412354,5,0.5,1,10,10
IAEA_plus_50,50,34,phrase,zh,中子测量电流,63,61664,13,50,0.6772618889808655,0.6750983198483785,0.6710787355899811,0.6772618889808655,0,0.0,0,10,10
IAEA_plus_50,50,34,phrase,en,neutron measurement current,63,61664,13,50,0.7035508155822754,0.6991282900174459,0.6771908760070801,0.7035508155822754,4,0.4,3,10,10
IAEA_plus_50,50,35,core_term,zh,中子,63,61146,13,50,0.6376688480377197,0.6274608572324117,0.622068452835083,0.6376688480377197,0,0.0,0,10,10
IAEA_plus_50,50,35,core_term,en,neutron,63,61146,13,50,0.6899797916412354,0.6775538325309753,0.6662509679794312,0.6899797916412354,5,0.5,1,10,10
IAEA_plus_50,50,35,phrase,zh,中子测量电流,63,61146,13,50,0.6772618889808655,0.6750983198483785,0.6710787355899811,0.6772618889808655,0,0.0,0,10,10
IAEA_plus_50,50,35,phrase,en,neutron measurement current,63,61146,13,50,0.7035508155822754,0.6991282900174459,0.6771908760070801,0.7035508155822754,4,0.4,3,10,10
IAEA_plus_50,50,36,core_term,zh,中子,63,61664,13,50,0.6376688480377197,0.6274608572324117,0.622068452835083,0.6376688480377197,0,0.0,0,10,10
IAEA_plus_50,50,36,core_term,en,neutron,63,61664,13,50,0.6899797916412354,0.6775538325309753,0.6662509679794312,0.6899797916412354,5,0.5,1,10,10
IAEA_plus_50,50,36,phrase,zh,中子测量电流,63,61664,13,50,0.6772618889808655,0.6750983198483785,0.6710787355899811,0.6772618889808655,0,0.0,0,10,10
IAEA_plus_50,50,36,phrase,en,neutron measurement current,63,61664,13,50,0.7035508155822754,0.6991282900174459,0.6771908760070801,0.7035508155822754,4,0.4,3,10,10
IAEA_plus_50,50,37,core_term,zh,中子,63,60570,13,50,0.6376688480377197,0.6274608572324117,0.622068452835083,0.6376688480377197,0,0.0,0,10,10
IAEA_plus_50,50,37,core_term,en,neutron,63,60570,13,50,0.6899797916412354,0.6775538325309753,0.6662509679794312,0.6899797916412354,5,0.5,1,10,10
IAEA_plus_50,50,37,phrase,zh,中子测量电流,63,60570,13,50,0.6772618889808655,0.6750983198483785,0.6710787355899811,0.6772618889808655,0,0.0,0,10,10
IAEA_plus_50,50,37,phrase,en,neutron measurement current,63,60570,13,50,0.7035508155822754,0.6991282900174459,0.6771908760070801,0.7035508155822754,4,0.4,3,10,10
IAEA_plus_50,50,38,core_term,zh,中子,63,61771,13,50,0.6376688480377197,0.6274608572324117,0.622068452835083,0.6376688480377197,0,0.0,0,10,10
IAEA_plus_50,50,38,core_term,en,neutron,63,61771,13,50,0.6899797916412354,0.6775538325309753,0.6662509679794312,0.6899797916412354,5,0.5,1,10,10
IAEA_plus_50,50,38,phrase,zh,中子测量电流,63,61771,13,50,0.6772618889808655,0.6750983198483785,0.6710787355899811,0.6772618889808655,0,0.0,0,10,10
IAEA_plus_50,50,38,phrase,en,neutron measurement current,63,61771,13,50,0.7035508155822754,0.6991282900174459,0.6771908760070801,0.7035508155822754,4,0.4,3,10,10
IAEA_plus_50,50,39,core_term,zh,中子,63,61812,13,50,0.6376688480377197,0.6274608572324117,0.622068452835083,0.6376688480377197,0,0.0,0,10,10
IAEA_plus_50,50,39,core_term,en,neutron,63,61812,13,50,0.6899797916412354,0.6775538325309753,0.6662509679794312,0.6899797916412354,5,0.5,1,10,10
IAEA_plus_50,50,39,phrase,zh,中子测量电流,63,61812,13,50,0.6772618889808655,0.6750983198483785,0.6710787355899811,0.6772618889808655,0,0.0,0,10,10
IAEA_plus_50,50,39,phrase,en,neutron measurement current,63,61812,13,50,0.7035508155822754,0.6991282900174459,0.6771908760070801,0.7035508155822754,4,0.4,3,10,10
IAEA_plus_50,50,40,core_term,zh,中子,63,61489,13,50,0.6376688480377197,0.6274608572324117,0.622068452835083,0.6376688480377197,0,0.0,0,10,10
IAEA_plus_50,50,40,core_term,en,neutron,63,61489,13,50,0.6899797916412354,0.6775538325309753,0.6661648571491241,0.6899797916412354,5,0.5,1,10,10
IAEA_plus_50,50,40,phrase,zh,中子测量电流,63,61489,13,50,0.6772618889808655,0.6750983198483785,0.6710787355899811,0.6772618889808655,0,0.0,0,10,10
IAEA_plus_50,50,40,phrase,en,neutron measurement current,63,61489,13,50,0.7035508155822754,0.6991282900174459,0.6771908760070801,0.7035508155822754,4,0.4,3,10,10
IAEA_plus_50,50,41,core_term,zh,中子,63,61795,13,50,0.6376688480377197,0.6274608572324117,0.622068452835083,0.6376688480377197,0,0.0,0,10,10
IAEA_plus_50,50,41,core_term,en,neutron,63,61795,13,50,0.6899797916412354,0.6775538325309753,0.6662509679794312,0.6899797916412354,5,0.5,1,10,10
IAEA_plus_50,50,41,phrase,zh,中子测量电流,63,61795,13,50,0.6772618889808655,0.6750983198483785,0.6710787355899811,0.6772618889808655,0,0.0,0,10,10
IAEA_plus_50,50,41,phrase,en,neutron measurement current,63,61795,13,50,0.7035508155822754,0.6991282900174459,0.6771908760070801,0.7035508155822754,4,0.4,3,10,10
IAEA_plus_50,50,42,core_term,zh,中子,63,59249,13,50,0.6376688480377197,0.6274608572324117,0.622068452835083,0.6376688480377197,0,0.0,0,10,10
IAEA_plus_50,50,42,core_term,en,neutron,63,59249,13,50,0.6899797916412354,0.6775538325309753,0.6662509679794312,0.6899797916412354,5,0.5,1,10,10
IAEA_plus_50,50,42,phrase,zh,中子测量电流,63,59249,13,50,0.6772618889808655,0.6750983198483785,0.6710787355899811,0.6772618889808655,0,0.0,0,10,10
IAEA_plus_50,50,42,phrase,en,neutron measurement current,63,59249,13,50,0.7035508155822754,0.6991282900174459,0.6771908760070801,0.7035508155822754,4,0.4,3,10,10
IAEA_plus_50,50,43,core_term,zh,中子,63,61745,13,50,0.6376688480377197,0.6274608572324117,0.622068452835083,0.6376688480377197,0,0.0,0,10,10
IAEA_plus_50,50,43,core_term,en,neutron,63,61745,13,50,0.6899797916412354,0.6775538325309753,0.6662509679794312,0.6899797916412354,5,0.5,1,10,10
IAEA_plus_50,50,43,phrase,zh,中子测量电流,63,61745,13,50,0.6772618889808655,0.6750983198483785,0.6710787355899811,0.6772618889808655,0,0.0,0,10,10
IAEA_plus_50,50,43,phrase,en,neutron measurement current,63,61745,13,50,0.7035508155822754,0.6991282900174459,0.6771908760070801,0.7035508155822754,4,0.4,3,10,10
IAEA_plus_50,50,44,core_term,zh,中子,63,61272,13,50,0.6376688480377197,0.6274608572324117,0.622068452835083,0.6376688480377197,0,0.0,0,10,10
IAEA_plus_50,50,44,core_term,en,neutron,63,61272,13,50,0.6899797916412354,0.6775538325309753,0.6662509679794312,0.6899797916412354,5,0.5,1,10,10
IAEA_plus_50,50,44,phrase,zh,中子测量电流,63,61272,13,50,0.6772618889808655,0.6750983198483785,0.6710787355899811,0.6772618889808655,0,0.0,0,10,10
IAEA_plus_50,50,44,phrase,en,neutron measurement current,63,61272,13,50,0.7035508155822754,0.6991282900174459,0.6771908760070801,0.7035508155822754,4,0.4,3,10,10
IAEA_plus_50,50,45,core_term,zh,中子,63,61415,13,50,0.6376688480377197,0.6274608572324117,0.622068452835083,0.6376688480377197,0,0.0,0,10,10
IAEA_plus_50,50,45,core_term,en,neutron,63,61415,13,50,0.6899797916412354,0.6775538325309753,0.6662509679794312,0.6899797916412354,5,0.5,1,10,10
IAEA_plus_50,50,45,phrase,zh,中子测量电流,63,61415,13,50,0.6772618889808655,0.6750983198483785,0.6710787355899811,0.6772618889808655,0,0.0,0,10,10
IAEA_plus_50,50,45,phrase,en,neutron measurement current,63,61415,13,50,0.7035508155822754,0.6991282900174459,0.6771908760070801,0.7035508155822754,4,0.4,3,10,10
IAEA_plus_50,50,46,core_term,zh,中子,63,61589,13,50,0.6376688480377197,0.6274608572324117,0.622068452835083,0.6376688480377197,0,0.0,0,10,10
IAEA_plus_50,50,46,core_term,en,neutron,63,61589,13,50,0.6899797916412354,0.6775538325309753,0.6662509679794312,0.6899797916412354,5,0.5,1,10,10
IAEA_plus_50,50,46,phrase,zh,中子测量电流,63,61589,13,50,0.6772618889808655,0.6750983198483785,0.6710787355899811,0.6772618889808655,0,0.0,0,10,10
IAEA_plus_50,50,46,phrase,en,neutron measurement current,63,61589,13,50,0.7035508155822754,0.6991282900174459,0.6771908760070801,0.7035508155822754,4,0.4,3,10,10
IAEA_plus_50,50,47,core_term,zh,中子,63,60883,13,50,0.6376688480377197,0.6274608572324117,0.622068452835083,0.6376688480377197,0,0.0,0,10,10
IAEA_plus_50,50,47,core_term,en,neutron,63,60883,13,50,0.6899797916412354,0.6775538325309753,0.6662509679794312,0.6899797916412354,5,0.5,1,10,10
IAEA_plus_50,50,47,phrase,zh,中子测量电流,63,60883,13,50,0.6772618889808655,0.6750983198483785,0.6710787355899811,0.6772618889808655,0,0.0,0,10,10
IAEA_plus_50,50,47,phrase,en,neutron measurement current,63,60883,13,50,0.7035508155822754,0.6991282900174459,0.6771908760070801,0.7035508155822754,4,0.4,3,10,10
IAEA_plus_50,50,48,core_term,zh,中子,63,61664,13,50,0.6376688480377197,0.6274608572324117,0.622068452835083,0.6376688480377197,0,0.0,0,10,10
IAEA_plus_50,50,48,core_term,en,neutron,63,61664,13,50,0.6899797916412354,0.6775538325309753,0.6662509679794312,0.6899797916412354,5,0.5,1,10,10
IAEA_plus_50,50,48,phrase,zh,中子测量电流,63,61664,13,50,0.6772618889808655,0.6750983198483785,0.6710787355899811,0.6772618889808655,0,0.0,0,10,10
IAEA_plus_50,50,48,phrase,en,neutron measurement current,63,61664,13,50,0.7035508155822754,0.6991282900174459,0.6771908760070801,0.7035508155822754,4,0.4,3,10,10
IAEA_plus_50,50,49,core_term,zh,中子,63,60961,13,50,0.6376688480377197,0.6274608572324117,0.622068452835083,0.6376688480377197,0,0.0,0,10,10
IAEA_plus_50,50,49,core_term,en,neutron,63,60961,13,50,0.6899797916412354,0.6775538325309753,0.6662509679794312,0.6899797916412354,5,0.5,1,10,10
IAEA_plus_50,50,49,phrase,zh,中子测量电流,63,60961,13,50,0.6772618889808655,0.6750983198483785,0.6710787355899811,0.6772618889808655,0,0.0,0,10,10
IAEA_plus_50,50,49,phrase,en,neutron measurement current,63,60961,13,50,0.7035508155822754,0.6991282900174459,0.6771908760070801,0.7035508155822754,4,0.4,3,10,10
IAEA_plus_50,50,50,core_term,zh,中子,63,61664,13,50,0.6376688480377197,0.6274608572324117,0.622068452835083,0.6376688480377197,0,0.0,0,10,10
IAEA_plus_50,50,50,core_term,en,neutron,63,61664,13,50,0.6899797916412354,0.6775538325309753,0.6661919593811035,0.6899797916412354,5,0.5,1,10,10
IAEA_plus_50,50,50,phrase,zh,中子测量电流,63,61664,13,50,0.6772618889808655,0.6750983198483785,0.6710787355899811,0.6772618889808655,0,0.0,0,10,10
IAEA_plus_50,50,50,phrase,en,neutron measurement current,63,61664,13,50,0.6957577466964722,0.6816319227218628,0.6648040533065795,0.6957577466964722,6,0.6,1,10,10
IAEA_plus_50,50,51,core_term,zh,中子,63,60570,13,50,0.6376688480377197,0.6274608572324117,0.622068452835083,0.6376688480377197,0,0.0,0,10,10
IAEA_plus_50,50,51,core_term,en,neutron,63,60570,13,50,0.6899797916412354,0.6775538325309753,0.6662509679794312,0.6899797916412354,5,0.5,1,10,10
IAEA_plus_50,50,51,phrase,zh,中子测量电流,63,60570,13,50,0.6772618889808655,0.6750983198483785,0.6710787355899811,0.6772618889808655,0,0.0,0,10,10
IAEA_plus_50,50,51,phrase,en,neutron measurement current,63,60570,13,50,0.7035508155822754,0.6991282900174459,0.6771908760070801,0.7035508155822754,4,0.4,3,10,10
IAEA_plus_50,50,52,core_term,zh,中子,63,61272,13,50,0.6376688480377197,0.6274608572324117,0.622068452835083,0.6376688480377197,0,0.0,0,10,10
IAEA_plus_50,50,52,core_term,en,neutron,63,61272,13,50,0.6899797916412354,0.6775538325309753,0.6662509679794312,0.6899797916412354,5,0.5,1,10,10
IAEA_plus_50,50,52,phrase,zh,中子测量电流,63,61272,13,50,0.6772618889808655,0.6750983198483785,0.6710787355899811,0.6772618889808655,0,0.0,0,10,10
IAEA_plus_50,50,52,phrase,en,neutron measurement current,63,61272,13,50,0.7035508155822754,0.6991282900174459,0.6771908760070801,0.7035508155822754,4,0.4,3,10,10
IAEA_plus_50,50,53,core_term,zh,中子,63,61315,13,50,0.6376688480377197,0.6274608572324117,0.622068452835083,0.6376688480377197,0,0.0,0,10,10
IAEA_plus_50,50,53,core_term,en,neutron,63,61315,13,50,0.6899797916412354,0.6775538325309753,0.6662509679794312,0.6899797916412354,5,0.5,1,10,10
IAEA_plus_50,50,53,phrase,zh,中子测量电流,63,61315,13,50,0.6772618889808655,0.6750983198483785,0.6710787355899811,0.6772618889808655,0,0.0,0,10,10
IAEA_plus_50,50,53,phrase,en,neutron measurement current,63,61315,13,50,0.7035508155822754,0.6991282900174459,0.6771908760070801,0.7035508155822754,4,0.4,3,10,10
IAEA_plus_50,50,54,core_term,zh,中子,63,61489,13,50,0.6376688480377197,0.6274608572324117,0.622068452835083,0.6376688480377197,0,0.0,0,10,10
IAEA_plus_50,50,54,core_term,en,neutron,63,61489,13,50,0.6899797916412354,0.6775538325309753,0.6661648571491241,0.6899797916412354,5,0.5,1,10,10
IAEA_plus_50,50,54,phrase,zh,中子测量电流,63,61489,13,50,0.6772618889808655,0.6750983198483785,0.6710787355899811,0.6772618889808655,0,0.0,0,10,10
IAEA_plus_50,50,54,phrase,en,neutron measurement current,63,61489,13,50,0.7035508155822754,0.6991282900174459,0.6771908760070801,0.7035508155822754,4,0.4,3,10,10
IAEA_plus_50,50,55,core_term,zh,中子,63,61681,13,50,0.6376688480377197,0.6274608572324117,0.622068452835083,0.6376688480377197,0,0.0,0,10,10
IAEA_plus_50,50,55,core_term,en,neutron,63,61681,13,50,0.6899797916412354,0.6775538325309753,0.6662509679794312,0.6899797916412354,5,0.5,1,10,10
IAEA_plus_50,50,55,phrase,zh,中子测量电流,63,61681,13,50,0.6772618889808655,0.6750983198483785,0.6710787355899811,0.6772618889808655,0,0.0,0,10,10
IAEA_plus_50,50,55,phrase,en,neutron measurement current,63,61681,13,50,0.7035508155822754,0.6991282900174459,0.6771908760070801,0.7035508155822754,4,0.4,3,10,10
IAEA_plus_50,50,56,core_term,zh,中子,63,61718,13,50,0.6376688480377197,0.6274608572324117,0.622068452835083,0.6376688480377197,0,0.0,0,10,10
IAEA_plus_50,50,56,core_term,en,neutron,63,61718,13,50,0.6899797916412354,0.6775538325309753,0.6662509679794312,0.6899797916412354,5,0.5,1,10,10
IAEA_plus_50,50,56,phrase,zh,中子测量电流,63,61718,13,50,0.6772618889808655,0.6750983198483785,0.6710787355899811,0.6772618889808655,0,0.0,0,10,10
IAEA_plus_50,50,56,phrase,en,neutron measurement current,63,61718,13,50,0.7035508155822754,0.6991282900174459,0.6771908760070801,0.7035508155822754,4,0.4,3,10,10
IAEA_plus_50,50,57,core_term,zh,中子,63,61636,13,50,0.6376688480377197,0.6274608572324117,0.622068452835083,0.6376688480377197,0,0.0,0,10,10
IAEA_plus_50,50,57,core_term,en,neutron,63,61636,13,50,0.6899797916412354,0.6775538325309753,0.6662509679794312,0.6899797916412354,5,0.5,1,10,10
IAEA_plus_50,50,57,phrase,zh,中子测量电流,63,61636,13,50,0.6772618889808655,0.6750983198483785,0.6710787355899811,0.6772618889808655,0,0.0,0,10,10
IAEA_plus_50,50,57,phrase,en,neutron measurement current,63,61636,13,50,0.7035508155822754,0.6991282900174459,0.6771908760070801,0.7035508155822754,4,0.4,3,10,10
IAEA_plus_50,50,58,core_term,zh,中子,63,56703,13,50,0.6376688480377197,0.6274608572324117,0.622068452835083,0.6376688480377197,0,0.0,0,10,10
IAEA_plus_50,50,58,core_term,en,neutron,63,56703,13,50,0.6899797916412354,0.6775538325309753,0.6656655967235565,0.6899797916412354,5,0.5,1,10,10
IAEA_plus_50,50,58,phrase,zh,中子测量电流,63,56703,13,50,0.6772618889808655,0.6750983198483785,0.6710787355899811,0.6772618889808655,0,0.0,0,10,10
IAEA_plus_50,50,58,phrase,en,neutron measurement current,63,56703,13,50,0.7035508155822754,0.6991282900174459,0.6771908760070801,0.7035508155822754,4,0.4,3,10,10
IAEA_plus_50,50,59,core_term,zh,中子,63,60961,13,50,0.6376688480377197,0.6274608572324117,0.622068452835083,0.6376688480377197,0,0.0,0,10,10
IAEA_plus_50,50,59,core_term,en,neutron,63,60961,13,50,0.6899797916412354,0.6775538325309753,0.6662509679794312,0.6899797916412354,5,0.5,1,10,10
IAEA_plus_50,50,59,phrase,zh,中子测量电流,63,60961,13,50,0.6772618889808655,0.6750983198483785,0.6710787355899811,0.6772618889808655,0,0.0,0,10,10
IAEA_plus_50,50,59,phrase,en,neutron measurement current,63,60961,13,50,0.7035508155822754,0.6991282900174459,0.6771908760070801,0.7035508155822754,4,0.4,3,10,10
IAEA_plus_50,50,60,core_term,zh,中子,63,61835,13,50,0.6376688480377197,0.6274608572324117,0.622068452835083,0.6376688480377197,0,0.0,0,10,10
IAEA_plus_50,50,60,core_term,en,neutron,63,61835,13,50,0.6899797916412354,0.6775538325309753,0.6662509679794312,0.6899797916412354,5,0.5,1,10,10
IAEA_plus_50,50,60,phrase,zh,中子测量电流,63,61835,13,50,0.6772618889808655,0.6750983198483785,0.6708976626396179,0.6772618889808655,0,0.0,0,10,10
IAEA_plus_50,50,60,phrase,en,neutron measurement current,63,61835,13,50,0.7035508155822754,0.6991282900174459,0.6771908760070801,0.7035508155822754,4,0.4,3,10,10
IAEA_plus_50,50,61,core_term,zh,中子,63,61681,13,50,0.6376688480377197,0.6274608572324117,0.622068452835083,0.6376688480377197,0,0.0,0,10,10
IAEA_plus_50,50,61,core_term,en,neutron,63,61681,13,50,0.6899797916412354,0.6775538325309753,0.6662509679794312,0.6899797916412354,5,0.5,1,10,10
IAEA_plus_50,50,61,phrase,zh,中子测量电流,63,61681,13,50,0.6772618889808655,0.6750983198483785,0.6710787355899811,0.6772618889808655,0,0.0,0,10,10
IAEA_plus_50,50,61,phrase,en,neutron measurement current,63,61681,13,50,0.7035508155822754,0.6991282900174459,0.6771908760070801,0.7035508155822754,4,0.4,3,10,10
IAEA_plus_50,50,62,core_term,zh,中子,63,61146,13,50,0.6376688480377197,0.6274608572324117,0.622068452835083,0.6376688480377197,0,0.0,0,10,10
IAEA_plus_50,50,62,core_term,en,neutron,63,61146,13,50,0.6899797916412354,0.6775538325309753,0.6662509679794312,0.6899797916412354,5,0.5,1,10,10
IAEA_plus_50,50,62,phrase,zh,中子测量电流,63,61146,13,50,0.6772618889808655,0.6750983198483785,0.6710787355899811,0.6772618889808655,0,0.0,0,10,10
IAEA_plus_50,50,62,phrase,en,neutron measurement current,63,61146,13,50,0.7035508155822754,0.6991282900174459,0.6771908760070801,0.7035508155822754,4,0.4,3,10,10
IAEA_plus_50,50,63,core_term,zh,中子,63,60514,13,50,0.6376688480377197,0.6274608572324117,0.622068452835083,0.6376688480377197,0,0.0,0,10,10
IAEA_plus_50,50,63,core_term,en,neutron,63,60514,13,50,0.6899797916412354,0.6775538325309753,0.6662509679794312,0.6899797916412354,5,0.5,1,10,10
IAEA_plus_50,50,63,phrase,zh,中子测量电流,63,60514,13,50,0.6772618889808655,0.6750983198483785,0.6710787355899811,0.6772618889808655,0,0.0,0,10,10
IAEA_plus_50,50,63,phrase,en,neutron measurement current,63,60514,13,50,0.7035508155822754,0.6991282900174459,0.6771908760070801,0.7035508155822754,4,0.4,3,10,10
IAEA_plus_50,50,64,core_term,zh,中子,63,61315,13,50,0.6376688480377197,0.6274608572324117,0.622068452835083,0.6376688480377197,0,0.0,0,10,10
IAEA_plus_50,50,64,core_term,en,neutron,63,61315,13,50,0.6899797916412354,0.6775538325309753,0.6662509679794312,0.6899797916412354,5,0.5,1,10,10
IAEA_plus_50,50,64,phrase,zh,中子测量电流,63,61315,13,50,0.6772618889808655,0.6750983198483785,0.6710787355899811,0.6772618889808655,0,0.0,0,10,10
IAEA_plus_50,50,64,phrase,en,neutron measurement current,63,61315,13,50,0.7035508155822754,0.6991282900174459,0.6771908760070801,0.7035508155822754,4,0.4,3,10,10
IAEA_plus_50,50,65,core_term,zh,中子,63,61734,13,50,0.6376688480377197,0.6274608572324117,0.622068452835083,0.6376688480377197,0,0.0,0,10,10
IAEA_plus_50,50,65,core_term,en,neutron,63,61734,13,50,0.6899797916412354,0.6775538325309753,0.6662509679794312,0.6899797916412354,5,0.5,1,10,10
IAEA_plus_50,50,65,phrase,zh,中子测量电流,63,61734,13,50,0.6772618889808655,0.6750983198483785,0.6710787355899811,0.6772618889808655,0,0.0,0,10,10
IAEA_plus_50,50,65,phrase,en,neutron measurement current,63,61734,13,50,0.7035508155822754,0.6991282900174459,0.6771908760070801,0.7035508155822754,4,0.4,3,10,10
IAEA_plus_50,50,66,core_term,zh,中子,63,61755,13,50,0.6376688480377197,0.6274608572324117,0.622068452835083,0.6376688480377197,0,0.0,0,10,10
IAEA_plus_50,50,66,core_term,en,neutron,63,61755,13,50,0.6899797916412354,0.6775538325309753,0.6662509679794312,0.6899797916412354,5,0.5,1,10,10
IAEA_plus_50,50,66,phrase,zh,中子测量电流,63,61755,13,50,0.6772618889808655,0.6750983198483785,0.6710787355899811,0.6772618889808655,0,0.0,0,10,10
IAEA_plus_50,50,66,phrase,en,neutron measurement current,63,61755,13,50,0.7035508155822754,0.6991282900174459,0.6771908760070801,0.7035508155822754,4,0.4,3,10,10
IAEA_plus_50,50,67,core_term,zh,中子,63,61835,13,50,0.6376688480377197,0.6274608572324117,0.622068452835083,0.6376688480377197,0,0.0,0,10,10
IAEA_plus_50,50,67,core_term,en,neutron,63,61835,13,50,0.6899797916412354,0.6775538325309753,0.6662509679794312,0.6899797916412354,5,0.5,1,10,10
IAEA_plus_50,50,67,phrase,zh,中子测量电流,63,61835,13,50,0.6772618889808655,0.6750983198483785,0.6708976626396179,0.6772618889808655,0,0.0,0,10,10
IAEA_plus_50,50,67,phrase,en,neutron measurement current,63,61835,13,50,0.7035508155822754,0.6991282900174459,0.6771908760070801,0.7035508155822754,4,0.4,3,10,10
IAEA_plus_50,50,68,core_term,zh,中子,63,59727,13,50,0.6376688480377197,0.6274608572324117,0.622068452835083,0.6376688480377197,0,0.0,0,10,10
IAEA_plus_50,50,68,core_term,en,neutron,63,59727,13,50,0.6899797916412354,0.6775538325309753,0.6662509679794312,0.6899797916412354,5,0.5,1,10,10
IAEA_plus_50,50,68,phrase,zh,中子测量电流,63,59727,13,50,0.6772618889808655,0.6750983198483785,0.6710787355899811,0.6772618889808655,0,0.0,0,10,10
IAEA_plus_50,50,68,phrase,en,neutron measurement current,63,59727,13,50,0.7035508155822754,0.6991282900174459,0.6771908760070801,0.7035508155822754,4,0.4,3,10,10
IAEA_plus_50,50,69,core_term,zh,中子,63,59946,13,50,0.6376688480377197,0.6274608572324117,0.622068452835083,0.6376688480377197,0,0.0,0,10,10
IAEA_plus_50,50,69,core_term,en,neutron,63,59946,13,50,0.6899797916412354,0.6775538325309753,0.6662509679794312,0.6899797916412354,5,0.5,1,10,10
IAEA_plus_50,50,69,phrase,zh,中子测量电流,63,59946,13,50,0.6772618889808655,0.6750983198483785,0.6710787355899811,0.6772618889808655,0,0.0,0,10,10
IAEA_plus_50,50,69,phrase,en,neutron measurement current,63,59946,13,50,0.7035508155822754,0.6991282900174459,0.6771908760070801,0.7035508155822754,4,0.4,3,10,10
IAEA_plus_50,50,70,core_term,zh,中子,63,61746,13,50,0.6376688480377197,0.6274608572324117,0.622068452835083,0.6376688480377197,0,0.0,0,10,10
IAEA_plus_50,50,70,core_term,en,neutron,63,61746,13,50,0.6899797916412354,0.6775538325309753,0.6662509679794312,0.6899797916412354,5,0.5,1,10,10
IAEA_plus_50,50,70,phrase,zh,中子测量电流,63,61746,13,50,0.6772618889808655,0.6750983198483785,0.6710787355899811,0.6772618889808655,0,0.0,0,10,10
IAEA_plus_50,50,70,phrase,en,neutron measurement current,63,61746,13,50,0.7035508155822754,0.6991282900174459,0.6771908760070801,0.7035508155822754,4,0.4,3,10,10
IAEA_plus_50,50,71,core_term,zh,中子,63,59727,13,50,0.6376688480377197,0.6274608572324117,0.622068452835083,0.6376688480377197,0,0.0,0,10,10
IAEA_plus_50,50,71,core_term,en,neutron,63,59727,13,50,0.6899797916412354,0.6775538325309753,0.6662509679794312,0.6899797916412354,5,0.5,1,10,10
IAEA_plus_50,50,71,phrase,zh,中子测量电流,63,59727,13,50,0.6772618889808655,0.6750983198483785,0.6710787355899811,0.6772618889808655,0,0.0,0,10,10
IAEA_plus_50,50,71,phrase,en,neutron measurement current,63,59727,13,50,0.7035508155822754,0.6991282900174459,0.6771908760070801,0.7035508155822754,4,0.4,3,10,10
IAEA_plus_50,50,72,core_term,zh,中子,63,61807,13,50,0.6376688480377197,0.6274608572324117,0.622068452835083,0.6376688480377197,0,0.0,0,10,10
IAEA_plus_50,50,72,core_term,en,neutron,63,61807,13,50,0.6899797916412354,0.6775538325309753,0.6662509679794312,0.6899797916412354,5,0.5,1,10,10
IAEA_plus_50,50,72,phrase,zh,中子测量电流,63,61807,13,50,0.6772618889808655,0.6750983198483785,0.6710787355899811,0.6772618889808655,0,0.0,0,10,10
IAEA_plus_50,50,72,phrase,en,neutron measurement current,63,61807,13,50,0.7035508155822754,0.6991282900174459,0.6771908760070801,0.7035508155822754,4,0.4,3,10,10
IAEA_plus_50,50,73,core_term,zh,中子,63,60514,13,50,0.6376688480377197,0.6274608572324117,0.622068452835083,0.6376688480377197,0,0.0,0,10,10
IAEA_plus_50,50,73,core_term,en,neutron,63,60514,13,50,0.6899797916412354,0.6775538325309753,0.6662509679794312,0.6899797916412354,5,0.5,1,10,10
IAEA_plus_50,50,73,phrase,zh,中子测量电流,63,60514,13,50,0.6772618889808655,0.6750983198483785,0.6710787355899811,0.6772618889808655,0,0.0,0,10,10
IAEA_plus_50,50,73,phrase,en,neutron measurement current,63,60514,13,50,0.7035508155822754,0.6991282900174459,0.6771908760070801,0.7035508155822754,4,0.4,3,10,10
IAEA_plus_50,50,74,core_term,zh,中子,63,61272,13,50,0.6376688480377197,0.6274608572324117,0.622068452835083,0.6376688480377197,0,0.0,0,10,10
IAEA_plus_50,50,74,core_term,en,neutron,63,61272,13,50,0.6899797916412354,0.6775538325309753,0.6662509679794312,0.6899797916412354,5,0.5,1,10,10
IAEA_plus_50,50,74,phrase,zh,中子测量电流,63,61272,13,50,0.6772618889808655,0.6750983198483785,0.6710787355899811,0.6772618889808655,0,0.0,0,10,10
IAEA_plus_50,50,74,phrase,en,neutron measurement current,63,61272,13,50,0.7035508155822754,0.6991282900174459,0.6771908760070801,0.7035508155822754,4,0.4,3,10,10
IAEA_plus_50,50,75,core_term,zh,中子,63,60961,13,50,0.6376688480377197,0.6274608572324117,0.622068452835083,0.6376688480377197,0,0.0,0,10,10
IAEA_plus_50,50,75,core_term,en,neutron,63,60961,13,50,0.6899797916412354,0.6775538325309753,0.6662509679794312,0.6899797916412354,5,0.5,1,10,10
IAEA_plus_50,50,75,phrase,zh,中子测量电流,63,60961,13,50,0.6772618889808655,0.6750983198483785,0.6710787355899811,0.6772618889808655,0,0.0,0,10,10
IAEA_plus_50,50,75,phrase,en,neutron measurement current,63,60961,13,50,0.7035508155822754,0.6991282900174459,0.6771908760070801,0.7035508155822754,4,0.4,3,10,10
IAEA_plus_50,50,76,core_term,zh,中子,63,61807,13,50,0.6376688480377197,0.6274608572324117,0.622068452835083,0.6376688480377197,0,0.0,0,10,10
IAEA_plus_50,50,76,core_term,en,neutron,63,61807,13,50,0.6899797916412354,0.6775538325309753,0.6662509679794312,0.6899797916412354,5,0.5,1,10,10
IAEA_plus_50,50,76,phrase,zh,中子测量电流,63,61807,13,50,0.6772618889808655,0.6750983198483785,0.6710787355899811,0.6772618889808655,0,0.0,0,10,10
IAEA_plus_50,50,76,phrase,en,neutron measurement current,63,61807,13,50,0.7035508155822754,0.6991282900174459,0.6771908760070801,0.7035508155822754,4,0.4,3,10,10
IAEA_plus_50,50,77,core_term,zh,中子,63,61636,13,50,0.6376688480377197,0.6274608572324117,0.622068452835083,0.6376688480377197,0,0.0,0,10,10
IAEA_plus_50,50,77,core_term,en,neutron,63,61636,13,50,0.6899797916412354,0.6775538325309753,0.6662509679794312,0.6899797916412354,5,0.5,1,10,10
IAEA_plus_50,50,77,phrase,zh,中子测量电流,63,61636,13,50,0.6772618889808655,0.6750983198483785,0.6710787355899811,0.6772618889808655,0,0.0,0,10,10
IAEA_plus_50,50,77,phrase,en,neutron measurement current,63,61636,13,50,0.7035508155822754,0.6991282900174459,0.6771908760070801,0.7035508155822754,4,0.4,3,10,10
IAEA_plus_50,50,78,core_term,zh,中子,63,61748,13,50,0.6376688480377197,0.6274608572324117,0.622068452835083,0.6376688480377197,0,0.0,0,10,10
IAEA_plus_50,50,78,core_term,en,neutron,63,61748,13,50,0.6899797916412354,0.6775538325309753,0.6662509679794312,0.6899797916412354,5,0.5,1,10,10
IAEA_plus_50,50,78,phrase,zh,中子测量电流,63,61748,13,50,0.6772618889808655,0.6750983198483785,0.6710787355899811,0.6772618889808655,0,0.0,0,10,10
IAEA_plus_50,50,78,phrase,en,neutron measurement current,63,61748,13,50,0.7035508155822754,0.6991282900174459,0.6771908760070801,0.7035508155822754,4,0.4,3,10,10
IAEA_plus_50,50,79,core_term,zh,中子,63,59727,13,50,0.6376688480377197,0.6274608572324117,0.622068452835083,0.6376688480377197,0,0.0,0,10,10
IAEA_plus_50,50,79,core_term,en,neutron,63,59727,13,50,0.6899797916412354,0.6775538325309753,0.6662509679794312,0.6899797916412354,5,0.5,1,10,10
IAEA_plus_50,50,79,phrase,zh,中子测量电流,63,59727,13,50,0.6772618889808655,0.6750983198483785,0.6710787355899811,0.6772618889808655,0,0.0,0,10,10
IAEA_plus_50,50,79,phrase,en,neutron measurement current,63,59727,13,50,0.7035508155822754,0.6991282900174459,0.6771908760070801,0.7035508155822754,4,0.4,3,10,10
IAEA_plus_50,50,80,core_term,zh,中子,63,59946,13,50,0.6376688480377197,0.6274608572324117,0.622068452835083,0.6376688480377197,0,0.0,0,10,10
IAEA_plus_50,50,80,core_term,en,neutron,63,59946,13,50,0.6899797916412354,0.6775538325309753,0.6662509679794312,0.6899797916412354,5,0.5,1,10,10
IAEA_plus_50,50,80,phrase,zh,中子测量电流,63,59946,13,50,0.6772618889808655,0.6750983198483785,0.6710787355899811,0.6772618889808655,0,0.0,0,10,10
IAEA_plus_50,50,80,phrase,en,neutron measurement current,63,59946,13,50,0.7035508155822754,0.6991282900174459,0.6771908760070801,0.7035508155822754,4,0.4,3,10,10
IAEA_plus_50,50,81,core_term,zh,中子,63,60514,13,50,0.6376688480377197,0.6274608572324117,0.622068452835083,0.6376688480377197,0,0.0,0,10,10
IAEA_plus_50,50,81,core_term,en,neutron,63,60514,13,50,0.6899797916412354,0.6775538325309753,0.6662509679794312,0.6899797916412354,5,0.5,1,10,10
IAEA_plus_50,50,81,phrase,zh,中子测量电流,63,60514,13,50,0.6772618889808655,0.6750983198483785,0.6710787355899811,0.6772618889808655,0,0.0,0,10,10
IAEA_plus_50,50,81,phrase,en,neutron measurement current,63,60514,13,50,0.7035508155822754,0.6991282900174459,0.6771908760070801,0.7035508155822754,4,0.4,3,10,10
IAEA_plus_50,50,82,core_term,zh,中子,63,61479,13,50,0.6376688480377197,0.6274608572324117,0.622068452835083,0.6376688480377197,0,0.0,0,10,10
IAEA_plus_50,50,82,core_term,en,neutron,63,61479,13,50,0.6899797916412354,0.6775538325309753,0.6662509679794312,0.6899797916412354,5,0.5,1,10,10
IAEA_plus_50,50,82,phrase,zh,中子测量电流,63,61479,13,50,0.6772618889808655,0.6750983198483785,0.6710787355899811,0.6772618889808655,0,0.0,0,10,10
IAEA_plus_50,50,82,phrase,en,neutron measurement current,63,61479,13,50,0.7035508155822754,0.6991282900174459,0.6771908760070801,0.7035508155822754,4,0.4,3,10,10
IAEA_plus_50,50,83,core_term,zh,中子,63,61795,13,50,0.6376688480377197,0.6274608572324117,0.622068452835083,0.6376688480377197,0,0.0,0,10,10
IAEA_plus_50,50,83,core_term,en,neutron,63,61795,13,50,0.6899797916412354,0.6775538325309753,0.6662509679794312,0.6899797916412354,5,0.5,1,10,10
IAEA_plus_50,50,83,phrase,zh,中子测量电流,63,61795,13,50,0.6772618889808655,0.6750983198483785,0.6710787355899811,0.6772618889808655,0,0.0,0,10,10
IAEA_plus_50,50,83,phrase,en,neutron measurement current,63,61795,13,50,0.7035508155822754,0.6991282900174459,0.6771908760070801,0.7035508155822754,4,0.4,3,10,10
IAEA_plus_50,50,84,core_term,zh,中子,63,61718,13,50,0.6376688480377197,0.6274608572324117,0.622068452835083,0.6376688480377197,0,0.0,0,10,10
IAEA_plus_50,50,84,core_term,en,neutron,63,61718,13,50,0.6899797916412354,0.6775538325309753,0.6662509679794312,0.6899797916412354,5,0.5,1,10,10
IAEA_plus_50,50,84,phrase,zh,中子测量电流,63,61718,13,50,0.6772618889808655,0.6750983198483785,0.6710787355899811,0.6772618889808655,0,0.0,0,10,10
IAEA_plus_50,50,84,phrase,en,neutron measurement current,63,61718,13,50,0.7035508155822754,0.6991282900174459,0.6771908760070801,0.7035508155822754,4,0.4,3,10,10
IAEA_plus_50,50,85,core_term,zh,中子,63,58487,13,50,0.6376688480377197,0.6274608572324117,0.622068452835083,0.6376688480377197,0,0.0,0,10,10
IAEA_plus_50,50,85,core_term,en,neutron,63,58487,13,50,0.6899797916412354,0.6767170627911886,0.6649397373199463,0.6899797916412354,5,0.5,1,10,10
IAEA_plus_50,50,85,phrase,zh,中子测量电流,63,58487,13,50,0.6772618889808655,0.6750983198483785,0.6710787355899811,0.6772618889808655,0,0.0,0,10,10
IAEA_plus_50,50,85,phrase,en,neutron measurement current,63,58487,13,50,0.7035508155822754,0.6991282900174459,0.6767610549926758,0.7035508155822754,4,0.4,3,10,10
IAEA_plus_50,50,86,core_term,zh,中子,63,58184,13,50,0.6376688480377197,0.6274608572324117,0.622068452835083,0.6376688480377197,0,0.0,0,10,10
IAEA_plus_50,50,86,core_term,en,neutron,63,58184,13,50,0.6899797916412354,0.6775538325309753,0.6662509679794312,0.6899797916412354,5,0.5,1,10,10
IAEA_plus_50,50,86,phrase,zh,中子测量电流,63,58184,13,50,0.6772618889808655,0.6750983198483785,0.6710787355899811,0.6772618889808655,0,0.0,0,10,10
IAEA_plus_50,50,86,phrase,en,neutron measurement current,63,58184,13,50,0.7035508155822754,0.6991282900174459,0.6771908760070801,0.7035508155822754,4,0.4,3,10,10
IAEA_plus_50,50,87,core_term,zh,中子,63,60514,13,50,0.6376688480377197,0.6274608572324117,0.622068452835083,0.6376688480377197,0,0.0,0,10,10
IAEA_plus_50,50,87,core_term,en,neutron,63,60514,13,50,0.6899797916412354,0.6775538325309753,0.6662509679794312,0.6899797916412354,5,0.5,1,10,10
IAEA_plus_50,50,87,phrase,zh,中子测量电流,63,60514,13,50,0.6772618889808655,0.6750983198483785,0.6710787355899811,0.6772618889808655,0,0.0,0,10,10
IAEA_plus_50,50,87,phrase,en,neutron measurement current,63,60514,13,50,0.7035508155822754,0.6991282900174459,0.6771908760070801,0.7035508155822754,4,0.4,3,10,10
IAEA_plus_50,50,88,core_term,zh,中子,63,61769,13,50,0.6376688480377197,0.6274608572324117,0.622068452835083,0.6376688480377197,0,0.0,0,10,10
IAEA_plus_50,50,88,core_term,en,neutron,63,61769,13,50,0.6899797916412354,0.6775538325309753,0.6662509679794312,0.6899797916412354,5,0.5,1,10,10
IAEA_plus_50,50,88,phrase,zh,中子测量电流,63,61769,13,50,0.6772618889808655,0.6750983198483785,0.6710787355899811,0.6772618889808655,0,0.0,0,10,10
IAEA_plus_50,50,88,phrase,en,neutron measurement current,63,61769,13,50,0.7035508155822754,0.6991282900174459,0.6771908760070801,0.7035508155822754,4,0.4,3,10,10
IAEA_plus_50,50,89,core_term,zh,中子,63,61769,13,50,0.6376688480377197,0.6274608572324117,0.622068452835083,0.6376688480377197,0,0.0,0,10,10
IAEA_plus_50,50,89,core_term,en,neutron,63,61769,13,50,0.6899797916412354,0.6775538325309753,0.6662509679794312,0.6899797916412354,5,0.5,1,10,10
IAEA_plus_50,50,89,phrase,zh,中子测量电流,63,61769,13,50,0.6772618889808655,0.6750983198483785,0.6710787355899811,0.6772618889808655,0,0.0,0,10,10
IAEA_plus_50,50,89,phrase,en,neutron measurement current,63,61769,13,50,0.7035508155822754,0.6991282900174459,0.6771908760070801,0.7035508155822754,4,0.4,3,10,10
IAEA_plus_50,50,90,core_term,zh,中子,63,61748,13,50,0.6376688480377197,0.6274608572324117,0.622068452835083,0.6376688480377197,0,0.0,0,10,10
IAEA_plus_50,50,90,core_term,en,neutron,63,61748,13,50,0.6899797916412354,0.6775538325309753,0.6662509679794312,0.6899797916412354,5,0.5,1,10,10
IAEA_plus_50,50,90,phrase,zh,中子测量电流,63,61748,13,50,0.6772618889808655,0.6750983198483785,0.6710787355899811,0.6772618889808655,0,0.0,0,10,10
IAEA_plus_50,50,90,phrase,en,neutron measurement current,63,61748,13,50,0.7035508155822754,0.6991282900174459,0.6771908760070801,0.7035508155822754,4,0.4,3,10,10
IAEA_plus_50,50,91,core_term,zh,中子,63,61755,13,50,0.6376688480377197,0.6274608572324117,0.622068452835083,0.6376688480377197,0,0.0,0,10,10
IAEA_plus_50,50,91,core_term,en,neutron,63,61755,13,50,0.6899797916412354,0.6775538325309753,0.6662509679794312,0.6899797916412354,5,0.5,1,10,10
IAEA_plus_50,50,91,phrase,zh,中子测量电流,63,61755,13,50,0.6772618889808655,0.6750983198483785,0.6710787355899811,0.6772618889808655,0,0.0,0,10,10
IAEA_plus_50,50,91,phrase,en,neutron measurement current,63,61755,13,50,0.7035508155822754,0.6991282900174459,0.6771908760070801,0.7035508155822754,4,0.4,3,10,10
IAEA_plus_50,50,92,core_term,zh,中子,63,56703,13,50,0.6376688480377197,0.6274608572324117,0.622068452835083,0.6376688480377197,0,0.0,0,10,10
IAEA_plus_50,50,92,core_term,en,neutron,63,56703,13,50,0.6899797916412354,0.6775538325309753,0.6656655967235565,0.6899797916412354,5,0.5,1,10,10
IAEA_plus_50,50,92,phrase,zh,中子测量电流,63,56703,13,50,0.6772618889808655,0.6750983198483785,0.6710787355899811,0.6772618889808655,0,0.0,0,10,10
IAEA_plus_50,50,92,phrase,en,neutron measurement current,63,56703,13,50,0.7035508155822754,0.6991282900174459,0.6771908760070801,0.7035508155822754,4,0.4,3,10,10
IAEA_plus_50,50,93,core_term,zh,中子,63,61755,13,50,0.6376688480377197,0.6274608572324117,0.622068452835083,0.6376688480377197,0,0.0,0,10,10
IAEA_plus_50,50,93,core_term,en,neutron,63,61755,13,50,0.6899797916412354,0.6775538325309753,0.6662509679794312,0.6899797916412354,5,0.5,1,10,10
IAEA_plus_50,50,93,phrase,zh,中子测量电流,63,61755,13,50,0.6772618889808655,0.6750983198483785,0.6710787355899811,0.6772618889808655,0,0.0,0,10,10
IAEA_plus_50,50,93,phrase,en,neutron measurement current,63,61755,13,50,0.7035508155822754,0.6991282900174459,0.6771908760070801,0.7035508155822754,4,0.4,3,10,10
IAEA_plus_50,50,94,core_term,zh,中子,63,61577,13,50,0.6376688480377197,0.6274608572324117,0.622068452835083,0.6376688480377197,0,0.0,0,10,10
IAEA_plus_50,50,94,core_term,en,neutron,63,61577,13,50,0.6899797916412354,0.6775538325309753,0.6662509679794312,0.6899797916412354,5,0.5,1,10,10
IAEA_plus_50,50,94,phrase,zh,中子测量电流,63,61577,13,50,0.6772618889808655,0.6750983198483785,0.6710787355899811,0.6772618889808655,0,0.0,0,10,10
IAEA_plus_50,50,94,phrase,en,neutron measurement current,63,61577,13,50,0.7035508155822754,0.6991282900174459,0.6771908760070801,0.7035508155822754,4,0.4,3,10,10
IAEA_plus_50,50,95,core_term,zh,中子,63,61272,13,50,0.6376688480377197,0.6274608572324117,0.622068452835083,0.6376688480377197,0,0.0,0,10,10
IAEA_plus_50,50,95,core_term,en,neutron,63,61272,13,50,0.6899797916412354,0.6775538325309753,0.6662509679794312,0.6899797916412354,5,0.5,1,10,10
IAEA_plus_50,50,95,phrase,zh,中子测量电流,63,61272,13,50,0.6772618889808655,0.6750983198483785,0.6710787355899811,0.6772618889808655,0,0.0,0,10,10
IAEA_plus_50,50,95,phrase,en,neutron measurement current,63,61272,13,50,0.7035508155822754,0.6991282900174459,0.6771908760070801,0.7035508155822754,4,0.4,3,10,10
IAEA_plus_50,50,96,core_term,zh,中子,63,61734,13,50,0.6376688480377197,0.6274608572324117,0.622068452835083,0.6376688480377197,0,0.0,0,10,10
IAEA_plus_50,50,96,core_term,en,neutron,63,61734,13,50,0.6899797916412354,0.6775538325309753,0.6662509679794312,0.6899797916412354,5,0.5,1,10,10
IAEA_plus_50,50,96,phrase,zh,中子测量电流,63,61734,13,50,0.6772618889808655,0.6750983198483785,0.6710787355899811,0.6772618889808655,0,0.0,0,10,10
IAEA_plus_50,50,96,phrase,en,neutron measurement current,63,61734,13,50,0.7035508155822754,0.6991282900174459,0.6771908760070801,0.7035508155822754,4,0.4,3,10,10
IAEA_plus_50,50,97,core_term,zh,中子,63,61748,13,50,0.6376688480377197,0.6274608572324117,0.622068452835083,0.6376688480377197,0,0.0,0,10,10
IAEA_plus_50,50,97,core_term,en,neutron,63,61748,13,50,0.6899797916412354,0.6775538325309753,0.6662509679794312,0.6899797916412354,5,0.5,1,10,10
IAEA_plus_50,50,97,phrase,zh,中子测量电流,63,61748,13,50,0.6772618889808655,0.6750983198483785,0.6710787355899811,0.6772618889808655,0,0.0,0,10,10
IAEA_plus_50,50,97,phrase,en,neutron measurement current,63,61748,13,50,0.7035508155822754,0.6991282900174459,0.6771908760070801,0.7035508155822754,4,0.4,3,10,10
IAEA_plus_50,50,98,core_term,zh,中子,63,58590,13,50,0.6376688480377197,0.6274608572324117,0.622068452835083,0.6376688480377197,0,0.0,0,10,10
IAEA_plus_50,50,98,core_term,en,neutron,63,58590,13,50,0.6899797916412354,0.6775538325309753,0.6662509679794312,0.6899797916412354,5,0.5,1,10,10
IAEA_plus_50,50,98,phrase,zh,中子测量电流,63,58590,13,50,0.6772618889808655,0.6750983198483785,0.6710787355899811,0.6772618889808655,0,0.0,0,10,10
IAEA_plus_50,50,98,phrase,en,neutron measurement current,63,58590,13,50,0.7035508155822754,0.6991282900174459,0.6771908760070801,0.7035508155822754,4,0.4,3,10,10
IAEA_plus_50,50,99,core_term,zh,中子,63,61718,13,50,0.6376688480377197,0.6274608572324117,0.622068452835083,0.6376688480377197,0,0.0,0,10,10
IAEA_plus_50,50,99,core_term,en,neutron,63,61718,13,50,0.6899797916412354,0.6775538325309753,0.6662509679794312,0.6899797916412354,5,0.5,1,10,10
IAEA_plus_50,50,99,phrase,zh,中子测量电流,63,61718,13,50,0.6772618889808655,0.6750983198483785,0.6710787355899811,0.6772618889808655,0,0.0,0,10,10
IAEA_plus_50,50,99,phrase,en,neutron measurement current,63,61718,13,50,0.7035508155822754,0.6991282900174459,0.6771908760070801,0.7035508155822754,4,0.4,3,10,10
IAEA_plus_51,51,0,core_term,zh,中子,64,61839,13,51,0.6376688480377197,0.6274608572324117,0.622068452835083,0.6376688480377197,0,0.0,0,10,10
IAEA_plus_51,51,0,core_term,en,neutron,64,61839,13,51,0.6899797916412354,0.6775538325309753,0.6662509679794312,0.6899797916412354,5,0.5,1,10,10
IAEA_plus_51,51,0,phrase,zh,中子测量电流,64,61839,13,51,0.6772618889808655,0.6750983198483785,0.6710787355899811,0.6772618889808655,0,0.0,0,10,10
IAEA_plus_51,51,0,phrase,en,neutron measurement current,64,61839,13,51,0.7035508155822754,0.6991282900174459,0.6771908760070801,0.7035508155822754,4,0.4,3,10,10
IAEA_plus_51,51,1,core_term,zh,中子,64,61839,13,51,0.6376688480377197,0.6274608572324117,0.622068452835083,0.6376688480377197,0,0.0,0,10,10
IAEA_plus_51,51,1,core_term,en,neutron,64,61839,13,51,0.6899797916412354,0.6775538325309753,0.6662509679794312,0.6899797916412354,5,0.5,1,10,10
IAEA_plus_51,51,1,phrase,zh,中子测量电流,64,61839,13,51,0.6772618889808655,0.6750983198483785,0.6710787355899811,0.6772618889808655,0,0.0,0,10,10
IAEA_plus_51,51,1,phrase,en,neutron measurement current,64,61839,13,51,0.7035508155822754,0.6991282900174459,0.6771908760070801,0.7035508155822754,4,0.4,3,10,10
IAEA_plus_51,51,2,core_term,zh,中子,64,61839,13,51,0.6376688480377197,0.6274608572324117,0.622068452835083,0.6376688480377197,0,0.0,0,10,10
IAEA_plus_51,51,2,core_term,en,neutron,64,61839,13,51,0.6899797916412354,0.6775538325309753,0.6662509679794312,0.6899797916412354,5,0.5,1,10,10
IAEA_plus_51,51,2,phrase,zh,中子测量电流,64,61839,13,51,0.6772618889808655,0.6750983198483785,0.6710787355899811,0.6772618889808655,0,0.0,0,10,10
IAEA_plus_51,51,2,phrase,en,neutron measurement current,64,61839,13,51,0.7035508155822754,0.6991282900174459,0.6771908760070801,0.7035508155822754,4,0.4,3,10,10
IAEA_plus_51,51,3,core_term,zh,中子,64,61839,13,51,0.6376688480377197,0.6274608572324117,0.622068452835083,0.6376688480377197,0,0.0,0,10,10
IAEA_plus_51,51,3,core_term,en,neutron,64,61839,13,51,0.6899797916412354,0.6775538325309753,0.6662509679794312,0.6899797916412354,5,0.5,1,10,10
IAEA_plus_51,51,3,phrase,zh,中子测量电流,64,61839,13,51,0.6772618889808655,0.6750983198483785,0.6710787355899811,0.6772618889808655,0,0.0,0,10,10
IAEA_plus_51,51,3,phrase,en,neutron measurement current,64,61839,13,51,0.7035508155822754,0.6991282900174459,0.6771908760070801,0.7035508155822754,4,0.4,3,10,10
IAEA_plus_51,51,4,core_term,zh,中子,64,61839,13,51,0.6376688480377197,0.6274608572324117,0.622068452835083,0.6376688480377197,0,0.0,0,10,10
IAEA_plus_51,51,4,core_term,en,neutron,64,61839,13,51,0.6899797916412354,0.6775538325309753,0.6662509679794312,0.6899797916412354,5,0.5,1,10,10
IAEA_plus_51,51,4,phrase,zh,中子测量电流,64,61839,13,51,0.6772618889808655,0.6750983198483785,0.6710787355899811,0.6772618889808655,0,0.0,0,10,10
IAEA_plus_51,51,4,phrase,en,neutron measurement current,64,61839,13,51,0.7035508155822754,0.6991282900174459,0.6771908760070801,0.7035508155822754,4,0.4,3,10,10
IAEA_plus_51,51,5,core_term,zh,中子,64,61839,13,51,0.6376688480377197,0.6274608572324117,0.622068452835083,0.6376688480377197,0,0.0,0,10,10
IAEA_plus_51,51,5,core_term,en,neutron,64,61839,13,51,0.6899797916412354,0.6775538325309753,0.6662509679794312,0.6899797916412354,5,0.5,1,10,10
IAEA_plus_51,51,5,phrase,zh,中子测量电流,64,61839,13,51,0.6772618889808655,0.6750983198483785,0.6710787355899811,0.6772618889808655,0,0.0,0,10,10
IAEA_plus_51,51,5,phrase,en,neutron measurement current,64,61839,13,51,0.7035508155822754,0.6991282900174459,0.6771908760070801,0.7035508155822754,4,0.4,3,10,10
IAEA_plus_51,51,6,core_term,zh,中子,64,61839,13,51,0.6376688480377197,0.6274608572324117,0.622068452835083,0.6376688480377197,0,0.0,0,10,10
IAEA_plus_51,51,6,core_term,en,neutron,64,61839,13,51,0.6899797916412354,0.6775538325309753,0.6662509679794312,0.6899797916412354,5,0.5,1,10,10
IAEA_plus_51,51,6,phrase,zh,中子测量电流,64,61839,13,51,0.6772618889808655,0.6750983198483785,0.6710787355899811,0.6772618889808655,0,0.0,0,10,10
IAEA_plus_51,51,6,phrase,en,neutron measurement current,64,61839,13,51,0.7035508155822754,0.6991282900174459,0.6771908760070801,0.7035508155822754,4,0.4,3,10,10
IAEA_plus_51,51,7,core_term,zh,中子,64,61839,13,51,0.6376688480377197,0.6274608572324117,0.622068452835083,0.6376688480377197,0,0.0,0,10,10
IAEA_plus_51,51,7,core_term,en,neutron,64,61839,13,51,0.6899797916412354,0.6775538325309753,0.6662509679794312,0.6899797916412354,5,0.5,1,10,10
IAEA_plus_51,51,7,phrase,zh,中子测量电流,64,61839,13,51,0.6772618889808655,0.6750983198483785,0.6710787355899811,0.6772618889808655,0,0.0,0,10,10
IAEA_plus_51,51,7,phrase,en,neutron measurement current,64,61839,13,51,0.7035508155822754,0.6991282900174459,0.6771908760070801,0.7035508155822754,4,0.4,3,10,10
IAEA_plus_51,51,8,core_term,zh,中子,64,61839,13,51,0.6376688480377197,0.6274608572324117,0.622068452835083,0.6376688480377197,0,0.0,0,10,10
IAEA_plus_51,51,8,core_term,en,neutron,64,61839,13,51,0.6899797916412354,0.6775538325309753,0.6662509679794312,0.6899797916412354,5,0.5,1,10,10
IAEA_plus_51,51,8,phrase,zh,中子测量电流,64,61839,13,51,0.6772618889808655,0.6750983198483785,0.6710787355899811,0.6772618889808655,0,0.0,0,10,10
IAEA_plus_51,51,8,phrase,en,neutron measurement current,64,61839,13,51,0.7035508155822754,0.6991282900174459,0.6771908760070801,0.7035508155822754,4,0.4,3,10,10
IAEA_plus_51,51,9,core_term,zh,中子,64,61839,13,51,0.6376688480377197,0.6274608572324117,0.622068452835083,0.6376688480377197,0,0.0,0,10,10
IAEA_plus_51,51,9,core_term,en,neutron,64,61839,13,51,0.6899797916412354,0.6775538325309753,0.6662509679794312,0.6899797916412354,5,0.5,1,10,10
IAEA_plus_51,51,9,phrase,zh,中子测量电流,64,61839,13,51,0.6772618889808655,0.6750983198483785,0.6710787355899811,0.6772618889808655,0,0.0,0,10,10
IAEA_plus_51,51,9,phrase,en,neutron measurement current,64,61839,13,51,0.7035508155822754,0.6991282900174459,0.6771908760070801,0.7035508155822754,4,0.4,3,10,10
IAEA_plus_51,51,10,core_term,zh,中子,64,61839,13,51,0.6376688480377197,0.6274608572324117,0.622068452835083,0.6376688480377197,0,0.0,0,10,10
IAEA_plus_51,51,10,core_term,en,neutron,64,61839,13,51,0.6899797916412354,0.6775538325309753,0.6662509679794312,0.6899797916412354,5,0.5,1,10,10
IAEA_plus_51,51,10,phrase,zh,中子测量电流,64,61839,13,51,0.6772618889808655,0.6750983198483785,0.6710787355899811,0.6772618889808655,0,0.0,0,10,10
IAEA_plus_51,51,10,phrase,en,neutron measurement current,64,61839,13,51,0.7035508155822754,0.6991282900174459,0.6771908760070801,0.7035508155822754,4,0.4,3,10,10
IAEA_plus_51,51,11,core_term,zh,中子,64,61839,13,51,0.6376688480377197,0.6274608572324117,0.622068452835083,0.6376688480377197,0,0.0,0,10,10
IAEA_plus_51,51,11,core_term,en,neutron,64,61839,13,51,0.6899797916412354,0.6775538325309753,0.6662509679794312,0.6899797916412354,5,0.5,1,10,10
IAEA_plus_51,51,11,phrase,zh,中子测量电流,64,61839,13,51,0.6772618889808655,0.6750983198483785,0.6710787355899811,0.6772618889808655,0,0.0,0,10,10
IAEA_plus_51,51,11,phrase,en,neutron measurement current,64,61839,13,51,0.7035508155822754,0.6991282900174459,0.6771908760070801,0.7035508155822754,4,0.4,3,10,10
IAEA_plus_51,51,12,core_term,zh,中子,64,61839,13,51,0.6376688480377197,0.6274608572324117,0.622068452835083,0.6376688480377197,0,0.0,0,10,10
IAEA_plus_51,51,12,core_term,en,neutron,64,61839,13,51,0.6899797916412354,0.6775538325309753,0.6662509679794312,0.6899797916412354,5,0.5,1,10,10
IAEA_plus_51,51,12,phrase,zh,中子测量电流,64,61839,13,51,0.6772618889808655,0.6750983198483785,0.6710787355899811,0.6772618889808655,0,0.0,0,10,10
IAEA_plus_51,51,12,phrase,en,neutron measurement current,64,61839,13,51,0.7035508155822754,0.6991282900174459,0.6771908760070801,0.7035508155822754,4,0.4,3,10,10
IAEA_plus_51,51,13,core_term,zh,中子,64,61839,13,51,0.6376688480377197,0.6274608572324117,0.622068452835083,0.6376688480377197,0,0.0,0,10,10
IAEA_plus_51,51,13,core_term,en,neutron,64,61839,13,51,0.6899797916412354,0.6775538325309753,0.6662509679794312,0.6899797916412354,5,0.5,1,10,10
IAEA_plus_51,51,13,phrase,zh,中子测量电流,64,61839,13,51,0.6772618889808655,0.6750983198483785,0.6710787355899811,0.6772618889808655,0,0.0,0,10,10
IAEA_plus_51,51,13,phrase,en,neutron measurement current,64,61839,13,51,0.7035508155822754,0.6991282900174459,0.6771908760070801,0.7035508155822754,4,0.4,3,10,10
IAEA_plus_51,51,14,core_term,zh,中子,64,61839,13,51,0.6376688480377197,0.6274608572324117,0.622068452835083,0.6376688480377197,0,0.0,0,10,10
IAEA_plus_51,51,14,core_term,en,neutron,64,61839,13,51,0.6899797916412354,0.6775538325309753,0.6662509679794312,0.6899797916412354,5,0.5,1,10,10
IAEA_plus_51,51,14,phrase,zh,中子测量电流,64,61839,13,51,0.6772618889808655,0.6750983198483785,0.6710787355899811,0.6772618889808655,0,0.0,0,10,10
IAEA_plus_51,51,14,phrase,en,neutron measurement current,64,61839,13,51,0.7035508155822754,0.6991282900174459,0.6771908760070801,0.7035508155822754,4,0.4,3,10,10
IAEA_plus_51,51,15,core_term,zh,中子,64,61839,13,51,0.6376688480377197,0.6274608572324117,0.622068452835083,0.6376688480377197,0,0.0,0,10,10
IAEA_plus_51,51,15,core_term,en,neutron,64,61839,13,51,0.6899797916412354,0.6775538325309753,0.6662509679794312,0.6899797916412354,5,0.5,1,10,10
IAEA_plus_51,51,15,phrase,zh,中子测量电流,64,61839,13,51,0.6772618889808655,0.6750983198483785,0.6710787355899811,0.6772618889808655,0,0.0,0,10,10
IAEA_plus_51,51,15,phrase,en,neutron measurement current,64,61839,13,51,0.7035508155822754,0.6991282900174459,0.6771908760070801,0.7035508155822754,4,0.4,3,10,10
IAEA_plus_51,51,16,core_term,zh,中子,64,61839,13,51,0.6376688480377197,0.6274608572324117,0.622068452835083,0.6376688480377197,0,0.0,0,10,10
IAEA_plus_51,51,16,core_term,en,neutron,64,61839,13,51,0.6899797916412354,0.6775538325309753,0.6662509679794312,0.6899797916412354,5,0.5,1,10,10
IAEA_plus_51,51,16,phrase,zh,中子测量电流,64,61839,13,51,0.6772618889808655,0.6750983198483785,0.6710787355899811,0.6772618889808655,0,0.0,0,10,10
IAEA_plus_51,51,16,phrase,en,neutron measurement current,64,61839,13,51,0.7035508155822754,0.6991282900174459,0.6771908760070801,0.7035508155822754,4,0.4,3,10,10
IAEA_plus_51,51,17,core_term,zh,中子,64,61839,13,51,0.6376688480377197,0.6274608572324117,0.622068452835083,0.6376688480377197,0,0.0,0,10,10
IAEA_plus_51,51,17,core_term,en,neutron,64,61839,13,51,0.6899797916412354,0.6775538325309753,0.6662509679794312,0.6899797916412354,5,0.5,1,10,10
IAEA_plus_51,51,17,phrase,zh,中子测量电流,64,61839,13,51,0.6772618889808655,0.6750983198483785,0.6710787355899811,0.6772618889808655,0,0.0,0,10,10
IAEA_plus_51,51,17,phrase,en,neutron measurement current,64,61839,13,51,0.7035508155822754,0.6991282900174459,0.6771908760070801,0.7035508155822754,4,0.4,3,10,10
IAEA_plus_51,51,18,core_term,zh,中子,64,61839,13,51,0.6376688480377197,0.6274608572324117,0.622068452835083,0.6376688480377197,0,0.0,0,10,10
IAEA_plus_51,51,18,core_term,en,neutron,64,61839,13,51,0.6899797916412354,0.6775538325309753,0.6662509679794312,0.6899797916412354,5,0.5,1,10,10
IAEA_plus_51,51,18,phrase,zh,中子测量电流,64,61839,13,51,0.6772618889808655,0.6750983198483785,0.6710787355899811,0.6772618889808655,0,0.0,0,10,10
IAEA_plus_51,51,18,phrase,en,neutron measurement current,64,61839,13,51,0.7035508155822754,0.6991282900174459,0.6771908760070801,0.7035508155822754,4,0.4,3,10,10
IAEA_plus_51,51,19,core_term,zh,中子,64,61839,13,51,0.6376688480377197,0.6274608572324117,0.622068452835083,0.6376688480377197,0,0.0,0,10,10
IAEA_plus_51,51,19,core_term,en,neutron,64,61839,13,51,0.6899797916412354,0.6775538325309753,0.6662509679794312,0.6899797916412354,5,0.5,1,10,10
IAEA_plus_51,51,19,phrase,zh,中子测量电流,64,61839,13,51,0.6772618889808655,0.6750983198483785,0.6710787355899811,0.6772618889808655,0,0.0,0,10,10
IAEA_plus_51,51,19,phrase,en,neutron measurement current,64,61839,13,51,0.7035508155822754,0.6991282900174459,0.6771908760070801,0.7035508155822754,4,0.4,3,10,10
IAEA_plus_51,51,20,core_term,zh,中子,64,61839,13,51,0.6376688480377197,0.6274608572324117,0.622068452835083,0.6376688480377197,0,0.0,0,10,10
IAEA_plus_51,51,20,core_term,en,neutron,64,61839,13,51,0.6899797916412354,0.6775538325309753,0.6662509679794312,0.6899797916412354,5,0.5,1,10,10
IAEA_plus_51,51,20,phrase,zh,中子测量电流,64,61839,13,51,0.6772618889808655,0.6750983198483785,0.6710787355899811,0.6772618889808655,0,0.0,0,10,10
IAEA_plus_51,51,20,phrase,en,neutron measurement current,64,61839,13,51,0.7035508155822754,0.6991282900174459,0.6771908760070801,0.7035508155822754,4,0.4,3,10,10
IAEA_plus_51,51,21,core_term,zh,中子,64,61839,13,51,0.6376688480377197,0.6274608572324117,0.622068452835083,0.6376688480377197,0,0.0,0,10,10
IAEA_plus_51,51,21,core_term,en,neutron,64,61839,13,51,0.6899797916412354,0.6775538325309753,0.6662509679794312,0.6899797916412354,5,0.5,1,10,10
IAEA_plus_51,51,21,phrase,zh,中子测量电流,64,61839,13,51,0.6772618889808655,0.6750983198483785,0.6710787355899811,0.6772618889808655,0,0.0,0,10,10
IAEA_plus_51,51,21,phrase,en,neutron measurement current,64,61839,13,51,0.7035508155822754,0.6991282900174459,0.6771908760070801,0.7035508155822754,4,0.4,3,10,10
IAEA_plus_51,51,22,core_term,zh,中子,64,61839,13,51,0.6376688480377197,0.6274608572324117,0.622068452835083,0.6376688480377197,0,0.0,0,10,10
IAEA_plus_51,51,22,core_term,en,neutron,64,61839,13,51,0.6899797916412354,0.6775538325309753,0.6662509679794312,0.6899797916412354,5,0.5,1,10,10
IAEA_plus_51,51,22,phrase,zh,中子测量电流,64,61839,13,51,0.6772618889808655,0.6750983198483785,0.6710787355899811,0.6772618889808655,0,0.0,0,10,10
IAEA_plus_51,51,22,phrase,en,neutron measurement current,64,61839,13,51,0.7035508155822754,0.6991282900174459,0.6771908760070801,0.7035508155822754,4,0.4,3,10,10
IAEA_plus_51,51,23,core_term,zh,中子,64,61839,13,51,0.6376688480377197,0.6274608572324117,0.622068452835083,0.6376688480377197,0,0.0,0,10,10
IAEA_plus_51,51,23,core_term,en,neutron,64,61839,13,51,0.6899797916412354,0.6775538325309753,0.6662509679794312,0.6899797916412354,5,0.5,1,10,10
IAEA_plus_51,51,23,phrase,zh,中子测量电流,64,61839,13,51,0.6772618889808655,0.6750983198483785,0.6710787355899811,0.6772618889808655,0,0.0,0,10,10
IAEA_plus_51,51,23,phrase,en,neutron measurement current,64,61839,13,51,0.7035508155822754,0.6991282900174459,0.6771908760070801,0.7035508155822754,4,0.4,3,10,10
IAEA_plus_51,51,24,core_term,zh,中子,64,61839,13,51,0.6376688480377197,0.6274608572324117,0.622068452835083,0.6376688480377197,0,0.0,0,10,10
IAEA_plus_51,51,24,core_term,en,neutron,64,61839,13,51,0.6899797916412354,0.6775538325309753,0.6662509679794312,0.6899797916412354,5,0.5,1,10,10
IAEA_plus_51,51,24,phrase,zh,中子测量电流,64,61839,13,51,0.6772618889808655,0.6750983198483785,0.6710787355899811,0.6772618889808655,0,0.0,0,10,10
IAEA_plus_51,51,24,phrase,en,neutron measurement current,64,61839,13,51,0.7035508155822754,0.6991282900174459,0.6771908760070801,0.7035508155822754,4,0.4,3,10,10
IAEA_plus_51,51,25,core_term,zh,中子,64,61839,13,51,0.6376688480377197,0.6274608572324117,0.622068452835083,0.6376688480377197,0,0.0,0,10,10
IAEA_plus_51,51,25,core_term,en,neutron,64,61839,13,51,0.6899797916412354,0.6775538325309753,0.6662509679794312,0.6899797916412354,5,0.5,1,10,10
IAEA_plus_51,51,25,phrase,zh,中子测量电流,64,61839,13,51,0.6772618889808655,0.6750983198483785,0.6710787355899811,0.6772618889808655,0,0.0,0,10,10
IAEA_plus_51,51,25,phrase,en,neutron measurement current,64,61839,13,51,0.7035508155822754,0.6991282900174459,0.6771908760070801,0.7035508155822754,4,0.4,3,10,10
IAEA_plus_51,51,26,core_term,zh,中子,64,61839,13,51,0.6376688480377197,0.6274608572324117,0.622068452835083,0.6376688480377197,0,0.0,0,10,10
IAEA_plus_51,51,26,core_term,en,neutron,64,61839,13,51,0.6899797916412354,0.6775538325309753,0.6662509679794312,0.6899797916412354,5,0.5,1,10,10
IAEA_plus_51,51,26,phrase,zh,中子测量电流,64,61839,13,51,0.6772618889808655,0.6750983198483785,0.6710787355899811,0.6772618889808655,0,0.0,0,10,10
IAEA_plus_51,51,26,phrase,en,neutron measurement current,64,61839,13,51,0.7035508155822754,0.6991282900174459,0.6771908760070801,0.7035508155822754,4,0.4,3,10,10
IAEA_plus_51,51,27,core_term,zh,中子,64,61839,13,51,0.6376688480377197,0.6274608572324117,0.622068452835083,0.6376688480377197,0,0.0,0,10,10
IAEA_plus_51,51,27,core_term,en,neutron,64,61839,13,51,0.6899797916412354,0.6775538325309753,0.6662509679794312,0.6899797916412354,5,0.5,1,10,10
IAEA_plus_51,51,27,phrase,zh,中子测量电流,64,61839,13,51,0.6772618889808655,0.6750983198483785,0.6710787355899811,0.6772618889808655,0,0.0,0,10,10
IAEA_plus_51,51,27,phrase,en,neutron measurement current,64,61839,13,51,0.7035508155822754,0.6991282900174459,0.6771908760070801,0.7035508155822754,4,0.4,3,10,10
IAEA_plus_51,51,28,core_term,zh,中子,64,61839,13,51,0.6376688480377197,0.6274608572324117,0.622068452835083,0.6376688480377197,0,0.0,0,10,10
IAEA_plus_51,51,28,core_term,en,neutron,64,61839,13,51,0.6899797916412354,0.6775538325309753,0.6662509679794312,0.6899797916412354,5,0.5,1,10,10
IAEA_plus_51,51,28,phrase,zh,中子测量电流,64,61839,13,51,0.6772618889808655,0.6750983198483785,0.6710787355899811,0.6772618889808655,0,0.0,0,10,10
IAEA_plus_51,51,28,phrase,en,neutron measurement current,64,61839,13,51,0.7035508155822754,0.6991282900174459,0.6771908760070801,0.7035508155822754,4,0.4,3,10,10
IAEA_plus_51,51,29,core_term,zh,中子,64,61839,13,51,0.6376688480377197,0.6274608572324117,0.622068452835083,0.6376688480377197,0,0.0,0,10,10
IAEA_plus_51,51,29,core_term,en,neutron,64,61839,13,51,0.6899797916412354,0.6775538325309753,0.6662509679794312,0.6899797916412354,5,0.5,1,10,10
IAEA_plus_51,51,29,phrase,zh,中子测量电流,64,61839,13,51,0.6772618889808655,0.6750983198483785,0.6710787355899811,0.6772618889808655,0,0.0,0,10,10
IAEA_plus_51,51,29,phrase,en,neutron measurement current,64,61839,13,51,0.7035508155822754,0.6991282900174459,0.6771908760070801,0.7035508155822754,4,0.4,3,10,10
IAEA_plus_51,51,30,core_term,zh,中子,64,61839,13,51,0.6376688480377197,0.6274608572324117,0.622068452835083,0.6376688480377197,0,0.0,0,10,10
IAEA_plus_51,51,30,core_term,en,neutron,64,61839,13,51,0.6899797916412354,0.6775538325309753,0.6662509679794312,0.6899797916412354,5,0.5,1,10,10
IAEA_plus_51,51,30,phrase,zh,中子测量电流,64,61839,13,51,0.6772618889808655,0.6750983198483785,0.6710787355899811,0.6772618889808655,0,0.0,0,10,10
IAEA_plus_51,51,30,phrase,en,neutron measurement current,64,61839,13,51,0.7035508155822754,0.6991282900174459,0.6771908760070801,0.7035508155822754,4,0.4,3,10,10
IAEA_plus_51,51,31,core_term,zh,中子,64,61839,13,51,0.6376688480377197,0.6274608572324117,0.622068452835083,0.6376688480377197,0,0.0,0,10,10
IAEA_plus_51,51,31,core_term,en,neutron,64,61839,13,51,0.6899797916412354,0.6775538325309753,0.6662509679794312,0.6899797916412354,5,0.5,1,10,10
IAEA_plus_51,51,31,phrase,zh,中子测量电流,64,61839,13,51,0.6772618889808655,0.6750983198483785,0.6710787355899811,0.6772618889808655,0,0.0,0,10,10
IAEA_plus_51,51,31,phrase,en,neutron measurement current,64,61839,13,51,0.7035508155822754,0.6991282900174459,0.6771908760070801,0.7035508155822754,4,0.4,3,10,10
IAEA_plus_51,51,32,core_term,zh,中子,64,61839,13,51,0.6376688480377197,0.6274608572324117,0.622068452835083,0.6376688480377197,0,0.0,0,10,10
IAEA_plus_51,51,32,core_term,en,neutron,64,61839,13,51,0.6899797916412354,0.6775538325309753,0.6662509679794312,0.6899797916412354,5,0.5,1,10,10
IAEA_plus_51,51,32,phrase,zh,中子测量电流,64,61839,13,51,0.6772618889808655,0.6750983198483785,0.6710787355899811,0.6772618889808655,0,0.0,0,10,10
IAEA_plus_51,51,32,phrase,en,neutron measurement current,64,61839,13,51,0.7035508155822754,0.6991282900174459,0.6771908760070801,0.7035508155822754,4,0.4,3,10,10
IAEA_plus_51,51,33,core_term,zh,中子,64,61839,13,51,0.6376688480377197,0.6274608572324117,0.622068452835083,0.6376688480377197,0,0.0,0,10,10
IAEA_plus_51,51,33,core_term,en,neutron,64,61839,13,51,0.6899797916412354,0.6775538325309753,0.6662509679794312,0.6899797916412354,5,0.5,1,10,10
IAEA_plus_51,51,33,phrase,zh,中子测量电流,64,61839,13,51,0.6772618889808655,0.6750983198483785,0.6710787355899811,0.6772618889808655,0,0.0,0,10,10
IAEA_plus_51,51,33,phrase,en,neutron measurement current,64,61839,13,51,0.7035508155822754,0.6991282900174459,0.6771908760070801,0.7035508155822754,4,0.4,3,10,10
IAEA_plus_51,51,34,core_term,zh,中子,64,61839,13,51,0.6376688480377197,0.6274608572324117,0.622068452835083,0.6376688480377197,0,0.0,0,10,10
IAEA_plus_51,51,34,core_term,en,neutron,64,61839,13,51,0.6899797916412354,0.6775538325309753,0.6662509679794312,0.6899797916412354,5,0.5,1,10,10
IAEA_plus_51,51,34,phrase,zh,中子测量电流,64,61839,13,51,0.6772618889808655,0.6750983198483785,0.6710787355899811,0.6772618889808655,0,0.0,0,10,10
IAEA_plus_51,51,34,phrase,en,neutron measurement current,64,61839,13,51,0.7035508155822754,0.6991282900174459,0.6771908760070801,0.7035508155822754,4,0.4,3,10,10
IAEA_plus_51,51,35,core_term,zh,中子,64,61839,13,51,0.6376688480377197,0.6274608572324117,0.622068452835083,0.6376688480377197,0,0.0,0,10,10
IAEA_plus_51,51,35,core_term,en,neutron,64,61839,13,51,0.6899797916412354,0.6775538325309753,0.6662509679794312,0.6899797916412354,5,0.5,1,10,10
IAEA_plus_51,51,35,phrase,zh,中子测量电流,64,61839,13,51,0.6772618889808655,0.6750983198483785,0.6710787355899811,0.6772618889808655,0,0.0,0,10,10
IAEA_plus_51,51,35,phrase,en,neutron measurement current,64,61839,13,51,0.7035508155822754,0.6991282900174459,0.6771908760070801,0.7035508155822754,4,0.4,3,10,10
IAEA_plus_51,51,36,core_term,zh,中子,64,61839,13,51,0.6376688480377197,0.6274608572324117,0.622068452835083,0.6376688480377197,0,0.0,0,10,10
IAEA_plus_51,51,36,core_term,en,neutron,64,61839,13,51,0.6899797916412354,0.6775538325309753,0.6662509679794312,0.6899797916412354,5,0.5,1,10,10
IAEA_plus_51,51,36,phrase,zh,中子测量电流,64,61839,13,51,0.6772618889808655,0.6750983198483785,0.6710787355899811,0.6772618889808655,0,0.0,0,10,10
IAEA_plus_51,51,36,phrase,en,neutron measurement current,64,61839,13,51,0.7035508155822754,0.6991282900174459,0.6771908760070801,0.7035508155822754,4,0.4,3,10,10
IAEA_plus_51,51,37,core_term,zh,中子,64,61839,13,51,0.6376688480377197,0.6274608572324117,0.622068452835083,0.6376688480377197,0,0.0,0,10,10
IAEA_plus_51,51,37,core_term,en,neutron,64,61839,13,51,0.6899797916412354,0.6775538325309753,0.6662509679794312,0.6899797916412354,5,0.5,1,10,10
IAEA_plus_51,51,37,phrase,zh,中子测量电流,64,61839,13,51,0.6772618889808655,0.6750983198483785,0.6710787355899811,0.6772618889808655,0,0.0,0,10,10
IAEA_plus_51,51,37,phrase,en,neutron measurement current,64,61839,13,51,0.7035508155822754,0.6991282900174459,0.6771908760070801,0.7035508155822754,4,0.4,3,10,10
IAEA_plus_51,51,38,core_term,zh,中子,64,61839,13,51,0.6376688480377197,0.6274608572324117,0.622068452835083,0.6376688480377197,0,0.0,0,10,10
IAEA_plus_51,51,38,core_term,en,neutron,64,61839,13,51,0.6899797916412354,0.6775538325309753,0.6662509679794312,0.6899797916412354,5,0.5,1,10,10
IAEA_plus_51,51,38,phrase,zh,中子测量电流,64,61839,13,51,0.6772618889808655,0.6750983198483785,0.6710787355899811,0.6772618889808655,0,0.0,0,10,10
IAEA_plus_51,51,38,phrase,en,neutron measurement current,64,61839,13,51,0.7035508155822754,0.6991282900174459,0.6771908760070801,0.7035508155822754,4,0.4,3,10,10
IAEA_plus_51,51,39,core_term,zh,中子,64,61839,13,51,0.6376688480377197,0.6274608572324117,0.622068452835083,0.6376688480377197,0,0.0,0,10,10
IAEA_plus_51,51,39,core_term,en,neutron,64,61839,13,51,0.6899797916412354,0.6775538325309753,0.6662509679794312,0.6899797916412354,5,0.5,1,10,10
IAEA_plus_51,51,39,phrase,zh,中子测量电流,64,61839,13,51,0.6772618889808655,0.6750983198483785,0.6710787355899811,0.6772618889808655,0,0.0,0,10,10
IAEA_plus_51,51,39,phrase,en,neutron measurement current,64,61839,13,51,0.7035508155822754,0.6991282900174459,0.6771908760070801,0.7035508155822754,4,0.4,3,10,10
IAEA_plus_51,51,40,core_term,zh,中子,64,61839,13,51,0.6376688480377197,0.6274608572324117,0.622068452835083,0.6376688480377197,0,0.0,0,10,10
IAEA_plus_51,51,40,core_term,en,neutron,64,61839,13,51,0.6899797916412354,0.6775538325309753,0.6662509679794312,0.6899797916412354,5,0.5,1,10,10
IAEA_plus_51,51,40,phrase,zh,中子测量电流,64,61839,13,51,0.6772618889808655,0.6750983198483785,0.6710787355899811,0.6772618889808655,0,0.0,0,10,10
IAEA_plus_51,51,40,phrase,en,neutron measurement current,64,61839,13,51,0.7035508155822754,0.6991282900174459,0.6771908760070801,0.7035508155822754,4,0.4,3,10,10
IAEA_plus_51,51,41,core_term,zh,中子,64,61839,13,51,0.6376688480377197,0.6274608572324117,0.622068452835083,0.6376688480377197,0,0.0,0,10,10
IAEA_plus_51,51,41,core_term,en,neutron,64,61839,13,51,0.6899797916412354,0.6775538325309753,0.6662509679794312,0.6899797916412354,5,0.5,1,10,10
IAEA_plus_51,51,41,phrase,zh,中子测量电流,64,61839,13,51,0.6772618889808655,0.6750983198483785,0.6710787355899811,0.6772618889808655,0,0.0,0,10,10
IAEA_plus_51,51,41,phrase,en,neutron measurement current,64,61839,13,51,0.7035508155822754,0.6991282900174459,0.6771908760070801,0.7035508155822754,4,0.4,3,10,10
IAEA_plus_51,51,42,core_term,zh,中子,64,61839,13,51,0.6376688480377197,0.6274608572324117,0.622068452835083,0.6376688480377197,0,0.0,0,10,10
IAEA_plus_51,51,42,core_term,en,neutron,64,61839,13,51,0.6899797916412354,0.6775538325309753,0.6662509679794312,0.6899797916412354,5,0.5,1,10,10
IAEA_plus_51,51,42,phrase,zh,中子测量电流,64,61839,13,51,0.6772618889808655,0.6750983198483785,0.6710787355899811,0.6772618889808655,0,0.0,0,10,10
IAEA_plus_51,51,42,phrase,en,neutron measurement current,64,61839,13,51,0.7035508155822754,0.6991282900174459,0.6771908760070801,0.7035508155822754,4,0.4,3,10,10
IAEA_plus_51,51,43,core_term,zh,中子,64,61839,13,51,0.6376688480377197,0.6274608572324117,0.622068452835083,0.6376688480377197,0,0.0,0,10,10
IAEA_plus_51,51,43,core_term,en,neutron,64,61839,13,51,0.6899797916412354,0.6775538325309753,0.6662509679794312,0.6899797916412354,5,0.5,1,10,10
IAEA_plus_51,51,43,phrase,zh,中子测量电流,64,61839,13,51,0.6772618889808655,0.6750983198483785,0.6710787355899811,0.6772618889808655,0,0.0,0,10,10
IAEA_plus_51,51,43,phrase,en,neutron measurement current,64,61839,13,51,0.7035508155822754,0.6991282900174459,0.6771908760070801,0.7035508155822754,4,0.4,3,10,10
IAEA_plus_51,51,44,core_term,zh,中子,64,61839,13,51,0.6376688480377197,0.6274608572324117,0.622068452835083,0.6376688480377197,0,0.0,0,10,10
IAEA_plus_51,51,44,core_term,en,neutron,64,61839,13,51,0.6899797916412354,0.6775538325309753,0.6662509679794312,0.6899797916412354,5,0.5,1,10,10
IAEA_plus_51,51,44,phrase,zh,中子测量电流,64,61839,13,51,0.6772618889808655,0.6750983198483785,0.6710787355899811,0.6772618889808655,0,0.0,0,10,10
IAEA_plus_51,51,44,phrase,en,neutron measurement current,64,61839,13,51,0.7035508155822754,0.6991282900174459,0.6771908760070801,0.7035508155822754,4,0.4,3,10,10
IAEA_plus_51,51,45,core_term,zh,中子,64,61839,13,51,0.6376688480377197,0.6274608572324117,0.622068452835083,0.6376688480377197,0,0.0,0,10,10
IAEA_plus_51,51,45,core_term,en,neutron,64,61839,13,51,0.6899797916412354,0.6775538325309753,0.6662509679794312,0.6899797916412354,5,0.5,1,10,10
IAEA_plus_51,51,45,phrase,zh,中子测量电流,64,61839,13,51,0.6772618889808655,0.6750983198483785,0.6710787355899811,0.6772618889808655,0,0.0,0,10,10
IAEA_plus_51,51,45,phrase,en,neutron measurement current,64,61839,13,51,0.7035508155822754,0.6991282900174459,0.6771908760070801,0.7035508155822754,4,0.4,3,10,10
IAEA_plus_51,51,46,core_term,zh,中子,64,61839,13,51,0.6376688480377197,0.6274608572324117,0.622068452835083,0.6376688480377197,0,0.0,0,10,10
IAEA_plus_51,51,46,core_term,en,neutron,64,61839,13,51,0.6899797916412354,0.6775538325309753,0.6662509679794312,0.6899797916412354,5,0.5,1,10,10
IAEA_plus_51,51,46,phrase,zh,中子测量电流,64,61839,13,51,0.6772618889808655,0.6750983198483785,0.6710787355899811,0.6772618889808655,0,0.0,0,10,10
IAEA_plus_51,51,46,phrase,en,neutron measurement current,64,61839,13,51,0.7035508155822754,0.6991282900174459,0.6771908760070801,0.7035508155822754,4,0.4,3,10,10
IAEA_plus_51,51,47,core_term,zh,中子,64,61839,13,51,0.6376688480377197,0.6274608572324117,0.622068452835083,0.6376688480377197,0,0.0,0,10,10
IAEA_plus_51,51,47,core_term,en,neutron,64,61839,13,51,0.6899797916412354,0.6775538325309753,0.6662509679794312,0.6899797916412354,5,0.5,1,10,10
IAEA_plus_51,51,47,phrase,zh,中子测量电流,64,61839,13,51,0.6772618889808655,0.6750983198483785,0.6710787355899811,0.6772618889808655,0,0.0,0,10,10
IAEA_plus_51,51,47,phrase,en,neutron measurement current,64,61839,13,51,0.7035508155822754,0.6991282900174459,0.6771908760070801,0.7035508155822754,4,0.4,3,10,10
IAEA_plus_51,51,48,core_term,zh,中子,64,61839,13,51,0.6376688480377197,0.6274608572324117,0.622068452835083,0.6376688480377197,0,0.0,0,10,10
IAEA_plus_51,51,48,core_term,en,neutron,64,61839,13,51,0.6899797916412354,0.6775538325309753,0.6662509679794312,0.6899797916412354,5,0.5,1,10,10
IAEA_plus_51,51,48,phrase,zh,中子测量电流,64,61839,13,51,0.6772618889808655,0.6750983198483785,0.6710787355899811,0.6772618889808655,0,0.0,0,10,10
IAEA_plus_51,51,48,phrase,en,neutron measurement current,64,61839,13,51,0.7035508155822754,0.6991282900174459,0.6771908760070801,0.7035508155822754,4,0.4,3,10,10
IAEA_plus_51,51,49,core_term,zh,中子,64,61839,13,51,0.6376688480377197,0.6274608572324117,0.622068452835083,0.6376688480377197,0,0.0,0,10,10
IAEA_plus_51,51,49,core_term,en,neutron,64,61839,13,51,0.6899797916412354,0.6775538325309753,0.6662509679794312,0.6899797916412354,5,0.5,1,10,10
IAEA_plus_51,51,49,phrase,zh,中子测量电流,64,61839,13,51,0.6772618889808655,0.6750983198483785,0.6710787355899811,0.6772618889808655,0,0.0,0,10,10
IAEA_plus_51,51,49,phrase,en,neutron measurement current,64,61839,13,51,0.7035508155822754,0.6991282900174459,0.6771908760070801,0.7035508155822754,4,0.4,3,10,10
IAEA_plus_51,51,50,core_term,zh,中子,64,61839,13,51,0.6376688480377197,0.6274608572324117,0.622068452835083,0.6376688480377197,0,0.0,0,10,10
IAEA_plus_51,51,50,core_term,en,neutron,64,61839,13,51,0.6899797916412354,0.6775538325309753,0.6662509679794312,0.6899797916412354,5,0.5,1,10,10
IAEA_plus_51,51,50,phrase,zh,中子测量电流,64,61839,13,51,0.6772618889808655,0.6750983198483785,0.6710787355899811,0.6772618889808655,0,0.0,0,10,10
IAEA_plus_51,51,50,phrase,en,neutron measurement current,64,61839,13,51,0.7035508155822754,0.6991282900174459,0.6771908760070801,0.7035508155822754,4,0.4,3,10,10
IAEA_plus_51,51,51,core_term,zh,中子,64,61839,13,51,0.6376688480377197,0.6274608572324117,0.622068452835083,0.6376688480377197,0,0.0,0,10,10
IAEA_plus_51,51,51,core_term,en,neutron,64,61839,13,51,0.6899797916412354,0.6775538325309753,0.6662509679794312,0.6899797916412354,5,0.5,1,10,10
IAEA_plus_51,51,51,phrase,zh,中子测量电流,64,61839,13,51,0.6772618889808655,0.6750983198483785,0.6710787355899811,0.6772618889808655,0,0.0,0,10,10
IAEA_plus_51,51,51,phrase,en,neutron measurement current,64,61839,13,51,0.7035508155822754,0.6991282900174459,0.6771908760070801,0.7035508155822754,4,0.4,3,10,10
IAEA_plus_51,51,52,core_term,zh,中子,64,61839,13,51,0.6376688480377197,0.6274608572324117,0.622068452835083,0.6376688480377197,0,0.0,0,10,10
IAEA_plus_51,51,52,core_term,en,neutron,64,61839,13,51,0.6899797916412354,0.6775538325309753,0.6662509679794312,0.6899797916412354,5,0.5,1,10,10
IAEA_plus_51,51,52,phrase,zh,中子测量电流,64,61839,13,51,0.6772618889808655,0.6750983198483785,0.6710787355899811,0.6772618889808655,0,0.0,0,10,10
IAEA_plus_51,51,52,phrase,en,neutron measurement current,64,61839,13,51,0.7035508155822754,0.6991282900174459,0.6771908760070801,0.7035508155822754,4,0.4,3,10,10
IAEA_plus_51,51,53,core_term,zh,中子,64,61839,13,51,0.6376688480377197,0.6274608572324117,0.622068452835083,0.6376688480377197,0,0.0,0,10,10
IAEA_plus_51,51,53,core_term,en,neutron,64,61839,13,51,0.6899797916412354,0.6775538325309753,0.6662509679794312,0.6899797916412354,5,0.5,1,10,10
IAEA_plus_51,51,53,phrase,zh,中子测量电流,64,61839,13,51,0.6772618889808655,0.6750983198483785,0.6710787355899811,0.6772618889808655,0,0.0,0,10,10
IAEA_plus_51,51,53,phrase,en,neutron measurement current,64,61839,13,51,0.7035508155822754,0.6991282900174459,0.6771908760070801,0.7035508155822754,4,0.4,3,10,10
IAEA_plus_51,51,54,core_term,zh,中子,64,61839,13,51,0.6376688480377197,0.6274608572324117,0.622068452835083,0.6376688480377197,0,0.0,0,10,10
IAEA_plus_51,51,54,core_term,en,neutron,64,61839,13,51,0.6899797916412354,0.6775538325309753,0.6662509679794312,0.6899797916412354,5,0.5,1,10,10
IAEA_plus_51,51,54,phrase,zh,中子测量电流,64,61839,13,51,0.6772618889808655,0.6750983198483785,0.6710787355899811,0.6772618889808655,0,0.0,0,10,10
IAEA_plus_51,51,54,phrase,en,neutron measurement current,64,61839,13,51,0.7035508155822754,0.6991282900174459,0.6771908760070801,0.7035508155822754,4,0.4,3,10,10
IAEA_plus_51,51,55,core_term,zh,中子,64,61839,13,51,0.6376688480377197,0.6274608572324117,0.622068452835083,0.6376688480377197,0,0.0,0,10,10
IAEA_plus_51,51,55,core_term,en,neutron,64,61839,13,51,0.6899797916412354,0.6775538325309753,0.6662509679794312,0.6899797916412354,5,0.5,1,10,10
IAEA_plus_51,51,55,phrase,zh,中子测量电流,64,61839,13,51,0.6772618889808655,0.6750983198483785,0.6710787355899811,0.6772618889808655,0,0.0,0,10,10
IAEA_plus_51,51,55,phrase,en,neutron measurement current,64,61839,13,51,0.7035508155822754,0.6991282900174459,0.6771908760070801,0.7035508155822754,4,0.4,3,10,10
IAEA_plus_51,51,56,core_term,zh,中子,64,61839,13,51,0.6376688480377197,0.6274608572324117,0.622068452835083,0.6376688480377197,0,0.0,0,10,10
IAEA_plus_51,51,56,core_term,en,neutron,64,61839,13,51,0.6899797916412354,0.6775538325309753,0.6662509679794312,0.6899797916412354,5,0.5,1,10,10
IAEA_plus_51,51,56,phrase,zh,中子测量电流,64,61839,13,51,0.6772618889808655,0.6750983198483785,0.6710787355899811,0.6772618889808655,0,0.0,0,10,10
IAEA_plus_51,51,56,phrase,en,neutron measurement current,64,61839,13,51,0.7035508155822754,0.6991282900174459,0.6771908760070801,0.7035508155822754,4,0.4,3,10,10
IAEA_plus_51,51,57,core_term,zh,中子,64,61839,13,51,0.6376688480377197,0.6274608572324117,0.622068452835083,0.6376688480377197,0,0.0,0,10,10
IAEA_plus_51,51,57,core_term,en,neutron,64,61839,13,51,0.6899797916412354,0.6775538325309753,0.6662509679794312,0.6899797916412354,5,0.5,1,10,10
IAEA_plus_51,51,57,phrase,zh,中子测量电流,64,61839,13,51,0.6772618889808655,0.6750983198483785,0.6710787355899811,0.6772618889808655,0,0.0,0,10,10
IAEA_plus_51,51,57,phrase,en,neutron measurement current,64,61839,13,51,0.7035508155822754,0.6991282900174459,0.6771908760070801,0.7035508155822754,4,0.4,3,10,10
IAEA_plus_51,51,58,core_term,zh,中子,64,61839,13,51,0.6376688480377197,0.6274608572324117,0.622068452835083,0.6376688480377197,0,0.0,0,10,10
IAEA_plus_51,51,58,core_term,en,neutron,64,61839,13,51,0.6899797916412354,0.6775538325309753,0.6662509679794312,0.6899797916412354,5,0.5,1,10,10
IAEA_plus_51,51,58,phrase,zh,中子测量电流,64,61839,13,51,0.6772618889808655,0.6750983198483785,0.6710787355899811,0.6772618889808655,0,0.0,0,10,10
IAEA_plus_51,51,58,phrase,en,neutron measurement current,64,61839,13,51,0.7035508155822754,0.6991282900174459,0.6771908760070801,0.7035508155822754,4,0.4,3,10,10
IAEA_plus_51,51,59,core_term,zh,中子,64,61839,13,51,0.6376688480377197,0.6274608572324117,0.622068452835083,0.6376688480377197,0,0.0,0,10,10
IAEA_plus_51,51,59,core_term,en,neutron,64,61839,13,51,0.6899797916412354,0.6775538325309753,0.6662509679794312,0.6899797916412354,5,0.5,1,10,10
IAEA_plus_51,51,59,phrase,zh,中子测量电流,64,61839,13,51,0.6772618889808655,0.6750983198483785,0.6710787355899811,0.6772618889808655,0,0.0,0,10,10
IAEA_plus_51,51,59,phrase,en,neutron measurement current,64,61839,13,51,0.7035508155822754,0.6991282900174459,0.6771908760070801,0.7035508155822754,4,0.4,3,10,10
IAEA_plus_51,51,60,core_term,zh,中子,64,61839,13,51,0.6376688480377197,0.6274608572324117,0.622068452835083,0.6376688480377197,0,0.0,0,10,10
IAEA_plus_51,51,60,core_term,en,neutron,64,61839,13,51,0.6899797916412354,0.6775538325309753,0.6662509679794312,0.6899797916412354,5,0.5,1,10,10
IAEA_plus_51,51,60,phrase,zh,中子测量电流,64,61839,13,51,0.6772618889808655,0.6750983198483785,0.6710787355899811,0.6772618889808655,0,0.0,0,10,10
IAEA_plus_51,51,60,phrase,en,neutron measurement current,64,61839,13,51,0.7035508155822754,0.6991282900174459,0.6771908760070801,0.7035508155822754,4,0.4,3,10,10
IAEA_plus_51,51,61,core_term,zh,中子,64,61839,13,51,0.6376688480377197,0.6274608572324117,0.622068452835083,0.6376688480377197,0,0.0,0,10,10
IAEA_plus_51,51,61,core_term,en,neutron,64,61839,13,51,0.6899797916412354,0.6775538325309753,0.6662509679794312,0.6899797916412354,5,0.5,1,10,10
IAEA_plus_51,51,61,phrase,zh,中子测量电流,64,61839,13,51,0.6772618889808655,0.6750983198483785,0.6710787355899811,0.6772618889808655,0,0.0,0,10,10
IAEA_plus_51,51,61,phrase,en,neutron measurement current,64,61839,13,51,0.7035508155822754,0.6991282900174459,0.6771908760070801,0.7035508155822754,4,0.4,3,10,10
IAEA_plus_51,51,62,core_term,zh,中子,64,61839,13,51,0.6376688480377197,0.6274608572324117,0.622068452835083,0.6376688480377197,0,0.0,0,10,10
IAEA_plus_51,51,62,core_term,en,neutron,64,61839,13,51,0.6899797916412354,0.6775538325309753,0.6662509679794312,0.6899797916412354,5,0.5,1,10,10
IAEA_plus_51,51,62,phrase,zh,中子测量电流,64,61839,13,51,0.6772618889808655,0.6750983198483785,0.6710787355899811,0.6772618889808655,0,0.0,0,10,10
IAEA_plus_51,51,62,phrase,en,neutron measurement current,64,61839,13,51,0.7035508155822754,0.6991282900174459,0.6771908760070801,0.7035508155822754,4,0.4,3,10,10
IAEA_plus_51,51,63,core_term,zh,中子,64,61839,13,51,0.6376688480377197,0.6274608572324117,0.622068452835083,0.6376688480377197,0,0.0,0,10,10
IAEA_plus_51,51,63,core_term,en,neutron,64,61839,13,51,0.6899797916412354,0.6775538325309753,0.6662509679794312,0.6899797916412354,5,0.5,1,10,10
IAEA_plus_51,51,63,phrase,zh,中子测量电流,64,61839,13,51,0.6772618889808655,0.6750983198483785,0.6710787355899811,0.6772618889808655,0,0.0,0,10,10
IAEA_plus_51,51,63,phrase,en,neutron measurement current,64,61839,13,51,0.7035508155822754,0.6991282900174459,0.6771908760070801,0.7035508155822754,4,0.4,3,10,10
IAEA_plus_51,51,64,core_term,zh,中子,64,61839,13,51,0.6376688480377197,0.6274608572324117,0.622068452835083,0.6376688480377197,0,0.0,0,10,10
IAEA_plus_51,51,64,core_term,en,neutron,64,61839,13,51,0.6899797916412354,0.6775538325309753,0.6662509679794312,0.6899797916412354,5,0.5,1,10,10
IAEA_plus_51,51,64,phrase,zh,中子测量电流,64,61839,13,51,0.6772618889808655,0.6750983198483785,0.6710787355899811,0.6772618889808655,0,0.0,0,10,10
IAEA_plus_51,51,64,phrase,en,neutron measurement current,64,61839,13,51,0.7035508155822754,0.6991282900174459,0.6771908760070801,0.7035508155822754,4,0.4,3,10,10
IAEA_plus_51,51,65,core_term,zh,中子,64,61839,13,51,0.6376688480377197,0.6274608572324117,0.622068452835083,0.6376688480377197,0,0.0,0,10,10
IAEA_plus_51,51,65,core_term,en,neutron,64,61839,13,51,0.6899797916412354,0.6775538325309753,0.6662509679794312,0.6899797916412354,5,0.5,1,10,10
IAEA_plus_51,51,65,phrase,zh,中子测量电流,64,61839,13,51,0.6772618889808655,0.6750983198483785,0.6710787355899811,0.6772618889808655,0,0.0,0,10,10
IAEA_plus_51,51,65,phrase,en,neutron measurement current,64,61839,13,51,0.7035508155822754,0.6991282900174459,0.6771908760070801,0.7035508155822754,4,0.4,3,10,10
IAEA_plus_51,51,66,core_term,zh,中子,64,61839,13,51,0.6376688480377197,0.6274608572324117,0.622068452835083,0.6376688480377197,0,0.0,0,10,10
IAEA_plus_51,51,66,core_term,en,neutron,64,61839,13,51,0.6899797916412354,0.6775538325309753,0.6662509679794312,0.6899797916412354,5,0.5,1,10,10
IAEA_plus_51,51,66,phrase,zh,中子测量电流,64,61839,13,51,0.6772618889808655,0.6750983198483785,0.6710787355899811,0.6772618889808655,0,0.0,0,10,10
IAEA_plus_51,51,66,phrase,en,neutron measurement current,64,61839,13,51,0.7035508155822754,0.6991282900174459,0.6771908760070801,0.7035508155822754,4,0.4,3,10,10
IAEA_plus_51,51,67,core_term,zh,中子,64,61839,13,51,0.6376688480377197,0.6274608572324117,0.622068452835083,0.6376688480377197,0,0.0,0,10,10
IAEA_plus_51,51,67,core_term,en,neutron,64,61839,13,51,0.6899797916412354,0.6775538325309753,0.6662509679794312,0.6899797916412354,5,0.5,1,10,10
IAEA_plus_51,51,67,phrase,zh,中子测量电流,64,61839,13,51,0.6772618889808655,0.6750983198483785,0.6710787355899811,0.6772618889808655,0,0.0,0,10,10
IAEA_plus_51,51,67,phrase,en,neutron measurement current,64,61839,13,51,0.7035508155822754,0.6991282900174459,0.6771908760070801,0.7035508155822754,4,0.4,3,10,10
IAEA_plus_51,51,68,core_term,zh,中子,64,61839,13,51,0.6376688480377197,0.6274608572324117,0.622068452835083,0.6376688480377197,0,0.0,0,10,10
IAEA_plus_51,51,68,core_term,en,neutron,64,61839,13,51,0.6899797916412354,0.6775538325309753,0.6662509679794312,0.6899797916412354,5,0.5,1,10,10
IAEA_plus_51,51,68,phrase,zh,中子测量电流,64,61839,13,51,0.6772618889808655,0.6750983198483785,0.6710787355899811,0.6772618889808655,0,0.0,0,10,10
IAEA_plus_51,51,68,phrase,en,neutron measurement current,64,61839,13,51,0.7035508155822754,0.6991282900174459,0.6771908760070801,0.7035508155822754,4,0.4,3,10,10
IAEA_plus_51,51,69,core_term,zh,中子,64,61839,13,51,0.6376688480377197,0.6274608572324117,0.622068452835083,0.6376688480377197,0,0.0,0,10,10
IAEA_plus_51,51,69,core_term,en,neutron,64,61839,13,51,0.6899797916412354,0.6775538325309753,0.6662509679794312,0.6899797916412354,5,0.5,1,10,10
IAEA_plus_51,51,69,phrase,zh,中子测量电流,64,61839,13,51,0.6772618889808655,0.6750983198483785,0.6710787355899811,0.6772618889808655,0,0.0,0,10,10
IAEA_plus_51,51,69,phrase,en,neutron measurement current,64,61839,13,51,0.7035508155822754,0.6991282900174459,0.6771908760070801,0.7035508155822754,4,0.4,3,10,10
IAEA_plus_51,51,70,core_term,zh,中子,64,61839,13,51,0.6376688480377197,0.6274608572324117,0.622068452835083,0.6376688480377197,0,0.0,0,10,10
IAEA_plus_51,51,70,core_term,en,neutron,64,61839,13,51,0.6899797916412354,0.6775538325309753,0.6662509679794312,0.6899797916412354,5,0.5,1,10,10
IAEA_plus_51,51,70,phrase,zh,中子测量电流,64,61839,13,51,0.6772618889808655,0.6750983198483785,0.6710787355899811,0.6772618889808655,0,0.0,0,10,10
IAEA_plus_51,51,70,phrase,en,neutron measurement current,64,61839,13,51,0.7035508155822754,0.6991282900174459,0.6771908760070801,0.7035508155822754,4,0.4,3,10,10
IAEA_plus_51,51,71,core_term,zh,中子,64,61839,13,51,0.6376688480377197,0.6274608572324117,0.622068452835083,0.6376688480377197,0,0.0,0,10,10
IAEA_plus_51,51,71,core_term,en,neutron,64,61839,13,51,0.6899797916412354,0.6775538325309753,0.6662509679794312,0.6899797916412354,5,0.5,1,10,10
IAEA_plus_51,51,71,phrase,zh,中子测量电流,64,61839,13,51,0.6772618889808655,0.6750983198483785,0.6710787355899811,0.6772618889808655,0,0.0,0,10,10
IAEA_plus_51,51,71,phrase,en,neutron measurement current,64,61839,13,51,0.7035508155822754,0.6991282900174459,0.6771908760070801,0.7035508155822754,4,0.4,3,10,10
IAEA_plus_51,51,72,core_term,zh,中子,64,61839,13,51,0.6376688480377197,0.6274608572324117,0.622068452835083,0.6376688480377197,0,0.0,0,10,10
IAEA_plus_51,51,72,core_term,en,neutron,64,61839,13,51,0.6899797916412354,0.6775538325309753,0.6662509679794312,0.6899797916412354,5,0.5,1,10,10
IAEA_plus_51,51,72,phrase,zh,中子测量电流,64,61839,13,51,0.6772618889808655,0.6750983198483785,0.6710787355899811,0.6772618889808655,0,0.0,0,10,10
IAEA_plus_51,51,72,phrase,en,neutron measurement current,64,61839,13,51,0.7035508155822754,0.6991282900174459,0.6771908760070801,0.7035508155822754,4,0.4,3,10,10
IAEA_plus_51,51,73,core_term,zh,中子,64,61839,13,51,0.6376688480377197,0.6274608572324117,0.622068452835083,0.6376688480377197,0,0.0,0,10,10
IAEA_plus_51,51,73,core_term,en,neutron,64,61839,13,51,0.6899797916412354,0.6775538325309753,0.6662509679794312,0.6899797916412354,5,0.5,1,10,10
IAEA_plus_51,51,73,phrase,zh,中子测量电流,64,61839,13,51,0.6772618889808655,0.6750983198483785,0.6710787355899811,0.6772618889808655,0,0.0,0,10,10
IAEA_plus_51,51,73,phrase,en,neutron measurement current,64,61839,13,51,0.7035508155822754,0.6991282900174459,0.6771908760070801,0.7035508155822754,4,0.4,3,10,10
IAEA_plus_51,51,74,core_term,zh,中子,64,61839,13,51,0.6376688480377197,0.6274608572324117,0.622068452835083,0.6376688480377197,0,0.0,0,10,10
IAEA_plus_51,51,74,core_term,en,neutron,64,61839,13,51,0.6899797916412354,0.6775538325309753,0.6662509679794312,0.6899797916412354,5,0.5,1,10,10
IAEA_plus_51,51,74,phrase,zh,中子测量电流,64,61839,13,51,0.6772618889808655,0.6750983198483785,0.6710787355899811,0.6772618889808655,0,0.0,0,10,10
IAEA_plus_51,51,74,phrase,en,neutron measurement current,64,61839,13,51,0.7035508155822754,0.6991282900174459,0.6771908760070801,0.7035508155822754,4,0.4,3,10,10
IAEA_plus_51,51,75,core_term,zh,中子,64,61839,13,51,0.6376688480377197,0.6274608572324117,0.622068452835083,0.6376688480377197,0,0.0,0,10,10
IAEA_plus_51,51,75,core_term,en,neutron,64,61839,13,51,0.6899797916412354,0.6775538325309753,0.6662509679794312,0.6899797916412354,5,0.5,1,10,10
IAEA_plus_51,51,75,phrase,zh,中子测量电流,64,61839,13,51,0.6772618889808655,0.6750983198483785,0.6710787355899811,0.6772618889808655,0,0.0,0,10,10
IAEA_plus_51,51,75,phrase,en,neutron measurement current,64,61839,13,51,0.7035508155822754,0.6991282900174459,0.6771908760070801,0.7035508155822754,4,0.4,3,10,10
IAEA_plus_51,51,76,core_term,zh,中子,64,61839,13,51,0.6376688480377197,0.6274608572324117,0.622068452835083,0.6376688480377197,0,0.0,0,10,10
IAEA_plus_51,51,76,core_term,en,neutron,64,61839,13,51,0.6899797916412354,0.6775538325309753,0.6662509679794312,0.6899797916412354,5,0.5,1,10,10
IAEA_plus_51,51,76,phrase,zh,中子测量电流,64,61839,13,51,0.6772618889808655,0.6750983198483785,0.6710787355899811,0.6772618889808655,0,0.0,0,10,10
IAEA_plus_51,51,76,phrase,en,neutron measurement current,64,61839,13,51,0.7035508155822754,0.6991282900174459,0.6771908760070801,0.7035508155822754,4,0.4,3,10,10
IAEA_plus_51,51,77,core_term,zh,中子,64,61839,13,51,0.6376688480377197,0.6274608572324117,0.622068452835083,0.6376688480377197,0,0.0,0,10,10
IAEA_plus_51,51,77,core_term,en,neutron,64,61839,13,51,0.6899797916412354,0.6775538325309753,0.6662509679794312,0.6899797916412354,5,0.5,1,10,10
IAEA_plus_51,51,77,phrase,zh,中子测量电流,64,61839,13,51,0.6772618889808655,0.6750983198483785,0.6710787355899811,0.6772618889808655,0,0.0,0,10,10
IAEA_plus_51,51,77,phrase,en,neutron measurement current,64,61839,13,51,0.7035508155822754,0.6991282900174459,0.6771908760070801,0.7035508155822754,4,0.4,3,10,10
IAEA_plus_51,51,78,core_term,zh,中子,64,61839,13,51,0.6376688480377197,0.6274608572324117,0.622068452835083,0.6376688480377197,0,0.0,0,10,10
IAEA_plus_51,51,78,core_term,en,neutron,64,61839,13,51,0.6899797916412354,0.6775538325309753,0.6662509679794312,0.6899797916412354,5,0.5,1,10,10
IAEA_plus_51,51,78,phrase,zh,中子测量电流,64,61839,13,51,0.6772618889808655,0.6750983198483785,0.6710787355899811,0.6772618889808655,0,0.0,0,10,10
IAEA_plus_51,51,78,phrase,en,neutron measurement current,64,61839,13,51,0.7035508155822754,0.6991282900174459,0.6771908760070801,0.7035508155822754,4,0.4,3,10,10
IAEA_plus_51,51,79,core_term,zh,中子,64,61839,13,51,0.6376688480377197,0.6274608572324117,0.622068452835083,0.6376688480377197,0,0.0,0,10,10
IAEA_plus_51,51,79,core_term,en,neutron,64,61839,13,51,0.6899797916412354,0.6775538325309753,0.6662509679794312,0.6899797916412354,5,0.5,1,10,10
IAEA_plus_51,51,79,phrase,zh,中子测量电流,64,61839,13,51,0.6772618889808655,0.6750983198483785,0.6710787355899811,0.6772618889808655,0,0.0,0,10,10
IAEA_plus_51,51,79,phrase,en,neutron measurement current,64,61839,13,51,0.7035508155822754,0.6991282900174459,0.6771908760070801,0.7035508155822754,4,0.4,3,10,10
IAEA_plus_51,51,80,core_term,zh,中子,64,61839,13,51,0.6376688480377197,0.6274608572324117,0.622068452835083,0.6376688480377197,0,0.0,0,10,10
IAEA_plus_51,51,80,core_term,en,neutron,64,61839,13,51,0.6899797916412354,0.6775538325309753,0.6662509679794312,0.6899797916412354,5,0.5,1,10,10
IAEA_plus_51,51,80,phrase,zh,中子测量电流,64,61839,13,51,0.6772618889808655,0.6750983198483785,0.6710787355899811,0.6772618889808655,0,0.0,0,10,10
IAEA_plus_51,51,80,phrase,en,neutron measurement current,64,61839,13,51,0.7035508155822754,0.6991282900174459,0.6771908760070801,0.7035508155822754,4,0.4,3,10,10
IAEA_plus_51,51,81,core_term,zh,中子,64,61839,13,51,0.6376688480377197,0.6274608572324117,0.622068452835083,0.6376688480377197,0,0.0,0,10,10
IAEA_plus_51,51,81,core_term,en,neutron,64,61839,13,51,0.6899797916412354,0.6775538325309753,0.6662509679794312,0.6899797916412354,5,0.5,1,10,10
IAEA_plus_51,51,81,phrase,zh,中子测量电流,64,61839,13,51,0.6772618889808655,0.6750983198483785,0.6710787355899811,0.6772618889808655,0,0.0,0,10,10
IAEA_plus_51,51,81,phrase,en,neutron measurement current,64,61839,13,51,0.7035508155822754,0.6991282900174459,0.6771908760070801,0.7035508155822754,4,0.4,3,10,10
IAEA_plus_51,51,82,core_term,zh,中子,64,61839,13,51,0.6376688480377197,0.6274608572324117,0.622068452835083,0.6376688480377197,0,0.0,0,10,10
IAEA_plus_51,51,82,core_term,en,neutron,64,61839,13,51,0.6899797916412354,0.6775538325309753,0.6662509679794312,0.6899797916412354,5,0.5,1,10,10
IAEA_plus_51,51,82,phrase,zh,中子测量电流,64,61839,13,51,0.6772618889808655,0.6750983198483785,0.6710787355899811,0.6772618889808655,0,0.0,0,10,10
IAEA_plus_51,51,82,phrase,en,neutron measurement current,64,61839,13,51,0.7035508155822754,0.6991282900174459,0.6771908760070801,0.7035508155822754,4,0.4,3,10,10
IAEA_plus_51,51,83,core_term,zh,中子,64,61839,13,51,0.6376688480377197,0.6274608572324117,0.622068452835083,0.6376688480377197,0,0.0,0,10,10
IAEA_plus_51,51,83,core_term,en,neutron,64,61839,13,51,0.6899797916412354,0.6775538325309753,0.6662509679794312,0.6899797916412354,5,0.5,1,10,10
IAEA_plus_51,51,83,phrase,zh,中子测量电流,64,61839,13,51,0.6772618889808655,0.6750983198483785,0.6710787355899811,0.6772618889808655,0,0.0,0,10,10
IAEA_plus_51,51,83,phrase,en,neutron measurement current,64,61839,13,51,0.7035508155822754,0.6991282900174459,0.6771908760070801,0.7035508155822754,4,0.4,3,10,10
IAEA_plus_51,51,84,core_term,zh,中子,64,61839,13,51,0.6376688480377197,0.6274608572324117,0.622068452835083,0.6376688480377197,0,0.0,0,10,10
IAEA_plus_51,51,84,core_term,en,neutron,64,61839,13,51,0.6899797916412354,0.6775538325309753,0.6662509679794312,0.6899797916412354,5,0.5,1,10,10
IAEA_plus_51,51,84,phrase,zh,中子测量电流,64,61839,13,51,0.6772618889808655,0.6750983198483785,0.6710787355899811,0.6772618889808655,0,0.0,0,10,10
IAEA_plus_51,51,84,phrase,en,neutron measurement current,64,61839,13,51,0.7035508155822754,0.6991282900174459,0.6771908760070801,0.7035508155822754,4,0.4,3,10,10
IAEA_plus_51,51,85,core_term,zh,中子,64,61839,13,51,0.6376688480377197,0.6274608572324117,0.622068452835083,0.6376688480377197,0,0.0,0,10,10
IAEA_plus_51,51,85,core_term,en,neutron,64,61839,13,51,0.6899797916412354,0.6775538325309753,0.6662509679794312,0.6899797916412354,5,0.5,1,10,10
IAEA_plus_51,51,85,phrase,zh,中子测量电流,64,61839,13,51,0.6772618889808655,0.6750983198483785,0.6710787355899811,0.6772618889808655,0,0.0,0,10,10
IAEA_plus_51,51,85,phrase,en,neutron measurement current,64,61839,13,51,0.7035508155822754,0.6991282900174459,0.6771908760070801,0.7035508155822754,4,0.4,3,10,10
IAEA_plus_51,51,86,core_term,zh,中子,64,61839,13,51,0.6376688480377197,0.6274608572324117,0.622068452835083,0.6376688480377197,0,0.0,0,10,10
IAEA_plus_51,51,86,core_term,en,neutron,64,61839,13,51,0.6899797916412354,0.6775538325309753,0.6662509679794312,0.6899797916412354,5,0.5,1,10,10
IAEA_plus_51,51,86,phrase,zh,中子测量电流,64,61839,13,51,0.6772618889808655,0.6750983198483785,0.6710787355899811,0.6772618889808655,0,0.0,0,10,10
IAEA_plus_51,51,86,phrase,en,neutron measurement current,64,61839,13,51,0.7035508155822754,0.6991282900174459,0.6771908760070801,0.7035508155822754,4,0.4,3,10,10
IAEA_plus_51,51,87,core_term,zh,中子,64,61839,13,51,0.6376688480377197,0.6274608572324117,0.622068452835083,0.6376688480377197,0,0.0,0,10,10
IAEA_plus_51,51,87,core_term,en,neutron,64,61839,13,51,0.6899797916412354,0.6775538325309753,0.6662509679794312,0.6899797916412354,5,0.5,1,10,10
IAEA_plus_51,51,87,phrase,zh,中子测量电流,64,61839,13,51,0.6772618889808655,0.6750983198483785,0.6710787355899811,0.6772618889808655,0,0.0,0,10,10
IAEA_plus_51,51,87,phrase,en,neutron measurement current,64,61839,13,51,0.7035508155822754,0.6991282900174459,0.6771908760070801,0.7035508155822754,4,0.4,3,10,10
IAEA_plus_51,51,88,core_term,zh,中子,64,61839,13,51,0.6376688480377197,0.6274608572324117,0.622068452835083,0.6376688480377197,0,0.0,0,10,10
IAEA_plus_51,51,88,core_term,en,neutron,64,61839,13,51,0.6899797916412354,0.6775538325309753,0.6662509679794312,0.6899797916412354,5,0.5,1,10,10
IAEA_plus_51,51,88,phrase,zh,中子测量电流,64,61839,13,51,0.6772618889808655,0.6750983198483785,0.6710787355899811,0.6772618889808655,0,0.0,0,10,10
IAEA_plus_51,51,88,phrase,en,neutron measurement current,64,61839,13,51,0.7035508155822754,0.6991282900174459,0.6771908760070801,0.7035508155822754,4,0.4,3,10,10
IAEA_plus_51,51,89,core_term,zh,中子,64,61839,13,51,0.6376688480377197,0.6274608572324117,0.622068452835083,0.6376688480377197,0,0.0,0,10,10
IAEA_plus_51,51,89,core_term,en,neutron,64,61839,13,51,0.6899797916412354,0.6775538325309753,0.6662509679794312,0.6899797916412354,5,0.5,1,10,10
IAEA_plus_51,51,89,phrase,zh,中子测量电流,64,61839,13,51,0.6772618889808655,0.6750983198483785,0.6710787355899811,0.6772618889808655,0,0.0,0,10,10
IAEA_plus_51,51,89,phrase,en,neutron measurement current,64,61839,13,51,0.7035508155822754,0.6991282900174459,0.6771908760070801,0.7035508155822754,4,0.4,3,10,10
IAEA_plus_51,51,90,core_term,zh,中子,64,61839,13,51,0.6376688480377197,0.6274608572324117,0.622068452835083,0.6376688480377197,0,0.0,0,10,10
IAEA_plus_51,51,90,core_term,en,neutron,64,61839,13,51,0.6899797916412354,0.6775538325309753,0.6662509679794312,0.6899797916412354,5,0.5,1,10,10
IAEA_plus_51,51,90,phrase,zh,中子测量电流,64,61839,13,51,0.6772618889808655,0.6750983198483785,0.6710787355899811,0.6772618889808655,0,0.0,0,10,10
IAEA_plus_51,51,90,phrase,en,neutron measurement current,64,61839,13,51,0.7035508155822754,0.6991282900174459,0.6771908760070801,0.7035508155822754,4,0.4,3,10,10
IAEA_plus_51,51,91,core_term,zh,中子,64,61839,13,51,0.6376688480377197,0.6274608572324117,0.622068452835083,0.6376688480377197,0,0.0,0,10,10
IAEA_plus_51,51,91,core_term,en,neutron,64,61839,13,51,0.6899797916412354,0.6775538325309753,0.6662509679794312,0.6899797916412354,5,0.5,1,10,10
IAEA_plus_51,51,91,phrase,zh,中子测量电流,64,61839,13,51,0.6772618889808655,0.6750983198483785,0.6710787355899811,0.6772618889808655,0,0.0,0,10,10
IAEA_plus_51,51,91,phrase,en,neutron measurement current,64,61839,13,51,0.7035508155822754,0.6991282900174459,0.6771908760070801,0.7035508155822754,4,0.4,3,10,10
IAEA_plus_51,51,92,core_term,zh,中子,64,61839,13,51,0.6376688480377197,0.6274608572324117,0.622068452835083,0.6376688480377197,0,0.0,0,10,10
IAEA_plus_51,51,92,core_term,en,neutron,64,61839,13,51,0.6899797916412354,0.6775538325309753,0.6662509679794312,0.6899797916412354,5,0.5,1,10,10
IAEA_plus_51,51,92,phrase,zh,中子测量电流,64,61839,13,51,0.6772618889808655,0.6750983198483785,0.6710787355899811,0.6772618889808655,0,0.0,0,10,10
IAEA_plus_51,51,92,phrase,en,neutron measurement current,64,61839,13,51,0.7035508155822754,0.6991282900174459,0.6771908760070801,0.7035508155822754,4,0.4,3,10,10
IAEA_plus_51,51,93,core_term,zh,中子,64,61839,13,51,0.6376688480377197,0.6274608572324117,0.622068452835083,0.6376688480377197,0,0.0,0,10,10
IAEA_plus_51,51,93,core_term,en,neutron,64,61839,13,51,0.6899797916412354,0.6775538325309753,0.6662509679794312,0.6899797916412354,5,0.5,1,10,10
IAEA_plus_51,51,93,phrase,zh,中子测量电流,64,61839,13,51,0.6772618889808655,0.6750983198483785,0.6710787355899811,0.6772618889808655,0,0.0,0,10,10
IAEA_plus_51,51,93,phrase,en,neutron measurement current,64,61839,13,51,0.7035508155822754,0.6991282900174459,0.6771908760070801,0.7035508155822754,4,0.4,3,10,10
IAEA_plus_51,51,94,core_term,zh,中子,64,61839,13,51,0.6376688480377197,0.6274608572324117,0.622068452835083,0.6376688480377197,0,0.0,0,10,10
IAEA_plus_51,51,94,core_term,en,neutron,64,61839,13,51,0.6899797916412354,0.6775538325309753,0.6662509679794312,0.6899797916412354,5,0.5,1,10,10
IAEA_plus_51,51,94,phrase,zh,中子测量电流,64,61839,13,51,0.6772618889808655,0.6750983198483785,0.6710787355899811,0.6772618889808655,0,0.0,0,10,10
IAEA_plus_51,51,94,phrase,en,neutron measurement current,64,61839,13,51,0.7035508155822754,0.6991282900174459,0.6771908760070801,0.7035508155822754,4,0.4,3,10,10
IAEA_plus_51,51,95,core_term,zh,中子,64,61839,13,51,0.6376688480377197,0.6274608572324117,0.622068452835083,0.6376688480377197,0,0.0,0,10,10
IAEA_plus_51,51,95,core_term,en,neutron,64,61839,13,51,0.6899797916412354,0.6775538325309753,0.6662509679794312,0.6899797916412354,5,0.5,1,10,10
IAEA_plus_51,51,95,phrase,zh,中子测量电流,64,61839,13,51,0.6772618889808655,0.6750983198483785,0.6710787355899811,0.6772618889808655,0,0.0,0,10,10
IAEA_plus_51,51,95,phrase,en,neutron measurement current,64,61839,13,51,0.7035508155822754,0.6991282900174459,0.6771908760070801,0.7035508155822754,4,0.4,3,10,10
IAEA_plus_51,51,96,core_term,zh,中子,64,61839,13,51,0.6376688480377197,0.6274608572324117,0.622068452835083,0.6376688480377197,0,0.0,0,10,10
IAEA_plus_51,51,96,core_term,en,neutron,64,61839,13,51,0.6899797916412354,0.6775538325309753,0.6662509679794312,0.6899797916412354,5,0.5,1,10,10
IAEA_plus_51,51,96,phrase,zh,中子测量电流,64,61839,13,51,0.6772618889808655,0.6750983198483785,0.6710787355899811,0.6772618889808655,0,0.0,0,10,10
IAEA_plus_51,51,96,phrase,en,neutron measurement current,64,61839,13,51,0.7035508155822754,0.6991282900174459,0.6771908760070801,0.7035508155822754,4,0.4,3,10,10
IAEA_plus_51,51,97,core_term,zh,中子,64,61839,13,51,0.6376688480377197,0.6274608572324117,0.622068452835083,0.6376688480377197,0,0.0,0,10,10
IAEA_plus_51,51,97,core_term,en,neutron,64,61839,13,51,0.6899797916412354,0.6775538325309753,0.6662509679794312,0.6899797916412354,5,0.5,1,10,10
IAEA_plus_51,51,97,phrase,zh,中子测量电流,64,61839,13,51,0.6772618889808655,0.6750983198483785,0.6710787355899811,0.6772618889808655,0,0.0,0,10,10
IAEA_plus_51,51,97,phrase,en,neutron measurement current,64,61839,13,51,0.7035508155822754,0.6991282900174459,0.6771908760070801,0.7035508155822754,4,0.4,3,10,10
IAEA_plus_51,51,98,core_term,zh,中子,64,61839,13,51,0.6376688480377197,0.6274608572324117,0.622068452835083,0.6376688480377197,0,0.0,0,10,10
IAEA_plus_51,51,98,core_term,en,neutron,64,61839,13,51,0.6899797916412354,0.6775538325309753,0.6662509679794312,0.6899797916412354,5,0.5,1,10,10
IAEA_plus_51,51,98,phrase,zh,中子测量电流,64,61839,13,51,0.6772618889808655,0.6750983198483785,0.6710787355899811,0.6772618889808655,0,0.0,0,10,10
IAEA_plus_51,51,98,phrase,en,neutron measurement current,64,61839,13,51,0.7035508155822754,0.6991282900174459,0.6771908760070801,0.7035508155822754,4,0.4,3,10,10
IAEA_plus_51,51,99,core_term,zh,中子,64,61839,13,51,0.6376688480377197,0.6274608572324117,0.622068452835083,0.6376688480377197,0,0.0,0,10,10
IAEA_plus_51,51,99,core_term,en,neutron,64,61839,13,51,0.6899797916412354,0.6775538325309753,0.6662509679794312,0.6899797916412354,5,0.5,1,10,10
IAEA_plus_51,51,99,phrase,zh,中子测量电流,64,61839,13,51,0.6772618889808655,0.6750983198483785,0.6710787355899811,0.6772618889808655,0,0.0,0,10,10
IAEA_plus_51,51,99,phrase,en,neutron measurement current,64,61839,13,51,0.7035508155822754,0.6991282900174459,0.6771908760070801,0.7035508155822754,4,0.4,3,10,10
