model,chunk_size,chunk_overlap,query_id,query,family,language,extra_docs,trial,top1_score,top10_mean_score,iaea_priority_top10,first_iaea_rank
sentence-transformers/paraphrase-multilingual-MiniLM-L12-v2,800,80,baseline_zh_core,中子,baseline,zh,0,0,0.7712782621383667,0.7712782621383667,1.0,1
sentence-transformers/paraphrase-multilingual-MiniLM-L12-v2,800,80,baseline_zh_core,中子,baseline,zh,5,0,0.7712782621383667,0.7712782621383667,1.0,1
sentence-transformers/paraphrase-multilingual-MiniLM-L12-v2,800,80,baseline_zh_core,中子,baseline,zh,5,1,0.7712782621383667,0.7712782621383667,1.0,1
sentence-transformers/paraphrase-multilingual-MiniLM-L12-v2,800,80,baseline_zh_core,中子,baseline,zh,5,2,0.7712782621383667,0.7712782621383667,1.0,1
sentence-transformers/paraphrase-multilingual-MiniLM-L12-v2,800,80,baseline_zh_core,中子,baseline,zh,5,3,0.7712782621383667,0.7712782621383667,1.0,1
sentence-transformers/paraphrase-multilingual-MiniLM-L12-v2,800,80,baseline_zh_core,中子,baseline,zh,5,4,0.7766282558441162,0.7718132734298706,0.9,2
sentence-transformers/paraphrase-multilingual-MiniLM-L12-v2,800,80,baseline_zh_core,中子,baseline,zh,5,5,0.7712782621383667,0.7712782621383667,1.0,1
sentence-transformers/paraphrase-multilingual-MiniLM-L12-v2,800,80,baseline_zh_core,中子,baseline,zh,5,6,0.7712782621383667,0.7712782621383667,1.0,1
sentence-transformers/paraphrase-multilingual-MiniLM-L12-v2,800,80,baseline_zh_core,中子,baseline,zh,5,7,0.8142980337142944,0.8020722270011902,0.0,11
sentence-transformers/paraphrase-multilingual-MiniLM-L12-v2,800,80,baseline_zh_core,中子,baseline,zh,5,8,0.7712782621383667,0.7712782621383667,1.0,1
sentence-transformers/paraphrase-multilingual-MiniLM-L12-v2,800,80,baseline_zh_core,中子,baseline,zh,5,9,0.7712782621383667,0.7712782621383667,1.0,1
sentence-transformers/paraphrase-multilingual-MiniLM-L12-v2,800,80,baseline_zh_core,中子,baseline,zh,10,0,0.8142979145050049,0.7761152386665344,0.0,11
sentence-transformers/paraphrase-multilingual-MiniLM-L12-v2,800,80,baseline_zh_core,中子,baseline,zh,10,1,0.7766282558441162,0.7718132734298706,0.9,2
sentence-transformers/paraphrase-multilingual-MiniLM-L12-v2,800,80,baseline_zh_core,中子,baseline,zh,10,2,0.7712782621383667,0.7712782621383667,1.0,1
sentence-transformers/paraphrase-multilingual-MiniLM-L12-v2,800,80,baseline_zh_core,中子,baseline,zh,10,3,0.7766282558441162,0.7718132734298706,0.1,3
sentence-transformers/paraphrase-multilingual-MiniLM-L12-v2,800,80,baseline_zh_core,中子,baseline,zh,10,4,0.7712782621383667,0.7712782621383667,0.1,2
sentence-transformers/paraphrase-multilingual-MiniLM-L12-v2,800,80,baseline_zh_core,中子,baseline,zh,10,5,0.7712782621383667,0.7712782621383667,1.0,1
sentence-transformers/paraphrase-multilingual-MiniLM-L12-v2,800,80,baseline_zh_core,中子,baseline,zh,10,6,0.7712782621383667,0.7712782621383667,0.4,2
sentence-transformers/paraphrase-multilingual-MiniLM-L12-v2,800,80,baseline_zh_core,中子,baseline,zh,10,7,0.7712782621383667,0.7712782621383667,1.0,1
sentence-transformers/paraphrase-multilingual-MiniLM-L12-v2,800,80,baseline_zh_core,中子,baseline,zh,10,8,0.8142980337142944,0.8064557313919067,0.0,11
sentence-transformers/paraphrase-multilingual-MiniLM-L12-v2,800,80,baseline_zh_core,中子,baseline,zh,10,9,0.8142980337142944,0.8020722270011902,0.0,11
sentence-transformers/paraphrase-multilingual-MiniLM-L12-v2,800,80,baseline_zh_core,中子,baseline,zh,15,0,0.8142979145050049,0.7762603759765625,0.5,5
sentence-transformers/paraphrase-multilingual-MiniLM-L12-v2,800,80,baseline_zh_core,中子,baseline,zh,15,1,0.7712782621383667,0.7712782621383667,1.0,1
sentence-transformers/paraphrase-multilingual-MiniLM-L12-v2,800,80,baseline_zh_core,中子,baseline,zh,15,2,0.8142979145050049,0.7762603759765625,0.4,5
sentence-transformers/paraphrase-multilingual-MiniLM-L12-v2,800,80,baseline_zh_core,中子,baseline,zh,15,3,0.7766282558441162,0.7718132734298706,0.1,8
sentence-transformers/paraphrase-multilingual-MiniLM-L12-v2,800,80,baseline_zh_core,中子,baseline,zh,15,4,0.7712782621383667,0.7712782621383667,0.7,1
sentence-transformers/paraphrase-multilingual-MiniLM-L12-v2,800,80,baseline_zh_core,中子,baseline,zh,15,5,0.8142980337142944,0.8061474561691284,0.0,11
sentence-transformers/paraphrase-multilingual-MiniLM-L12-v2,800,80,baseline_zh_core,中子,baseline,zh,15,6,0.8142980337142944,0.8102227449417114,0.0,11
sentence-transformers/paraphrase-multilingual-MiniLM-L12-v2,800,80,baseline_zh_core,中子,baseline,zh,15,7,0.8142980337142944,0.8020722270011902,0.0,11
sentence-transformers/paraphrase-multilingual-MiniLM-L12-v2,800,80,baseline_zh_core,中子,baseline,zh,15,8,0.7712782621383667,0.7712782621383667,1.0,1
sentence-transformers/paraphrase-multilingual-MiniLM-L12-v2,800,80,baseline_zh_core,中子,baseline,zh,15,9,0.7712782621383667,0.7712782621383667,0.5,4
sentence-transformers/paraphrase-multilingual-MiniLM-L12-v2,800,80,baseline_zh_core,中子,baseline,zh,20,0,0.8142979145050049,0.7810973525047302,0.3,7
sentence-transformers/paraphrase-multilingual-MiniLM-L12-v2,800,80,baseline_zh_core,中子,baseline,zh,20,1,0.8142980337142944,0.8020722270011902,0.0,11
sentence-transformers/paraphrase-multilingual-MiniLM-L12-v2,800,80,baseline_zh_core,中子,baseline,zh,20,2,0.8142979145050049,0.7767953872680664,0.2,9
sentence-transformers/paraphrase-multilingual-MiniLM-L12-v2,800,80,baseline_zh_core,中子,baseline,zh,20,3,0.8142979145050049,0.7762603759765625,0.5,6
sentence-transformers/paraphrase-multilingual-MiniLM-L12-v2,800,80,baseline_zh_core,中子,baseline,zh,20,4,0.8142980337142944,0.8061474561691284,0.0,11
sentence-transformers/paraphrase-multilingual-MiniLM-L12-v2,800,80,baseline_zh_core,中子,baseline,zh,20,5,0.7712782621383667,0.7712782621383667,0.7,4
sentence-transformers/paraphrase-multilingual-MiniLM-L12-v2,800,80,baseline_zh_core,中子,baseline,zh,20,6,0.8142980337142944,0.8102227449417114,0.0,11
sentence-transformers/paraphrase-multilingual-MiniLM-L12-v2,800,80,baseline_zh_core,中子,baseline,zh,20,7,0.8142980337142944,0.8023804426193237,0.0,11
sentence-transformers/paraphrase-multilingual-MiniLM-L12-v2,800,80,baseline_zh_core,中子,baseline,zh,20,8,0.7766282558441162,0.7718132734298706,0.1,5
sentence-transformers/paraphrase-multilingual-MiniLM-L12-v2,800,80,baseline_zh_core,中子,baseline,zh,20,9,0.8142980337142944,0.8020722270011902,0.0,11
sentence-transformers/paraphrase-multilingual-MiniLM-L12-v2,800,80,baseline_zh_core,中子,baseline,zh,25,0,0.7712782621383667,0.7712782621383667,1.0,1
sentence-transformers/paraphrase-multilingual-MiniLM-L12-v2,800,80,baseline_zh_core,中子,baseline,zh,25,1,0.8142980337142944,0.8061474561691284,0.0,11
sentence-transformers/paraphrase-multilingual-MiniLM-L12-v2,800,80,baseline_zh_core,中子,baseline,zh,25,2,0.8142980337142944,0.8020722270011902,0.0,11
sentence-transformers/paraphrase-multilingual-MiniLM-L12-v2,800,80,baseline_zh_core,中子,baseline,zh,25,3,0.8142979145050049,0.7761152386665344,0.7,3
sentence-transformers/paraphrase-multilingual-MiniLM-L12-v2,800,80,baseline_zh_core,中子,baseline,zh,25,4,0.8142980337142944,0.8023804426193237,0.0,11
sentence-transformers/paraphrase-multilingual-MiniLM-L12-v2,800,80,baseline_zh_core,中子,baseline,zh,25,5,0.7766282558441162,0.7718132734298706,0.6,2
sentence-transformers/paraphrase-multilingual-MiniLM-L12-v2,800,80,baseline_zh_core,中子,baseline,zh,25,6,0.8142979145050049,0.7761152386665344,0.3,3
sentence-transformers/paraphrase-multilingual-MiniLM-L12-v2,800,80,baseline_zh_core,中子,baseline,zh,25,7,0.8142979145050049,0.7810973525047302,0.2,9
sentence-transformers/paraphrase-multilingual-MiniLM-L12-v2,800,80,baseline_zh_core,中子,baseline,zh,25,8,0.8142979145050049,0.7755802869796753,0.9,2
sentence-transformers/paraphrase-multilingual-MiniLM-L12-v2,800,80,baseline_zh_core,中子,baseline,zh,25,9,0.8142979145050049,0.7755802869796753,0.3,5
sentence-transformers/paraphrase-multilingual-MiniLM-L12-v2,800,80,baseline_zh_core,中子,baseline,zh,30,0,0.8142980337142944,0.8064557313919067,0.0,11
sentence-transformers/paraphrase-multilingual-MiniLM-L12-v2,800,80,baseline_zh_core,中子,baseline,zh,30,1,0.7766282558441162,0.7718132734298706,0.1,8
sentence-transformers/paraphrase-multilingual-MiniLM-L12-v2,800,80,baseline_zh_core,中子,baseline,zh,30,2,0.7766282558441162,0.7718132734298706,0.5,2
sentence-transformers/paraphrase-multilingual-MiniLM-L12-v2,800,80,baseline_zh_core,中子,baseline,zh,30,3,0.8142980337142944,0.8061474561691284,0.0,11
sentence-transformers/paraphrase-multilingual-MiniLM-L12-v2,800,80,baseline_zh_core,中子,baseline,zh,30,4,0.8142979145050049,0.7805623412132263,0.2,7
sentence-transformers/paraphrase-multilingual-MiniLM-L12-v2,800,80,baseline_zh_core,中子,baseline,zh,30,5,0.7766282558441162,0.7718132734298706,0.9,2
sentence-transformers/paraphrase-multilingual-MiniLM-L12-v2,800,80,baseline_zh_core,中子,baseline,zh,30,6,0.8142980337142944,0.8061474561691284,0.0,11
sentence-transformers/paraphrase-multilingual-MiniLM-L12-v2,800,80,baseline_zh_core,中子,baseline,zh,30,7,0.8142980337142944,0.8064557313919067,0.0,11
sentence-transformers/paraphrase-multilingual-MiniLM-L12-v2,800,80,baseline_zh_core,中子,baseline,zh,30,8,0.8142980337142944,0.8064557313919067,0.0,11
sentence-transformers/paraphrase-multilingual-MiniLM-L12-v2,800,80,baseline_zh_core,中子,baseline,zh,30,9,0.8142980337142944,0.8105310201644897,0.0,11
sentence-transformers/paraphrase-multilingual-MiniLM-L12-v2,800,80,baseline_zh_core,中子,baseline,zh,35,0,0.8142980337142944,0.8023804426193237,0.0,11
sentence-transformers/paraphrase-multilingual-MiniLM-L12-v2,800,80,baseline_zh_core,中子,baseline,zh,35,1,0.8142980337142944,0.8064557313919067,0.0,11
sentence-transformers/paraphrase-multilingual-MiniLM-L12-v2,800,80,baseline_zh_core,中子,baseline,zh,35,2,0.8142980337142944,0.8105310201644897,0.0,11
sentence-transformers/paraphrase-multilingual-MiniLM-L12-v2,800,80,baseline_zh_core,中子,baseline,zh,35,3,0.8142979145050049,0.7810973525047302,0.4,7
sentence-transformers/paraphrase-multilingual-MiniLM-L12-v2,800,80,baseline_zh_core,中子,baseline,zh,35,4,0.8142980337142944,0.8020722270011902,0.0,11
sentence-transformers/paraphrase-multilingual-MiniLM-L12-v2,800,80,baseline_zh_core,中子,baseline,zh,35,5,0.8142979145050049,0.7762603759765625,0.2,7
sentence-transformers/paraphrase-multilingual-MiniLM-L12-v2,800,80,baseline_zh_core,中子,baseline,zh,35,6,0.8142979145050049,0.7805623412132263,0.5,6
sentence-transformers/paraphrase-multilingual-MiniLM-L12-v2,800,80,baseline_zh_core,中子,baseline,zh,35,7,0.8142980337142944,0.8105310201644897,0.0,11
sentence-transformers/paraphrase-multilingual-MiniLM-L12-v2,800,80,baseline_zh_core,中子,baseline,zh,35,8,0.8142980337142944,0.8105310201644897,0.0,11
sentence-transformers/paraphrase-multilingual-MiniLM-L12-v2,800,80,baseline_zh_core,中子,baseline,zh,35,9,0.8142980337142944,0.8102227449417114,0.0,11
sentence-transformers/paraphrase-multilingual-MiniLM-L12-v2,800,80,baseline_zh_core,中子,baseline,zh,40,0,0.8142979145050049,0.7810973525047302,0.0,11
sentence-transformers/paraphrase-multilingual-MiniLM-L12-v2,800,80,baseline_zh_core,中子,baseline,zh,40,1,0.8142979145050049,0.7810973525047302,0.1,8
sentence-transformers/paraphrase-multilingual-MiniLM-L12-v2,800,80,baseline_zh_core,中子,baseline,zh,40,2,0.8142979145050049,0.7810973525047302,0.3,7
sentence-transformers/paraphrase-multilingual-MiniLM-L12-v2,800,80,baseline_zh_core,中子,baseline,zh,40,3,0.8142980337142944,0.8105310201644897,0.0,11
sentence-transformers/paraphrase-multilingual-MiniLM-L12-v2,800,80,baseline_zh_core,中子,baseline,zh,40,4,0.8142980337142944,0.8105310201644897,0.0,11
sentence-transformers/paraphrase-multilingual-MiniLM-L12-v2,800,80,baseline_zh_core,中子,baseline,zh,40,5,0.8142979145050049,0.7810973525047302,0.3,8
sentence-transformers/paraphrase-multilingual-MiniLM-L12-v2,800,80,baseline_zh_core,中子,baseline,zh,40,6,0.8142980337142944,0.8105310201644897,0.0,11
sentence-transformers/paraphrase-multilingual-MiniLM-L12-v2,800,80,baseline_zh_core,中子,baseline,zh,40,7,0.8142980337142944,0.8064557313919067,0.0,11
sentence-transformers/paraphrase-multilingual-MiniLM-L12-v2,800,80,baseline_zh_core,中子,baseline,zh,40,8,0.8142979145050049,0.7810973525047302,0.0,11
sentence-transformers/paraphrase-multilingual-MiniLM-L12-v2,800,80,baseline_zh_core,中子,baseline,zh,40,9,0.8142980337142944,0.8105310201644897,0.0,11
sentence-transformers/paraphrase-multilingual-MiniLM-L12-v2,800,80,baseline_zh_core,中子,baseline,zh,45,0,0.8142980337142944,0.8064557313919067,0.0,11
sentence-transformers/paraphrase-multilingual-MiniLM-L12-v2,800,80,baseline_zh_core,中子,baseline,zh,45,1,0.8142980337142944,0.8105310201644897,0.0,11
sentence-transformers/paraphrase-multilingual-MiniLM-L12-v2,800,80,baseline_zh_core,中子,baseline,zh,45,2,0.8142980337142944,0.8102227449417114,0.0,11
sentence-transformers/paraphrase-multilingual-MiniLM-L12-v2,800,80,baseline_zh_core,中子,baseline,zh,45,3,0.8142980337142944,0.8105310201644897,0.0,11
sentence-transformers/paraphrase-multilingual-MiniLM-L12-v2,800,80,baseline_zh_core,中子,baseline,zh,45,4,0.8142980337142944,0.8064557313919067,0.0,11
sentence-transformers/paraphrase-multilingual-MiniLM-L12-v2,800,80,baseline_zh_core,中子,baseline,zh,45,5,0.8142980337142944,0.8105310201644897,0.0,11
sentence-transformers/paraphrase-multilingual-MiniLM-L12-v2,800,80,baseline_zh_core,中子,baseline,zh,45,6,0.8142980337142944,0.8105310201644897,0.0,11
sentence-transformers/paraphrase-multilingual-MiniLM-L12-v2,800,80,baseline_zh_core,中子,baseline,zh,45,7,0.8142980337142944,0.8105310201644897,0.0,11
sentence-transformers/paraphrase-multilingual-MiniLM-L12-v2,800,80,baseline_zh_core,中子,baseline,zh,45,8,0.8142980337142944,0.8105310201644897,0.0,11
sentence-transformers/paraphrase-multilingual-MiniLM-L12-v2,800,80,baseline_zh_core,中子,baseline,zh,45,9,0.8142980337142944,0.8064557313919067,0.0,11
sentence-transformers/paraphrase-multilingual-MiniLM-L12-v2,800,80,baseline_zh_core,中子,baseline,zh,50,0,0.8142980337142944,0.8105310201644897,0.0,11
sentence-transformers/paraphrase-multilingual-MiniLM-L12-v2,800,80,baseline_zh_core,中子,baseline,zh,50,1,0.8142980337142944,0.8105310201644897,0.0,11
sentence-transformers/paraphrase-multilingual-MiniLM-L12-v2,800,80,baseline_zh_core,中子,baseline,zh,50,2,0.8142980337142944,0.8105310201644897,0.0,11
sentence-transformers/paraphrase-multilingual-MiniLM-L12-v2,800,80,baseline_zh_core,中子,baseline,zh,50,3,0.8142980337142944,0.8105310201644897,0.0,11
sentence-transformers/paraphrase-multilingual-MiniLM-L12-v2,800,80,baseline_zh_core,中子,baseline,zh,50,4,0.8142980337142944,0.8105310201644897,0.0,11
sentence-transformers/paraphrase-multilingual-MiniLM-L12-v2,800,80,baseline_zh_core,中子,baseline,zh,50,5,0.8142980337142944,0.8105310201644897,0.0,11
sentence-transformers/paraphrase-multilingual-MiniLM-L12-v2,800,80,baseline_zh_core,中子,baseline,zh,50,6,0.8142980337142944,0.8064557313919067,0.0,11
sentence-transformers/paraphrase-multilingual-MiniLM-L12-v2,800,80,baseline_zh_core,中子,baseline,zh,50,7,0.8142980337142944,0.8105310201644897,0.0,11
sentence-transformers/paraphrase-multilingual-MiniLM-L12-v2,800,80,baseline_zh_core,中子,baseline,zh,50,8,0.8142980337142944,0.8105310201644897,0.0,11
sentence-transformers/paraphrase-multilingual-MiniLM-L12-v2,800,80,baseline_zh_core,中子,baseline,zh,50,9,0.8142980337142944,0.8105310201644897,0.0,11
sentence-transformers/paraphrase-multilingual-MiniLM-L12-v2,800,80,baseline_zh_core,中子,baseline,zh,51,0,0.8142980337142944,0.8105310201644897,0.0,11
sentence-transformers/paraphrase-multilingual-MiniLM-L12-v2,800,80,baseline_zh_core,中子,baseline,zh,51,1,0.8142980337142944,0.8105310201644897,0.0,11
sentence-transformers/paraphrase-multilingual-MiniLM-L12-v2,800,80,baseline_zh_core,中子,baseline,zh,51,2,0.8142980337142944,0.8105310201644897,0.0,11
sentence-transformers/paraphrase-multilingual-MiniLM-L12-v2,800,80,baseline_zh_core,中子,baseline,zh,51,3,0.8142980337142944,0.8105310201644897,0.0,11
sentence-transformers/paraphrase-multilingual-MiniLM-L12-v2,800,80,baseline_zh_core,中子,baseline,zh,51,4,0.8142980337142944,0.8105310201644897,0.0,11
sentence-transformers/paraphrase-multilingual-MiniLM-L12-v2,800,80,baseline_zh_core,中子,baseline,zh,51,5,0.8142980337142944,0.8105310201644897,0.0,11
sentence-transformers/paraphrase-multilingual-MiniLM-L12-v2,800,80,baseline_zh_core,中子,baseline,zh,51,6,0.8142980337142944,0.8105310201644897,0.0,11
sentence-transformers/paraphrase-multilingual-MiniLM-L12-v2,800,80,baseline_zh_core,中子,baseline,zh,51,7,0.8142980337142944,0.8105310201644897,0.0,11
sentence-transformers/paraphrase-multilingual-MiniLM-L12-v2,800,80,baseline_zh_core,中子,baseline,zh,51,8,0.8142980337142944,0.8105310201644897,0.0,11
sentence-transformers/paraphrase-multilingual-MiniLM-L12-v2,800,80,baseline_zh_core,中子,baseline,zh,51,9,0.8142980337142944,0.8105310201644897,0.0,11
sentence-transformers/paraphrase-multilingual-MiniLM-L12-v2,800,80,baseline_en_core,neutron,baseline,en,0,0,0.7392836809158325,0.6422367095947266,1.0,1
sentence-transformers/paraphrase-multilingual-MiniLM-L12-v2,800,80,baseline_en_core,neutron,baseline,en,5,0,0.7392836809158325,0.6482037305831909,0.8,1
sentence-transformers/paraphrase-multilingual-MiniLM-L12-v2,800,80,baseline_en_core,neutron,baseline,en,5,1,0.7392836809158325,0.6609290242195129,0.6,1
sentence-transformers/paraphrase-multilingual-MiniLM-L12-v2,800,80,baseline_en_core,neutron,baseline,en,5,2,0.7392836809158325,0.6609290242195129,0.6,1
sentence-transformers/paraphrase-multilingual-MiniLM-L12-v2,800,80,baseline_en_core,neutron,baseline,en,5,3,0.7392836809158325,0.6631153225898743,0.5,1
sentence-transformers/paraphrase-multilingual-MiniLM-L12-v2,800,80,baseline_en_core,neutron,baseline,en,5,4,0.7392836809158325,0.6463719606399536,0.8,1
sentence-transformers/paraphrase-multilingual-MiniLM-L12-v2,800,80,baseline_en_core,neutron,baseline,en,5,5,0.7392836809158325,0.6485710144042969,0.7,1
sentence-transformers/paraphrase-multilingual-MiniLM-L12-v2,800,80,baseline_en_core,neutron,baseline,en,5,6,0.7392836809158325,0.6441195011138916,0.9,1
sentence-transformers/paraphrase-multilingual-MiniLM-L12-v2,800,80,baseline_en_core,neutron,baseline,en,5,7,0.7392836809158325,0.6488392353057861,0.7,1
sentence-transformers/paraphrase-multilingual-MiniLM-L12-v2,800,80,baseline_en_core,neutron,baseline,en,5,8,0.7392836809158325,0.6970202326774597,0.2,1
sentence-transformers/paraphrase-multilingual-MiniLM-L12-v2,800,80,baseline_en_core,neutron,baseline,en,5,9,0.7392836809158325,0.6744207143783569,0.2,1
sentence-transformers/paraphrase-multilingual-MiniLM-L12-v2,800,80,baseline_en_core,neutron,baseline,en,10,0,0.7392836809158325,0.6970202326774597,0.2,1
sentence-transformers/paraphrase-multilingual-MiniLM-L12-v2,800,80,baseline_en_core,neutron,baseline,en,10,1,0.7392836809158325,0.6698764562606812,0.4,1
sentence-transformers/paraphrase-multilingual-MiniLM-L12-v2,800,80,baseline_en_core,neutron,baseline,en,10,2,0.7392836809158325,0.6651853322982788,0.4,1
sentence-transformers/paraphrase-multilingual-MiniLM-L12-v2,800,80,baseline_en_core,neutron,baseline,en,10,3,0.7392836809158325,0.6422367095947266,1.0,1
sentence-transformers/paraphrase-multilingual-MiniLM-L12-v2,800,80,baseline_en_core,neutron,baseline,en,10,4,0.7392836809158325,0.661067008972168,0.6,1
sentence-transformers/paraphrase-multilingual-MiniLM-L12-v2,800,80,baseline_en_core,neutron,baseline,en,10,5,0.7392836809158325,0.6545183062553406,0.8,1
sentence-transformers/paraphrase-multilingual-MiniLM-L12-v2,800,80,baseline_en_core,neutron,baseline,en,10,6,0.7392836809158325,0.6997305154800415,0.2,1
sentence-transformers/paraphrase-multilingual-MiniLM-L12-v2,800,80,baseline_en_core,neutron,baseline,en,10,7,0.7392836809158325,0.6736611723899841,0.3,1
sentence-transformers/paraphrase-multilingual-MiniLM-L12-v2,800,80,baseline_en_core,neutron,baseline,en,10,8,0.7392836809158325,0.6746388077735901,0.3,1
sentence-transformers/paraphrase-multilingual-MiniLM-L12-v2,800,80,baseline_en_core,neutron,baseline,en,10,9,0.7392836809158325,0.6583160161972046,0.7,1
sentence-transformers/paraphrase-multilingual-MiniLM-L12-v2,800,80,baseline_en_core,neutron,baseline,en,15,0,0.7392836809158325,0.6552794575691223,0.6,1
sentence-transformers/paraphrase-multilingual-MiniLM-L12-v2,800,80,baseline_en_core,neutron,baseline,en,15,1,0.7392836809158325,0.6997305154800415,0.2,1
sentence-transformers/paraphrase-multilingual-MiniLM-L12-v2,800,80,baseline_en_core,neutron,baseline,en,15,2,0.7392836809158325,0.6998615264892578,0.2,1
sentence-transformers/paraphrase-multilingual-MiniLM-L12-v2,800,80,baseline_en_core,neutron,baseline,en,15,3,0.7392836809158325,0.6801592111587524,0.3,1
sentence-transformers/paraphrase-multilingual-MiniLM-L12-v2,800,80,baseline_en_core,neutron,baseline,en,15,4,0.7392836809158325,0.6746388077735901,0.3,1
sentence-transformers/paraphrase-multilingual-MiniLM-L12-v2,800,80,baseline_en_core,neutron,baseline,en,15,5,0.7392836809158325,0.6697260141372681,0.5,1
sentence-transformers/paraphrase-multilingual-MiniLM-L12-v2,800,80,baseline_en_core,neutron,baseline,en,15,6,0.7392836809158325,0.6997305154800415,0.2,1
sentence-transformers/paraphrase-multilingual-MiniLM-L12-v2,800,80,baseline_en_core,neutron,baseline,en,15,7,0.7392836809158325,0.665683925151825,0.6,1
sentence-transformers/paraphrase-multilingual-MiniLM-L12-v2,800,80,baseline_en_core,neutron,baseline,en,15,8,0.7392836809158325,0.6970202326774597,0.2,1
sentence-transformers/paraphrase-multilingual-MiniLM-L12-v2,800,80,baseline_en_core,neutron,baseline,en,15,9,0.7392836809158325,0.6744207143783569,0.2,1
sentence-transformers/paraphrase-multilingual-MiniLM-L12-v2,800,80,baseline_en_core,neutron,baseline,en,20,0,0.7392836809158325,0.6970202326774597,0.2,1
sentence-transformers/paraphrase-multilingual-MiniLM-L12-v2,800,80,baseline_en_core,neutron,baseline,en,20,1,0.7392836809158325,0.6889322996139526,0.2,1
sentence-transformers/paraphrase-multilingual-MiniLM-L12-v2,800,80,baseline_en_core,neutron,baseline,en,20,2,0.7392836809158325,0.6970202326774597,0.2,1
sentence-transformers/paraphrase-multilingual-MiniLM-L12-v2,800,80,baseline_en_core,neutron,baseline,en,20,3,0.7392836809158325,0.6592177152633667,0.6,1
sentence-transformers/paraphrase-multilingual-MiniLM-L12-v2,800,80,baseline_en_core,neutron,baseline,en,20,4,0.7392836809158325,0.6746388077735901,0.3,1
sentence-transformers/paraphrase-multilingual-MiniLM-L12-v2,800,80,baseline_en_core,neutron,baseline,en,20,5,0.7392836809158325,0.7008478045463562,0.2,1
sentence-transformers/paraphrase-multilingual-MiniLM-L12-v2,800,80,baseline_en_core,neutron,baseline,en,20,6,0.7392836809158325,0.6998615264892578,0.2,1
sentence-transformers/paraphrase-multilingual-MiniLM-L12-v2,800,80,baseline_en_core,neutron,baseline,en,20,7,0.7392836809158325,0.6560932397842407,0.7,1
sentence-transformers/paraphrase-multilingual-MiniLM-L12-v2,800,80,baseline_en_core,neutron,baseline,en,20,8,0.7392836809158325,0.6970202326774597,0.2,1
sentence-transformers/paraphrase-multilingual-MiniLM-L12-v2,800,80,baseline_en_core,neutron,baseline,en,20,9,0.7392836809158325,0.6472414135932922,0.7,1
sentence-transformers/paraphrase-multilingual-MiniLM-L12-v2,800,80,baseline_en_core,neutron,baseline,en,25,0,0.7392836809158325,0.7011808156967163,0.2,1
sentence-transformers/paraphrase-multilingual-MiniLM-L12-v2,800,80,baseline_en_core,neutron,baseline,en,25,1,0.7392836809158325,0.6717523336410522,0.4,1
sentence-transformers/paraphrase-multilingual-MiniLM-L12-v2,800,80,baseline_en_core,neutron,baseline,en,25,2,0.7392836809158325,0.6801623702049255,0.2,1
sentence-transformers/paraphrase-multilingual-MiniLM-L12-v2,800,80,baseline_en_core,neutron,baseline,en,25,3,0.7392836809158325,0.6987442970275879,0.2,1
sentence-transformers/paraphrase-multilingual-MiniLM-L12-v2,800,80,baseline_en_core,neutron,baseline,en,25,4,0.7392836809158325,0.6970202326774597,0.2,1
sentence-transformers/paraphrase-multilingual-MiniLM-L12-v2,800,80,baseline_en_core,neutron,baseline,en,25,5,0.7392836809158325,0.6970202326774597,0.2,1
sentence-transformers/paraphrase-multilingual-MiniLM-L12-v2,800,80,baseline_en_core,neutron,baseline,en,25,6,0.7392836809158325,0.6998615264892578,0.2,1
sentence-transformers/paraphrase-multilingual-MiniLM-L12-v2,800,80,baseline_en_core,neutron,baseline,en,25,7,0.7392836809158325,0.6801623702049255,0.2,1
sentence-transformers/paraphrase-multilingual-MiniLM-L12-v2,800,80,baseline_en_core,neutron,baseline,en,25,8,0.7392836809158325,0.6801592111587524,0.3,1
sentence-transformers/paraphrase-multilingual-MiniLM-L12-v2,800,80,baseline_en_core,neutron,baseline,en,25,9,0.7392836809158325,0.651027262210846,0.6,1
sentence-transformers/paraphrase-multilingual-MiniLM-L12-v2,800,80,baseline_en_core,neutron,baseline,en,30,0,0.7392836809158325,0.6719083786010742,0.3,1
sentence-transformers/paraphrase-multilingual-MiniLM-L12-v2,800,80,baseline_en_core,neutron,baseline,en,30,1,0.7392836809158325,0.6777294874191284,0.2,1
sentence-transformers/paraphrase-multilingual-MiniLM-L12-v2,800,80,baseline_en_core,neutron,baseline,en,30,2,0.7392836809158325,0.6842541694641113,0.2,1
sentence-transformers/paraphrase-multilingual-MiniLM-L12-v2,800,80,baseline_en_core,neutron,baseline,en,30,3,0.7392836809158325,0.6987442970275879,0.2,1
sentence-transformers/paraphrase-multilingual-MiniLM-L12-v2,800,80,baseline_en_core,neutron,baseline,en,30,4,0.7392836809158325,0.6796606779098511,0.3,1
sentence-transformers/paraphrase-multilingual-MiniLM-L12-v2,800,80,baseline_en_core,neutron,baseline,en,30,5,0.7392836809158325,0.6663333773612976,0.5,1
sentence-transformers/paraphrase-multilingual-MiniLM-L12-v2,800,80,baseline_en_core,neutron,baseline,en,30,6,0.7392836809158325,0.7008478045463562,0.2,1
sentence-transformers/paraphrase-multilingual-MiniLM-L12-v2,800,80,baseline_en_core,neutron,baseline,en,30,7,0.7392836809158325,0.7008478045463562,0.2,1
sentence-transformers/paraphrase-multilingual-MiniLM-L12-v2,800,80,baseline_en_core,neutron,baseline,en,30,8,0.7392836809158325,0.7016846537590027,0.2,1
sentence-transformers/paraphrase-multilingual-MiniLM-L12-v2,800,80,baseline_en_core,neutron,baseline,en,30,9,0.7392836809158325,0.6889322996139526,0.2,1
sentence-transformers/paraphrase-multilingual-MiniLM-L12-v2,800,80,baseline_en_core,neutron,baseline,en,35,0,0.7392836809158325,0.7016846537590027,0.2,1
sentence-transformers/paraphrase-multilingual-MiniLM-L12-v2,800,80,baseline_en_core,neutron,baseline,en,35,1,0.7392836809158325,0.6997305154800415,0.2,1
sentence-transformers/paraphrase-multilingual-MiniLM-L12-v2,800,80,baseline_en_core,neutron,baseline,en,35,2,0.7392836809158325,0.7016846537590027,0.2,1
sentence-transformers/paraphrase-multilingual-MiniLM-L12-v2,800,80,baseline_en_core,neutron,baseline,en,35,3,0.7392836809158325,0.7016846537590027,0.2,1
sentence-transformers/paraphrase-multilingual-MiniLM-L12-v2,800,80,baseline_en_core,neutron,baseline,en,35,4,0.7392836809158325,0.7008478045463562,0.2,1
sentence-transformers/paraphrase-multilingual-MiniLM-L12-v2,800,80,baseline_en_core,neutron,baseline,en,35,5,0.7392836809158325,0.7011808156967163,0.2,1
sentence-transformers/paraphrase-multilingual-MiniLM-L12-v2,800,80,baseline_en_core,neutron,baseline,en,35,6,0.7392836809158325,0.6799169182777405,0.2,1
sentence-transformers/paraphrase-multilingual-MiniLM-L12-v2,800,80,baseline_en_core,neutron,baseline,en,35,7,0.7392836809158325,0.6801623702049255,0.2,1
sentence-transformers/paraphrase-multilingual-MiniLM-L12-v2,800,80,baseline_en_core,neutron,baseline,en,35,8,0.7392836809158325,0.7008478045463562,0.2,1
sentence-transformers/paraphrase-multilingual-MiniLM-L12-v2,800,80,baseline_en_core,neutron,baseline,en,35,9,0.7392836809158325,0.6997305154800415,0.2,1
sentence-transformers/paraphrase-multilingual-MiniLM-L12-v2,800,80,baseline_en_core,neutron,baseline,en,40,0,0.7392836809158325,0.6889322996139526,0.2,1
sentence-transformers/paraphrase-multilingual-MiniLM-L12-v2,800,80,baseline_en_core,neutron,baseline,en,40,1,0.7392836809158325,0.7016846537590027,0.2,1
sentence-transformers/paraphrase-multilingual-MiniLM-L12-v2,800,80,baseline_en_core,neutron,baseline,en,40,2,0.7392836809158325,0.7016846537590027,0.2,1
sentence-transformers/paraphrase-multilingual-MiniLM-L12-v2,800,80,baseline_en_core,neutron,baseline,en,40,3,0.7392836809158325,0.7016846537590027,0.2,1
sentence-transformers/paraphrase-multilingual-MiniLM-L12-v2,800,80,baseline_en_core,neutron,baseline,en,40,4,0.7392836809158325,0.6843481659889221,0.2,1
sentence-transformers/paraphrase-multilingual-MiniLM-L12-v2,800,80,baseline_en_core,neutron,baseline,en,40,5,0.7392836809158325,0.7016846537590027,0.2,1
sentence-transformers/paraphrase-multilingual-MiniLM-L12-v2,800,80,baseline_en_core,neutron,baseline,en,40,6,0.7392836809158325,0.6984112858772278,0.2,1
sentence-transformers/paraphrase-multilingual-MiniLM-L12-v2,800,80,baseline_en_core,neutron,baseline,en,40,7,0.7392836809158325,0.6987442970275879,0.2,1
sentence-transformers/paraphrase-multilingual-MiniLM-L12-v2,800,80,baseline_en_core,neutron,baseline,en,40,8,0.7392836809158325,0.6777294874191284,0.2,1
sentence-transformers/paraphrase-multilingual-MiniLM-L12-v2,800,80,baseline_en_core,neutron,baseline,en,40,9,0.7392836809158325,0.7016846537590027,0.2,1
sentence-transformers/paraphrase-multilingual-MiniLM-L12-v2,800,80,baseline_en_core,neutron,baseline,en,45,0,0.7392836809158325,0.7008478045463562,0.2,1
sentence-transformers/paraphrase-multilingual-MiniLM-L12-v2,800,80,baseline_en_core,neutron,baseline,en,45,1,0.7392836809158325,0.7016846537590027,0.2,1
sentence-transformers/paraphrase-multilingual-MiniLM-L12-v2,800,80,baseline_en_core,neutron,baseline,en,45,2,0.7392836809158325,0.7008478045463562,0.2,1
sentence-transformers/paraphrase-multilingual-MiniLM-L12-v2,800,80,baseline_en_core,neutron,baseline,en,45,3,0.7392836809158325,0.7016846537590027,0.2,1
sentence-transformers/paraphrase-multilingual-MiniLM-L12-v2,800,80,baseline_en_core,neutron,baseline,en,45,4,0.7392836809158325,0.7016846537590027,0.2,1
sentence-transformers/paraphrase-multilingual-MiniLM-L12-v2,800,80,baseline_en_core,neutron,baseline,en,45,5,0.7392836809158325,0.7016846537590027,0.2,1
sentence-transformers/paraphrase-multilingual-MiniLM-L12-v2,800,80,baseline_en_core,neutron,baseline,en,45,6,0.7392836809158325,0.7016846537590027,0.2,1
sentence-transformers/paraphrase-multilingual-MiniLM-L12-v2,800,80,baseline_en_core,neutron,baseline,en,45,7,0.7392836809158325,0.6984112858772278,0.2,1
sentence-transformers/paraphrase-multilingual-MiniLM-L12-v2,800,80,baseline_en_core,neutron,baseline,en,45,8,0.7392836809158325,0.7016846537590027,0.2,1
sentence-transformers/paraphrase-multilingual-MiniLM-L12-v2,800,80,baseline_en_core,neutron,baseline,en,45,9,0.7392836809158325,0.7008478045463562,0.2,1
sentence-transformers/paraphrase-multilingual-MiniLM-L12-v2,800,80,baseline_en_core,neutron,baseline,en,50,0,0.7392836809158325,0.7016846537590027,0.2,1
sentence-transformers/paraphrase-multilingual-MiniLM-L12-v2,800,80,baseline_en_core,neutron,baseline,en,50,1,0.7392836809158325,0.7016846537590027,0.2,1
sentence-transformers/paraphrase-multilingual-MiniLM-L12-v2,800,80,baseline_en_core,neutron,baseline,en,50,2,0.7392836809158325,0.7016846537590027,0.2,1
sentence-transformers/paraphrase-multilingual-MiniLM-L12-v2,800,80,baseline_en_core,neutron,baseline,en,50,3,0.7392836809158325,0.7016846537590027,0.2,1
sentence-transformers/paraphrase-multilingual-MiniLM-L12-v2,800,80,baseline_en_core,neutron,baseline,en,50,4,0.7392836809158325,0.7016846537590027,0.2,1
sentence-transformers/paraphrase-multilingual-MiniLM-L12-v2,800,80,baseline_en_core,neutron,baseline,en,50,5,0.7392836809158325,0.7016846537590027,0.2,1
sentence-transformers/paraphrase-multilingual-MiniLM-L12-v2,800,80,baseline_en_core,neutron,baseline,en,50,6,0.7392836809158325,0.7016846537590027,0.2,1
sentence-transformers/paraphrase-multilingual-MiniLM-L12-v2,800,80,baseline_en_core,neutron,baseline,en,50,7,0.7392836809158325,0.7016846537590027,0.2,1
sentence-transformers/paraphrase-multilingual-MiniLM-L12-v2,800,80,baseline_en_core,neutron,baseline,en,50,8,0.7392836809158325,0.7016846537590027,0.2,1
sentence-transformers/paraphrase-multilingual-MiniLM-L12-v2,800,80,baseline_en_core,neutron,baseline,en,50,9,0.7392836809158325,0.7016846537590027,0.2,1
sentence-transformers/paraphrase-multilingual-MiniLM-L12-v2,800,80,baseline_en_core,neutron,baseline,en,51,0,0.7392836809158325,0.7016846537590027,0.2,1
sentence-transformers/paraphrase-multilingual-MiniLM-L12-v2,800,80,baseline_en_core,neutron,baseline,en,51,1,0.7392836809158325,0.7016846537590027,0.2,1
sentence-transformers/paraphrase-multilingual-MiniLM-L12-v2,800,80,baseline_en_core,neutron,baseline,en,51,2,0.7392836809158325,0.7016846537590027,0.2,1
sentence-transformers/paraphrase-multilingual-MiniLM-L12-v2,800,80,baseline_en_core,neutron,baseline,en,51,3,0.7392836809158325,0.7016846537590027,0.2,1
sentence-transformers/paraphrase-multilingual-MiniLM-L12-v2,800,80,baseline_en_core,neutron,baseline,en,51,4,0.7392836809158325,0.7016846537590027,0.2,1
sentence-transformers/paraphrase-multilingual-MiniLM-L12-v2,800,80,baseline_en_core,neutron,baseline,en,51,5,0.7392836809158325,0.7016846537590027,0.2,1
sentence-transformers/paraphrase-multilingual-MiniLM-L12-v2,800,80,baseline_en_core,neutron,baseline,en,51,6,0.7392836809158325,0.7016846537590027,0.2,1
sentence-transformers/paraphrase-multilingual-MiniLM-L12-v2,800,80,baseline_en_core,neutron,baseline,en,51,7,0.7392836809158325,0.7016846537590027,0.2,1
sentence-transformers/paraphrase-multilingual-MiniLM-L12-v2,800,80,baseline_en_core,neutron,baseline,en,51,8,0.7392836809158325,0.7016846537590027,0.2,1
sentence-transformers/paraphrase-multilingual-MiniLM-L12-v2,800,80,baseline_en_core,neutron,baseline,en,51,9,0.7392836809158325,0.7016846537590027,0.2,1
sentence-transformers/paraphrase-multilingual-MiniLM-L12-v2,800,80,baseline_zh_phrase,中子测量电流,baseline,zh,0,0,0.6443514227867126,0.6189977526664734,1.0,1
sentence-transformers/paraphrase-multilingual-MiniLM-L12-v2,800,80,baseline_zh_phrase,中子测量电流,baseline,zh,5,0,0.6443514227867126,0.6189977526664734,1.0,1
sentence-transformers/paraphrase-multilingual-MiniLM-L12-v2,800,80,baseline_zh_phrase,中子测量电流,baseline,zh,5,1,0.6767429113388062,0.6417058706283569,0.4,3
sentence-transformers/paraphrase-multilingual-MiniLM-L12-v2,800,80,baseline_zh_phrase,中子测量电流,baseline,zh,5,2,0.6443514227867126,0.6189977526664734,1.0,1
sentence-transformers/paraphrase-multilingual-MiniLM-L12-v2,800,80,baseline_zh_phrase,中子测量电流,baseline,zh,5,3,0.6443514227867126,0.6212241649627686,0.8,1
sentence-transformers/paraphrase-multilingual-MiniLM-L12-v2,800,80,baseline_zh_phrase,中子测量电流,baseline,zh,5,4,0.6767429113388062,0.6362883448600769,0.4,2
sentence-transformers/paraphrase-multilingual-MiniLM-L12-v2,800,80,baseline_zh_phrase,中子测量电流,baseline,zh,5,5,0.6658176183700562,0.6309880018234253,0.6,2
sentence-transformers/paraphrase-multilingual-MiniLM-L12-v2,800,80,baseline_zh_phrase,中子测量电流,baseline,zh,5,6,0.6443514227867126,0.6207599639892578,0.9,1
sentence-transformers/paraphrase-multilingual-MiniLM-L12-v2,800,80,baseline_zh_phrase,中子测量电流,baseline,zh,5,7,0.6443514227867126,0.6226804256439209,0.6,1
sentence-transformers/paraphrase-multilingual-MiniLM-L12-v2,800,80,baseline_zh_phrase,中子测量电流,baseline,zh,5,8,0.6443514227867126,0.6189977526664734,1.0,1
sentence-transformers/paraphrase-multilingual-MiniLM-L12-v2,800,80,baseline_zh_phrase,中子测量电流,baseline,zh,5,9,0.6443514227867126,0.6190400719642639,0.9,1
sentence-transformers/paraphrase-multilingual-MiniLM-L12-v2,800,80,baseline_zh_phrase,中子测量电流,baseline,zh,10,0,0.6719648241996765,0.635718822479248,0.6,3
sentence-transformers/paraphrase-multilingual-MiniLM-L12-v2,800,80,baseline_zh_phrase,中子测量电流,baseline,zh,10,1,0.6443514227867126,0.6189977526664734,1.0,1
sentence-transformers/paraphrase-multilingual-MiniLM-L12-v2,800,80,baseline_zh_phrase,中子测量电流,baseline,zh,10,2,0.6719648241996765,0.6314063668251038,0.5,3
sentence-transformers/paraphrase-multilingual-MiniLM-L12-v2,800,80,baseline_zh_phrase,中子测量电流,baseline,zh,10,3,0.6767429113388062,0.6357700824737549,0.4,2
sentence-transformers/paraphrase-multilingual-MiniLM-L12-v2,800,80,baseline_zh_phrase,中子测量电流,baseline,zh,10,4,0.6658176183700562,0.6319247484207153,0.5,2
sentence-transformers/paraphrase-multilingual-MiniLM-L12-v2,800,80,baseline_zh_phrase,中子测量电流,baseline,zh,10,5,0.6443514227867126,0.6212135553359985,0.7,1
sentence-transformers/paraphrase-multilingual-MiniLM-L12-v2,800,80,baseline_zh_phrase,中子测量电流,baseline,zh,10,6,0.6767429113388062,0.6357700824737549,0.4,2
sentence-transformers/paraphrase-multilingual-MiniLM-L12-v2,800,80,baseline_zh_phrase,中子测量电流,baseline,zh,10,7,0.6658176183700562,0.6312424540519714,0.5,2
sentence-transformers/paraphrase-multilingual-MiniLM-L12-v2,800,80,baseline_zh_phrase,中子测量电流,baseline,zh,10,8,0.6767429113388062,0.6459853053092957,0.3,4
sentence-transformers/paraphrase-multilingual-MiniLM-L12-v2,800,80,baseline_zh_phrase,中子测量电流,baseline,zh,10,9,0.6719648241996765,0.6297210454940796,0.8,3
sentence-transformers/paraphrase-multilingual-MiniLM-L12-v2,800,80,baseline_zh_phrase,中子测量电流,baseline,zh,15,0,0.6443514227867126,0.6269558668136597,0.7,1
sentence-transformers/paraphrase-multilingual-MiniLM-L12-v2,800,80,baseline_zh_phrase,中子测量电流,baseline,zh,15,1,0.6443514227867126,0.6191522479057312,0.9,1
sentence-transformers/paraphrase-multilingual-MiniLM-L12-v2,800,80,baseline_zh_phrase,中子测量电流,baseline,zh,15,2,0.6767429113388062,0.6357700824737549,0.4,2
sentence-transformers/paraphrase-multilingual-MiniLM-L12-v2,800,80,baseline_zh_phrase,中子测量电流,baseline,zh,15,3,0.6719648241996765,0.635718822479248,0.6,3
sentence-transformers/paraphrase-multilingual-MiniLM-L12-v2,800,80,baseline_zh_phrase,中子测量电流,baseline,zh,15,4,0.6719648241996765,0.6303274035453796,0.6,3
sentence-transformers/paraphrase-multilingual-MiniLM-L12-v2,800,80,baseline_zh_phrase,中子测量电流,baseline,zh,15,5,0.6658176183700562,0.636254608631134,0.4,2
sentence-transformers/paraphrase-multilingual-MiniLM-L12-v2,800,80,baseline_zh_phrase,中子测量电流,baseline,zh,15,6,0.6719648241996765,0.6300613880157471,0.7,3
sentence-transformers/paraphrase-multilingual-MiniLM-L12-v2,800,80,baseline_zh_phrase,中子测量电流,baseline,zh,15,7,0.6767429113388062,0.6417058706283569,0.4,3
sentence-transformers/paraphrase-multilingual-MiniLM-L12-v2,800,80,baseline_zh_phrase,中子测量电流,baseline,zh,15,8,0.6443514227867126,0.6200487613677979,0.8,1
sentence-transformers/paraphrase-multilingual-MiniLM-L12-v2,800,80,baseline_zh_phrase,中子测量电流,baseline,zh,15,9,0.6443514227867126,0.6209017038345337,0.8,1
sentence-transformers/paraphrase-multilingual-MiniLM-L12-v2,800,80,baseline_zh_phrase,中子测量电流,baseline,zh,20,0,0.6658176183700562,0.6309880018234253,0.6,2
sentence-transformers/paraphrase-multilingual-MiniLM-L12-v2,800,80,baseline_zh_phrase,中子测量电流,baseline,zh,20,1,0.6719648241996765,0.6315281987190247,0.6,3
sentence-transformers/paraphrase-multilingual-MiniLM-L12-v2,800,80,baseline_zh_phrase,中子测量电流,baseline,zh,20,2,0.6719648241996765,0.6359732747077942,0.5,3
sentence-transformers/paraphrase-multilingual-MiniLM-L12-v2,800,80,baseline_zh_phrase,中子测量电流,baseline,zh,20,3,0.6658176183700562,0.6319247484207153,0.5,2
sentence-transformers/paraphrase-multilingual-MiniLM-L12-v2,800,80,baseline_zh_phrase,中子测量电流,baseline,zh,20,4,0.6658176183700562,0.636254608631134,0.4,2
sentence-transformers/paraphrase-multilingual-MiniLM-L12-v2,800,80,baseline_zh_phrase,中子测量电流,baseline,zh,20,5,0.6719648241996765,0.6405355334281921,0.4,4
sentence-transformers/paraphrase-multilingual-MiniLM-L12-v2,800,80,baseline_zh_phrase,中子测量电流,baseline,zh,20,6,0.6767429113388062,0.6395522356033325,0.4,2
sentence-transformers/paraphrase-multilingual-MiniLM-L12-v2,800,80,baseline_zh_phrase,中子测量电流,baseline,zh,20,7,0.6443514227867126,0.6215050220489502,0.6,1
sentence-transformers/paraphrase-multilingual-MiniLM-L12-v2,800,80,baseline_zh_phrase,中子测量电流,baseline,zh,20,8,0.6443514227867126,0.6254401803016663,0.8,1
sentence-transformers/paraphrase-multilingual-MiniLM-L12-v2,800,80,baseline_zh_phrase,中子测量电流,baseline,zh,20,9,0.6443514227867126,0.6226804256439209,0.6,1
sentence-transformers/paraphrase-multilingual-MiniLM-L12-v2,800,80,baseline_zh_phrase,中子测量电流,baseline,zh,25,0,0.6767429113388062,0.6438331604003906,0.4,4
sentence-transformers/paraphrase-multilingual-MiniLM-L12-v2,800,80,baseline_zh_phrase,中子测量电流,baseline,zh,25,1,0.6767429113388062,0.6496321558952332,0.3,5
sentence-transformers/paraphrase-multilingual-MiniLM-L12-v2,800,80,baseline_zh_phrase,中子测量电流,baseline,zh,25,2,0.6658176183700562,0.6324178576469421,0.5,2
sentence-transformers/paraphrase-multilingual-MiniLM-L12-v2,800,80,baseline_zh_phrase,中子测量电流,baseline,zh,25,3,0.6658176183700562,0.6327463388442993,0.4,2
sentence-transformers/paraphrase-multilingual-MiniLM-L12-v2,800,80,baseline_zh_phrase,中子测量电流,baseline,zh,25,4,0.6767429113388062,0.6395522356033325,0.4,2
sentence-transformers/paraphrase-multilingual-MiniLM-L12-v2,800,80,baseline_zh_phrase,中子测量电流,baseline,zh,25,5,0.6767429113388062,0.6481389999389648,0.3,5
sentence-transformers/paraphrase-multilingual-MiniLM-L12-v2,800,80,baseline_zh_phrase,中子测量电流,baseline,zh,25,6,0.6719648241996765,0.643139123916626,0.4,4
sentence-transformers/paraphrase-multilingual-MiniLM-L12-v2,800,80,baseline_zh_phrase,中子测量电流,baseline,zh,25,7,0.6767429113388062,0.6417058706283569,0.4,3
sentence-transformers/paraphrase-multilingual-MiniLM-L12-v2,800,80,baseline_zh_phrase,中子测量电流,baseline,zh,25,8,0.6658176183700562,0.636254608631134,0.4,2
sentence-transformers/paraphrase-multilingual-MiniLM-L12-v2,800,80,baseline_zh_phrase,中子测量电流,baseline,zh,25,9,0.6719648241996765,0.6405355334281921,0.4,4
sentence-transformers/paraphrase-multilingual-MiniLM-L12-v2,800,80,baseline_zh_phrase,中子测量电流,baseline,zh,30,0,0.6719648241996765,0.6405355334281921,0.4,4
sentence-transformers/paraphrase-multilingual-MiniLM-L12-v2,800,80,baseline_zh_phrase,中子测量电流,baseline,zh,30,1,0.6767429113388062,0.6438331604003906,0.4,4
sentence-transformers/paraphrase-multilingual-MiniLM-L12-v2,800,80,baseline_zh_phrase,中子测量电流,baseline,zh,30,2,0.6443514227867126,0.6283013820648193,0.5,1
sentence-transformers/paraphrase-multilingual-MiniLM-L12-v2,800,80,baseline_zh_phrase,中子测量电流,baseline,zh,30,3,0.6767429113388062,0.6395522356033325,0.4,2
sentence-transformers/paraphrase-multilingual-MiniLM-L12-v2,800,80,baseline_zh_phrase,中子测量电流,baseline,zh,30,4,0.6767429113388062,0.6438580751419067,0.3,3
sentence-transformers/paraphrase-multilingual-MiniLM-L12-v2,800,80,baseline_zh_phrase,中子测量电流,baseline,zh,30,5,0.6767429113388062,0.6496321558952332,0.3,5
sentence-transformers/paraphrase-multilingual-MiniLM-L12-v2,800,80,baseline_zh_phrase,中子测量电流,baseline,zh,30,6,0.6767429113388062,0.6417058706283569,0.4,3
sentence-transformers/paraphrase-multilingual-MiniLM-L12-v2,800,80,baseline_zh_phrase,中子测量电流,baseline,zh,30,7,0.6658176183700562,0.6319247484207153,0.5,2
sentence-transformers/paraphrase-multilingual-MiniLM-L12-v2,800,80,baseline_zh_phrase,中子测量电流,baseline,zh,30,8,0.6767429113388062,0.6417058706283569,0.4,3
sentence-transformers/paraphrase-multilingual-MiniLM-L12-v2,800,80,baseline_zh_phrase,中子测量电流,baseline,zh,30,9,0.6767429113388062,0.6357700824737549,0.4,2
sentence-transformers/paraphrase-multilingual-MiniLM-L12-v2,800,80,baseline_zh_phrase,中子测量电流,baseline,zh,35,0,0.6767429113388062,0.6438580751419067,0.3,3
sentence-transformers/paraphrase-multilingual-MiniLM-L12-v2,800,80,baseline_zh_phrase,中子测量电流,baseline,zh,35,1,0.6767429113388062,0.6459853053092957,0.3,4
sentence-transformers/paraphrase-multilingual-MiniLM-L12-v2,800,80,baseline_zh_phrase,中子测量电流,baseline,zh,35,2,0.6767429113388062,0.6496321558952332,0.3,5
sentence-transformers/paraphrase-multilingual-MiniLM-L12-v2,800,80,baseline_zh_phrase,中子测量电流,baseline,zh,35,3,0.6719648241996765,0.643139123916626,0.4,4
sentence-transformers/paraphrase-multilingual-MiniLM-L12-v2,800,80,baseline_zh_phrase,中子测量电流,baseline,zh,35,4,0.6767429113388062,0.6496321558952332,0.3,5
sentence-transformers/paraphrase-multilingual-MiniLM-L12-v2,800,80,baseline_zh_phrase,中子测量电流,baseline,zh,35,5,0.6767429113388062,0.6496321558952332,0.3,5
sentence-transformers/paraphrase-multilingual-MiniLM-L12-v2,800,80,baseline_zh_phrase,中子测量电流,baseline,zh,35,6,0.6767429113388062,0.6459853053092957,0.3,4
sentence-transformers/paraphrase-multilingual-MiniLM-L12-v2,800,80,baseline_zh_phrase,中子测量电流,baseline,zh,35,7,0.6767429113388062,0.6438580751419067,0.3,3
sentence-transformers/paraphrase-multilingual-MiniLM-L12-v2,800,80,baseline_zh_phrase,中子测量电流,baseline,zh,35,8,0.6767429113388062,0.6496321558952332,0.3,5
sentence-transformers/paraphrase-multilingual-MiniLM-L12-v2,800,80,baseline_zh_phrase,中子测量电流,baseline,zh,35,9,0.6767429113388062,0.6496321558952332,0.3,5
sentence-transformers/paraphrase-multilingual-MiniLM-L12-v2,800,80,baseline_zh_phrase,中子测量电流,baseline,zh,40,0,0.6767429113388062,0.6438580751419067,0.3,3
sentence-transformers/paraphrase-multilingual-MiniLM-L12-v2,800,80,baseline_zh_phrase,中子测量电流,baseline,zh,40,1,0.6719648241996765,0.6405355334281921,0.4,4
sentence-transformers/paraphrase-multilingual-MiniLM-L12-v2,800,80,baseline_zh_phrase,中子测量电流,baseline,zh,40,2,0.6719648241996765,0.643139123916626,0.4,4
sentence-transformers/paraphrase-multilingual-MiniLM-L12-v2,800,80,baseline_zh_phrase,中子测量电流,baseline,zh,40,3,0.6767429113388062,0.6438331604003906,0.4,4
sentence-transformers/paraphrase-multilingual-MiniLM-L12-v2,800,80,baseline_zh_phrase,中子测量电流,baseline,zh,40,4,0.6767429113388062,0.6496321558952332,0.3,5
sentence-transformers/paraphrase-multilingual-MiniLM-L12-v2,800,80,baseline_zh_phrase,中子测量电流,baseline,zh,40,5,0.6767429113388062,0.6481389999389648,0.3,5
sentence-transformers/paraphrase-multilingual-MiniLM-L12-v2,800,80,baseline_zh_phrase,中子测量电流,baseline,zh,40,6,0.6767429113388062,0.6496321558952332,0.3,5
sentence-transformers/paraphrase-multilingual-MiniLM-L12-v2,800,80,baseline_zh_phrase,中子测量电流,baseline,zh,40,7,0.6767429113388062,0.6481389999389648,0.3,5
sentence-transformers/paraphrase-multilingual-MiniLM-L12-v2,800,80,baseline_zh_phrase,中子测量电流,baseline,zh,40,8,0.6767429113388062,0.6496321558952332,0.3,5
sentence-transformers/paraphrase-multilingual-MiniLM-L12-v2,800,80,baseline_zh_phrase,中子测量电流,baseline,zh,40,9,0.6767429113388062,0.6496321558952332,0.3,5
sentence-transformers/paraphrase-multilingual-MiniLM-L12-v2,800,80,baseline_zh_phrase,中子测量电流,baseline,zh,45,0,0.6767429113388062,0.6496321558952332,0.3,5
sentence-transformers/paraphrase-multilingual-MiniLM-L12-v2,800,80,baseline_zh_phrase,中子测量电流,baseline,zh,45,1,0.6767429113388062,0.6496321558952332,0.3,5
sentence-transformers/paraphrase-multilingual-MiniLM-L12-v2,800,80,baseline_zh_phrase,中子测量电流,baseline,zh,45,2,0.6767429113388062,0.6496321558952332,0.3,5
sentence-transformers/paraphrase-multilingual-MiniLM-L12-v2,800,80,baseline_zh_phrase,中子测量电流,baseline,zh,45,3,0.6767429113388062,0.6459853053092957,0.3,4
sentence-transformers/paraphrase-multilingual-MiniLM-L12-v2,800,80,baseline_zh_phrase,中子测量电流,baseline,zh,45,4,0.6767429113388062,0.6459853053092957,0.3,4
sentence-transformers/paraphrase-multilingual-MiniLM-L12-v2,800,80,baseline_zh_phrase,中子测量电流,baseline,zh,45,5,0.6767429113388062,0.6481389999389648,0.3,5
sentence-transformers/paraphrase-multilingual-MiniLM-L12-v2,800,80,baseline_zh_phrase,中子测量电流,baseline,zh,45,6,0.6767429113388062,0.6496321558952332,0.3,5
sentence-transformers/paraphrase-multilingual-MiniLM-L12-v2,800,80,baseline_zh_phrase,中子测量电流,baseline,zh,45,7,0.6767429113388062,0.6496321558952332,0.3,5
sentence-transformers/paraphrase-multilingual-MiniLM-L12-v2,800,80,baseline_zh_phrase,中子测量电流,baseline,zh,45,8,0.6767429113388062,0.6459853053092957,0.3,4
sentence-transformers/paraphrase-multilingual-MiniLM-L12-v2,800,80,baseline_zh_phrase,中子测量电流,baseline,zh,45,9,0.6767429113388062,0.6496321558952332,0.3,5
sentence-transformers/paraphrase-multilingual-MiniLM-L12-v2,800,80,baseline_zh_phrase,中子测量电流,baseline,zh,50,0,0.6767429113388062,0.6496321558952332,0.3,5
sentence-transformers/paraphrase-multilingual-MiniLM-L12-v2,800,80,baseline_zh_phrase,中子测量电流,baseline,zh,50,1,0.6767429113388062,0.6496321558952332,0.3,5
sentence-transformers/paraphrase-multilingual-MiniLM-L12-v2,800,80,baseline_zh_phrase,中子测量电流,baseline,zh,50,2,0.6767429113388062,0.6496321558952332,0.3,5
sentence-transformers/paraphrase-multilingual-MiniLM-L12-v2,800,80,baseline_zh_phrase,中子测量电流,baseline,zh,50,3,0.6767429113388062,0.6496321558952332,0.3,5
sentence-transformers/paraphrase-multilingual-MiniLM-L12-v2,800,80,baseline_zh_phrase,中子测量电流,baseline,zh,50,4,0.6767429113388062,0.6496321558952332,0.3,5
sentence-transformers/paraphrase-multilingual-MiniLM-L12-v2,800,80,baseline_zh_phrase,中子测量电流,baseline,zh,50,5,0.6767429113388062,0.6496321558952332,0.3,5
sentence-transformers/paraphrase-multilingual-MiniLM-L12-v2,800,80,baseline_zh_phrase,中子测量电流,baseline,zh,50,6,0.6767429113388062,0.6496321558952332,0.3,5
sentence-transformers/paraphrase-multilingual-MiniLM-L12-v2,800,80,baseline_zh_phrase,中子测量电流,baseline,zh,50,7,0.6767429113388062,0.6496321558952332,0.3,5
sentence-transformers/paraphrase-multilingual-MiniLM-L12-v2,800,80,baseline_zh_phrase,中子测量电流,baseline,zh,50,8,0.6767429113388062,0.6496321558952332,0.3,5
sentence-transformers/paraphrase-multilingual-MiniLM-L12-v2,800,80,baseline_zh_phrase,中子测量电流,baseline,zh,50,9,0.6767429113388062,0.6496321558952332,0.3,5
sentence-transformers/paraphrase-multilingual-MiniLM-L12-v2,800,80,baseline_zh_phrase,中子测量电流,baseline,zh,51,0,0.6767429113388062,0.6496321558952332,0.3,5
sentence-transformers/paraphrase-multilingual-MiniLM-L12-v2,800,80,baseline_zh_phrase,中子测量电流,baseline,zh,51,1,0.6767429113388062,0.6496321558952332,0.3,5
sentence-transformers/paraphrase-multilingual-MiniLM-L12-v2,800,80,baseline_zh_phrase,中子测量电流,baseline,zh,51,2,0.6767429113388062,0.6496321558952332,0.3,5
sentence-transformers/paraphrase-multilingual-MiniLM-L12-v2,800,80,baseline_zh_phrase,中子测量电流,baseline,zh,51,3,0.6767429113388062,0.6496321558952332,0.3,5
sentence-transformers/paraphrase-multilingual-MiniLM-L12-v2,800,80,baseline_zh_phrase,中子测量电流,baseline,zh,51,4,0.6767429113388062,0.6496321558952332,0.3,5
sentence-transformers/paraphrase-multilingual-MiniLM-L12-v2,800,80,baseline_zh_phrase,中子测量电流,baseline,zh,51,5,0.6767429113388062,0.6496321558952332,0.3,5
sentence-transformers/paraphrase-multilingual-MiniLM-L12-v2,800,80,baseline_zh_phrase,中子测量电流,baseline,zh,51,6,0.6767429113388062,0.6496321558952332,0.3,5
sentence-transformers/paraphrase-multilingual-MiniLM-L12-v2,800,80,baseline_zh_phrase,中子测量电流,baseline,zh,51,7,0.6767429113388062,0.6496321558952332,0.3,5
sentence-transformers/paraphrase-multilingual-MiniLM-L12-v2,800,80,baseline_zh_phrase,中子测量电流,baseline,zh,51,8,0.6767429113388062,0.6496321558952332,0.3,5
sentence-transformers/paraphrase-multilingual-MiniLM-L12-v2,800,80,baseline_zh_phrase,中子测量电流,baseline,zh,51,9,0.6767429113388062,0.6496321558952332,0.3,5
sentence-transformers/paraphrase-multilingual-MiniLM-L12-v2,800,80,baseline_en_phrase,neutron measurement current,baseline,en,0,0,0.7324945330619812,0.7057719826698303,1.0,1
sentence-transformers/paraphrase-multilingual-MiniLM-L12-v2,800,80,baseline_en_phrase,neutron measurement current,baseline,en,5,0,0.7324945330619812,0.7059280872344971,0.9,1
sentence-transformers/paraphrase-multilingual-MiniLM-L12-v2,800,80,baseline_en_phrase,neutron measurement current,baseline,en,5,1,0.7324945330619812,0.7167683839797974,0.5,1
sentence-transformers/paraphrase-multilingual-MiniLM-L12-v2,800,80,baseline_en_phrase,neutron measurement current,baseline,en,5,2,0.7324945330619812,0.7144805788993835,0.5,1
sentence-transformers/paraphrase-multilingual-MiniLM-L12-v2,800,80,baseline_en_phrase,neutron measurement current,baseline,en,5,3,0.7381541132926941,0.7206612825393677,0.5,2
sentence-transformers/paraphrase-multilingual-MiniLM-L12-v2,800,80,baseline_en_phrase,neutron measurement current,baseline,en,5,4,0.7787235379219055,0.7169382572174072,0.8,2
sentence-transformers/paraphrase-multilingual-MiniLM-L12-v2,800,80,baseline_en_phrase,neutron measurement current,baseline,en,5,5,0.7787235379219055,0.7154679298400879,0.9,2
sentence-transformers/paraphrase-multilingual-MiniLM-L12-v2,800,80,baseline_en_phrase,neutron measurement current,baseline,en,5,6,0.7787235379219055,0.7154679298400879,0.9,2
sentence-transformers/paraphrase-multilingual-MiniLM-L12-v2,800,80,baseline_en_phrase,neutron measurement current,baseline,en,5,7,0.7324945330619812,0.7057719826698303,1.0,1
sentence-transformers/paraphrase-multilingual-MiniLM-L12-v2,800,80,baseline_en_phrase,neutron measurement current,baseline,en,5,8,0.7324945330619812,0.7057719826698303,1.0,1
sentence-transformers/paraphrase-multilingual-MiniLM-L12-v2,800,80,baseline_en_phrase,neutron measurement current,baseline,en,5,9,0.7324945330619812,0.7138015031814575,0.8,1
sentence-transformers/paraphrase-multilingual-MiniLM-L12-v2,800,80,baseline_en_phrase,neutron measurement current,baseline,en,10,0,0.7324945330619812,0.7077959775924683,0.8,1
sentence-transformers/paraphrase-multilingual-MiniLM-L12-v2,800,80,baseline_en_phrase,neutron measurement current,baseline,en,10,1,0.7324945330619812,0.7083789110183716,0.9,1
sentence-transformers/paraphrase-multilingual-MiniLM-L12-v2,800,80,baseline_en_phrase,neutron measurement current,baseline,en,10,2,0.7324945330619812,0.7138015031814575,0.8,1
sentence-transformers/paraphrase-multilingual-MiniLM-L12-v2,800,80,baseline_en_phrase,neutron measurement current,baseline,en,10,3,0.7787235379219055,0.7209005951881409,0.6,2
sentence-transformers/paraphrase-multilingual-MiniLM-L12-v2,800,80,baseline_en_phrase,neutron measurement current,baseline,en,10,4,0.7324945330619812,0.7144805788993835,0.5,1
sentence-transformers/paraphrase-multilingual-MiniLM-L12-v2,800,80,baseline_en_phrase,neutron measurement current,baseline,en,10,5,0.7324945330619812,0.7138015031814575,0.8,1
sentence-transformers/paraphrase-multilingual-MiniLM-L12-v2,800,80,baseline_en_phrase,neutron measurement current,baseline,en,10,6,0.7324945330619812,0.7059280872344971,0.9,1
sentence-transformers/paraphrase-multilingual-MiniLM-L12-v2,800,80,baseline_en_phrase,neutron measurement current,baseline,en,10,7,0.7381541132926941,0.7219335436820984,0.4,2
sentence-transformers/paraphrase-multilingual-MiniLM-L12-v2,800,80,baseline_en_phrase,neutron measurement current,baseline,en,10,8,0.7381541132926941,0.7206612825393677,0.5,2
sentence-transformers/paraphrase-multilingual-MiniLM-L12-v2,800,80,baseline_en_phrase,neutron measurement current,baseline,en,10,9,0.7324945330619812,0.7059280872344971,0.9,1
sentence-transformers/paraphrase-multilingual-MiniLM-L12-v2,800,80,baseline_en_phrase,neutron measurement current,baseline,en,15,0,0.7324945330619812,0.7151733040809631,0.5,1
sentence-transformers/paraphrase-multilingual-MiniLM-L12-v2,800,80,baseline_en_phrase,neutron measurement current,baseline,en,15,1,0.7324945330619812,0.7138015031814575,0.8,1
sentence-transformers/paraphrase-multilingual-MiniLM-L12-v2,800,80,baseline_en_phrase,neutron measurement current,baseline,en,15,2,0.7324945330619812,0.7057719826698303,1.0,1
sentence-transformers/paraphrase-multilingual-MiniLM-L12-v2,800,80,baseline_en_phrase,neutron measurement current,baseline,en,15,3,0.7381541132926941,0.7239915728569031,0.4,2
sentence-transformers/paraphrase-multilingual-MiniLM-L12-v2,800,80,baseline_en_phrase,neutron measurement current,baseline,en,15,4,0.7381541132926941,0.7239766120910645,0.4,2
sentence-transformers/paraphrase-multilingual-MiniLM-L12-v2,800,80,baseline_en_phrase,neutron measurement current,baseline,en,15,5,0.7787235379219055,0.7201703786849976,0.7,2
sentence-transformers/paraphrase-multilingual-MiniLM-L12-v2,800,80,baseline_en_phrase,neutron measurement current,baseline,en,15,6,0.7787235379219055,0.7201703786849976,0.7,2
sentence-transformers/paraphrase-multilingual-MiniLM-L12-v2,800,80,baseline_en_phrase,neutron measurement current,baseline,en,15,7,0.7381541132926941,0.7212138175964355,0.4,2
sentence-transformers/paraphrase-multilingual-MiniLM-L12-v2,800,80,baseline_en_phrase,neutron measurement current,baseline,en,15,8,0.7381541132926941,0.7239915728569031,0.4,2
sentence-transformers/paraphrase-multilingual-MiniLM-L12-v2,800,80,baseline_en_phrase,neutron measurement current,baseline,en,15,9,0.7381541132926941,0.7219335436820984,0.4,2
sentence-transformers/paraphrase-multilingual-MiniLM-L12-v2,800,80,baseline_en_phrase,neutron measurement current,baseline,en,20,0,0.7787235379219055,0.7222459316253662,0.7,2
sentence-transformers/paraphrase-multilingual-MiniLM-L12-v2,800,80,baseline_en_phrase,neutron measurement current,baseline,en,20,1,0.7324945330619812,0.7138015031814575,0.8,1
sentence-transformers/paraphrase-multilingual-MiniLM-L12-v2,800,80,baseline_en_phrase,neutron measurement current,baseline,en,20,2,0.7787235379219055,0.7304778099060059,0.4,3
sentence-transformers/paraphrase-multilingual-MiniLM-L12-v2,800,80,baseline_en_phrase,neutron measurement current,baseline,en,20,3,0.7324945330619812,0.7144805788993835,0.5,1
sentence-transformers/paraphrase-multilingual-MiniLM-L12-v2,800,80,baseline_en_phrase,neutron measurement current,baseline,en,20,4,0.7381541132926941,0.7239915728569031,0.4,2
sentence-transformers/paraphrase-multilingual-MiniLM-L12-v2,800,80,baseline_en_phrase,neutron measurement current,baseline,en,20,5,0.7324945330619812,0.7077959775924683,0.8,1
sentence-transformers/paraphrase-multilingual-MiniLM-L12-v2,800,80,baseline_en_phrase,neutron measurement current,baseline,en,20,6,0.7381541132926941,0.723543643951416,0.4,2
sentence-transformers/paraphrase-multilingual-MiniLM-L12-v2,800,80,baseline_en_phrase,neutron measurement current,baseline,en,20,7,0.7787235379219055,0.7201703786849976,0.7,2
sentence-transformers/paraphrase-multilingual-MiniLM-L12-v2,800,80,baseline_en_phrase,neutron measurement current,baseline,en,20,8,0.7324945330619812,0.7077959775924683,0.8,1
sentence-transformers/paraphrase-multilingual-MiniLM-L12-v2,800,80,baseline_en_phrase,neutron measurement current,baseline,en,20,9,0.7787235379219055,0.7303459048271179,0.4,3
sentence-transformers/paraphrase-multilingual-MiniLM-L12-v2,800,80,baseline_en_phrase,neutron measurement current,baseline,en,25,0,0.7787235379219055,0.7229762077331543,0.6,2
sentence-transformers/paraphrase-multilingual-MiniLM-L12-v2,800,80,baseline_en_phrase,neutron measurement current,baseline,en,25,1,0.7324945330619812,0.7151733040809631,0.5,1
sentence-transformers/paraphrase-multilingual-MiniLM-L12-v2,800,80,baseline_en_phrase,neutron measurement current,baseline,en,25,2,0.7324945330619812,0.7077959775924683,0.8,1
sentence-transformers/paraphrase-multilingual-MiniLM-L12-v2,800,80,baseline_en_phrase,neutron measurement current,baseline,en,25,3,0.7787235379219055,0.7303459048271179,0.4,3
sentence-transformers/paraphrase-multilingual-MiniLM-L12-v2,800,80,baseline_en_phrase,neutron measurement current,baseline,en,25,4,0.7324945330619812,0.7138015031814575,0.8,1
sentence-transformers/paraphrase-multilingual-MiniLM-L12-v2,800,80,baseline_en_phrase,neutron measurement current,baseline,en,25,5,0.7324945330619812,0.7176048159599304,0.5,1
sentence-transformers/paraphrase-multilingual-MiniLM-L12-v2,800,80,baseline_en_phrase,neutron measurement current,baseline,en,25,6,0.7324945330619812,0.7176048159599304,0.5,1
sentence-transformers/paraphrase-multilingual-MiniLM-L12-v2,800,80,baseline_en_phrase,neutron measurement current,baseline,en,25,7,0.7787235379219055,0.7319473028182983,0.3,3
sentence-transformers/paraphrase-multilingual-MiniLM-L12-v2,800,80,baseline_en_phrase,neutron measurement current,baseline,en,25,8,0.7324945330619812,0.7204654812812805,0.4,1
sentence-transformers/paraphrase-multilingual-MiniLM-L12-v2,800,80,baseline_en_phrase,neutron measurement current,baseline,en,25,9,0.7381541132926941,0.7212138175964355,0.4,2
sentence-transformers/paraphrase-multilingual-MiniLM-L12-v2,800,80,baseline_en_phrase,neutron measurement current,baseline,en,30,0,0.7787235379219055,0.7304778099060059,0.4,3
sentence-transformers/paraphrase-multilingual-MiniLM-L12-v2,800,80,baseline_en_phrase,neutron measurement current,baseline,en,30,1,0.7787235379219055,0.7244099974632263,0.4,2
sentence-transformers/paraphrase-multilingual-MiniLM-L12-v2,800,80,baseline_en_phrase,neutron measurement current,baseline,en,30,2,0.7324945330619812,0.7098492383956909,0.8,1
sentence-transformers/paraphrase-multilingual-MiniLM-L12-v2,800,80,baseline_en_phrase,neutron measurement current,baseline,en,30,3,0.7381541132926941,0.723543643951416,0.4,2
sentence-transformers/paraphrase-multilingual-MiniLM-L12-v2,800,80,baseline_en_phrase,neutron measurement current,baseline,en,30,4,0.7787235379219055,0.7304778099060059,0.4,3
sentence-transformers/paraphrase-multilingual-MiniLM-L12-v2,800,80,baseline_en_phrase,neutron measurement current,baseline,en,30,5,0.7787235379219055,0.7303459048271179,0.4,3
sentence-transformers/paraphrase-multilingual-MiniLM-L12-v2,800,80,baseline_en_phrase,neutron measurement current,baseline,en,30,6,0.7787235379219055,0.7265655994415283,0.4,2
sentence-transformers/paraphrase-multilingual-MiniLM-L12-v2,800,80,baseline_en_phrase,neutron measurement current,baseline,en,30,7,0.7787235379219055,0.7303459048271179,0.4,3
sentence-transformers/paraphrase-multilingual-MiniLM-L12-v2,800,80,baseline_en_phrase,neutron measurement current,baseline,en,30,8,0.7787235379219055,0.7304778099060059,0.4,3
sentence-transformers/paraphrase-multilingual-MiniLM-L12-v2,800,80,baseline_en_phrase,neutron measurement current,baseline,en,30,9,0.7787235379219055,0.7304628491401672,0.4,3
sentence-transformers/paraphrase-multilingual-MiniLM-L12-v2,800,80,baseline_en_phrase,neutron measurement current,baseline,en,35,0,0.7787235379219055,0.7275761961936951,0.4,2
sentence-transformers/paraphrase-multilingual-MiniLM-L12-v2,800,80,baseline_en_phrase,neutron measurement current,baseline,en,35,1,0.7381541132926941,0.72571861743927,0.4,2
sentence-transformers/paraphrase-multilingual-MiniLM-L12-v2,800,80,baseline_en_phrase,neutron measurement current,baseline,en,35,2,0.7787235379219055,0.7275761961936951,0.4,2
sentence-transformers/paraphrase-multilingual-MiniLM-L12-v2,800,80,baseline_en_phrase,neutron measurement current,baseline,en,35,3,0.7787235379219055,0.7319473028182983,0.3,3
sentence-transformers/paraphrase-multilingual-MiniLM-L12-v2,800,80,baseline_en_phrase,neutron measurement current,baseline,en,35,4,0.7787235379219055,0.7319473028182983,0.3,3
sentence-transformers/paraphrase-multilingual-MiniLM-L12-v2,800,80,baseline_en_phrase,neutron measurement current,baseline,en,35,5,0.7381541132926941,0.7239766120910645,0.4,2
sentence-transformers/paraphrase-multilingual-MiniLM-L12-v2,800,80,baseline_en_phrase,neutron measurement current,baseline,en,35,6,0.7787235379219055,0.7319473028182983,0.3,3
sentence-transformers/paraphrase-multilingual-MiniLM-L12-v2,800,80,baseline_en_phrase,neutron measurement current,baseline,en,35,7,0.7787235379219055,0.7319473028182983,0.3,3
sentence-transformers/paraphrase-multilingual-MiniLM-L12-v2,800,80,baseline_en_phrase,neutron measurement current,baseline,en,35,8,0.7787235379219055,0.7229762077331543,0.6,2
sentence-transformers/paraphrase-multilingual-MiniLM-L12-v2,800,80,baseline_en_phrase,neutron measurement current,baseline,en,35,9,0.7787235379219055,0.7319473028182983,0.3,3
sentence-transformers/paraphrase-multilingual-MiniLM-L12-v2,800,80,baseline_en_phrase,neutron measurement current,baseline,en,40,0,0.7787235379219055,0.7319473028182983,0.3,3
sentence-transformers/paraphrase-multilingual-MiniLM-L12-v2,800,80,baseline_en_phrase,neutron measurement current,baseline,en,40,1,0.7787235379219055,0.7319473028182983,0.3,3
sentence-transformers/paraphrase-multilingual-MiniLM-L12-v2,800,80,baseline_en_phrase,neutron measurement current,baseline,en,40,2,0.7787235379219055,0.7275761961936951,0.4,2
sentence-transformers/paraphrase-multilingual-MiniLM-L12-v2,800,80,baseline_en_phrase,neutron measurement current,baseline,en,40,3,0.7787235379219055,0.7244900465011597,0.4,2
sentence-transformers/paraphrase-multilingual-MiniLM-L12-v2,800,80,baseline_en_phrase,neutron measurement current,baseline,en,40,4,0.7787235379219055,0.7275761961936951,0.4,2
sentence-transformers/paraphrase-multilingual-MiniLM-L12-v2,800,80,baseline_en_phrase,neutron measurement current,baseline,en,40,5,0.7787235379219055,0.7319473028182983,0.3,3
sentence-transformers/paraphrase-multilingual-MiniLM-L12-v2,800,80,baseline_en_phrase,neutron measurement current,baseline,en,40,6,0.7381541132926941,0.72571861743927,0.4,2
sentence-transformers/paraphrase-multilingual-MiniLM-L12-v2,800,80,baseline_en_phrase,neutron measurement current,baseline,en,40,7,0.7324945330619812,0.7204872369766235,0.4,1
sentence-transformers/paraphrase-multilingual-MiniLM-L12-v2,800,80,baseline_en_phrase,neutron measurement current,baseline,en,40,8,0.7787235379219055,0.7283028364181519,0.4,3
sentence-transformers/paraphrase-multilingual-MiniLM-L12-v2,800,80,baseline_en_phrase,neutron measurement current,baseline,en,40,9,0.7787235379219055,0.7275761961936951,0.4,2
sentence-transformers/paraphrase-multilingual-MiniLM-L12-v2,800,80,baseline_en_phrase,neutron measurement current,baseline,en,45,0,0.7787235379219055,0.7319473028182983,0.3,3
sentence-transformers/paraphrase-multilingual-MiniLM-L12-v2,800,80,baseline_en_phrase,neutron measurement current,baseline,en,45,1,0.7381541132926941,0.72571861743927,0.4,2
sentence-transformers/paraphrase-multilingual-MiniLM-L12-v2,800,80,baseline_en_phrase,neutron measurement current,baseline,en,45,2,0.7787235379219055,0.7319473028182983,0.3,3
sentence-transformers/paraphrase-multilingual-MiniLM-L12-v2,800,80,baseline_en_phrase,neutron measurement current,baseline,en,45,3,0.7787235379219055,0.7319473028182983,0.3,3
sentence-transformers/paraphrase-multilingual-MiniLM-L12-v2,800,80,baseline_en_phrase,neutron measurement current,baseline,en,45,4,0.7787235379219055,0.7319473028182983,0.3,3
sentence-transformers/paraphrase-multilingual-MiniLM-L12-v2,800,80,baseline_en_phrase,neutron measurement current,baseline,en,45,5,0.7787235379219055,0.7304778099060059,0.4,3
sentence-transformers/paraphrase-multilingual-MiniLM-L12-v2,800,80,baseline_en_phrase,neutron measurement current,baseline,en,45,6,0.7787235379219055,0.7304778099060059,0.4,3
sentence-transformers/paraphrase-multilingual-MiniLM-L12-v2,800,80,baseline_en_phrase,neutron measurement current,baseline,en,45,7,0.7787235379219055,0.7319473028182983,0.3,3
sentence-transformers/paraphrase-multilingual-MiniLM-L12-v2,800,80,baseline_en_phrase,neutron measurement current,baseline,en,45,8,0.7787235379219055,0.7319473028182983,0.3,3
sentence-transformers/paraphrase-multilingual-MiniLM-L12-v2,800,80,baseline_en_phrase,neutron measurement current,baseline,en,45,9,0.7787235379219055,0.7319473028182983,0.3,3
sentence-transformers/paraphrase-multilingual-MiniLM-L12-v2,800,80,baseline_en_phrase,neutron measurement current,baseline,en,50,0,0.7787235379219055,0.7275761961936951,0.4,2
sentence-transformers/paraphrase-multilingual-MiniLM-L12-v2,800,80,baseline_en_phrase,neutron measurement current,baseline,en,50,1,0.7787235379219055,0.7319473028182983,0.3,3
sentence-transformers/paraphrase-multilingual-MiniLM-L12-v2,800,80,baseline_en_phrase,neutron measurement current,baseline,en,50,2,0.7787235379219055,0.7319473028182983,0.3,3
sentence-transformers/paraphrase-multilingual-MiniLM-L12-v2,800,80,baseline_en_phrase,neutron measurement current,baseline,en,50,3,0.7787235379219055,0.7319473028182983,0.3,3
sentence-transformers/paraphrase-multilingual-MiniLM-L12-v2,800,80,baseline_en_phrase,neutron measurement current,baseline,en,50,4,0.7787235379219055,0.7319473028182983,0.3,3
sentence-transformers/paraphrase-multilingual-MiniLM-L12-v2,800,80,baseline_en_phrase,neutron measurement current,baseline,en,50,5,0.7787235379219055,0.7319473028182983,0.3,3
sentence-transformers/paraphrase-multilingual-MiniLM-L12-v2,800,80,baseline_en_phrase,neutron measurement current,baseline,en,50,6,0.7787235379219055,0.7319473028182983,0.3,3
sentence-transformers/paraphrase-multilingual-MiniLM-L12-v2,800,80,baseline_en_phrase,neutron measurement current,baseline,en,50,7,0.7787235379219055,0.7319473028182983,0.3,3
sentence-transformers/paraphrase-multilingual-MiniLM-L12-v2,800,80,baseline_en_phrase,neutron measurement current,baseline,en,50,8,0.7787235379219055,0.7319473028182983,0.3,3
sentence-transformers/paraphrase-multilingual-MiniLM-L12-v2,800,80,baseline_en_phrase,neutron measurement current,baseline,en,50,9,0.7787235379219055,0.7319473028182983,0.3,3
sentence-transformers/paraphrase-multilingual-MiniLM-L12-v2,800,80,baseline_en_phrase,neutron measurement current,baseline,en,51,0,0.7787235379219055,0.7319473028182983,0.3,3
sentence-transformers/paraphrase-multilingual-MiniLM-L12-v2,800,80,baseline_en_phrase,neutron measurement current,baseline,en,51,1,0.7787235379219055,0.7319473028182983,0.3,3
sentence-transformers/paraphrase-multilingual-MiniLM-L12-v2,800,80,baseline_en_phrase,neutron measurement current,baseline,en,51,2,0.7787235379219055,0.7319473028182983,0.3,3
sentence-transformers/paraphrase-multilingual-MiniLM-L12-v2,800,80,baseline_en_phrase,neutron measurement current,baseline,en,51,3,0.7787235379219055,0.7319473028182983,0.3,3
sentence-transformers/paraphrase-multilingual-MiniLM-L12-v2,800,80,baseline_en_phrase,neutron measurement current,baseline,en,51,4,0.7787235379219055,0.7319473028182983,0.3,3
sentence-transformers/paraphrase-multilingual-MiniLM-L12-v2,800,80,baseline_en_phrase,neutron measurement current,baseline,en,51,5,0.7787235379219055,0.7319473028182983,0.3,3
sentence-transformers/paraphrase-multilingual-MiniLM-L12-v2,800,80,baseline_en_phrase,neutron measurement current,baseline,en,51,6,0.7787235379219055,0.7319473028182983,0.3,3
sentence-transformers/paraphrase-multilingual-MiniLM-L12-v2,800,80,baseline_en_phrase,neutron measurement current,baseline,en,51,7,0.7787235379219055,0.7319473028182983,0.3,3
sentence-transformers/paraphrase-multilingual-MiniLM-L12-v2,800,80,baseline_en_phrase,neutron measurement current,baseline,en,51,8,0.7787235379219055,0.7319473028182983,0.3,3
sentence-transformers/paraphrase-multilingual-MiniLM-L12-v2,800,80,baseline_en_phrase,neutron measurement current,baseline,en,51,9,0.7787235379219055,0.7319473028182983,0.3,3
sentence-transformers/paraphrase-multilingual-MiniLM-L12-v2,800,80,obs_spike_en,neutron current measurement repeated spike events,observation_derived,en,0,0,0.6997997164726257,0.6327672004699707,1.0,1
sentence-transformers/paraphrase-multilingual-MiniLM-L12-v2,800,80,obs_spike_en,neutron current measurement repeated spike events,observation_derived,en,5,0,0.7108269333839417,0.6584669947624207,0.4,2
sentence-transformers/paraphrase-multilingual-MiniLM-L12-v2,800,80,obs_spike_en,neutron current measurement repeated spike events,observation_derived,en,5,1,0.6997997164726257,0.6546198129653931,0.4,1
sentence-transformers/paraphrase-multilingual-MiniLM-L12-v2,800,80,obs_spike_en,neutron current measurement repeated spike events,observation_derived,en,5,2,0.6997997164726257,0.6339884996414185,0.9,1
sentence-transformers/paraphrase-multilingual-MiniLM-L12-v2,800,80,obs_spike_en,neutron current measurement repeated spike events,observation_derived,en,5,3,0.6997997164726257,0.6476386785507202,0.6,1
sentence-transformers/paraphrase-multilingual-MiniLM-L12-v2,800,80,obs_spike_en,neutron current measurement repeated spike events,observation_derived,en,5,4,0.7108269333839417,0.6584669947624207,0.4,2
sentence-transformers/paraphrase-multilingual-MiniLM-L12-v2,800,80,obs_spike_en,neutron current measurement repeated spike events,observation_derived,en,5,5,0.6997997164726257,0.6546198129653931,0.4,1
sentence-transformers/paraphrase-multilingual-MiniLM-L12-v2,800,80,obs_spike_en,neutron current measurement repeated spike events,observation_derived,en,5,6,0.7144429087638855,0.6644883155822754,0.4,2
sentence-transformers/paraphrase-multilingual-MiniLM-L12-v2,800,80,obs_spike_en,neutron current measurement repeated spike events,observation_derived,en,5,7,0.6997997164726257,0.6438032388687134,0.6,1
sentence-transformers/paraphrase-multilingual-MiniLM-L12-v2,800,80,obs_spike_en,neutron current measurement repeated spike events,observation_derived,en,5,8,0.6997997164726257,0.6339884996414185,0.9,1
sentence-transformers/paraphrase-multilingual-MiniLM-L12-v2,800,80,obs_spike_en,neutron current measurement repeated spike events,observation_derived,en,5,9,0.6997997164726257,0.6339884996414185,0.9,1
sentence-transformers/paraphrase-multilingual-MiniLM-L12-v2,800,80,obs_spike_en,neutron current measurement repeated spike events,observation_derived,en,10,0,0.6997997164726257,0.6339884996414185,0.9,1
sentence-transformers/paraphrase-multilingual-MiniLM-L12-v2,800,80,obs_spike_en,neutron current measurement repeated spike events,observation_derived,en,10,1,0.6997997164726257,0.6546198129653931,0.4,1
sentence-transformers/paraphrase-multilingual-MiniLM-L12-v2,800,80,obs_spike_en,neutron current measurement repeated spike events,observation_derived,en,10,2,0.7108269333839417,0.670714795589447,0.2,2
sentence-transformers/paraphrase-multilingual-MiniLM-L12-v2,800,80,obs_spike_en,neutron current measurement repeated spike events,observation_derived,en,10,3,0.6997997164726257,0.6422339677810669,0.6,1
sentence-transformers/paraphrase-multilingual-MiniLM-L12-v2,800,80,obs_spike_en,neutron current measurement repeated spike events,observation_derived,en,10,4,0.6997997164726257,0.6492128968238831,0.5,1
sentence-transformers/paraphrase-multilingual-MiniLM-L12-v2,800,80,obs_spike_en,neutron current measurement repeated spike events,observation_derived,en,10,5,0.7144429087638855,0.6703957319259644,0.3,2
sentence-transformers/paraphrase-multilingual-MiniLM-L12-v2,800,80,obs_spike_en,neutron current measurement repeated spike events,observation_derived,en,10,6,0.7108269333839417,0.6584669947624207,0.4,2
sentence-transformers/paraphrase-multilingual-MiniLM-L12-v2,800,80,obs_spike_en,neutron current measurement repeated spike events,observation_derived,en,10,7,0.6997997164726257,0.6368935704231262,0.8,1
sentence-transformers/paraphrase-multilingual-MiniLM-L12-v2,800,80,obs_spike_en,neutron current measurement repeated spike events,observation_derived,en,10,8,0.7144429087638855,0.6760860681533813,0.2,2
sentence-transformers/paraphrase-multilingual-MiniLM-L12-v2,800,80,obs_spike_en,neutron current measurement repeated spike events,observation_derived,en,10,9,0.6997997164726257,0.638375461101532,0.9,1
sentence-transformers/paraphrase-multilingual-MiniLM-L12-v2,800,80,obs_spike_en,neutron current measurement repeated spike events,observation_derived,en,15,0,0.6997997164726257,0.6466396450996399,0.6,1
sentence-transformers/paraphrase-multilingual-MiniLM-L12-v2,800,80,obs_spike_en,neutron current measurement repeated spike events,observation_derived,en,15,1,0.6997997164726257,0.6476130485534668,0.7,1
sentence-transformers/paraphrase-multilingual-MiniLM-L12-v2,800,80,obs_spike_en,neutron current measurement repeated spike events,observation_derived,en,15,2,0.6997997164726257,0.6533569097518921,0.4,1
sentence-transformers/paraphrase-multilingual-MiniLM-L12-v2,800,80,obs_spike_en,neutron current measurement repeated spike events,observation_derived,en,15,3,0.6997997164726257,0.6391967535018921,0.8,1
sentence-transformers/paraphrase-multilingual-MiniLM-L12-v2,800,80,obs_spike_en,neutron current measurement repeated spike events,observation_derived,en,15,4,0.6997997164726257,0.6327672004699707,1.0,1
sentence-transformers/paraphrase-multilingual-MiniLM-L12-v2,800,80,obs_spike_en,neutron current measurement repeated spike events,observation_derived,en,15,5,0.7144429087638855,0.6767991781234741,0.2,2
sentence-transformers/paraphrase-multilingual-MiniLM-L12-v2,800,80,obs_spike_en,neutron current measurement repeated spike events,observation_derived,en,15,6,0.6997997164726257,0.6661854982376099,0.2,1
sentence-transformers/paraphrase-multilingual-MiniLM-L12-v2,800,80,obs_spike_en,neutron current measurement repeated spike events,observation_derived,en,15,7,0.7144429087638855,0.6654139757156372,0.3,2
sentence-transformers/paraphrase-multilingual-MiniLM-L12-v2,800,80,obs_spike_en,neutron current measurement repeated spike events,observation_derived,en,15,8,0.6997997164726257,0.6546062231063843,0.5,1
sentence-transformers/paraphrase-multilingual-MiniLM-L12-v2,800,80,obs_spike_en,neutron current measurement repeated spike events,observation_derived,en,15,9,0.6997997164726257,0.6430742740631104,0.8,1
sentence-transformers/paraphrase-multilingual-MiniLM-L12-v2,800,80,obs_spike_en,neutron current measurement repeated spike events,observation_derived,en,20,0,0.6997997164726257,0.6466396450996399,0.6,1
sentence-transformers/paraphrase-multilingual-MiniLM-L12-v2,800,80,obs_spike_en,neutron current measurement repeated spike events,observation_derived,en,20,1,0.6997997164726257,0.6646053791046143,0.2,1
sentence-transformers/paraphrase-multilingual-MiniLM-L12-v2,800,80,obs_spike_en,neutron current measurement repeated spike events,observation_derived,en,20,2,0.7144429087638855,0.6769649386405945,0.2,2
sentence-transformers/paraphrase-multilingual-MiniLM-L12-v2,800,80,obs_spike_en,neutron current measurement repeated spike events,observation_derived,en,20,3,0.7108269333839417,0.6725679636001587,0.2,2
sentence-transformers/paraphrase-multilingual-MiniLM-L12-v2,800,80,obs_spike_en,neutron current measurement repeated spike events,observation_derived,en,20,4,0.6997997164726257,0.6391967535018921,0.8,1
sentence-transformers/paraphrase-multilingual-MiniLM-L12-v2,800,80,obs_spike_en,neutron current measurement repeated spike events,observation_derived,en,20,5,0.7144429087638855,0.6685212254524231,0.3,2
sentence-transformers/paraphrase-multilingual-MiniLM-L12-v2,800,80,obs_spike_en,neutron current measurement repeated spike events,observation_derived,en,20,6,0.6997997164726257,0.6563423871994019,0.4,1
sentence-transformers/paraphrase-multilingual-MiniLM-L12-v2,800,80,obs_spike_en,neutron current measurement repeated spike events,observation_derived,en,20,7,0.7144429087638855,0.6772074699401855,0.2,2
sentence-transformers/paraphrase-multilingual-MiniLM-L12-v2,800,80,obs_spike_en,neutron current measurement repeated spike events,observation_derived,en,20,8,0.6997997164726257,0.663309633731842,0.2,1
sentence-transformers/paraphrase-multilingual-MiniLM-L12-v2,800,80,obs_spike_en,neutron current measurement repeated spike events,observation_derived,en,20,9,0.6997997164726257,0.6466396450996399,0.6,1
sentence-transformers/paraphrase-multilingual-MiniLM-L12-v2,800,80,obs_spike_en,neutron current measurement repeated spike events,observation_derived,en,25,0,0.7144429087638855,0.6830966472625732,0.2,3
sentence-transformers/paraphrase-multilingual-MiniLM-L12-v2,800,80,obs_spike_en,neutron current measurement repeated spike events,observation_derived,en,25,1,0.7144429087638855,0.6842326521873474,0.2,3
sentence-transformers/paraphrase-multilingual-MiniLM-L12-v2,800,80,obs_spike_en,neutron current measurement repeated spike events,observation_derived,en,25,2,0.7108269333839417,0.6724388003349304,0.2,2
sentence-transformers/paraphrase-multilingual-MiniLM-L12-v2,800,80,obs_spike_en,neutron current measurement repeated spike events,observation_derived,en,25,3,0.7144429087638855,0.6768132448196411,0.2,2
sentence-transformers/paraphrase-multilingual-MiniLM-L12-v2,800,80,obs_spike_en,neutron current measurement repeated spike events,observation_derived,en,25,4,0.7108269333839417,0.6641169786453247,0.2,2
sentence-transformers/paraphrase-multilingual-MiniLM-L12-v2,800,80,obs_spike_en,neutron current measurement repeated spike events,observation_derived,en,25,5,0.7144429087638855,0.6837273836135864,0.2,3
sentence-transformers/paraphrase-multilingual-MiniLM-L12-v2,800,80,obs_spike_en,neutron current measurement repeated spike events,observation_derived,en,25,6,0.7144429087638855,0.678053617477417,0.2,2
sentence-transformers/paraphrase-multilingual-MiniLM-L12-v2,800,80,obs_spike_en,neutron current measurement repeated spike events,observation_derived,en,25,7,0.7144429087638855,0.6710233092308044,0.2,2
sentence-transformers/paraphrase-multilingual-MiniLM-L12-v2,800,80,obs_spike_en,neutron current measurement repeated spike events,observation_derived,en,25,8,0.6997997164726257,0.6676937341690063,0.2,1
sentence-transformers/paraphrase-multilingual-MiniLM-L12-v2,800,80,obs_spike_en,neutron current measurement repeated spike events,observation_derived,en,25,9,0.7108269333839417,0.6738152503967285,0.2,2
sentence-transformers/paraphrase-multilingual-MiniLM-L12-v2,800,80,obs_spike_en,neutron current measurement repeated spike events,observation_derived,en,30,0,0.7144429087638855,0.6857471466064453,0.2,3
sentence-transformers/paraphrase-multilingual-MiniLM-L12-v2,800,80,obs_spike_en,neutron current measurement repeated spike events,observation_derived,en,30,1,0.7144429087638855,0.6777198910713196,0.2,2
sentence-transformers/paraphrase-multilingual-MiniLM-L12-v2,800,80,obs_spike_en,neutron current measurement repeated spike events,observation_derived,en,30,2,0.6997997164726257,0.6652430295944214,0.2,1
sentence-transformers/paraphrase-multilingual-MiniLM-L12-v2,800,80,obs_spike_en,neutron current measurement repeated spike events,observation_derived,en,30,3,0.7144429087638855,0.6800961494445801,0.2,2
sentence-transformers/paraphrase-multilingual-MiniLM-L12-v2,800,80,obs_spike_en,neutron current measurement repeated spike events,observation_derived,en,30,4,0.7108269333839417,0.6731292009353638,0.2,2
sentence-transformers/paraphrase-multilingual-MiniLM-L12-v2,800,80,obs_spike_en,neutron current measurement repeated spike events,observation_derived,en,30,5,0.7144429087638855,0.6857471466064453,0.2,3
sentence-transformers/paraphrase-multilingual-MiniLM-L12-v2,800,80,obs_spike_en,neutron current measurement repeated spike events,observation_derived,en,30,6,0.7108269333839417,0.6749786138534546,0.2,2
sentence-transformers/paraphrase-multilingual-MiniLM-L12-v2,800,80,obs_spike_en,neutron current measurement repeated spike events,observation_derived,en,30,7,0.7144429087638855,0.6790395975112915,0.2,2
sentence-transformers/paraphrase-multilingual-MiniLM-L12-v2,800,80,obs_spike_en,neutron current measurement repeated spike events,observation_derived,en,30,8,0.7144429087638855,0.6800374388694763,0.2,2
sentence-transformers/paraphrase-multilingual-MiniLM-L12-v2,800,80,obs_spike_en,neutron current measurement repeated spike events,observation_derived,en,30,9,0.7144429087638855,0.6846905946731567,0.2,3
sentence-transformers/paraphrase-multilingual-MiniLM-L12-v2,800,80,obs_spike_en,neutron current measurement repeated spike events,observation_derived,en,35,0,0.7144429087638855,0.6857471466064453,0.2,3
sentence-transformers/paraphrase-multilingual-MiniLM-L12-v2,800,80,obs_spike_en,neutron current measurement repeated spike events,observation_derived,en,35,1,0.7144429087638855,0.6847252249717712,0.2,3
sentence-transformers/paraphrase-multilingual-MiniLM-L12-v2,800,80,obs_spike_en,neutron current measurement repeated spike events,observation_derived,en,35,2,0.6997997164726257,0.6694188117980957,0.2,1
sentence-transformers/paraphrase-multilingual-MiniLM-L12-v2,800,80,obs_spike_en,neutron current measurement repeated spike events,observation_derived,en,35,3,0.7108269333839417,0.6741271018981934,0.2,2
sentence-transformers/paraphrase-multilingual-MiniLM-L12-v2,800,80,obs_spike_en,neutron current measurement repeated spike events,observation_derived,en,35,4,0.7144429087638855,0.6857471466064453,0.2,3
sentence-transformers/paraphrase-multilingual-MiniLM-L12-v2,800,80,obs_spike_en,neutron current measurement repeated spike events,observation_derived,en,35,5,0.7144429087638855,0.6848046183586121,0.2,3
sentence-transformers/paraphrase-multilingual-MiniLM-L12-v2,800,80,obs_spike_en,neutron current measurement repeated spike events,observation_derived,en,35,6,0.7108269333839417,0.6724388003349304,0.2,2
sentence-transformers/paraphrase-multilingual-MiniLM-L12-v2,800,80,obs_spike_en,neutron current measurement repeated spike events,observation_derived,en,35,7,0.7144429087638855,0.6848046183586121,0.2,3
sentence-transformers/paraphrase-multilingual-MiniLM-L12-v2,800,80,obs_spike_en,neutron current measurement repeated spike events,observation_derived,en,35,8,0.7144429087638855,0.6830966472625732,0.2,3
sentence-transformers/paraphrase-multilingual-MiniLM-L12-v2,800,80,obs_spike_en,neutron current measurement repeated spike events,observation_derived,en,35,9,0.7144429087638855,0.6836133599281311,0.2,3
sentence-transformers/paraphrase-multilingual-MiniLM-L12-v2,800,80,obs_spike_en,neutron current measurement repeated spike events,observation_derived,en,40,0,0.7144429087638855,0.6857471466064453,0.2,3
sentence-transformers/paraphrase-multilingual-MiniLM-L12-v2,800,80,obs_spike_en,neutron current measurement repeated spike events,observation_derived,en,40,1,0.6997997164726257,0.6646053791046143,0.2,1
sentence-transformers/paraphrase-multilingual-MiniLM-L12-v2,800,80,obs_spike_en,neutron current measurement repeated spike events,observation_derived,en,40,2,0.7144429087638855,0.6787971258163452,0.2,2
sentence-transformers/paraphrase-multilingual-MiniLM-L12-v2,800,80,obs_spike_en,neutron current measurement repeated spike events,observation_derived,en,40,3,0.7144429087638855,0.6857471466064453,0.2,3
sentence-transformers/paraphrase-multilingual-MiniLM-L12-v2,800,80,obs_spike_en,neutron current measurement repeated spike events,observation_derived,en,40,4,0.7144429087638855,0.6857471466064453,0.2,3
sentence-transformers/paraphrase-multilingual-MiniLM-L12-v2,800,80,obs_spike_en,neutron current measurement repeated spike events,observation_derived,en,40,5,0.7144429087638855,0.6842326521873474,0.2,3
sentence-transformers/paraphrase-multilingual-MiniLM-L12-v2,800,80,obs_spike_en,neutron current measurement repeated spike events,observation_derived,en,40,6,0.7144429087638855,0.6857471466064453,0.2,3
sentence-transformers/paraphrase-multilingual-MiniLM-L12-v2,800,80,obs_spike_en,neutron current measurement repeated spike events,observation_derived,en,40,7,0.7144429087638855,0.6842326521873474,0.2,3
sentence-transformers/paraphrase-multilingual-MiniLM-L12-v2,800,80,obs_spike_en,neutron current measurement repeated spike events,observation_derived,en,40,8,0.7144429087638855,0.6799821257591248,0.2,2
sentence-transformers/paraphrase-multilingual-MiniLM-L12-v2,800,80,obs_spike_en,neutron current measurement repeated spike events,observation_derived,en,40,9,0.7144429087638855,0.6800961494445801,0.2,2
sentence-transformers/paraphrase-multilingual-MiniLM-L12-v2,800,80,obs_spike_en,neutron current measurement repeated spike events,observation_derived,en,45,0,0.7144429087638855,0.6857471466064453,0.2,3
sentence-transformers/paraphrase-multilingual-MiniLM-L12-v2,800,80,obs_spike_en,neutron current measurement repeated spike events,observation_derived,en,45,1,0.7144429087638855,0.6842326521873474,0.2,3
sentence-transformers/paraphrase-multilingual-MiniLM-L12-v2,800,80,obs_spike_en,neutron current measurement repeated spike events,observation_derived,en,45,2,0.7144429087638855,0.6857471466064453,0.2,3
sentence-transformers/paraphrase-multilingual-MiniLM-L12-v2,800,80,obs_spike_en,neutron current measurement repeated spike events,observation_derived,en,45,3,0.7144429087638855,0.6857471466064453,0.2,3
sentence-transformers/paraphrase-multilingual-MiniLM-L12-v2,800,80,obs_spike_en,neutron current measurement repeated spike events,observation_derived,en,45,4,0.7144429087638855,0.6846699118614197,0.2,3
sentence-transformers/paraphrase-multilingual-MiniLM-L12-v2,800,80,obs_spike_en,neutron current measurement repeated spike events,observation_derived,en,45,5,0.7144429087638855,0.6857471466064453,0.2,3
sentence-transformers/paraphrase-multilingual-MiniLM-L12-v2,800,80,obs_spike_en,neutron current measurement repeated spike events,observation_derived,en,45,6,0.7144429087638855,0.6848046183586121,0.2,3
sentence-transformers/paraphrase-multilingual-MiniLM-L12-v2,800,80,obs_spike_en,neutron current measurement repeated spike events,observation_derived,en,45,7,0.7144429087638855,0.6857471466064453,0.2,3
sentence-transformers/paraphrase-multilingual-MiniLM-L12-v2,800,80,obs_spike_en,neutron current measurement repeated spike events,observation_derived,en,45,8,0.7144429087638855,0.6842326521873474,0.2,3
sentence-transformers/paraphrase-multilingual-MiniLM-L12-v2,800,80,obs_spike_en,neutron current measurement repeated spike events,observation_derived,en,45,9,0.7108269333839417,0.6765916347503662,0.2,2
sentence-transformers/paraphrase-multilingual-MiniLM-L12-v2,800,80,obs_spike_en,neutron current measurement repeated spike events,observation_derived,en,50,0,0.7144429087638855,0.6857471466064453,0.2,3
sentence-transformers/paraphrase-multilingual-MiniLM-L12-v2,800,80,obs_spike_en,neutron current measurement repeated spike events,observation_derived,en,50,1,0.7144429087638855,0.6857471466064453,0.2,3
sentence-transformers/paraphrase-multilingual-MiniLM-L12-v2,800,80,obs_spike_en,neutron current measurement repeated spike events,observation_derived,en,50,2,0.7144429087638855,0.6857471466064453,0.2,3
sentence-transformers/paraphrase-multilingual-MiniLM-L12-v2,800,80,obs_spike_en,neutron current measurement repeated spike events,observation_derived,en,50,3,0.7144429087638855,0.6800961494445801,0.2,2
sentence-transformers/paraphrase-multilingual-MiniLM-L12-v2,800,80,obs_spike_en,neutron current measurement repeated spike events,observation_derived,en,50,4,0.7144429087638855,0.6857471466064453,0.2,3
sentence-transformers/paraphrase-multilingual-MiniLM-L12-v2,800,80,obs_spike_en,neutron current measurement repeated spike events,observation_derived,en,50,5,0.7144429087638855,0.6857471466064453,0.2,3
sentence-transformers/paraphrase-multilingual-MiniLM-L12-v2,800,80,obs_spike_en,neutron current measurement repeated spike events,observation_derived,en,50,6,0.7144429087638855,0.6857471466064453,0.2,3
sentence-transformers/paraphrase-multilingual-MiniLM-L12-v2,800,80,obs_spike_en,neutron current measurement repeated spike events,observation_derived,en,50,7,0.7144429087638855,0.6857471466064453,0.2,3
sentence-transformers/paraphrase-multilingual-MiniLM-L12-v2,800,80,obs_spike_en,neutron current measurement repeated spike events,observation_derived,en,50,8,0.7144429087638855,0.6857471466064453,0.2,3
sentence-transformers/paraphrase-multilingual-MiniLM-L12-v2,800,80,obs_spike_en,neutron current measurement repeated spike events,observation_derived,en,50,9,0.7144429087638855,0.6857471466064453,0.2,3
sentence-transformers/paraphrase-multilingual-MiniLM-L12-v2,800,80,obs_spike_en,neutron current measurement repeated spike events,observation_derived,en,51,0,0.7144429087638855,0.6857471466064453,0.2,3
sentence-transformers/paraphrase-multilingual-MiniLM-L12-v2,800,80,obs_spike_en,neutron current measurement repeated spike events,observation_derived,en,51,1,0.7144429087638855,0.6857471466064453,0.2,3
sentence-transformers/paraphrase-multilingual-MiniLM-L12-v2,800,80,obs_spike_en,neutron current measurement repeated spike events,observation_derived,en,51,2,0.7144429087638855,0.6857471466064453,0.2,3
sentence-transformers/paraphrase-multilingual-MiniLM-L12-v2,800,80,obs_spike_en,neutron current measurement repeated spike events,observation_derived,en,51,3,0.7144429087638855,0.6857471466064453,0.2,3
sentence-transformers/paraphrase-multilingual-MiniLM-L12-v2,800,80,obs_spike_en,neutron current measurement repeated spike events,observation_derived,en,51,4,0.7144429087638855,0.6857471466064453,0.2,3
sentence-transformers/paraphrase-multilingual-MiniLM-L12-v2,800,80,obs_spike_en,neutron current measurement repeated spike events,observation_derived,en,51,5,0.7144429087638855,0.6857471466064453,0.2,3
sentence-transformers/paraphrase-multilingual-MiniLM-L12-v2,800,80,obs_spike_en,neutron current measurement repeated spike events,observation_derived,en,51,6,0.7144429087638855,0.6857471466064453,0.2,3
sentence-transformers/paraphrase-multilingual-MiniLM-L12-v2,800,80,obs_spike_en,neutron current measurement repeated spike events,observation_derived,en,51,7,0.7144429087638855,0.6857471466064453,0.2,3
sentence-transformers/paraphrase-multilingual-MiniLM-L12-v2,800,80,obs_spike_en,neutron current measurement repeated spike events,observation_derived,en,51,8,0.7144429087638855,0.6857471466064453,0.2,3
sentence-transformers/paraphrase-multilingual-MiniLM-L12-v2,800,80,obs_spike_en,neutron current measurement repeated spike events,observation_derived,en,51,9,0.7144429087638855,0.6857471466064453,0.2,3
sentence-transformers/paraphrase-multilingual-MiniLM-L12-v2,800,80,obs_spike_zh,中子电流测量重复尖峰事件,observation_derived,zh,0,0,0.631109893321991,0.5911396145820618,1.0,1
sentence-transformers/paraphrase-multilingual-MiniLM-L12-v2,800,80,obs_spike_zh,中子电流测量重复尖峰事件,observation_derived,zh,5,0,0.655745267868042,0.6229167580604553,0.4,4
sentence-transformers/paraphrase-multilingual-MiniLM-L12-v2,800,80,obs_spike_zh,中子电流测量重复尖峰事件,observation_derived,zh,5,1,0.631109893321991,0.6092373132705688,0.4,1
sentence-transformers/paraphrase-multilingual-MiniLM-L12-v2,800,80,obs_spike_zh,中子电流测量重复尖峰事件,observation_derived,zh,5,2,0.631109893321991,0.608542799949646,0.4,1
sentence-transformers/paraphrase-multilingual-MiniLM-L12-v2,800,80,obs_spike_zh,中子电流测量重复尖峰事件,observation_derived,zh,5,3,0.631109893321991,0.5975937247276306,0.8,1
sentence-transformers/paraphrase-multilingual-MiniLM-L12-v2,800,80,obs_spike_zh,中子电流测量重复尖峰事件,observation_derived,zh,5,4,0.631109893321991,0.5919365286827087,0.9,1
sentence-transformers/paraphrase-multilingual-MiniLM-L12-v2,800,80,obs_spike_zh,中子电流测量重复尖峰事件,observation_derived,zh,5,5,0.631109893321991,0.5924627780914307,0.8,1
sentence-transformers/paraphrase-multilingual-MiniLM-L12-v2,800,80,obs_spike_zh,中子电流测量重复尖峰事件,observation_derived,zh,5,6,0.631109893321991,0.595436155796051,0.9,1
sentence-transformers/paraphrase-multilingual-MiniLM-L12-v2,800,80,obs_spike_zh,中子电流测量重复尖峰事件,observation_derived,zh,5,7,0.631109893321991,0.5974975824356079,0.7,1
sentence-transformers/paraphrase-multilingual-MiniLM-L12-v2,800,80,obs_spike_zh,中子电流测量重复尖峰事件,observation_derived,zh,5,8,0.631109893321991,0.5911396145820618,1.0,1
sentence-transformers/paraphrase-multilingual-MiniLM-L12-v2,800,80,obs_spike_zh,中子电流测量重复尖峰事件,observation_derived,zh,5,9,0.631109893321991,0.6132485866546631,0.4,1
sentence-transformers/paraphrase-multilingual-MiniLM-L12-v2,800,80,obs_spike_zh,中子电流测量重复尖峰事件,observation_derived,zh,10,0,0.6899291276931763,0.6105351448059082,0.5,2
sentence-transformers/paraphrase-multilingual-MiniLM-L12-v2,800,80,obs_spike_zh,中子电流测量重复尖峰事件,observation_derived,zh,10,1,0.6563430428504944,0.6206469535827637,0.4,2
sentence-transformers/paraphrase-multilingual-MiniLM-L12-v2,800,80,obs_spike_zh,中子电流测量重复尖峰事件,observation_derived,zh,10,2,0.655745267868042,0.6280087828636169,0.4,4
sentence-transformers/paraphrase-multilingual-MiniLM-L12-v2,800,80,obs_spike_zh,中子电流测量重复尖峰事件,observation_derived,zh,10,3,0.631109893321991,0.6020113229751587,0.6,1
sentence-transformers/paraphrase-multilingual-MiniLM-L12-v2,800,80,obs_spike_zh,中子电流测量重复尖峰事件,observation_derived,zh,10,4,0.655745267868042,0.6229167580604553,0.4,4
sentence-transformers/paraphrase-multilingual-MiniLM-L12-v2,800,80,obs_spike_zh,中子电流测量重复尖峰事件,observation_derived,zh,10,5,0.631109893321991,0.6036351919174194,0.5,1
sentence-transformers/paraphrase-multilingual-MiniLM-L12-v2,800,80,obs_spike_zh,中子电流测量重复尖峰事件,observation_derived,zh,10,6,0.631109893321991,0.5954595804214478,0.8,1
sentence-transformers/paraphrase-multilingual-MiniLM-L12-v2,800,80,obs_spike_zh,中子电流测量重复尖峰事件,observation_derived,zh,10,7,0.6563430428504944,0.6208053231239319,0.4,2
sentence-transformers/paraphrase-multilingual-MiniLM-L12-v2,800,80,obs_spike_zh,中子电流测量重复尖峰事件,observation_derived,zh,10,8,0.631109893321991,0.5979849100112915,0.7,1
sentence-transformers/paraphrase-multilingual-MiniLM-L12-v2,800,80,obs_spike_zh,中子电流测量重复尖峰事件,observation_derived,zh,10,9,0.6899291276931763,0.6059321761131287,0.8,2
sentence-transformers/paraphrase-multilingual-MiniLM-L12-v2,800,80,obs_spike_zh,中子电流测量重复尖峰事件,observation_derived,zh,15,0,0.6899291276931763,0.6318643689155579,0.3,3
sentence-transformers/paraphrase-multilingual-MiniLM-L12-v2,800,80,obs_spike_zh,中子电流测量重复尖峰事件,observation_derived,zh,15,1,0.631109893321991,0.6170015335083008,0.4,1
sentence-transformers/paraphrase-multilingual-MiniLM-L12-v2,800,80,obs_spike_zh,中子电流测量重复尖峰事件,observation_derived,zh,15,2,0.6899291276931763,0.6342532634735107,0.4,5
sentence-transformers/paraphrase-multilingual-MiniLM-L12-v2,800,80,obs_spike_zh,中子电流测量重复尖峰事件,observation_derived,zh,15,3,0.6563430428504944,0.6357079744338989,0.1,5
sentence-transformers/paraphrase-multilingual-MiniLM-L12-v2,800,80,obs_spike_zh,中子电流测量重复尖峰事件,observation_derived,zh,15,4,0.655745267868042,0.6284162402153015,0.3,4
sentence-transformers/paraphrase-multilingual-MiniLM-L12-v2,800,80,obs_spike_zh,中子电流测量重复尖峰事件,observation_derived,zh,15,5,0.631109893321991,0.6149506568908691,0.4,1
sentence-transformers/paraphrase-multilingual-MiniLM-L12-v2,800,80,obs_spike_zh,中子电流测量重复尖峰事件,observation_derived,zh,15,6,0.6899291276931763,0.6286605596542358,0.4,3
sentence-transformers/paraphrase-multilingual-MiniLM-L12-v2,800,80,obs_spike_zh,中子电流测量重复尖峰事件,observation_derived,zh,15,7,0.655745267868042,0.6278205513954163,0.4,4
sentence-transformers/paraphrase-multilingual-MiniLM-L12-v2,800,80,obs_spike_zh,中子电流测量重复尖峰事件,observation_derived,zh,15,8,0.631109893321991,0.6048076748847961,0.4,1
sentence-transformers/paraphrase-multilingual-MiniLM-L12-v2,800,80,obs_spike_zh,中子电流测量重复尖峰事件,observation_derived,zh,15,9,0.6563430428504944,0.6333705186843872,0.2,5
sentence-transformers/paraphrase-multilingual-MiniLM-L12-v2,800,80,obs_spike_zh,中子电流测量重复尖峰事件,observation_derived,zh,20,0,0.6563430428504944,0.6212185621261597,0.4,2
sentence-transformers/paraphrase-multilingual-MiniLM-L12-v2,800,80,obs_spike_zh,中子电流测量重复尖峰事件,observation_derived,zh,20,1,0.6899291276931763,0.6212800145149231,0.4,2
sentence-transformers/paraphrase-multilingual-MiniLM-L12-v2,800,80,obs_spike_zh,中子电流测量重复尖峰事件,observation_derived,zh,20,2,0.6899291276931763,0.6239188313484192,0.4,2
sentence-transformers/paraphrase-multilingual-MiniLM-L12-v2,800,80,obs_spike_zh,中子电流测量重复尖峰事件,observation_derived,zh,20,3,0.6563430428504944,0.6343530416488647,0.2,5
sentence-transformers/paraphrase-multilingual-MiniLM-L12-v2,800,80,obs_spike_zh,中子电流测量重复尖峰事件,observation_derived,zh,20,4,0.631109893321991,0.6026490926742554,0.5,1
sentence-transformers/paraphrase-multilingual-MiniLM-L12-v2,800,80,obs_spike_zh,中子电流测量重复尖峰事件,observation_derived,zh,20,5,0.655745267868042,0.6265389919281006,0.4,4
sentence-transformers/paraphrase-multilingual-MiniLM-L12-v2,800,80,obs_spike_zh,中子电流测量重复尖峰事件,observation_derived,zh,20,6,0.6899291276931763,0.6430732607841492,0.1,6
sentence-transformers/paraphrase-multilingual-MiniLM-L12-v2,800,80,obs_spike_zh,中子电流测量重复尖峰事件,observation_derived,zh,20,7,0.631109893321991,0.6163765788078308,0.4,1
sentence-transformers/paraphrase-multilingual-MiniLM-L12-v2,800,80,obs_spike_zh,中子电流测量重复尖峰事件,observation_derived,zh,20,8,0.655745267868042,0.6252570748329163,0.4,4
sentence-transformers/paraphrase-multilingual-MiniLM-L12-v2,800,80,obs_spike_zh,中子电流测量重复尖峰事件,observation_derived,zh,20,9,0.655745267868042,0.6278949975967407,0.4,4
sentence-transformers/paraphrase-multilingual-MiniLM-L12-v2,800,80,obs_spike_zh,中子电流测量重复尖峰事件,observation_derived,zh,25,0,0.655745267868042,0.6278949975967407,0.4,4
sentence-transformers/paraphrase-multilingual-MiniLM-L12-v2,800,80,obs_spike_zh,中子电流测量重复尖峰事件,observation_derived,zh,25,1,0.6899291276931763,0.6189862489700317,0.4,2
sentence-transformers/paraphrase-multilingual-MiniLM-L12-v2,800,80,obs_spike_zh,中子电流测量重复尖峰事件,observation_derived,zh,25,2,0.6899291276931763,0.6359086632728577,0.4,5
sentence-transformers/paraphrase-multilingual-MiniLM-L12-v2,800,80,obs_spike_zh,中子电流测量重复尖峰事件,observation_derived,zh,25,3,0.6899291276931763,0.6326203942298889,0.4,5
sentence-transformers/paraphrase-multilingual-MiniLM-L12-v2,800,80,obs_spike_zh,中子电流测量重复尖峰事件,observation_derived,zh,25,4,0.631109893321991,0.6145818829536438,0.4,1
sentence-transformers/paraphrase-multilingual-MiniLM-L12-v2,800,80,obs_spike_zh,中子电流测量重复尖峰事件,observation_derived,zh,25,5,0.6563430428504944,0.6343530416488647,0.2,5
sentence-transformers/paraphrase-multilingual-MiniLM-L12-v2,800,80,obs_spike_zh,中子电流测量重复尖峰事件,observation_derived,zh,25,6,0.6899291276931763,0.6246951222419739,0.4,2
sentence-transformers/paraphrase-multilingual-MiniLM-L12-v2,800,80,obs_spike_zh,中子电流测量重复尖峰事件,observation_derived,zh,25,7,0.6899291276931763,0.6246951222419739,0.4,2
sentence-transformers/paraphrase-multilingual-MiniLM-L12-v2,800,80,obs_spike_zh,中子电流测量重复尖峰事件,observation_derived,zh,25,8,0.6899291276931763,0.641952395439148,0.1,6
sentence-transformers/paraphrase-multilingual-MiniLM-L12-v2,800,80,obs_spike_zh,中子电流测量重复尖峰事件,observation_derived,zh,25,9,0.6899291276931763,0.641952395439148,0.1,6
sentence-transformers/paraphrase-multilingual-MiniLM-L12-v2,800,80,obs_spike_zh,中子电流测量重复尖峰事件,observation_derived,zh,30,0,0.655745267868042,0.6297550797462463,0.2,4
sentence-transformers/paraphrase-multilingual-MiniLM-L12-v2,800,80,obs_spike_zh,中子电流测量重复尖峰事件,observation_derived,zh,30,1,0.6899291276931763,0.641952395439148,0.1,6
sentence-transformers/paraphrase-multilingual-MiniLM-L12-v2,800,80,obs_spike_zh,中子电流测量重复尖峰事件,observation_derived,zh,30,2,0.6563430428504944,0.6239644885063171,0.3,2
sentence-transformers/paraphrase-multilingual-MiniLM-L12-v2,800,80,obs_spike_zh,中子电流测量重复尖峰事件,observation_derived,zh,30,3,0.6899291276931763,0.6305651068687439,0.2,3
sentence-transformers/paraphrase-multilingual-MiniLM-L12-v2,800,80,obs_spike_zh,中子电流测量重复尖峰事件,observation_derived,zh,30,4,0.6899291276931763,0.6322205662727356,0.2,3
sentence-transformers/paraphrase-multilingual-MiniLM-L12-v2,800,80,obs_spike_zh,中子电流测量重复尖峰事件,observation_derived,zh,30,5,0.6899291276931763,0.6409708857536316,0.2,6
sentence-transformers/paraphrase-multilingual-MiniLM-L12-v2,800,80,obs_spike_zh,中子电流测量重复尖峰事件,observation_derived,zh,30,6,0.6899291276931763,0.6332031488418579,0.2,3
sentence-transformers/paraphrase-multilingual-MiniLM-L12-v2,800,80,obs_spike_zh,中子电流测量重复尖峰事件,observation_derived,zh,30,7,0.6899291276931763,0.6363729238510132,0.2,5
sentence-transformers/paraphrase-multilingual-MiniLM-L12-v2,800,80,obs_spike_zh,中子电流测量重复尖峰事件,observation_derived,zh,30,8,0.6563430428504944,0.6364554166793823,0.1,5
sentence-transformers/paraphrase-multilingual-MiniLM-L12-v2,800,80,obs_spike_zh,中子电流测量重复尖峰事件,observation_derived,zh,30,9,0.6563430428504944,0.6226085424423218,0.3,2
sentence-transformers/paraphrase-multilingual-MiniLM-L12-v2,800,80,obs_spike_zh,中子电流测量重复尖峰事件,observation_derived,zh,35,0,0.6899291276931763,0.6430732607841492,0.1,6
sentence-transformers/paraphrase-multilingual-MiniLM-L12-v2,800,80,obs_spike_zh,中子电流测量重复尖峰事件,observation_derived,zh,35,1,0.6899291276931763,0.6322205662727356,0.2,3
sentence-transformers/paraphrase-multilingual-MiniLM-L12-v2,800,80,obs_spike_zh,中子电流测量重复尖峰事件,observation_derived,zh,35,2,0.6563430428504944,0.6333705186843872,0.2,5
sentence-transformers/paraphrase-multilingual-MiniLM-L12-v2,800,80,obs_spike_zh,中子电流测量重复尖峰事件,observation_derived,zh,35,3,0.6899291276931763,0.6332706809043884,0.4,5
sentence-transformers/paraphrase-multilingual-MiniLM-L12-v2,800,80,obs_spike_zh,中子电流测量重复尖峰事件,observation_derived,zh,35,4,0.6899291276931763,0.6376549005508423,0.2,5
sentence-transformers/paraphrase-multilingual-MiniLM-L12-v2,800,80,obs_spike_zh,中子电流测量重复尖峰事件,observation_derived,zh,35,5,0.6899291276931763,0.6430732607841492,0.1,6
sentence-transformers/paraphrase-multilingual-MiniLM-L12-v2,800,80,obs_spike_zh,中子电流测量重复尖峰事件,observation_derived,zh,35,6,0.631109893321991,0.6174892783164978,0.4,1
sentence-transformers/paraphrase-multilingual-MiniLM-L12-v2,800,80,obs_spike_zh,中子电流测量重复尖峰事件,observation_derived,zh,35,7,0.6899291276931763,0.6433631181716919,0.1,6
sentence-transformers/paraphrase-multilingual-MiniLM-L12-v2,800,80,obs_spike_zh,中子电流测量重复尖峰事件,observation_derived,zh,35,8,0.6899291276931763,0.641952395439148,0.1,6
sentence-transformers/paraphrase-multilingual-MiniLM-L12-v2,800,80,obs_spike_zh,中子电流测量重复尖峰事件,observation_derived,zh,35,9,0.6563430428504944,0.6256026029586792,0.2,2
sentence-transformers/paraphrase-multilingual-MiniLM-L12-v2,800,80,obs_spike_zh,中子电流测量重复尖峰事件,observation_derived,zh,40,0,0.6899291276931763,0.6433631181716919,0.1,6
sentence-transformers/paraphrase-multilingual-MiniLM-L12-v2,800,80,obs_spike_zh,中子电流测量重复尖峰事件,observation_derived,zh,40,1,0.6899291276931763,0.6376549005508423,0.2,5
sentence-transformers/paraphrase-multilingual-MiniLM-L12-v2,800,80,obs_spike_zh,中子电流测量重复尖峰事件,observation_derived,zh,40,2,0.6899291276931763,0.6346607208251953,0.3,5
sentence-transformers/paraphrase-multilingual-MiniLM-L12-v2,800,80,obs_spike_zh,中子电流测量重复尖峰事件,observation_derived,zh,40,3,0.6899291276931763,0.6430732607841492,0.1,6
sentence-transformers/paraphrase-multilingual-MiniLM-L12-v2,800,80,obs_spike_zh,中子电流测量重复尖峰事件,observation_derived,zh,40,4,0.6563430428504944,0.6256026029586792,0.2,2
sentence-transformers/paraphrase-multilingual-MiniLM-L12-v2,800,80,obs_spike_zh,中子电流测量重复尖峰事件,observation_derived,zh,40,5,0.6899291276931763,0.6433631181716919,0.1,6
sentence-transformers/paraphrase-multilingual-MiniLM-L12-v2,800,80,obs_spike_zh,中子电流测量重复尖峰事件,observation_derived,zh,40,6,0.6899291276931763,0.6305651068687439,0.2,3
sentence-transformers/paraphrase-multilingual-MiniLM-L12-v2,800,80,obs_spike_zh,中子电流测量重复尖峰事件,observation_derived,zh,40,7,0.6899291276931763,0.6433631181716919,0.1,6
sentence-transformers/paraphrase-multilingual-MiniLM-L12-v2,800,80,obs_spike_zh,中子电流测量重复尖峰事件,observation_derived,zh,40,8,0.6899291276931763,0.6433631181716919,0.1,6
sentence-transformers/paraphrase-multilingual-MiniLM-L12-v2,800,80,obs_spike_zh,中子电流测量重复尖峰事件,observation_derived,zh,40,9,0.6563430428504944,0.6343530416488647,0.2,5
sentence-transformers/paraphrase-multilingual-MiniLM-L12-v2,800,80,obs_spike_zh,中子电流测量重复尖峰事件,observation_derived,zh,45,0,0.6899291276931763,0.6433631181716919,0.1,6
sentence-transformers/paraphrase-multilingual-MiniLM-L12-v2,800,80,obs_spike_zh,中子电流测量重复尖峰事件,observation_derived,zh,45,1,0.6899291276931763,0.6346607208251953,0.3,5
sentence-transformers/paraphrase-multilingual-MiniLM-L12-v2,800,80,obs_spike_zh,中子电流测量重复尖峰事件,observation_derived,zh,45,2,0.6899291276931763,0.6433631181716919,0.1,6
sentence-transformers/paraphrase-multilingual-MiniLM-L12-v2,800,80,obs_spike_zh,中子电流测量重复尖峰事件,observation_derived,zh,45,3,0.6899291276931763,0.6376549005508423,0.2,5
sentence-transformers/paraphrase-multilingual-MiniLM-L12-v2,800,80,obs_spike_zh,中子电流测量重复尖峰事件,observation_derived,zh,45,4,0.655745267868042,0.6297550797462463,0.2,4
sentence-transformers/paraphrase-multilingual-MiniLM-L12-v2,800,80,obs_spike_zh,中子电流测量重复尖峰事件,observation_derived,zh,45,5,0.6899291276931763,0.6433631181716919,0.1,6
sentence-transformers/paraphrase-multilingual-MiniLM-L12-v2,800,80,obs_spike_zh,中子电流测量重复尖峰事件,observation_derived,zh,45,6,0.6563430428504944,0.6343530416488647,0.2,5
sentence-transformers/paraphrase-multilingual-MiniLM-L12-v2,800,80,obs_spike_zh,中子电流测量重复尖峰事件,observation_derived,zh,45,7,0.6899291276931763,0.6433631181716919,0.1,6
sentence-transformers/paraphrase-multilingual-MiniLM-L12-v2,800,80,obs_spike_zh,中子电流测量重复尖峰事件,observation_derived,zh,45,8,0.6899291276931763,0.6433631181716919,0.1,6
sentence-transformers/paraphrase-multilingual-MiniLM-L12-v2,800,80,obs_spike_zh,中子电流测量重复尖峰事件,observation_derived,zh,45,9,0.6899291276931763,0.6433631181716919,0.1,6
sentence-transformers/paraphrase-multilingual-MiniLM-L12-v2,800,80,obs_spike_zh,中子电流测量重复尖峰事件,observation_derived,zh,50,0,0.6899291276931763,0.6433631181716919,0.1,6
sentence-transformers/paraphrase-multilingual-MiniLM-L12-v2,800,80,obs_spike_zh,中子电流测量重复尖峰事件,observation_derived,zh,50,1,0.6899291276931763,0.6433631181716919,0.1,6
sentence-transformers/paraphrase-multilingual-MiniLM-L12-v2,800,80,obs_spike_zh,中子电流测量重复尖峰事件,observation_derived,zh,50,2,0.6899291276931763,0.6433631181716919,0.1,6
sentence-transformers/paraphrase-multilingual-MiniLM-L12-v2,800,80,obs_spike_zh,中子电流测量重复尖峰事件,observation_derived,zh,50,3,0.6899291276931763,0.6433631181716919,0.1,6
sentence-transformers/paraphrase-multilingual-MiniLM-L12-v2,800,80,obs_spike_zh,中子电流测量重复尖峰事件,observation_derived,zh,50,4,0.6899291276931763,0.6430732607841492,0.1,6
sentence-transformers/paraphrase-multilingual-MiniLM-L12-v2,800,80,obs_spike_zh,中子电流测量重复尖峰事件,observation_derived,zh,50,5,0.6899291276931763,0.6433631181716919,0.1,6
sentence-transformers/paraphrase-multilingual-MiniLM-L12-v2,800,80,obs_spike_zh,中子电流测量重复尖峰事件,observation_derived,zh,50,6,0.6899291276931763,0.6433631181716919,0.1,6
sentence-transformers/paraphrase-multilingual-MiniLM-L12-v2,800,80,obs_spike_zh,中子电流测量重复尖峰事件,observation_derived,zh,50,7,0.6899291276931763,0.6433631181716919,0.1,6
sentence-transformers/paraphrase-multilingual-MiniLM-L12-v2,800,80,obs_spike_zh,中子电流测量重复尖峰事件,observation_derived,zh,50,8,0.6899291276931763,0.6433631181716919,0.1,6
sentence-transformers/paraphrase-multilingual-MiniLM-L12-v2,800,80,obs_spike_zh,中子电流测量重复尖峰事件,observation_derived,zh,50,9,0.6899291276931763,0.6433631181716919,0.1,6
sentence-transformers/paraphrase-multilingual-MiniLM-L12-v2,800,80,obs_spike_zh,中子电流测量重复尖峰事件,observation_derived,zh,51,0,0.6899291276931763,0.6433631181716919,0.1,6
sentence-transformers/paraphrase-multilingual-MiniLM-L12-v2,800,80,obs_spike_zh,中子电流测量重复尖峰事件,observation_derived,zh,51,1,0.6899291276931763,0.6433631181716919,0.1,6
sentence-transformers/paraphrase-multilingual-MiniLM-L12-v2,800,80,obs_spike_zh,中子电流测量重复尖峰事件,observation_derived,zh,51,2,0.6899291276931763,0.6433631181716919,0.1,6
sentence-transformers/paraphrase-multilingual-MiniLM-L12-v2,800,80,obs_spike_zh,中子电流测量重复尖峰事件,observation_derived,zh,51,3,0.6899291276931763,0.6433631181716919,0.1,6
sentence-transformers/paraphrase-multilingual-MiniLM-L12-v2,800,80,obs_spike_zh,中子电流测量重复尖峰事件,observation_derived,zh,51,4,0.6899291276931763,0.6433631181716919,0.1,6
sentence-transformers/paraphrase-multilingual-MiniLM-L12-v2,800,80,obs_spike_zh,中子电流测量重复尖峰事件,observation_derived,zh,51,5,0.6899291276931763,0.6433631181716919,0.1,6
sentence-transformers/paraphrase-multilingual-MiniLM-L12-v2,800,80,obs_spike_zh,中子电流测量重复尖峰事件,observation_derived,zh,51,6,0.6899291276931763,0.6433631181716919,0.1,6
sentence-transformers/paraphrase-multilingual-MiniLM-L12-v2,800,80,obs_spike_zh,中子电流测量重复尖峰事件,observation_derived,zh,51,7,0.6899291276931763,0.6433631181716919,0.1,6
sentence-transformers/paraphrase-multilingual-MiniLM-L12-v2,800,80,obs_spike_zh,中子电流测量重复尖峰事件,observation_derived,zh,51,8,0.6899291276931763,0.6433631181716919,0.1,6
sentence-transformers/paraphrase-multilingual-MiniLM-L12-v2,800,80,obs_spike_zh,中子电流测量重复尖峰事件,observation_derived,zh,51,9,0.6899291276931763,0.6433631181716919,0.1,6
sentence-transformers/paraphrase-multilingual-MiniLM-L12-v2,800,80,obs_zero_en,neutron current measurement synchronized zero-value dropout across channels,observation_derived,en,0,0,0.6741911768913269,0.6315670609474182,1.0,1
sentence-transformers/paraphrase-multilingual-MiniLM-L12-v2,800,80,obs_zero_en,neutron current measurement synchronized zero-value dropout across channels,observation_derived,en,5,0,0.6741911768913269,0.6319907307624817,0.9,1
sentence-transformers/paraphrase-multilingual-MiniLM-L12-v2,800,80,obs_zero_en,neutron current measurement synchronized zero-value dropout across channels,observation_derived,en,5,1,0.6741911768913269,0.6315670609474182,1.0,1
sentence-transformers/paraphrase-multilingual-MiniLM-L12-v2,800,80,obs_zero_en,neutron current measurement synchronized zero-value dropout across channels,observation_derived,en,5,2,0.6825552582740784,0.6637569069862366,0.4,4
sentence-transformers/paraphrase-multilingual-MiniLM-L12-v2,800,80,obs_zero_en,neutron current measurement synchronized zero-value dropout across channels,observation_derived,en,5,3,0.6825552582740784,0.6593262553215027,0.5,4
sentence-transformers/paraphrase-multilingual-MiniLM-L12-v2,800,80,obs_zero_en,neutron current measurement synchronized zero-value dropout across channels,observation_derived,en,5,4,0.6741911768913269,0.6315670609474182,1.0,1
sentence-transformers/paraphrase-multilingual-MiniLM-L12-v2,800,80,obs_zero_en,neutron current measurement synchronized zero-value dropout across channels,observation_derived,en,5,5,0.6741911768913269,0.6315670609474182,1.0,1
sentence-transformers/paraphrase-multilingual-MiniLM-L12-v2,800,80,obs_zero_en,neutron current measurement synchronized zero-value dropout across channels,observation_derived,en,5,6,0.6741911768913269,0.6315670609474182,1.0,1
sentence-transformers/paraphrase-multilingual-MiniLM-L12-v2,800,80,obs_zero_en,neutron current measurement synchronized zero-value dropout across channels,observation_derived,en,5,7,0.6741911768913269,0.6506808996200562,0.5,1
sentence-transformers/paraphrase-multilingual-MiniLM-L12-v2,800,80,obs_zero_en,neutron current measurement synchronized zero-value dropout across channels,observation_derived,en,5,8,0.6741911768913269,0.6328524351119995,0.9,1
sentence-transformers/paraphrase-multilingual-MiniLM-L12-v2,800,80,obs_zero_en,neutron current measurement synchronized zero-value dropout across channels,observation_derived,en,5,9,0.6741911768913269,0.6333585977554321,0.9,1
sentence-transformers/paraphrase-multilingual-MiniLM-L12-v2,800,80,obs_zero_en,neutron current measurement synchronized zero-value dropout across channels,observation_derived,en,10,0,0.6741911768913269,0.6328524351119995,0.9,1
sentence-transformers/paraphrase-multilingual-MiniLM-L12-v2,800,80,obs_zero_en,neutron current measurement synchronized zero-value dropout across channels,observation_derived,en,10,1,0.6741911768913269,0.6583542227745056,0.4,1
sentence-transformers/paraphrase-multilingual-MiniLM-L12-v2,800,80,obs_zero_en,neutron current measurement synchronized zero-value dropout across channels,observation_derived,en,10,2,0.6741911768913269,0.6583542227745056,0.4,1
sentence-transformers/paraphrase-multilingual-MiniLM-L12-v2,800,80,obs_zero_en,neutron current measurement synchronized zero-value dropout across channels,observation_derived,en,10,3,0.6741911768913269,0.6364113092422485,0.9,1
sentence-transformers/paraphrase-multilingual-MiniLM-L12-v2,800,80,obs_zero_en,neutron current measurement synchronized zero-value dropout across channels,observation_derived,en,10,4,0.6741911768913269,0.6506808996200562,0.5,1
sentence-transformers/paraphrase-multilingual-MiniLM-L12-v2,800,80,obs_zero_en,neutron current measurement synchronized zero-value dropout across channels,observation_derived,en,10,5,0.6741911768913269,0.6315670609474182,1.0,1
sentence-transformers/paraphrase-multilingual-MiniLM-L12-v2,800,80,obs_zero_en,neutron current measurement synchronized zero-value dropout across channels,observation_derived,en,10,6,0.6741911768913269,0.6539236307144165,0.5,1
sentence-transformers/paraphrase-multilingual-MiniLM-L12-v2,800,80,obs_zero_en,neutron current measurement synchronized zero-value dropout across channels,observation_derived,en,10,7,0.6741911768913269,0.6364113092422485,0.9,1
sentence-transformers/paraphrase-multilingual-MiniLM-L12-v2,800,80,obs_zero_en,neutron current measurement synchronized zero-value dropout across channels,observation_derived,en,10,8,0.6741911768913269,0.6364113092422485,0.9,1
sentence-transformers/paraphrase-multilingual-MiniLM-L12-v2,800,80,obs_zero_en,neutron current measurement synchronized zero-value dropout across channels,observation_derived,en,10,9,0.6741911768913269,0.6396111249923706,0.7,1
sentence-transformers/paraphrase-multilingual-MiniLM-L12-v2,800,80,obs_zero_en,neutron current measurement synchronized zero-value dropout across channels,observation_derived,en,15,0,0.6741911768913269,0.6405555009841919,0.6,1
sentence-transformers/paraphrase-multilingual-MiniLM-L12-v2,800,80,obs_zero_en,neutron current measurement synchronized zero-value dropout across channels,observation_derived,en,15,1,0.6741911768913269,0.636796772480011,0.8,1
sentence-transformers/paraphrase-multilingual-MiniLM-L12-v2,800,80,obs_zero_en,neutron current measurement synchronized zero-value dropout across channels,observation_derived,en,15,2,0.6741911768913269,0.6550215482711792,0.5,1
sentence-transformers/paraphrase-multilingual-MiniLM-L12-v2,800,80,obs_zero_en,neutron current measurement synchronized zero-value dropout across channels,observation_derived,en,15,3,0.6741911768913269,0.6583542227745056,0.4,1
sentence-transformers/paraphrase-multilingual-MiniLM-L12-v2,800,80,obs_zero_en,neutron current measurement synchronized zero-value dropout across channels,observation_derived,en,15,4,0.6741911768913269,0.6315670609474182,1.0,1
sentence-transformers/paraphrase-multilingual-MiniLM-L12-v2,800,80,obs_zero_en,neutron current measurement synchronized zero-value dropout across channels,observation_derived,en,15,5,0.6741911768913269,0.6511833071708679,0.6,1
sentence-transformers/paraphrase-multilingual-MiniLM-L12-v2,800,80,obs_zero_en,neutron current measurement synchronized zero-value dropout across channels,observation_derived,en,15,6,0.6825552582740784,0.6565192937850952,0.5,4
sentence-transformers/paraphrase-multilingual-MiniLM-L12-v2,800,80,obs_zero_en,neutron current measurement synchronized zero-value dropout across channels,observation_derived,en,15,7,0.6741911768913269,0.6381646394729614,0.8,1
sentence-transformers/paraphrase-multilingual-MiniLM-L12-v2,800,80,obs_zero_en,neutron current measurement synchronized zero-value dropout across channels,observation_derived,en,15,8,0.6741911768913269,0.6514296531677246,0.5,1
sentence-transformers/paraphrase-multilingual-MiniLM-L12-v2,800,80,obs_zero_en,neutron current measurement synchronized zero-value dropout across channels,observation_derived,en,15,9,0.6741911768913269,0.6381646394729614,0.8,1
sentence-transformers/paraphrase-multilingual-MiniLM-L12-v2,800,80,obs_zero_en,neutron current measurement synchronized zero-value dropout across channels,observation_derived,en,20,0,0.6741911768913269,0.6514296531677246,0.5,1
sentence-transformers/paraphrase-multilingual-MiniLM-L12-v2,800,80,obs_zero_en,neutron current measurement synchronized zero-value dropout across channels,observation_derived,en,20,1,0.6825552582740784,0.6565192937850952,0.5,4
sentence-transformers/paraphrase-multilingual-MiniLM-L12-v2,800,80,obs_zero_en,neutron current measurement synchronized zero-value dropout across channels,observation_derived,en,20,2,0.6741911768913269,0.6511833071708679,0.6,1
sentence-transformers/paraphrase-multilingual-MiniLM-L12-v2,800,80,obs_zero_en,neutron current measurement synchronized zero-value dropout across channels,observation_derived,en,20,3,0.6741911768913269,0.6364113092422485,0.9,1
sentence-transformers/paraphrase-multilingual-MiniLM-L12-v2,800,80,obs_zero_en,neutron current measurement synchronized zero-value dropout across channels,observation_derived,en,20,4,0.6825552582740784,0.6704140901565552,0.2,4
sentence-transformers/paraphrase-multilingual-MiniLM-L12-v2,800,80,obs_zero_en,neutron current measurement synchronized zero-value dropout across channels,observation_derived,en,20,5,0.6741911768913269,0.6508378386497498,0.5,1
sentence-transformers/paraphrase-multilingual-MiniLM-L12-v2,800,80,obs_zero_en,neutron current measurement synchronized zero-value dropout across channels,observation_derived,en,20,6,0.6825552582740784,0.6704140901565552,0.2,4
sentence-transformers/paraphrase-multilingual-MiniLM-L12-v2,800,80,obs_zero_en,neutron current measurement synchronized zero-value dropout across channels,observation_derived,en,20,7,0.6741911768913269,0.6583542227745056,0.4,1
sentence-transformers/paraphrase-multilingual-MiniLM-L12-v2,800,80,obs_zero_en,neutron current measurement synchronized zero-value dropout across channels,observation_derived,en,20,8,0.6825552582740784,0.6704140901565552,0.2,4
sentence-transformers/paraphrase-multilingual-MiniLM-L12-v2,800,80,obs_zero_en,neutron current measurement synchronized zero-value dropout across channels,observation_derived,en,20,9,0.6825552582740784,0.6660345196723938,0.3,4
sentence-transformers/paraphrase-multilingual-MiniLM-L12-v2,800,80,obs_zero_en,neutron current measurement synchronized zero-value dropout across channels,observation_derived,en,25,0,0.6825552582740784,0.6593262553215027,0.5,4
sentence-transformers/paraphrase-multilingual-MiniLM-L12-v2,800,80,obs_zero_en,neutron current measurement synchronized zero-value dropout across channels,observation_derived,en,25,1,0.6825552582740784,0.6674059629440308,0.2,4
sentence-transformers/paraphrase-multilingual-MiniLM-L12-v2,800,80,obs_zero_en,neutron current measurement synchronized zero-value dropout across channels,observation_derived,en,25,2,0.6741911768913269,0.6617297530174255,0.3,1
sentence-transformers/paraphrase-multilingual-MiniLM-L12-v2,800,80,obs_zero_en,neutron current measurement synchronized zero-value dropout across channels,observation_derived,en,25,3,0.6741911768913269,0.6575546860694885,0.4,1
sentence-transformers/paraphrase-multilingual-MiniLM-L12-v2,800,80,obs_zero_en,neutron current measurement synchronized zero-value dropout across channels,observation_derived,en,25,4,0.6825552582740784,0.6696144938468933,0.2,4
sentence-transformers/paraphrase-multilingual-MiniLM-L12-v2,800,80,obs_zero_en,neutron current measurement synchronized zero-value dropout across channels,observation_derived,en,25,5,0.6825552582740784,0.6731940507888794,0.1,4
sentence-transformers/paraphrase-multilingual-MiniLM-L12-v2,800,80,obs_zero_en,neutron current measurement synchronized zero-value dropout across channels,observation_derived,en,25,6,0.6741911768913269,0.6637638807296753,0.2,1
sentence-transformers/paraphrase-multilingual-MiniLM-L12-v2,800,80,obs_zero_en,neutron current measurement synchronized zero-value dropout across channels,observation_derived,en,25,7,0.6741911768913269,0.6470326781272888,0.6,1
sentence-transformers/paraphrase-multilingual-MiniLM-L12-v2,800,80,obs_zero_en,neutron current measurement synchronized zero-value dropout across channels,observation_derived,en,25,8,0.6825552582740784,0.6724586486816406,0.1,4
sentence-transformers/paraphrase-multilingual-MiniLM-L12-v2,800,80,obs_zero_en,neutron current measurement synchronized zero-value dropout across channels,observation_derived,en,25,9,0.6825552582740784,0.6724586486816406,0.1,4
sentence-transformers/paraphrase-multilingual-MiniLM-L12-v2,800,80,obs_zero_en,neutron current measurement synchronized zero-value dropout across channels,observation_derived,en,30,0,0.6825552582740784,0.6593262553215027,0.5,4
sentence-transformers/paraphrase-multilingual-MiniLM-L12-v2,800,80,obs_zero_en,neutron current measurement synchronized zero-value dropout across channels,observation_derived,en,30,1,0.6741911768913269,0.6617297530174255,0.3,1
sentence-transformers/paraphrase-multilingual-MiniLM-L12-v2,800,80,obs_zero_en,neutron current measurement synchronized zero-value dropout across channels,observation_derived,en,30,2,0.6825552582740784,0.6637569069862366,0.4,4
sentence-transformers/paraphrase-multilingual-MiniLM-L12-v2,800,80,obs_zero_en,neutron current measurement synchronized zero-value dropout across channels,observation_derived,en,30,3,0.6825552582740784,0.6629573106765747,0.4,4
sentence-transformers/paraphrase-multilingual-MiniLM-L12-v2,800,80,obs_zero_en,neutron current measurement synchronized zero-value dropout across channels,observation_derived,en,30,4,0.6825552582740784,0.6685038805007935,0.2,4
sentence-transformers/paraphrase-multilingual-MiniLM-L12-v2,800,80,obs_zero_en,neutron current measurement synchronized zero-value dropout across channels,observation_derived,en,30,5,0.6825552582740784,0.6724586486816406,0.1,4
sentence-transformers/paraphrase-multilingual-MiniLM-L12-v2,800,80,obs_zero_en,neutron current measurement synchronized zero-value dropout across channels,observation_derived,en,30,6,0.6825552582740784,0.6713606715202332,0.1,4
sentence-transformers/paraphrase-multilingual-MiniLM-L12-v2,800,80,obs_zero_en,neutron current measurement synchronized zero-value dropout across channels,observation_derived,en,30,7,0.6825552582740784,0.6731940507888794,0.1,4
sentence-transformers/paraphrase-multilingual-MiniLM-L12-v2,800,80,obs_zero_en,neutron current measurement synchronized zero-value dropout across channels,observation_derived,en,30,8,0.6825552582740784,0.6593262553215027,0.5,4
sentence-transformers/paraphrase-multilingual-MiniLM-L12-v2,800,80,obs_zero_en,neutron current measurement synchronized zero-value dropout across channels,observation_derived,en,30,9,0.6825552582740784,0.6593262553215027,0.5,4
sentence-transformers/paraphrase-multilingual-MiniLM-L12-v2,800,80,obs_zero_en,neutron current measurement synchronized zero-value dropout across channels,observation_derived,en,35,0,0.6825552582740784,0.6660345196723938,0.3,4
sentence-transformers/paraphrase-multilingual-MiniLM-L12-v2,800,80,obs_zero_en,neutron current measurement synchronized zero-value dropout across channels,observation_derived,en,35,1,0.6825552582740784,0.6691665649414062,0.2,4
sentence-transformers/paraphrase-multilingual-MiniLM-L12-v2,800,80,obs_zero_en,neutron current measurement synchronized zero-value dropout across channels,observation_derived,en,35,2,0.6825552582740784,0.6691665649414062,0.2,4
sentence-transformers/paraphrase-multilingual-MiniLM-L12-v2,800,80,obs_zero_en,neutron current measurement synchronized zero-value dropout across channels,observation_derived,en,35,3,0.6825552582740784,0.6671323776245117,0.3,4
sentence-transformers/paraphrase-multilingual-MiniLM-L12-v2,800,80,obs_zero_en,neutron current measurement synchronized zero-value dropout across channels,observation_derived,en,35,4,0.6825552582740784,0.6685038805007935,0.2,4
sentence-transformers/paraphrase-multilingual-MiniLM-L12-v2,800,80,obs_zero_en,neutron current measurement synchronized zero-value dropout across channels,observation_derived,en,35,5,0.6741911768913269,0.6575546860694885,0.4,1
sentence-transformers/paraphrase-multilingual-MiniLM-L12-v2,800,80,obs_zero_en,neutron current measurement synchronized zero-value dropout across channels,observation_derived,en,35,6,0.6741911768913269,0.6637638807296753,0.2,1
sentence-transformers/paraphrase-multilingual-MiniLM-L12-v2,800,80,obs_zero_en,neutron current measurement synchronized zero-value dropout across channels,observation_derived,en,35,7,0.6825552582740784,0.6713606715202332,0.1,4
sentence-transformers/paraphrase-multilingual-MiniLM-L12-v2,800,80,obs_zero_en,neutron current measurement synchronized zero-value dropout across channels,observation_derived,en,35,8,0.6825552582740784,0.6731940507888794,0.1,4
sentence-transformers/paraphrase-multilingual-MiniLM-L12-v2,800,80,obs_zero_en,neutron current measurement synchronized zero-value dropout across channels,observation_derived,en,35,9,0.6825552582740784,0.6671323776245117,0.3,4
sentence-transformers/paraphrase-multilingual-MiniLM-L12-v2,800,80,obs_zero_en,neutron current measurement synchronized zero-value dropout across channels,observation_derived,en,40,0,0.6825552582740784,0.6731940507888794,0.1,4
sentence-transformers/paraphrase-multilingual-MiniLM-L12-v2,800,80,obs_zero_en,neutron current measurement synchronized zero-value dropout across channels,observation_derived,en,40,1,0.6825552582740784,0.6731940507888794,0.1,4
sentence-transformers/paraphrase-multilingual-MiniLM-L12-v2,800,80,obs_zero_en,neutron current measurement synchronized zero-value dropout across channels,observation_derived,en,40,2,0.6825552582740784,0.6731940507888794,0.1,4
sentence-transformers/paraphrase-multilingual-MiniLM-L12-v2,800,80,obs_zero_en,neutron current measurement synchronized zero-value dropout across channels,observation_derived,en,40,3,0.6741911768913269,0.6549885869026184,0.5,1
sentence-transformers/paraphrase-multilingual-MiniLM-L12-v2,800,80,obs_zero_en,neutron current measurement synchronized zero-value dropout across channels,observation_derived,en,40,4,0.6825552582740784,0.6731940507888794,0.1,4
sentence-transformers/paraphrase-multilingual-MiniLM-L12-v2,800,80,obs_zero_en,neutron current measurement synchronized zero-value dropout across channels,observation_derived,en,40,5,0.6825552582740784,0.6671323776245117,0.3,4
sentence-transformers/paraphrase-multilingual-MiniLM-L12-v2,800,80,obs_zero_en,neutron current measurement synchronized zero-value dropout across channels,observation_derived,en,40,6,0.6825552582740784,0.6731940507888794,0.1,4
sentence-transformers/paraphrase-multilingual-MiniLM-L12-v2,800,80,obs_zero_en,neutron current measurement synchronized zero-value dropout across channels,observation_derived,en,40,7,0.6741911768913269,0.6519358158111572,0.5,1
sentence-transformers/paraphrase-multilingual-MiniLM-L12-v2,800,80,obs_zero_en,neutron current measurement synchronized zero-value dropout across channels,observation_derived,en,40,8,0.6825552582740784,0.6696144938468933,0.2,4
sentence-transformers/paraphrase-multilingual-MiniLM-L12-v2,800,80,obs_zero_en,neutron current measurement synchronized zero-value dropout across channels,observation_derived,en,40,9,0.6825552582740784,0.6731940507888794,0.1,4
sentence-transformers/paraphrase-multilingual-MiniLM-L12-v2,800,80,obs_zero_en,neutron current measurement synchronized zero-value dropout across channels,observation_derived,en,45,0,0.6825552582740784,0.6713606715202332,0.1,4
sentence-transformers/paraphrase-multilingual-MiniLM-L12-v2,800,80,obs_zero_en,neutron current measurement synchronized zero-value dropout across channels,observation_derived,en,45,1,0.6825552582740784,0.6731940507888794,0.1,4
sentence-transformers/paraphrase-multilingual-MiniLM-L12-v2,800,80,obs_zero_en,neutron current measurement synchronized zero-value dropout across channels,observation_derived,en,45,2,0.6825552582740784,0.6731940507888794,0.1,4
sentence-transformers/paraphrase-multilingual-MiniLM-L12-v2,800,80,obs_zero_en,neutron current measurement synchronized zero-value dropout across channels,observation_derived,en,45,3,0.6825552582740784,0.6731940507888794,0.1,4
sentence-transformers/paraphrase-multilingual-MiniLM-L12-v2,800,80,obs_zero_en,neutron current measurement synchronized zero-value dropout across channels,observation_derived,en,45,4,0.6741911768913269,0.6637638807296753,0.2,1
sentence-transformers/paraphrase-multilingual-MiniLM-L12-v2,800,80,obs_zero_en,neutron current measurement synchronized zero-value dropout across channels,observation_derived,en,45,5,0.6825552582740784,0.6724586486816406,0.1,4
sentence-transformers/paraphrase-multilingual-MiniLM-L12-v2,800,80,obs_zero_en,neutron current measurement synchronized zero-value dropout across channels,observation_derived,en,45,6,0.6825552582740784,0.6731940507888794,0.1,4
sentence-transformers/paraphrase-multilingual-MiniLM-L12-v2,800,80,obs_zero_en,neutron current measurement synchronized zero-value dropout across channels,observation_derived,en,45,7,0.6825552582740784,0.6657997369766235,0.2,4
sentence-transformers/paraphrase-multilingual-MiniLM-L12-v2,800,80,obs_zero_en,neutron current measurement synchronized zero-value dropout across channels,observation_derived,en,45,8,0.6825552582740784,0.6731940507888794,0.1,4
sentence-transformers/paraphrase-multilingual-MiniLM-L12-v2,800,80,obs_zero_en,neutron current measurement synchronized zero-value dropout across channels,observation_derived,en,45,9,0.6741911768913269,0.6637638807296753,0.2,1
sentence-transformers/paraphrase-multilingual-MiniLM-L12-v2,800,80,obs_zero_en,neutron current measurement synchronized zero-value dropout across channels,observation_derived,en,50,0,0.6825552582740784,0.6731940507888794,0.1,4
sentence-transformers/paraphrase-multilingual-MiniLM-L12-v2,800,80,obs_zero_en,neutron current measurement synchronized zero-value dropout across channels,observation_derived,en,50,1,0.6825552582740784,0.6731940507888794,0.1,4
sentence-transformers/paraphrase-multilingual-MiniLM-L12-v2,800,80,obs_zero_en,neutron current measurement synchronized zero-value dropout across channels,observation_derived,en,50,2,0.6825552582740784,0.6731940507888794,0.1,4
sentence-transformers/paraphrase-multilingual-MiniLM-L12-v2,800,80,obs_zero_en,neutron current measurement synchronized zero-value dropout across channels,observation_derived,en,50,3,0.6825552582740784,0.6731940507888794,0.1,4
sentence-transformers/paraphrase-multilingual-MiniLM-L12-v2,800,80,obs_zero_en,neutron current measurement synchronized zero-value dropout across channels,observation_derived,en,50,4,0.6825552582740784,0.6731940507888794,0.1,4
sentence-transformers/paraphrase-multilingual-MiniLM-L12-v2,800,80,obs_zero_en,neutron current measurement synchronized zero-value dropout across channels,observation_derived,en,50,5,0.6825552582740784,0.6731940507888794,0.1,4
sentence-transformers/paraphrase-multilingual-MiniLM-L12-v2,800,80,obs_zero_en,neutron current measurement synchronized zero-value dropout across channels,observation_derived,en,50,6,0.6825552582740784,0.6731940507888794,0.1,4
sentence-transformers/paraphrase-multilingual-MiniLM-L12-v2,800,80,obs_zero_en,neutron current measurement synchronized zero-value dropout across channels,observation_derived,en,50,7,0.6825552582740784,0.6731940507888794,0.1,4
sentence-transformers/paraphrase-multilingual-MiniLM-L12-v2,800,80,obs_zero_en,neutron current measurement synchronized zero-value dropout across channels,observation_derived,en,50,8,0.6825552582740784,0.6731940507888794,0.1,4
sentence-transformers/paraphrase-multilingual-MiniLM-L12-v2,800,80,obs_zero_en,neutron current measurement synchronized zero-value dropout across channels,observation_derived,en,50,9,0.6825552582740784,0.6731940507888794,0.1,4
sentence-transformers/paraphrase-multilingual-MiniLM-L12-v2,800,80,obs_zero_en,neutron current measurement synchronized zero-value dropout across channels,observation_derived,en,51,0,0.6825552582740784,0.6731940507888794,0.1,4
sentence-transformers/paraphrase-multilingual-MiniLM-L12-v2,800,80,obs_zero_en,neutron current measurement synchronized zero-value dropout across channels,observation_derived,en,51,1,0.6825552582740784,0.6731940507888794,0.1,4
sentence-transformers/paraphrase-multilingual-MiniLM-L12-v2,800,80,obs_zero_en,neutron current measurement synchronized zero-value dropout across channels,observation_derived,en,51,2,0.6825552582740784,0.6731940507888794,0.1,4
sentence-transformers/paraphrase-multilingual-MiniLM-L12-v2,800,80,obs_zero_en,neutron current measurement synchronized zero-value dropout across channels,observation_derived,en,51,3,0.6825552582740784,0.6731940507888794,0.1,4
sentence-transformers/paraphrase-multilingual-MiniLM-L12-v2,800,80,obs_zero_en,neutron current measurement synchronized zero-value dropout across channels,observation_derived,en,51,4,0.6825552582740784,0.6731940507888794,0.1,4
sentence-transformers/paraphrase-multilingual-MiniLM-L12-v2,800,80,obs_zero_en,neutron current measurement synchronized zero-value dropout across channels,observation_derived,en,51,5,0.6825552582740784,0.6731940507888794,0.1,4
sentence-transformers/paraphrase-multilingual-MiniLM-L12-v2,800,80,obs_zero_en,neutron current measurement synchronized zero-value dropout across channels,observation_derived,en,51,6,0.6825552582740784,0.6731940507888794,0.1,4
sentence-transformers/paraphrase-multilingual-MiniLM-L12-v2,800,80,obs_zero_en,neutron current measurement synchronized zero-value dropout across channels,observation_derived,en,51,7,0.6825552582740784,0.6731940507888794,0.1,4
sentence-transformers/paraphrase-multilingual-MiniLM-L12-v2,800,80,obs_zero_en,neutron current measurement synchronized zero-value dropout across channels,observation_derived,en,51,8,0.6825552582740784,0.6731940507888794,0.1,4
sentence-transformers/paraphrase-multilingual-MiniLM-L12-v2,800,80,obs_zero_en,neutron current measurement synchronized zero-value dropout across channels,observation_derived,en,51,9,0.6825552582740784,0.6731940507888794,0.1,4
sentence-transformers/paraphrase-multilingual-MiniLM-L12-v2,800,80,obs_zero_zh,中子电流测量跨通道同步零值闪断,observation_derived,zh,0,0,0.6427940130233765,0.5857277512550354,1.0,1
sentence-transformers/paraphrase-multilingual-MiniLM-L12-v2,800,80,obs_zero_zh,中子电流测量跨通道同步零值闪断,observation_derived,zh,5,0,0.6427940130233765,0.5999530553817749,0.6,1
sentence-transformers/paraphrase-multilingual-MiniLM-L12-v2,800,80,obs_zero_zh,中子电流测量跨通道同步零值闪断,observation_derived,zh,5,1,0.6427940130233765,0.5866799354553223,0.8,1
sentence-transformers/paraphrase-multilingual-MiniLM-L12-v2,800,80,obs_zero_zh,中子电流测量跨通道同步零值闪断,observation_derived,zh,5,2,0.6427940130233765,0.5866799354553223,0.8,1
sentence-transformers/paraphrase-multilingual-MiniLM-L12-v2,800,80,obs_zero_zh,中子电流测量跨通道同步零值闪断,observation_derived,zh,5,3,0.6427940130233765,0.5857277512550354,1.0,1
sentence-transformers/paraphrase-multilingual-MiniLM-L12-v2,800,80,obs_zero_zh,中子电流测量跨通道同步零值闪断,observation_derived,zh,5,4,0.6427940130233765,0.5857277512550354,1.0,1
sentence-transformers/paraphrase-multilingual-MiniLM-L12-v2,800,80,obs_zero_zh,中子电流测量跨通道同步零值闪断,observation_derived,zh,5,5,0.6427940130233765,0.5999530553817749,0.6,1
sentence-transformers/paraphrase-multilingual-MiniLM-L12-v2,800,80,obs_zero_zh,中子电流测量跨通道同步零值闪断,observation_derived,zh,5,6,0.6427940130233765,0.5857277512550354,1.0,1
sentence-transformers/paraphrase-multilingual-MiniLM-L12-v2,800,80,obs_zero_zh,中子电流测量跨通道同步零值闪断,observation_derived,zh,5,7,0.6427940130233765,0.5886236429214478,0.9,1
sentence-transformers/paraphrase-multilingual-MiniLM-L12-v2,800,80,obs_zero_zh,中子电流测量跨通道同步零值闪断,observation_derived,zh,5,8,0.6427940130233765,0.605689525604248,0.5,1
sentence-transformers/paraphrase-multilingual-MiniLM-L12-v2,800,80,obs_zero_zh,中子电流测量跨通道同步零值闪断,observation_derived,zh,5,9,0.6427940130233765,0.5964030623435974,0.6,1
sentence-transformers/paraphrase-multilingual-MiniLM-L12-v2,800,80,obs_zero_zh,中子电流测量跨通道同步零值闪断,observation_derived,zh,10,0,0.6427940130233765,0.6029505729675293,0.5,1
sentence-transformers/paraphrase-multilingual-MiniLM-L12-v2,800,80,obs_zero_zh,中子电流测量跨通道同步零值闪断,observation_derived,zh,10,1,0.6427940130233765,0.6215715408325195,0.3,1
sentence-transformers/paraphrase-multilingual-MiniLM-L12-v2,800,80,obs_zero_zh,中子电流测量跨通道同步零值闪断,observation_derived,zh,10,2,0.6427940130233765,0.598883867263794,0.7,1
sentence-transformers/paraphrase-multilingual-MiniLM-L12-v2,800,80,obs_zero_zh,中子电流测量跨通道同步零值闪断,observation_derived,zh,10,3,0.6427940130233765,0.6082406044006348,0.4,1
sentence-transformers/paraphrase-multilingual-MiniLM-L12-v2,800,80,obs_zero_zh,中子电流测量跨通道同步零值闪断,observation_derived,zh,10,4,0.6427940130233765,0.6128296852111816,0.4,1
sentence-transformers/paraphrase-multilingual-MiniLM-L12-v2,800,80,obs_zero_zh,中子电流测量跨通道同步零值闪断,observation_derived,zh,10,5,0.6427940130233765,0.598883867263794,0.7,1
sentence-transformers/paraphrase-multilingual-MiniLM-L12-v2,800,80,obs_zero_zh,中子电流测量跨通道同步零值闪断,observation_derived,zh,10,6,0.6427940130233765,0.5949514508247375,0.7,1
sentence-transformers/paraphrase-multilingual-MiniLM-L12-v2,800,80,obs_zero_zh,中子电流测量跨通道同步零值闪断,observation_derived,zh,10,7,0.6427940130233765,0.5857277512550354,1.0,1
sentence-transformers/paraphrase-multilingual-MiniLM-L12-v2,800,80,obs_zero_zh,中子电流测量跨通道同步零值闪断,observation_derived,zh,10,8,0.6427940130233765,0.6029505729675293,0.5,1
sentence-transformers/paraphrase-multilingual-MiniLM-L12-v2,800,80,obs_zero_zh,中子电流测量跨通道同步零值闪断,observation_derived,zh,10,9,0.6427940130233765,0.6146329641342163,0.4,1
sentence-transformers/paraphrase-multilingual-MiniLM-L12-v2,800,80,obs_zero_zh,中子电流测量跨通道同步零值闪断,observation_derived,zh,15,0,0.6427940130233765,0.6146441698074341,0.4,1
sentence-transformers/paraphrase-multilingual-MiniLM-L12-v2,800,80,obs_zero_zh,中子电流测量跨通道同步零值闪断,observation_derived,zh,15,1,0.6427940130233765,0.6098878383636475,0.4,1
sentence-transformers/paraphrase-multilingual-MiniLM-L12-v2,800,80,obs_zero_zh,中子电流测量跨通道同步零值闪断,observation_derived,zh,15,2,0.6427940130233765,0.610344409942627,0.4,1
sentence-transformers/paraphrase-multilingual-MiniLM-L12-v2,800,80,obs_zero_zh,中子电流测量跨通道同步零值闪断,observation_derived,zh,15,3,0.6427940130233765,0.6193329691886902,0.3,1
sentence-transformers/paraphrase-multilingual-MiniLM-L12-v2,800,80,obs_zero_zh,中子电流测量跨通道同步零值闪断,observation_derived,zh,15,4,0.6427940130233765,0.6183351278305054,0.4,1
sentence-transformers/paraphrase-multilingual-MiniLM-L12-v2,800,80,obs_zero_zh,中子电流测量跨通道同步零值闪断,observation_derived,zh,15,5,0.6427940130233765,0.6227333545684814,0.3,1
sentence-transformers/paraphrase-multilingual-MiniLM-L12-v2,800,80,obs_zero_zh,中子电流测量跨通道同步零值闪断,observation_derived,zh,15,6,0.6427940130233765,0.62157142162323,0.3,1
sentence-transformers/paraphrase-multilingual-MiniLM-L12-v2,800,80,obs_zero_zh,中子电流测量跨通道同步零值闪断,observation_derived,zh,15,7,0.6427940130233765,0.6164535880088806,0.3,1
sentence-transformers/paraphrase-multilingual-MiniLM-L12-v2,800,80,obs_zero_zh,中子电流测量跨通道同步零值闪断,observation_derived,zh,15,8,0.6427940130233765,0.5971817970275879,0.5,1
sentence-transformers/paraphrase-multilingual-MiniLM-L12-v2,800,80,obs_zero_zh,中子电流测量跨通道同步零值闪断,observation_derived,zh,15,9,0.6427940130233765,0.6005027890205383,0.5,1
sentence-transformers/paraphrase-multilingual-MiniLM-L12-v2,800,80,obs_zero_zh,中子电流测量跨通道同步零值闪断,observation_derived,zh,20,0,0.6427940130233765,0.6049900054931641,0.5,1
sentence-transformers/paraphrase-multilingual-MiniLM-L12-v2,800,80,obs_zero_zh,中子电流测量跨通道同步零值闪断,observation_derived,zh,20,1,0.6427940130233765,0.6173909902572632,0.4,1
sentence-transformers/paraphrase-multilingual-MiniLM-L12-v2,800,80,obs_zero_zh,中子电流测量跨通道同步零值闪断,observation_derived,zh,20,2,0.6427940130233765,0.6183580160140991,0.4,1
sentence-transformers/paraphrase-multilingual-MiniLM-L12-v2,800,80,obs_zero_zh,中子电流测量跨通道同步零值闪断,observation_derived,zh,20,3,0.6427940130233765,0.6157199740409851,0.4,1
sentence-transformers/paraphrase-multilingual-MiniLM-L12-v2,800,80,obs_zero_zh,中子电流测量跨通道同步零值闪断,observation_derived,zh,20,4,0.6427940130233765,0.6096588969230652,0.4,1
sentence-transformers/paraphrase-multilingual-MiniLM-L12-v2,800,80,obs_zero_zh,中子电流测量跨通道同步零值闪断,observation_derived,zh,20,5,0.6427940130233765,0.6036869287490845,0.5,1
sentence-transformers/paraphrase-multilingual-MiniLM-L12-v2,800,80,obs_zero_zh,中子电流测量跨通道同步零值闪断,observation_derived,zh,20,6,0.6427940130233765,0.6106139421463013,0.4,1
sentence-transformers/paraphrase-multilingual-MiniLM-L12-v2,800,80,obs_zero_zh,中子电流测量跨通道同步零值闪断,observation_derived,zh,20,7,0.6427940130233765,0.617691159248352,0.3,1
sentence-transformers/paraphrase-multilingual-MiniLM-L12-v2,800,80,obs_zero_zh,中子电流测量跨通道同步零值闪断,observation_derived,zh,20,8,0.6427940130233765,0.5999530553817749,0.6,1
sentence-transformers/paraphrase-multilingual-MiniLM-L12-v2,800,80,obs_zero_zh,中子电流测量跨通道同步零值闪断,observation_derived,zh,20,9,0.6427940130233765,0.6199702024459839,0.4,1
sentence-transformers/paraphrase-multilingual-MiniLM-L12-v2,800,80,obs_zero_zh,中子电流测量跨通道同步零值闪断,observation_derived,zh,25,0,0.6427940130233765,0.6237871050834656,0.3,1
sentence-transformers/paraphrase-multilingual-MiniLM-L12-v2,800,80,obs_zero_zh,中子电流测量跨通道同步零值闪断,observation_derived,zh,25,1,0.6427940130233765,0.6257380843162537,0.2,1
sentence-transformers/paraphrase-multilingual-MiniLM-L12-v2,800,80,obs_zero_zh,中子电流测量跨通道同步零值闪断,observation_derived,zh,25,2,0.6427940130233765,0.6094545125961304,0.4,1
sentence-transformers/paraphrase-multilingual-MiniLM-L12-v2,800,80,obs_zero_zh,中子电流测量跨通道同步零值闪断,observation_derived,zh,25,3,0.6427940130233765,0.6227333545684814,0.3,1
sentence-transformers/paraphrase-multilingual-MiniLM-L12-v2,800,80,obs_zero_zh,中子电流测量跨通道同步零值闪断,observation_derived,zh,25,4,0.6427940130233765,0.6206729412078857,0.3,1
sentence-transformers/paraphrase-multilingual-MiniLM-L12-v2,800,80,obs_zero_zh,中子电流测量跨通道同步零值闪断,observation_derived,zh,25,5,0.6427940130233765,0.6200464963912964,0.3,1
sentence-transformers/paraphrase-multilingual-MiniLM-L12-v2,800,80,obs_zero_zh,中子电流测量跨通道同步零值闪断,observation_derived,zh,25,6,0.6427940130233765,0.6206729412078857,0.3,1
sentence-transformers/paraphrase-multilingual-MiniLM-L12-v2,800,80,obs_zero_zh,中子电流测量跨通道同步零值闪断,observation_derived,zh,25,7,0.6427940130233765,0.6196538209915161,0.4,1
sentence-transformers/paraphrase-multilingual-MiniLM-L12-v2,800,80,obs_zero_zh,中子电流测量跨通道同步零值闪断,observation_derived,zh,25,8,0.6427940130233765,0.6212939620018005,0.3,1
sentence-transformers/paraphrase-multilingual-MiniLM-L12-v2,800,80,obs_zero_zh,中子电流测量跨通道同步零值闪断,observation_derived,zh,25,9,0.6427940130233765,0.6173909902572632,0.4,1
sentence-transformers/paraphrase-multilingual-MiniLM-L12-v2,800,80,obs_zero_zh,中子电流测量跨通道同步零值闪断,observation_derived,zh,30,0,0.6427940130233765,0.6235166192054749,0.3,1
sentence-transformers/paraphrase-multilingual-MiniLM-L12-v2,800,80,obs_zero_zh,中子电流测量跨通道同步零值闪断,observation_derived,zh,30,1,0.6427940130233765,0.6184788942337036,0.4,1
sentence-transformers/paraphrase-multilingual-MiniLM-L12-v2,800,80,obs_zero_zh,中子电流测量跨通道同步零值闪断,observation_derived,zh,30,2,0.6427940130233765,0.6212939620018005,0.3,1
sentence-transformers/paraphrase-multilingual-MiniLM-L12-v2,800,80,obs_zero_zh,中子电流测量跨通道同步零值闪断,observation_derived,zh,30,3,0.6427940130233765,0.6257380843162537,0.2,1
sentence-transformers/paraphrase-multilingual-MiniLM-L12-v2,800,80,obs_zero_zh,中子电流测量跨通道同步零值闪断,observation_derived,zh,30,4,0.6427940130233765,0.6251322627067566,0.3,1
sentence-transformers/paraphrase-multilingual-MiniLM-L12-v2,800,80,obs_zero_zh,中子电流测量跨通道同步零值闪断,observation_derived,zh,30,5,0.6427940130233765,0.6197301745414734,0.3,1
sentence-transformers/paraphrase-multilingual-MiniLM-L12-v2,800,80,obs_zero_zh,中子电流测量跨通道同步零值闪断,observation_derived,zh,30,6,0.6427940130233765,0.6221766471862793,0.3,1
sentence-transformers/paraphrase-multilingual-MiniLM-L12-v2,800,80,obs_zero_zh,中子电流测量跨通道同步零值闪断,observation_derived,zh,30,7,0.6427940130233765,0.6254518628120422,0.3,1
sentence-transformers/paraphrase-multilingual-MiniLM-L12-v2,800,80,obs_zero_zh,中子电流测量跨通道同步零值闪断,observation_derived,zh,30,8,0.6427940130233765,0.6237871050834656,0.3,1
sentence-transformers/paraphrase-multilingual-MiniLM-L12-v2,800,80,obs_zero_zh,中子电流测量跨通道同步零值闪断,observation_derived,zh,30,9,0.6427940130233765,0.6239106059074402,0.3,1
sentence-transformers/paraphrase-multilingual-MiniLM-L12-v2,800,80,obs_zero_zh,中子电流测量跨通道同步零值闪断,observation_derived,zh,35,0,0.6427940130233765,0.6228832006454468,0.3,1
sentence-transformers/paraphrase-multilingual-MiniLM-L12-v2,800,80,obs_zero_zh,中子电流测量跨通道同步零值闪断,observation_derived,zh,35,1,0.6427940130233765,0.6257380843162537,0.2,1
sentence-transformers/paraphrase-multilingual-MiniLM-L12-v2,800,80,obs_zero_zh,中子电流测量跨通道同步零值闪断,observation_derived,zh,35,2,0.6427940130233765,0.6227333545684814,0.3,1
sentence-transformers/paraphrase-multilingual-MiniLM-L12-v2,800,80,obs_zero_zh,中子电流测量跨通道同步零值闪断,observation_derived,zh,35,3,0.6427940130233765,0.6251322627067566,0.3,1
sentence-transformers/paraphrase-multilingual-MiniLM-L12-v2,800,80,obs_zero_zh,中子电流测量跨通道同步零值闪断,observation_derived,zh,35,4,0.6427940130233765,0.6240732669830322,0.3,1
sentence-transformers/paraphrase-multilingual-MiniLM-L12-v2,800,80,obs_zero_zh,中子电流测量跨通道同步零值闪断,observation_derived,zh,35,5,0.6427940130233765,0.6251322627067566,0.3,1
sentence-transformers/paraphrase-multilingual-MiniLM-L12-v2,800,80,obs_zero_zh,中子电流测量跨通道同步零值闪断,observation_derived,zh,35,6,0.6427940130233765,0.6183887720108032,0.3,1
sentence-transformers/paraphrase-multilingual-MiniLM-L12-v2,800,80,obs_zero_zh,中子电流测量跨通道同步零值闪断,observation_derived,zh,35,7,0.6427940130233765,0.6203497648239136,0.3,1
sentence-transformers/paraphrase-multilingual-MiniLM-L12-v2,800,80,obs_zero_zh,中子电流测量跨通道同步零值闪断,observation_derived,zh,35,8,0.6427940130233765,0.6251322627067566,0.3,1
sentence-transformers/paraphrase-multilingual-MiniLM-L12-v2,800,80,obs_zero_zh,中子电流测量跨通道同步零值闪断,observation_derived,zh,35,9,0.6427940130233765,0.6203497648239136,0.3,1
sentence-transformers/paraphrase-multilingual-MiniLM-L12-v2,800,80,obs_zero_zh,中子电流测量跨通道同步零值闪断,observation_derived,zh,40,0,0.6427940130233765,0.6254518628120422,0.3,1
sentence-transformers/paraphrase-multilingual-MiniLM-L12-v2,800,80,obs_zero_zh,中子电流测量跨通道同步零值闪断,observation_derived,zh,40,1,0.6427940130233765,0.6257380843162537,0.2,1
sentence-transformers/paraphrase-multilingual-MiniLM-L12-v2,800,80,obs_zero_zh,中子电流测量跨通道同步零值闪断,observation_derived,zh,40,2,0.6427940130233765,0.6257380843162537,0.2,1
sentence-transformers/paraphrase-multilingual-MiniLM-L12-v2,800,80,obs_zero_zh,中子电流测量跨通道同步零值闪断,observation_derived,zh,40,3,0.6427940130233765,0.6257380843162537,0.2,1
sentence-transformers/paraphrase-multilingual-MiniLM-L12-v2,800,80,obs_zero_zh,中子电流测量跨通道同步零值闪断,observation_derived,zh,40,4,0.6427940130233765,0.6254518628120422,0.3,1
sentence-transformers/paraphrase-multilingual-MiniLM-L12-v2,800,80,obs_zero_zh,中子电流测量跨通道同步零值闪断,observation_derived,zh,40,5,0.6427940130233765,0.621539294719696,0.3,1
sentence-transformers/paraphrase-multilingual-MiniLM-L12-v2,800,80,obs_zero_zh,中子电流测量跨通道同步零值闪断,observation_derived,zh,40,6,0.6427940130233765,0.6254518628120422,0.3,1
sentence-transformers/paraphrase-multilingual-MiniLM-L12-v2,800,80,obs_zero_zh,中子电流测量跨通道同步零值闪断,observation_derived,zh,40,7,0.6427940130233765,0.6235166192054749,0.3,1
sentence-transformers/paraphrase-multilingual-MiniLM-L12-v2,800,80,obs_zero_zh,中子电流测量跨通道同步零值闪断,observation_derived,zh,40,8,0.6427940130233765,0.6240732669830322,0.3,1
sentence-transformers/paraphrase-multilingual-MiniLM-L12-v2,800,80,obs_zero_zh,中子电流测量跨通道同步零值闪断,observation_derived,zh,40,9,0.6427940130233765,0.6257380843162537,0.2,1
sentence-transformers/paraphrase-multilingual-MiniLM-L12-v2,800,80,obs_zero_zh,中子电流测量跨通道同步零值闪断,observation_derived,zh,45,0,0.6427940130233765,0.6257380843162537,0.2,1
sentence-transformers/paraphrase-multilingual-MiniLM-L12-v2,800,80,obs_zero_zh,中子电流测量跨通道同步零值闪断,observation_derived,zh,45,1,0.6427940130233765,0.6257380843162537,0.2,1
sentence-transformers/paraphrase-multilingual-MiniLM-L12-v2,800,80,obs_zero_zh,中子电流测量跨通道同步零值闪断,observation_derived,zh,45,2,0.6427940130233765,0.6228832006454468,0.3,1
sentence-transformers/paraphrase-multilingual-MiniLM-L12-v2,800,80,obs_zero_zh,中子电流测量跨通道同步零值闪断,observation_derived,zh,45,3,0.6427940130233765,0.6257380843162537,0.2,1
sentence-transformers/paraphrase-multilingual-MiniLM-L12-v2,800,80,obs_zero_zh,中子电流测量跨通道同步零值闪断,observation_derived,zh,45,4,0.6427940130233765,0.6257380843162537,0.2,1
sentence-transformers/paraphrase-multilingual-MiniLM-L12-v2,800,80,obs_zero_zh,中子电流测量跨通道同步零值闪断,observation_derived,zh,45,5,0.6427940130233765,0.6257380843162537,0.2,1
sentence-transformers/paraphrase-multilingual-MiniLM-L12-v2,800,80,obs_zero_zh,中子电流测量跨通道同步零值闪断,observation_derived,zh,45,6,0.6427940130233765,0.6257380843162537,0.2,1
sentence-transformers/paraphrase-multilingual-MiniLM-L12-v2,800,80,obs_zero_zh,中子电流测量跨通道同步零值闪断,observation_derived,zh,45,7,0.6427940130233765,0.6251322627067566,0.3,1
sentence-transformers/paraphrase-multilingual-MiniLM-L12-v2,800,80,obs_zero_zh,中子电流测量跨通道同步零值闪断,observation_derived,zh,45,8,0.6427940130233765,0.6257380843162537,0.2,1
sentence-transformers/paraphrase-multilingual-MiniLM-L12-v2,800,80,obs_zero_zh,中子电流测量跨通道同步零值闪断,observation_derived,zh,45,9,0.6427940130233765,0.6227333545684814,0.3,1
sentence-transformers/paraphrase-multilingual-MiniLM-L12-v2,800,80,obs_zero_zh,中子电流测量跨通道同步零值闪断,observation_derived,zh,50,0,0.6427940130233765,0.6257380843162537,0.2,1
sentence-transformers/paraphrase-multilingual-MiniLM-L12-v2,800,80,obs_zero_zh,中子电流测量跨通道同步零值闪断,observation_derived,zh,50,1,0.6427940130233765,0.6257380843162537,0.2,1
sentence-transformers/paraphrase-multilingual-MiniLM-L12-v2,800,80,obs_zero_zh,中子电流测量跨通道同步零值闪断,observation_derived,zh,50,2,0.6427940130233765,0.6257380843162537,0.2,1
sentence-transformers/paraphrase-multilingual-MiniLM-L12-v2,800,80,obs_zero_zh,中子电流测量跨通道同步零值闪断,observation_derived,zh,50,3,0.6427940130233765,0.6257380843162537,0.2,1
sentence-transformers/paraphrase-multilingual-MiniLM-L12-v2,800,80,obs_zero_zh,中子电流测量跨通道同步零值闪断,observation_derived,zh,50,4,0.6427940130233765,0.6257380843162537,0.2,1
sentence-transformers/paraphrase-multilingual-MiniLM-L12-v2,800,80,obs_zero_zh,中子电流测量跨通道同步零值闪断,observation_derived,zh,50,5,0.6427940130233765,0.6257380843162537,0.2,1
sentence-transformers/paraphrase-multilingual-MiniLM-L12-v2,800,80,obs_zero_zh,中子电流测量跨通道同步零值闪断,observation_derived,zh,50,6,0.6427940130233765,0.6257380843162537,0.2,1
sentence-transformers/paraphrase-multilingual-MiniLM-L12-v2,800,80,obs_zero_zh,中子电流测量跨通道同步零值闪断,observation_derived,zh,50,7,0.6427940130233765,0.6257380843162537,0.2,1
sentence-transformers/paraphrase-multilingual-MiniLM-L12-v2,800,80,obs_zero_zh,中子电流测量跨通道同步零值闪断,observation_derived,zh,50,8,0.6427940130233765,0.6257380843162537,0.2,1
sentence-transformers/paraphrase-multilingual-MiniLM-L12-v2,800,80,obs_zero_zh,中子电流测量跨通道同步零值闪断,observation_derived,zh,50,9,0.6427940130233765,0.6257380843162537,0.2,1
sentence-transformers/paraphrase-multilingual-MiniLM-L12-v2,800,80,obs_zero_zh,中子电流测量跨通道同步零值闪断,observation_derived,zh,51,0,0.6427940130233765,0.6257380843162537,0.2,1
sentence-transformers/paraphrase-multilingual-MiniLM-L12-v2,800,80,obs_zero_zh,中子电流测量跨通道同步零值闪断,observation_derived,zh,51,1,0.6427940130233765,0.6257380843162537,0.2,1
sentence-transformers/paraphrase-multilingual-MiniLM-L12-v2,800,80,obs_zero_zh,中子电流测量跨通道同步零值闪断,observation_derived,zh,51,2,0.6427940130233765,0.6257380843162537,0.2,1
sentence-transformers/paraphrase-multilingual-MiniLM-L12-v2,800,80,obs_zero_zh,中子电流测量跨通道同步零值闪断,observation_derived,zh,51,3,0.6427940130233765,0.6257380843162537,0.2,1
sentence-transformers/paraphrase-multilingual-MiniLM-L12-v2,800,80,obs_zero_zh,中子电流测量跨通道同步零值闪断,observation_derived,zh,51,4,0.6427940130233765,0.6257380843162537,0.2,1
sentence-transformers/paraphrase-multilingual-MiniLM-L12-v2,800,80,obs_zero_zh,中子电流测量跨通道同步零值闪断,observation_derived,zh,51,5,0.6427940130233765,0.6257380843162537,0.2,1
sentence-transformers/paraphrase-multilingual-MiniLM-L12-v2,800,80,obs_zero_zh,中子电流测量跨通道同步零值闪断,observation_derived,zh,51,6,0.6427940130233765,0.6257380843162537,0.2,1
sentence-transformers/paraphrase-multilingual-MiniLM-L12-v2,800,80,obs_zero_zh,中子电流测量跨通道同步零值闪断,observation_derived,zh,51,7,0.6427940130233765,0.6257380843162537,0.2,1
sentence-transformers/paraphrase-multilingual-MiniLM-L12-v2,800,80,obs_zero_zh,中子电流测量跨通道同步零值闪断,observation_derived,zh,51,8,0.6427940130233765,0.6257380843162537,0.2,1
sentence-transformers/paraphrase-multilingual-MiniLM-L12-v2,800,80,obs_zero_zh,中子电流测量跨通道同步零值闪断,observation_derived,zh,51,9,0.6427940130233765,0.6257380843162537,0.2,1
sentence-transformers/paraphrase-multilingual-MiniLM-L12-v2,800,80,obs_sync_en,neutron current measurement highly synchronized channels without time lag,observation_derived,en,0,0,0.7053614258766174,0.6625142097473145,1.0,1
sentence-transformers/paraphrase-multilingual-MiniLM-L12-v2,800,80,obs_sync_en,neutron current measurement highly synchronized channels without time lag,observation_derived,en,5,0,0.7053614258766174,0.6625142097473145,1.0,1
sentence-transformers/paraphrase-multilingual-MiniLM-L12-v2,800,80,obs_sync_en,neutron current measurement highly synchronized channels without time lag,observation_derived,en,5,1,0.7053614258766174,0.6625142097473145,1.0,1
sentence-transformers/paraphrase-multilingual-MiniLM-L12-v2,800,80,obs_sync_en,neutron current measurement highly synchronized channels without time lag,observation_derived,en,5,2,0.7053614258766174,0.6625142097473145,1.0,1
sentence-transformers/paraphrase-multilingual-MiniLM-L12-v2,800,80,obs_sync_en,neutron current measurement highly synchronized channels without time lag,observation_derived,en,5,3,0.7053614258766174,0.6692201495170593,0.7,1
sentence-transformers/paraphrase-multilingual-MiniLM-L12-v2,800,80,obs_sync_en,neutron current measurement highly synchronized channels without time lag,observation_derived,en,5,4,0.7053614258766174,0.6716524958610535,0.7,1
sentence-transformers/paraphrase-multilingual-MiniLM-L12-v2,800,80,obs_sync_en,neutron current measurement highly synchronized channels without time lag,observation_derived,en,5,5,0.7053614258766174,0.6625142097473145,1.0,1
sentence-transformers/paraphrase-multilingual-MiniLM-L12-v2,800,80,obs_sync_en,neutron current measurement highly synchronized channels without time lag,observation_derived,en,5,6,0.7053614258766174,0.6625142097473145,1.0,1
sentence-transformers/paraphrase-multilingual-MiniLM-L12-v2,800,80,obs_sync_en,neutron current measurement highly synchronized channels without time lag,observation_derived,en,5,7,0.7053614258766174,0.6636854410171509,0.9,1
sentence-transformers/paraphrase-multilingual-MiniLM-L12-v2,800,80,obs_sync_en,neutron current measurement highly synchronized channels without time lag,observation_derived,en,5,8,0.7053614258766174,0.6652344465255737,0.7,1
sentence-transformers/paraphrase-multilingual-MiniLM-L12-v2,800,80,obs_sync_en,neutron current measurement highly synchronized channels without time lag,observation_derived,en,5,9,0.7053614258766174,0.6672552824020386,0.9,1
sentence-transformers/paraphrase-multilingual-MiniLM-L12-v2,800,80,obs_sync_en,neutron current measurement highly synchronized channels without time lag,observation_derived,en,10,0,0.7053614258766174,0.6672552824020386,0.9,1
sentence-transformers/paraphrase-multilingual-MiniLM-L12-v2,800,80,obs_sync_en,neutron current measurement highly synchronized channels without time lag,observation_derived,en,10,1,0.7053614258766174,0.6754173040390015,0.6,1
sentence-transformers/paraphrase-multilingual-MiniLM-L12-v2,800,80,obs_sync_en,neutron current measurement highly synchronized channels without time lag,observation_derived,en,10,2,0.7053614258766174,0.6665541529655457,0.8,1
sentence-transformers/paraphrase-multilingual-MiniLM-L12-v2,800,80,obs_sync_en,neutron current measurement highly synchronized channels without time lag,observation_derived,en,10,3,0.7053614258766174,0.6625142097473145,1.0,1
sentence-transformers/paraphrase-multilingual-MiniLM-L12-v2,800,80,obs_sync_en,neutron current measurement highly synchronized channels without time lag,observation_derived,en,10,4,0.7053614258766174,0.6662999391555786,0.9,1
sentence-transformers/paraphrase-multilingual-MiniLM-L12-v2,800,80,obs_sync_en,neutron current measurement highly synchronized channels without time lag,observation_derived,en,10,5,0.7053614258766174,0.6788324117660522,0.5,1
sentence-transformers/paraphrase-multilingual-MiniLM-L12-v2,800,80,obs_sync_en,neutron current measurement highly synchronized channels without time lag,observation_derived,en,10,6,0.7053614258766174,0.6625142097473145,1.0,1
sentence-transformers/paraphrase-multilingual-MiniLM-L12-v2,800,80,obs_sync_en,neutron current measurement highly synchronized channels without time lag,observation_derived,en,10,7,0.7053614258766174,0.6662999391555786,0.9,1
sentence-transformers/paraphrase-multilingual-MiniLM-L12-v2,800,80,obs_sync_en,neutron current measurement highly synchronized channels without time lag,observation_derived,en,10,8,0.7053614258766174,0.6692201495170593,0.7,1
sentence-transformers/paraphrase-multilingual-MiniLM-L12-v2,800,80,obs_sync_en,neutron current measurement highly synchronized channels without time lag,observation_derived,en,10,9,0.7053614258766174,0.6625142097473145,1.0,1
sentence-transformers/paraphrase-multilingual-MiniLM-L12-v2,800,80,obs_sync_en,neutron current measurement highly synchronized channels without time lag,observation_derived,en,15,0,0.7053614258766174,0.6729124784469604,0.6,1
sentence-transformers/paraphrase-multilingual-MiniLM-L12-v2,800,80,obs_sync_en,neutron current measurement highly synchronized channels without time lag,observation_derived,en,15,1,0.7053614258766174,0.6665541529655457,0.8,1
sentence-transformers/paraphrase-multilingual-MiniLM-L12-v2,800,80,obs_sync_en,neutron current measurement highly synchronized channels without time lag,observation_derived,en,15,2,0.7053614258766174,0.6743894219398499,0.6,1
sentence-transformers/paraphrase-multilingual-MiniLM-L12-v2,800,80,obs_sync_en,neutron current measurement highly synchronized channels without time lag,observation_derived,en,15,3,0.7053614258766174,0.6636854410171509,0.9,1
sentence-transformers/paraphrase-multilingual-MiniLM-L12-v2,800,80,obs_sync_en,neutron current measurement highly synchronized channels without time lag,observation_derived,en,15,4,0.7053614258766174,0.6709061861038208,0.7,1
sentence-transformers/paraphrase-multilingual-MiniLM-L12-v2,800,80,obs_sync_en,neutron current measurement highly synchronized channels without time lag,observation_derived,en,15,5,0.7053614258766174,0.681374192237854,0.5,1
sentence-transformers/paraphrase-multilingual-MiniLM-L12-v2,800,80,obs_sync_en,neutron current measurement highly synchronized channels without time lag,observation_derived,en,15,6,0.7053614258766174,0.6796162724494934,0.5,1
sentence-transformers/paraphrase-multilingual-MiniLM-L12-v2,800,80,obs_sync_en,neutron current measurement highly synchronized channels without time lag,observation_derived,en,15,7,0.7053614258766174,0.682703971862793,0.5,1
sentence-transformers/paraphrase-multilingual-MiniLM-L12-v2,800,80,obs_sync_en,neutron current measurement highly synchronized channels without time lag,observation_derived,en,15,8,0.7053614258766174,0.6652344465255737,0.7,1
sentence-transformers/paraphrase-multilingual-MiniLM-L12-v2,800,80,obs_sync_en,neutron current measurement highly synchronized channels without time lag,observation_derived,en,15,9,0.7053614258766174,0.6785856485366821,0.5,1
sentence-transformers/paraphrase-multilingual-MiniLM-L12-v2,800,80,obs_sync_en,neutron current measurement highly synchronized channels without time lag,observation_derived,en,20,0,0.7053614258766174,0.6652344465255737,0.7,1
sentence-transformers/paraphrase-multilingual-MiniLM-L12-v2,800,80,obs_sync_en,neutron current measurement highly synchronized channels without time lag,observation_derived,en,20,1,0.7053614258766174,0.6754173040390015,0.6,1
sentence-transformers/paraphrase-multilingual-MiniLM-L12-v2,800,80,obs_sync_en,neutron current measurement highly synchronized channels without time lag,observation_derived,en,20,2,0.7053614258766174,0.6729124784469604,0.6,1
sentence-transformers/paraphrase-multilingual-MiniLM-L12-v2,800,80,obs_sync_en,neutron current measurement highly synchronized channels without time lag,observation_derived,en,20,3,0.7053614258766174,0.6719571352005005,0.6,1
sentence-transformers/paraphrase-multilingual-MiniLM-L12-v2,800,80,obs_sync_en,neutron current measurement highly synchronized channels without time lag,observation_derived,en,20,4,0.7053614258766174,0.6723425984382629,0.6,1
sentence-transformers/paraphrase-multilingual-MiniLM-L12-v2,800,80,obs_sync_en,neutron current measurement highly synchronized channels without time lag,observation_derived,en,20,5,0.7053614258766174,0.6788324117660522,0.5,1
sentence-transformers/paraphrase-multilingual-MiniLM-L12-v2,800,80,obs_sync_en,neutron current measurement highly synchronized channels without time lag,observation_derived,en,20,6,0.7053614258766174,0.6796162724494934,0.5,1
sentence-transformers/paraphrase-multilingual-MiniLM-L12-v2,800,80,obs_sync_en,neutron current measurement highly synchronized channels without time lag,observation_derived,en,20,7,0.7053614258766174,0.6785856485366821,0.5,1
sentence-transformers/paraphrase-multilingual-MiniLM-L12-v2,800,80,obs_sync_en,neutron current measurement highly synchronized channels without time lag,observation_derived,en,20,8,0.7053614258766174,0.6673364639282227,0.7,1
sentence-transformers/paraphrase-multilingual-MiniLM-L12-v2,800,80,obs_sync_en,neutron current measurement highly synchronized channels without time lag,observation_derived,en,20,9,0.7053614258766174,0.6636854410171509,0.9,1
sentence-transformers/paraphrase-multilingual-MiniLM-L12-v2,800,80,obs_sync_en,neutron current measurement highly synchronized channels without time lag,observation_derived,en,25,0,0.7053614258766174,0.6743867993354797,0.6,1
sentence-transformers/paraphrase-multilingual-MiniLM-L12-v2,800,80,obs_sync_en,neutron current measurement highly synchronized channels without time lag,observation_derived,en,25,1,0.7053614258766174,0.6754173040390015,0.6,1
sentence-transformers/paraphrase-multilingual-MiniLM-L12-v2,800,80,obs_sync_en,neutron current measurement highly synchronized channels without time lag,observation_derived,en,25,2,0.7053614258766174,0.670945405960083,0.8,1
sentence-transformers/paraphrase-multilingual-MiniLM-L12-v2,800,80,obs_sync_en,neutron current measurement highly synchronized channels without time lag,observation_derived,en,25,3,0.7053614258766174,0.6813536882400513,0.5,1
sentence-transformers/paraphrase-multilingual-MiniLM-L12-v2,800,80,obs_sync_en,neutron current measurement highly synchronized channels without time lag,observation_derived,en,25,4,0.7053614258766174,0.6692201495170593,0.7,1
sentence-transformers/paraphrase-multilingual-MiniLM-L12-v2,800,80,obs_sync_en,neutron current measurement highly synchronized channels without time lag,observation_derived,en,25,5,0.7053614258766174,0.6717277765274048,0.7,1
sentence-transformers/paraphrase-multilingual-MiniLM-L12-v2,800,80,obs_sync_en,neutron current measurement highly synchronized channels without time lag,observation_derived,en,25,6,0.7053614258766174,0.6743867993354797,0.6,1
sentence-transformers/paraphrase-multilingual-MiniLM-L12-v2,800,80,obs_sync_en,neutron current measurement highly synchronized channels without time lag,observation_derived,en,25,7,0.7053614258766174,0.6754173040390015,0.6,1
sentence-transformers/paraphrase-multilingual-MiniLM-L12-v2,800,80,obs_sync_en,neutron current measurement highly synchronized channels without time lag,observation_derived,en,25,8,0.7053614258766174,0.6840291619300842,0.4,1
sentence-transformers/paraphrase-multilingual-MiniLM-L12-v2,800,80,obs_sync_en,neutron current measurement highly synchronized channels without time lag,observation_derived,en,25,9,0.7053614258766174,0.6753420829772949,0.6,1
sentence-transformers/paraphrase-multilingual-MiniLM-L12-v2,800,80,obs_sync_en,neutron current measurement highly synchronized channels without time lag,observation_derived,en,30,0,0.7053614258766174,0.6786609888076782,0.5,1
sentence-transformers/paraphrase-multilingual-MiniLM-L12-v2,800,80,obs_sync_en,neutron current measurement highly synchronized channels without time lag,observation_derived,en,30,1,0.7053614258766174,0.6814494729042053,0.5,1
sentence-transformers/paraphrase-multilingual-MiniLM-L12-v2,800,80,obs_sync_en,neutron current measurement highly synchronized channels without time lag,observation_derived,en,30,2,0.7053614258766174,0.673295259475708,0.6,1
sentence-transformers/paraphrase-multilingual-MiniLM-L12-v2,800,80,obs_sync_en,neutron current measurement highly synchronized channels without time lag,observation_derived,en,30,3,0.7053614258766174,0.6814494729042053,0.5,1
sentence-transformers/paraphrase-multilingual-MiniLM-L12-v2,800,80,obs_sync_en,neutron current measurement highly synchronized channels without time lag,observation_derived,en,30,4,0.7053614258766174,0.6696056127548218,0.7,1
sentence-transformers/paraphrase-multilingual-MiniLM-L12-v2,800,80,obs_sync_en,neutron current measurement highly synchronized channels without time lag,observation_derived,en,30,5,0.7053614258766174,0.6753420829772949,0.6,1
sentence-transformers/paraphrase-multilingual-MiniLM-L12-v2,800,80,obs_sync_en,neutron current measurement highly synchronized channels without time lag,observation_derived,en,30,6,0.7053614258766174,0.6719571352005005,0.6,1
sentence-transformers/paraphrase-multilingual-MiniLM-L12-v2,800,80,obs_sync_en,neutron current measurement highly synchronized channels without time lag,observation_derived,en,30,7,0.7053614258766174,0.6804189085960388,0.5,1
sentence-transformers/paraphrase-multilingual-MiniLM-L12-v2,800,80,obs_sync_en,neutron current measurement highly synchronized channels without time lag,observation_derived,en,30,8,0.7053614258766174,0.6817486882209778,0.5,1
sentence-transformers/paraphrase-multilingual-MiniLM-L12-v2,800,80,obs_sync_en,neutron current measurement highly synchronized channels without time lag,observation_derived,en,30,9,0.7053614258766174,0.6827792525291443,0.5,1
sentence-transformers/paraphrase-multilingual-MiniLM-L12-v2,800,80,obs_sync_en,neutron current measurement highly synchronized channels without time lag,observation_derived,en,35,0,0.7053614258766174,0.6813536882400513,0.5,1
sentence-transformers/paraphrase-multilingual-MiniLM-L12-v2,800,80,obs_sync_en,neutron current measurement highly synchronized channels without time lag,observation_derived,en,35,1,0.7053614258766174,0.6754173040390015,0.6,1
sentence-transformers/paraphrase-multilingual-MiniLM-L12-v2,800,80,obs_sync_en,neutron current measurement highly synchronized channels without time lag,observation_derived,en,35,2,0.7053614258766174,0.6817486882209778,0.5,1
sentence-transformers/paraphrase-multilingual-MiniLM-L12-v2,800,80,obs_sync_en,neutron current measurement highly synchronized channels without time lag,observation_derived,en,35,3,0.7053614258766174,0.6817486882209778,0.5,1
sentence-transformers/paraphrase-multilingual-MiniLM-L12-v2,800,80,obs_sync_en,neutron current measurement highly synchronized channels without time lag,observation_derived,en,35,4,0.7053614258766174,0.6813536882400513,0.5,1
sentence-transformers/paraphrase-multilingual-MiniLM-L12-v2,800,80,obs_sync_en,neutron current measurement highly synchronized channels without time lag,observation_derived,en,35,5,0.7053614258766174,0.6796162724494934,0.5,1
sentence-transformers/paraphrase-multilingual-MiniLM-L12-v2,800,80,obs_sync_en,neutron current measurement highly synchronized channels without time lag,observation_derived,en,35,6,0.7053614258766174,0.6827996969223022,0.5,1
sentence-transformers/paraphrase-multilingual-MiniLM-L12-v2,800,80,obs_sync_en,neutron current measurement highly synchronized channels without time lag,observation_derived,en,35,7,0.7053614258766174,0.6827792525291443,0.5,1
sentence-transformers/paraphrase-multilingual-MiniLM-L12-v2,800,80,obs_sync_en,neutron current measurement highly synchronized channels without time lag,observation_derived,en,35,8,0.7053614258766174,0.6840291619300842,0.4,1
sentence-transformers/paraphrase-multilingual-MiniLM-L12-v2,800,80,obs_sync_en,neutron current measurement highly synchronized channels without time lag,observation_derived,en,35,9,0.7053614258766174,0.6754173040390015,0.6,1
sentence-transformers/paraphrase-multilingual-MiniLM-L12-v2,800,80,obs_sync_en,neutron current measurement highly synchronized channels without time lag,observation_derived,en,40,0,0.7053614258766174,0.6754173040390015,0.6,1
sentence-transformers/paraphrase-multilingual-MiniLM-L12-v2,800,80,obs_sync_en,neutron current measurement highly synchronized channels without time lag,observation_derived,en,40,1,0.7053614258766174,0.6817486882209778,0.5,1
sentence-transformers/paraphrase-multilingual-MiniLM-L12-v2,800,80,obs_sync_en,neutron current measurement highly synchronized channels without time lag,observation_derived,en,40,2,0.7053614258766174,0.6723399758338928,0.6,1
sentence-transformers/paraphrase-multilingual-MiniLM-L12-v2,800,80,obs_sync_en,neutron current measurement highly synchronized channels without time lag,observation_derived,en,40,3,0.7053614258766174,0.6803231835365295,0.5,1
sentence-transformers/paraphrase-multilingual-MiniLM-L12-v2,800,80,obs_sync_en,neutron current measurement highly synchronized channels without time lag,observation_derived,en,40,4,0.7053614258766174,0.6803984045982361,0.5,1
sentence-transformers/paraphrase-multilingual-MiniLM-L12-v2,800,80,obs_sync_en,neutron current measurement highly synchronized channels without time lag,observation_derived,en,40,5,0.7053614258766174,0.6817486882209778,0.5,1
sentence-transformers/paraphrase-multilingual-MiniLM-L12-v2,800,80,obs_sync_en,neutron current measurement highly synchronized channels without time lag,observation_derived,en,40,6,0.7053614258766174,0.6817486882209778,0.5,1
sentence-transformers/paraphrase-multilingual-MiniLM-L12-v2,800,80,obs_sync_en,neutron current measurement highly synchronized channels without time lag,observation_derived,en,40,7,0.7053614258766174,0.6827996969223022,0.5,1
sentence-transformers/paraphrase-multilingual-MiniLM-L12-v2,800,80,obs_sync_en,neutron current measurement highly synchronized channels without time lag,observation_derived,en,40,8,0.7053614258766174,0.6754173040390015,0.6,1
sentence-transformers/paraphrase-multilingual-MiniLM-L12-v2,800,80,obs_sync_en,neutron current measurement highly synchronized channels without time lag,observation_derived,en,40,9,0.7053614258766174,0.6840291619300842,0.4,1
sentence-transformers/paraphrase-multilingual-MiniLM-L12-v2,800,80,obs_sync_en,neutron current measurement highly synchronized channels without time lag,observation_derived,en,45,0,0.7053614258766174,0.6840291619300842,0.4,1
sentence-transformers/paraphrase-multilingual-MiniLM-L12-v2,800,80,obs_sync_en,neutron current measurement highly synchronized channels without time lag,observation_derived,en,45,1,0.7053614258766174,0.6827996969223022,0.5,1
sentence-transformers/paraphrase-multilingual-MiniLM-L12-v2,800,80,obs_sync_en,neutron current measurement highly synchronized channels without time lag,observation_derived,en,45,2,0.7053614258766174,0.6754173040390015,0.6,1
sentence-transformers/paraphrase-multilingual-MiniLM-L12-v2,800,80,obs_sync_en,neutron current measurement highly synchronized channels without time lag,observation_derived,en,45,3,0.7053614258766174,0.682703971862793,0.5,1
sentence-transformers/paraphrase-multilingual-MiniLM-L12-v2,800,80,obs_sync_en,neutron current measurement highly synchronized channels without time lag,observation_derived,en,45,4,0.7053614258766174,0.6840291619300842,0.4,1
sentence-transformers/paraphrase-multilingual-MiniLM-L12-v2,800,80,obs_sync_en,neutron current measurement highly synchronized channels without time lag,observation_derived,en,45,5,0.7053614258766174,0.6840291619300842,0.4,1
sentence-transformers/paraphrase-multilingual-MiniLM-L12-v2,800,80,obs_sync_en,neutron current measurement highly synchronized channels without time lag,observation_derived,en,45,6,0.7053614258766174,0.6817486882209778,0.5,1
sentence-transformers/paraphrase-multilingual-MiniLM-L12-v2,800,80,obs_sync_en,neutron current measurement highly synchronized channels without time lag,observation_derived,en,45,7,0.7053614258766174,0.6827792525291443,0.5,1
sentence-transformers/paraphrase-multilingual-MiniLM-L12-v2,800,80,obs_sync_en,neutron current measurement highly synchronized channels without time lag,observation_derived,en,45,8,0.7053614258766174,0.6772975325584412,0.5,1
sentence-transformers/paraphrase-multilingual-MiniLM-L12-v2,800,80,obs_sync_en,neutron current measurement highly synchronized channels without time lag,observation_derived,en,45,9,0.7053614258766174,0.6840291619300842,0.4,1
sentence-transformers/paraphrase-multilingual-MiniLM-L12-v2,800,80,obs_sync_en,neutron current measurement highly synchronized channels without time lag,observation_derived,en,50,0,0.7053614258766174,0.6840291619300842,0.4,1
sentence-transformers/paraphrase-multilingual-MiniLM-L12-v2,800,80,obs_sync_en,neutron current measurement highly synchronized channels without time lag,observation_derived,en,50,1,0.7053614258766174,0.6772975325584412,0.5,1
sentence-transformers/paraphrase-multilingual-MiniLM-L12-v2,800,80,obs_sync_en,neutron current measurement highly synchronized channels without time lag,observation_derived,en,50,2,0.7053614258766174,0.6840291619300842,0.4,1
sentence-transformers/paraphrase-multilingual-MiniLM-L12-v2,800,80,obs_sync_en,neutron current measurement highly synchronized channels without time lag,observation_derived,en,50,3,0.7053614258766174,0.6840291619300842,0.4,1
sentence-transformers/paraphrase-multilingual-MiniLM-L12-v2,800,80,obs_sync_en,neutron current measurement highly synchronized channels without time lag,observation_derived,en,50,4,0.7053614258766174,0.6840291619300842,0.4,1
sentence-transformers/paraphrase-multilingual-MiniLM-L12-v2,800,80,obs_sync_en,neutron current measurement highly synchronized channels without time lag,observation_derived,en,50,5,0.7053614258766174,0.6840291619300842,0.4,1
sentence-transformers/paraphrase-multilingual-MiniLM-L12-v2,800,80,obs_sync_en,neutron current measurement highly synchronized channels without time lag,observation_derived,en,50,6,0.7053614258766174,0.6840291619300842,0.4,1
sentence-transformers/paraphrase-multilingual-MiniLM-L12-v2,800,80,obs_sync_en,neutron current measurement highly synchronized channels without time lag,observation_derived,en,50,7,0.7053614258766174,0.6840291619300842,0.4,1
sentence-transformers/paraphrase-multilingual-MiniLM-L12-v2,800,80,obs_sync_en,neutron current measurement highly synchronized channels without time lag,observation_derived,en,50,8,0.7053614258766174,0.6840291619300842,0.4,1
sentence-transformers/paraphrase-multilingual-MiniLM-L12-v2,800,80,obs_sync_en,neutron current measurement highly synchronized channels without time lag,observation_derived,en,50,9,0.7053614258766174,0.6840291619300842,0.4,1
sentence-transformers/paraphrase-multilingual-MiniLM-L12-v2,800,80,obs_sync_en,neutron current measurement highly synchronized channels without time lag,observation_derived,en,51,0,0.7053614258766174,0.6840291619300842,0.4,1
sentence-transformers/paraphrase-multilingual-MiniLM-L12-v2,800,80,obs_sync_en,neutron current measurement highly synchronized channels without time lag,observation_derived,en,51,1,0.7053614258766174,0.6840291619300842,0.4,1
sentence-transformers/paraphrase-multilingual-MiniLM-L12-v2,800,80,obs_sync_en,neutron current measurement highly synchronized channels without time lag,observation_derived,en,51,2,0.7053614258766174,0.6840291619300842,0.4,1
sentence-transformers/paraphrase-multilingual-MiniLM-L12-v2,800,80,obs_sync_en,neutron current measurement highly synchronized channels without time lag,observation_derived,en,51,3,0.7053614258766174,0.6840291619300842,0.4,1
sentence-transformers/paraphrase-multilingual-MiniLM-L12-v2,800,80,obs_sync_en,neutron current measurement highly synchronized channels without time lag,observation_derived,en,51,4,0.7053614258766174,0.6840291619300842,0.4,1
sentence-transformers/paraphrase-multilingual-MiniLM-L12-v2,800,80,obs_sync_en,neutron current measurement highly synchronized channels without time lag,observation_derived,en,51,5,0.7053614258766174,0.6840291619300842,0.4,1
sentence-transformers/paraphrase-multilingual-MiniLM-L12-v2,800,80,obs_sync_en,neutron current measurement highly synchronized channels without time lag,observation_derived,en,51,6,0.7053614258766174,0.6840291619300842,0.4,1
sentence-transformers/paraphrase-multilingual-MiniLM-L12-v2,800,80,obs_sync_en,neutron current measurement highly synchronized channels without time lag,observation_derived,en,51,7,0.7053614258766174,0.6840291619300842,0.4,1
sentence-transformers/paraphrase-multilingual-MiniLM-L12-v2,800,80,obs_sync_en,neutron current measurement highly synchronized channels without time lag,observation_derived,en,51,8,0.7053614258766174,0.6840291619300842,0.4,1
sentence-transformers/paraphrase-multilingual-MiniLM-L12-v2,800,80,obs_sync_en,neutron current measurement highly synchronized channels without time lag,observation_derived,en,51,9,0.7053614258766174,0.6840291619300842,0.4,1
sentence-transformers/paraphrase-multilingual-MiniLM-L12-v2,800,80,obs_sync_zh,中子电流测量高同步通道无时间滞后,observation_derived,zh,0,0,0.5946500301361084,0.5699002742767334,1.0,1
sentence-transformers/paraphrase-multilingual-MiniLM-L12-v2,800,80,obs_sync_zh,中子电流测量高同步通道无时间滞后,observation_derived,zh,5,0,0.5946500301361084,0.5745841264724731,0.8,1
sentence-transformers/paraphrase-multilingual-MiniLM-L12-v2,800,80,obs_sync_zh,中子电流测量高同步通道无时间滞后,observation_derived,zh,5,1,0.5946500301361084,0.5700098276138306,0.9,1
sentence-transformers/paraphrase-multilingual-MiniLM-L12-v2,800,80,obs_sync_zh,中子电流测量高同步通道无时间滞后,observation_derived,zh,5,2,0.6159377694129944,0.5797694325447083,0.7,2
sentence-transformers/paraphrase-multilingual-MiniLM-L12-v2,800,80,obs_sync_zh,中子电流测量高同步通道无时间滞后,observation_derived,zh,5,3,0.5946500301361084,0.5758675336837769,0.6,1
sentence-transformers/paraphrase-multilingual-MiniLM-L12-v2,800,80,obs_sync_zh,中子电流测量高同步通道无时间滞后,observation_derived,zh,5,4,0.5946500301361084,0.5719649195671082,0.9,1
sentence-transformers/paraphrase-multilingual-MiniLM-L12-v2,800,80,obs_sync_zh,中子电流测量高同步通道无时间滞后,observation_derived,zh,5,5,0.5946500301361084,0.5699002742767334,1.0,1
sentence-transformers/paraphrase-multilingual-MiniLM-L12-v2,800,80,obs_sync_zh,中子电流测量高同步通道无时间滞后,observation_derived,zh,5,6,0.5946500301361084,0.5699002742767334,1.0,1
sentence-transformers/paraphrase-multilingual-MiniLM-L12-v2,800,80,obs_sync_zh,中子电流测量高同步通道无时间滞后,observation_derived,zh,5,7,0.6167357563972473,0.5896360278129578,0.5,3
sentence-transformers/paraphrase-multilingual-MiniLM-L12-v2,800,80,obs_sync_zh,中子电流测量高同步通道无时间滞后,observation_derived,zh,5,8,0.5946500301361084,0.5700098276138306,0.9,1
sentence-transformers/paraphrase-multilingual-MiniLM-L12-v2,800,80,obs_sync_zh,中子电流测量高同步通道无时间滞后,observation_derived,zh,5,9,0.6361561417579651,0.584486722946167,0.6,2
sentence-transformers/paraphrase-multilingual-MiniLM-L12-v2,800,80,obs_sync_zh,中子电流测量高同步通道无时间滞后,observation_derived,zh,10,0,0.6314544677734375,0.5897088050842285,0.5,2
sentence-transformers/paraphrase-multilingual-MiniLM-L12-v2,800,80,obs_sync_zh,中子电流测量高同步通道无时间滞后,observation_derived,zh,10,1,0.6159377694129944,0.5797694325447083,0.7,2
sentence-transformers/paraphrase-multilingual-MiniLM-L12-v2,800,80,obs_sync_zh,中子电流测量高同步通道无时间滞后,observation_derived,zh,10,2,0.6159377694129944,0.5802174210548401,0.6,2
sentence-transformers/paraphrase-multilingual-MiniLM-L12-v2,800,80,obs_sync_zh,中子电流测量高同步通道无时间滞后,observation_derived,zh,10,3,0.6159377694129944,0.5807914733886719,0.6,2
sentence-transformers/paraphrase-multilingual-MiniLM-L12-v2,800,80,obs_sync_zh,中子电流测量高同步通道无时间滞后,observation_derived,zh,10,4,0.6314544677734375,0.5897088050842285,0.5,2
sentence-transformers/paraphrase-multilingual-MiniLM-L12-v2,800,80,obs_sync_zh,中子电流测量高同步通道无时间滞后,observation_derived,zh,10,5,0.6314544677734375,0.5910674929618835,0.5,3
sentence-transformers/paraphrase-multilingual-MiniLM-L12-v2,800,80,obs_sync_zh,中子电流测量高同步通道无时间滞后,observation_derived,zh,10,6,0.6314544677734375,0.5971876978874207,0.3,4
sentence-transformers/paraphrase-multilingual-MiniLM-L12-v2,800,80,obs_sync_zh,中子电流测量高同步通道无时间滞后,observation_derived,zh,10,7,0.6361561417579651,0.5967145562171936,0.4,4
sentence-transformers/paraphrase-multilingual-MiniLM-L12-v2,800,80,obs_sync_zh,中子电流测量高同步通道无时间滞后,observation_derived,zh,10,8,0.6167357563972473,0.5953030586242676,0.3,4
sentence-transformers/paraphrase-multilingual-MiniLM-L12-v2,800,80,obs_sync_zh,中子电流测量高同步通道无时间滞后,observation_derived,zh,10,9,0.6361561417579651,0.5948065519332886,0.5,3
sentence-transformers/paraphrase-multilingual-MiniLM-L12-v2,800,80,obs_sync_zh,中子电流测量高同步通道无时间滞后,observation_derived,zh,15,0,0.6361561417579651,0.5989140272140503,0.4,4
sentence-transformers/paraphrase-multilingual-MiniLM-L12-v2,800,80,obs_sync_zh,中子电流测量高同步通道无时间滞后,observation_derived,zh,15,1,0.6314544677734375,0.5910674929618835,0.5,3
sentence-transformers/paraphrase-multilingual-MiniLM-L12-v2,800,80,obs_sync_zh,中子电流测量高同步通道无时间滞后,observation_derived,zh,15,2,0.6361561417579651,0.5989140272140503,0.4,4
sentence-transformers/paraphrase-multilingual-MiniLM-L12-v2,800,80,obs_sync_zh,中子电流测量高同步通道无时间滞后,observation_derived,zh,15,3,0.6361561417579651,0.5948065519332886,0.5,3
sentence-transformers/paraphrase-multilingual-MiniLM-L12-v2,800,80,obs_sync_zh,中子电流测量高同步通道无时间滞后,observation_derived,zh,15,4,0.6361561417579651,0.598147988319397,0.3,4
sentence-transformers/paraphrase-multilingual-MiniLM-L12-v2,800,80,obs_sync_zh,中子电流测量高同步通道无时间滞后,observation_derived,zh,15,5,0.6167357563972473,0.5896360278129578,0.5,3
sentence-transformers/paraphrase-multilingual-MiniLM-L12-v2,800,80,obs_sync_zh,中子电流测量高同步通道无时间滞后,observation_derived,zh,15,6,0.5946500301361084,0.5806871056556702,0.5,1
sentence-transformers/paraphrase-multilingual-MiniLM-L12-v2,800,80,obs_sync_zh,中子电流测量高同步通道无时间滞后,observation_derived,zh,15,7,0.6159377694129944,0.582415759563446,0.5,2
sentence-transformers/paraphrase-multilingual-MiniLM-L12-v2,800,80,obs_sync_zh,中子电流测量高同步通道无时间滞后,observation_derived,zh,15,8,0.6361561417579651,0.5948065519332886,0.5,3
sentence-transformers/paraphrase-multilingual-MiniLM-L12-v2,800,80,obs_sync_zh,中子电流测量高同步通道无时间滞后,observation_derived,zh,15,9,0.6314544677734375,0.5863967537879944,0.5,2
sentence-transformers/paraphrase-multilingual-MiniLM-L12-v2,800,80,obs_sync_zh,中子电流测量高同步通道无时间滞后,observation_derived,zh,20,0,0.6361561417579651,0.6004008054733276,0.3,5
sentence-transformers/paraphrase-multilingual-MiniLM-L12-v2,800,80,obs_sync_zh,中子电流测量高同步通道无时间滞后,observation_derived,zh,20,1,0.5946500301361084,0.5810271501541138,0.5,1
sentence-transformers/paraphrase-multilingual-MiniLM-L12-v2,800,80,obs_sync_zh,中子电流测量高同步通道无时间滞后,observation_derived,zh,20,2,0.5946500301361084,0.5815123319625854,0.5,1
sentence-transformers/paraphrase-multilingual-MiniLM-L12-v2,800,80,obs_sync_zh,中子电流测量高同步通道无时间滞后,observation_derived,zh,20,3,0.5946500301361084,0.5808913707733154,0.5,1
sentence-transformers/paraphrase-multilingual-MiniLM-L12-v2,800,80,obs_sync_zh,中子电流测量高同步通道无时间滞后,observation_derived,zh,20,4,0.6361561417579651,0.6056227684020996,0.3,6
sentence-transformers/paraphrase-multilingual-MiniLM-L12-v2,800,80,obs_sync_zh,中子电流测量高同步通道无时间滞后,observation_derived,zh,20,5,0.6314544677734375,0.6005249619483948,0.3,5
sentence-transformers/paraphrase-multilingual-MiniLM-L12-v2,800,80,obs_sync_zh,中子电流测量高同步通道无时间滞后,observation_derived,zh,20,6,0.6314544677734375,0.58689284324646,0.5,2
sentence-transformers/paraphrase-multilingual-MiniLM-L12-v2,800,80,obs_sync_zh,中子电流测量高同步通道无时间滞后,observation_derived,zh,20,7,0.6361561417579651,0.5967145562171936,0.4,4
sentence-transformers/paraphrase-multilingual-MiniLM-L12-v2,800,80,obs_sync_zh,中子电流测量高同步通道无时间滞后,observation_derived,zh,20,8,0.6361561417579651,0.5843509435653687,0.6,2
sentence-transformers/paraphrase-multilingual-MiniLM-L12-v2,800,80,obs_sync_zh,中子电流测量高同步通道无时间滞后,observation_derived,zh,20,9,0.6361561417579651,0.6056227684020996,0.3,6
sentence-transformers/paraphrase-multilingual-MiniLM-L12-v2,800,80,obs_sync_zh,中子电流测量高同步通道无时间滞后,observation_derived,zh,25,0,0.6361561417579651,0.6058529615402222,0.3,6
sentence-transformers/paraphrase-multilingual-MiniLM-L12-v2,800,80,obs_sync_zh,中子电流测量高同步通道无时间滞后,observation_derived,zh,25,1,0.6361561417579651,0.5906302332878113,0.5,3
sentence-transformers/paraphrase-multilingual-MiniLM-L12-v2,800,80,obs_sync_zh,中子电流测量高同步通道无时间滞后,observation_derived,zh,25,2,0.6167357563972473,0.5937435030937195,0.4,4
sentence-transformers/paraphrase-multilingual-MiniLM-L12-v2,800,80,obs_sync_zh,中子电流测量高同步通道无时间滞后,observation_derived,zh,25,3,0.6167357563972473,0.5937435030937195,0.4,4
sentence-transformers/paraphrase-multilingual-MiniLM-L12-v2,800,80,obs_sync_zh,中子电流测量高同步通道无时间滞后,observation_derived,zh,25,4,0.6167357563972473,0.5953030586242676,0.3,4
sentence-transformers/paraphrase-multilingual-MiniLM-L12-v2,800,80,obs_sync_zh,中子电流测量高同步通道无时间滞后,observation_derived,zh,25,5,0.6361561417579651,0.598147988319397,0.3,4
sentence-transformers/paraphrase-multilingual-MiniLM-L12-v2,800,80,obs_sync_zh,中子电流测量高同步通道无时间滞后,observation_derived,zh,25,6,0.6361561417579651,0.6004008054733276,0.3,5
sentence-transformers/paraphrase-multilingual-MiniLM-L12-v2,800,80,obs_sync_zh,中子电流测量高同步通道无时间滞后,observation_derived,zh,25,7,0.6361561417579651,0.6058529615402222,0.3,6
sentence-transformers/paraphrase-multilingual-MiniLM-L12-v2,800,80,obs_sync_zh,中子电流测量高同步通道无时间滞后,observation_derived,zh,25,8,0.6167357563972473,0.5937435030937195,0.4,4
sentence-transformers/paraphrase-multilingual-MiniLM-L12-v2,800,80,obs_sync_zh,中子电流测量高同步通道无时间滞后,observation_derived,zh,25,9,0.6361561417579651,0.5864874720573425,0.5,2
sentence-transformers/paraphrase-multilingual-MiniLM-L12-v2,800,80,obs_sync_zh,中子电流测量高同步通道无时间滞后,observation_derived,zh,30,0,0.6361561417579651,0.5907660126686096,0.5,3
sentence-transformers/paraphrase-multilingual-MiniLM-L12-v2,800,80,obs_sync_zh,中子电流测量高同步通道无时间滞后,observation_derived,zh,30,1,0.6361561417579651,0.6004008054733276,0.3,5
sentence-transformers/paraphrase-multilingual-MiniLM-L12-v2,800,80,obs_sync_zh,中子电流测量高同步通道无时间滞后,observation_derived,zh,30,2,0.6314544677734375,0.5959197282791138,0.3,4
sentence-transformers/paraphrase-multilingual-MiniLM-L12-v2,800,80,obs_sync_zh,中子电流测量高同步通道无时间滞后,observation_derived,zh,30,3,0.6314544677734375,0.5971876978874207,0.3,4
sentence-transformers/paraphrase-multilingual-MiniLM-L12-v2,800,80,obs_sync_zh,中子电流测量高同步通道无时间滞后,observation_derived,zh,30,4,0.6361561417579651,0.6056227684020996,0.3,6
sentence-transformers/paraphrase-multilingual-MiniLM-L12-v2,800,80,obs_sync_zh,中子电流测量高同步通道无时间滞后,observation_derived,zh,30,5,0.6361561417579651,0.5967145562171936,0.4,4
sentence-transformers/paraphrase-multilingual-MiniLM-L12-v2,800,80,obs_sync_zh,中子电流测量高同步通道无时间滞后,observation_derived,zh,30,6,0.6361561417579651,0.5941899418830872,0.5,3
sentence-transformers/paraphrase-multilingual-MiniLM-L12-v2,800,80,obs_sync_zh,中子电流测量高同步通道无时间滞后,observation_derived,zh,30,7,0.6314544677734375,0.6005249619483948,0.3,5
sentence-transformers/paraphrase-multilingual-MiniLM-L12-v2,800,80,obs_sync_zh,中子电流测量高同步通道无时间滞后,observation_derived,zh,30,8,0.6361561417579651,0.598147988319397,0.3,4
sentence-transformers/paraphrase-multilingual-MiniLM-L12-v2,800,80,obs_sync_zh,中子电流测量高同步通道无时间滞后,observation_derived,zh,30,9,0.6361561417579651,0.5941899418830872,0.5,3
sentence-transformers/paraphrase-multilingual-MiniLM-L12-v2,800,80,obs_sync_zh,中子电流测量高同步通道无时间滞后,observation_derived,zh,35,0,0.6361561417579651,0.600197970867157,0.3,4
sentence-transformers/paraphrase-multilingual-MiniLM-L12-v2,800,80,obs_sync_zh,中子电流测量高同步通道无时间滞后,observation_derived,zh,35,1,0.6361561417579651,0.6058529615402222,0.3,6
sentence-transformers/paraphrase-multilingual-MiniLM-L12-v2,800,80,obs_sync_zh,中子电流测量高同步通道无时间滞后,observation_derived,zh,35,2,0.6361561417579651,0.6056227684020996,0.3,6
sentence-transformers/paraphrase-multilingual-MiniLM-L12-v2,800,80,obs_sync_zh,中子电流测量高同步通道无时间滞后,observation_derived,zh,35,3,0.6361561417579651,0.5899221897125244,0.5,2
sentence-transformers/paraphrase-multilingual-MiniLM-L12-v2,800,80,obs_sync_zh,中子电流测量高同步通道无时间滞后,observation_derived,zh,35,4,0.6314544677734375,0.5938162207603455,0.4,3
sentence-transformers/paraphrase-multilingual-MiniLM-L12-v2,800,80,obs_sync_zh,中子电流测量高同步通道无时间滞后,observation_derived,zh,35,5,0.6361561417579651,0.600197970867157,0.3,4
sentence-transformers/paraphrase-multilingual-MiniLM-L12-v2,800,80,obs_sync_zh,中子电流测量高同步通道无时间滞后,observation_derived,zh,35,6,0.6159377694129944,0.5815951228141785,0.5,2
sentence-transformers/paraphrase-multilingual-MiniLM-L12-v2,800,80,obs_sync_zh,中子电流测量高同步通道无时间滞后,observation_derived,zh,35,7,0.6159377694129944,0.586377739906311,0.5,2
sentence-transformers/paraphrase-multilingual-MiniLM-L12-v2,800,80,obs_sync_zh,中子电流测量高同步通道无时间滞后,observation_derived,zh,35,8,0.6361561417579651,0.5966772437095642,0.3,3
sentence-transformers/paraphrase-multilingual-MiniLM-L12-v2,800,80,obs_sync_zh,中子电流测量高同步通道无时间滞后,observation_derived,zh,35,9,0.6361561417579651,0.5860951542854309,0.5,2
sentence-transformers/paraphrase-multilingual-MiniLM-L12-v2,800,80,obs_sync_zh,中子电流测量高同步通道无时间滞后,observation_derived,zh,40,0,0.6361561417579651,0.6058529615402222,0.3,6
sentence-transformers/paraphrase-multilingual-MiniLM-L12-v2,800,80,obs_sync_zh,中子电流测量高同步通道无时间滞后,observation_derived,zh,40,1,0.6361561417579651,0.598147988319397,0.3,4
sentence-transformers/paraphrase-multilingual-MiniLM-L12-v2,800,80,obs_sync_zh,中子电流测量高同步通道无时间滞后,observation_derived,zh,40,2,0.6361561417579651,0.6056227684020996,0.3,6
sentence-transformers/paraphrase-multilingual-MiniLM-L12-v2,800,80,obs_sync_zh,中子电流测量高同步通道无时间滞后,observation_derived,zh,40,3,0.6361561417579651,0.6056227684020996,0.3,6
sentence-transformers/paraphrase-multilingual-MiniLM-L12-v2,800,80,obs_sync_zh,中子电流测量高同步通道无时间滞后,observation_derived,zh,40,4,0.6361561417579651,0.6030057668685913,0.3,5
sentence-transformers/paraphrase-multilingual-MiniLM-L12-v2,800,80,obs_sync_zh,中子电流测量高同步通道无时间滞后,observation_derived,zh,40,5,0.6361561417579651,0.6030057668685913,0.3,5
sentence-transformers/paraphrase-multilingual-MiniLM-L12-v2,800,80,obs_sync_zh,中子电流测量高同步通道无时间滞后,observation_derived,zh,40,6,0.6361561417579651,0.6030057668685913,0.3,5
sentence-transformers/paraphrase-multilingual-MiniLM-L12-v2,800,80,obs_sync_zh,中子电流测量高同步通道无时间滞后,observation_derived,zh,40,7,0.6361561417579651,0.5941899418830872,0.5,3
sentence-transformers/paraphrase-multilingual-MiniLM-L12-v2,800,80,obs_sync_zh,中子电流测量高同步通道无时间滞后,observation_derived,zh,40,8,0.6361561417579651,0.5966772437095642,0.3,3
sentence-transformers/paraphrase-multilingual-MiniLM-L12-v2,800,80,obs_sync_zh,中子电流测量高同步通道无时间滞后,observation_derived,zh,40,9,0.6314544677734375,0.5938162207603455,0.4,3
sentence-transformers/paraphrase-multilingual-MiniLM-L12-v2,800,80,obs_sync_zh,中子电流测量高同步通道无时间滞后,observation_derived,zh,45,0,0.6361561417579651,0.6058529615402222,0.3,6
sentence-transformers/paraphrase-multilingual-MiniLM-L12-v2,800,80,obs_sync_zh,中子电流测量高同步通道无时间滞后,observation_derived,zh,45,1,0.6361561417579651,0.6058529615402222,0.3,6
sentence-transformers/paraphrase-multilingual-MiniLM-L12-v2,800,80,obs_sync_zh,中子电流测量高同步通道无时间滞后,observation_derived,zh,45,2,0.6361561417579651,0.600197970867157,0.3,4
sentence-transformers/paraphrase-multilingual-MiniLM-L12-v2,800,80,obs_sync_zh,中子电流测量高同步通道无时间滞后,observation_derived,zh,45,3,0.6361561417579651,0.6058529615402222,0.3,6
sentence-transformers/paraphrase-multilingual-MiniLM-L12-v2,800,80,obs_sync_zh,中子电流测量高同步通道无时间滞后,observation_derived,zh,45,4,0.6361561417579651,0.6058529615402222,0.3,6
sentence-transformers/paraphrase-multilingual-MiniLM-L12-v2,800,80,obs_sync_zh,中子电流测量高同步通道无时间滞后,observation_derived,zh,45,5,0.6361561417579651,0.6014541387557983,0.3,5
sentence-transformers/paraphrase-multilingual-MiniLM-L12-v2,800,80,obs_sync_zh,中子电流测量高同步通道无时间滞后,observation_derived,zh,45,6,0.6361561417579651,0.6058529615402222,0.3,6
sentence-transformers/paraphrase-multilingual-MiniLM-L12-v2,800,80,obs_sync_zh,中子电流测量高同步通道无时间滞后,observation_derived,zh,45,7,0.6361561417579651,0.6058529615402222,0.3,6
sentence-transformers/paraphrase-multilingual-MiniLM-L12-v2,800,80,obs_sync_zh,中子电流测量高同步通道无时间滞后,observation_derived,zh,45,8,0.6314544677734375,0.6005249619483948,0.3,5
sentence-transformers/paraphrase-multilingual-MiniLM-L12-v2,800,80,obs_sync_zh,中子电流测量高同步通道无时间滞后,observation_derived,zh,45,9,0.6361561417579651,0.6058529615402222,0.3,6
sentence-transformers/paraphrase-multilingual-MiniLM-L12-v2,800,80,obs_sync_zh,中子电流测量高同步通道无时间滞后,observation_derived,zh,50,0,0.6361561417579651,0.6058529615402222,0.3,6
sentence-transformers/paraphrase-multilingual-MiniLM-L12-v2,800,80,obs_sync_zh,中子电流测量高同步通道无时间滞后,observation_derived,zh,50,1,0.6361561417579651,0.6030057668685913,0.3,5
sentence-transformers/paraphrase-multilingual-MiniLM-L12-v2,800,80,obs_sync_zh,中子电流测量高同步通道无时间滞后,observation_derived,zh,50,2,0.6361561417579651,0.6058529615402222,0.3,6
sentence-transformers/paraphrase-multilingual-MiniLM-L12-v2,800,80,obs_sync_zh,中子电流测量高同步通道无时间滞后,observation_derived,zh,50,3,0.6361561417579651,0.6058529615402222,0.3,6
sentence-transformers/paraphrase-multilingual-MiniLM-L12-v2,800,80,obs_sync_zh,中子电流测量高同步通道无时间滞后,observation_derived,zh,50,4,0.6361561417579651,0.6058529615402222,0.3,6
sentence-transformers/paraphrase-multilingual-MiniLM-L12-v2,800,80,obs_sync_zh,中子电流测量高同步通道无时间滞后,observation_derived,zh,50,5,0.6361561417579651,0.6058529615402222,0.3,6
sentence-transformers/paraphrase-multilingual-MiniLM-L12-v2,800,80,obs_sync_zh,中子电流测量高同步通道无时间滞后,observation_derived,zh,50,6,0.6361561417579651,0.6058529615402222,0.3,6
sentence-transformers/paraphrase-multilingual-MiniLM-L12-v2,800,80,obs_sync_zh,中子电流测量高同步通道无时间滞后,observation_derived,zh,50,7,0.6361561417579651,0.6058529615402222,0.3,6
sentence-transformers/paraphrase-multilingual-MiniLM-L12-v2,800,80,obs_sync_zh,中子电流测量高同步通道无时间滞后,observation_derived,zh,50,8,0.6361561417579651,0.6058529615402222,0.3,6
sentence-transformers/paraphrase-multilingual-MiniLM-L12-v2,800,80,obs_sync_zh,中子电流测量高同步通道无时间滞后,observation_derived,zh,50,9,0.6361561417579651,0.6058529615402222,0.3,6
sentence-transformers/paraphrase-multilingual-MiniLM-L12-v2,800,80,obs_sync_zh,中子电流测量高同步通道无时间滞后,observation_derived,zh,51,0,0.6361561417579651,0.6058529615402222,0.3,6
sentence-transformers/paraphrase-multilingual-MiniLM-L12-v2,800,80,obs_sync_zh,中子电流测量高同步通道无时间滞后,observation_derived,zh,51,1,0.6361561417579651,0.6058529615402222,0.3,6
sentence-transformers/paraphrase-multilingual-MiniLM-L12-v2,800,80,obs_sync_zh,中子电流测量高同步通道无时间滞后,observation_derived,zh,51,2,0.6361561417579651,0.6058529615402222,0.3,6
sentence-transformers/paraphrase-multilingual-MiniLM-L12-v2,800,80,obs_sync_zh,中子电流测量高同步通道无时间滞后,observation_derived,zh,51,3,0.6361561417579651,0.6058529615402222,0.3,6
sentence-transformers/paraphrase-multilingual-MiniLM-L12-v2,800,80,obs_sync_zh,中子电流测量高同步通道无时间滞后,observation_derived,zh,51,4,0.6361561417579651,0.6058529615402222,0.3,6
sentence-transformers/paraphrase-multilingual-MiniLM-L12-v2,800,80,obs_sync_zh,中子电流测量高同步通道无时间滞后,observation_derived,zh,51,5,0.6361561417579651,0.6058529615402222,0.3,6
sentence-transformers/paraphrase-multilingual-MiniLM-L12-v2,800,80,obs_sync_zh,中子电流测量高同步通道无时间滞后,observation_derived,zh,51,6,0.6361561417579651,0.6058529615402222,0.3,6
sentence-transformers/paraphrase-multilingual-MiniLM-L12-v2,800,80,obs_sync_zh,中子电流测量高同步通道无时间滞后,observation_derived,zh,51,7,0.6361561417579651,0.6058529615402222,0.3,6
sentence-transformers/paraphrase-multilingual-MiniLM-L12-v2,800,80,obs_sync_zh,中子电流测量高同步通道无时间滞后,observation_derived,zh,51,8,0.6361561417579651,0.6058529615402222,0.3,6
sentence-transformers/paraphrase-multilingual-MiniLM-L12-v2,800,80,obs_sync_zh,中子电流测量高同步通道无时间滞后,observation_derived,zh,51,9,0.6361561417579651,0.6058529615402222,0.3,6
