model,chunk_size,chunk_overlap,query_id,query,family,language,extra_docs,trial,top1_score,top10_mean_score,iaea_priority_top10,first_iaea_rank
sentence-transformers/paraphrase-multilingual-MiniLM-L12-v2,1500,150,baseline_zh_core,中子,baseline,zh,0,0,0.7712782621383667,0.6908153295516968,1.0,1
sentence-transformers/paraphrase-multilingual-MiniLM-L12-v2,1500,150,baseline_zh_core,中子,baseline,zh,5,0,0.7735453844070435,0.7570340037345886,0.3,4
sentence-transformers/paraphrase-multilingual-MiniLM-L12-v2,1500,150,baseline_zh_core,中子,baseline,zh,5,1,0.7712782621383667,0.6908153295516968,1.0,1
sentence-transformers/paraphrase-multilingual-MiniLM-L12-v2,1500,150,baseline_zh_core,中子,baseline,zh,5,2,0.7712782621383667,0.6908153295516968,1.0,1
sentence-transformers/paraphrase-multilingual-MiniLM-L12-v2,1500,150,baseline_zh_core,中子,baseline,zh,5,3,0.7712782621383667,0.6908153295516968,1.0,1
sentence-transformers/paraphrase-multilingual-MiniLM-L12-v2,1500,150,baseline_zh_core,中子,baseline,zh,5,4,0.7712782621383667,0.6908153295516968,1.0,1
sentence-transformers/paraphrase-multilingual-MiniLM-L12-v2,1500,150,baseline_zh_core,中子,baseline,zh,5,5,0.7712782621383667,0.6908153295516968,1.0,1
sentence-transformers/paraphrase-multilingual-MiniLM-L12-v2,1500,150,baseline_zh_core,中子,baseline,zh,5,6,0.7766281962394714,0.7730283737182617,0.2,6
sentence-transformers/paraphrase-multilingual-MiniLM-L12-v2,1500,150,baseline_zh_core,中子,baseline,zh,5,7,0.7712782621383667,0.6908153295516968,1.0,1
sentence-transformers/paraphrase-multilingual-MiniLM-L12-v2,1500,150,baseline_zh_core,中子,baseline,zh,5,8,0.7712782621383667,0.6908153295516968,1.0,1
sentence-transformers/paraphrase-multilingual-MiniLM-L12-v2,1500,150,baseline_zh_core,中子,baseline,zh,5,9,0.7712782621383667,0.6908153295516968,1.0,1
sentence-transformers/paraphrase-multilingual-MiniLM-L12-v2,1500,150,baseline_zh_core,中子,baseline,zh,10,0,0.7712782621383667,0.6908153295516968,1.0,1
sentence-transformers/paraphrase-multilingual-MiniLM-L12-v2,1500,150,baseline_zh_core,中子,baseline,zh,10,1,0.7712782621383667,0.6908153295516968,1.0,1
sentence-transformers/paraphrase-multilingual-MiniLM-L12-v2,1500,150,baseline_zh_core,中子,baseline,zh,10,2,0.7766281962394714,0.7137247323989868,0.8,3
sentence-transformers/paraphrase-multilingual-MiniLM-L12-v2,1500,150,baseline_zh_core,中子,baseline,zh,10,3,0.7712782621383667,0.6908153295516968,1.0,1
sentence-transformers/paraphrase-multilingual-MiniLM-L12-v2,1500,150,baseline_zh_core,中子,baseline,zh,10,4,0.7712782621383667,0.6908153295516968,1.0,1
sentence-transformers/paraphrase-multilingual-MiniLM-L12-v2,1500,150,baseline_zh_core,中子,baseline,zh,10,5,0.7712782621383667,0.6908153295516968,1.0,1
sentence-transformers/paraphrase-multilingual-MiniLM-L12-v2,1500,150,baseline_zh_core,中子,baseline,zh,10,6,0.7712782621383667,0.6908153295516968,1.0,1
sentence-transformers/paraphrase-multilingual-MiniLM-L12-v2,1500,150,baseline_zh_core,中子,baseline,zh,10,7,0.7712782621383667,0.6908153295516968,0.8,1
sentence-transformers/paraphrase-multilingual-MiniLM-L12-v2,1500,150,baseline_zh_core,中子,baseline,zh,10,8,0.7735453844070435,0.7570340037345886,0.3,4
sentence-transformers/paraphrase-multilingual-MiniLM-L12-v2,1500,150,baseline_zh_core,中子,baseline,zh,10,9,0.7766281962394714,0.7137247323989868,0.7,3
sentence-transformers/paraphrase-multilingual-MiniLM-L12-v2,1500,150,baseline_zh_core,中子,baseline,zh,15,0,0.7712782621383667,0.6908153295516968,1.0,1
sentence-transformers/paraphrase-multilingual-MiniLM-L12-v2,1500,150,baseline_zh_core,中子,baseline,zh,15,1,0.7735453844070435,0.7570340037345886,0.3,6
sentence-transformers/paraphrase-multilingual-MiniLM-L12-v2,1500,150,baseline_zh_core,中子,baseline,zh,15,2,0.7766281962394714,0.7137247323989868,0.7,3
sentence-transformers/paraphrase-multilingual-MiniLM-L12-v2,1500,150,baseline_zh_core,中子,baseline,zh,15,3,0.7712782621383667,0.6908153295516968,1.0,1
sentence-transformers/paraphrase-multilingual-MiniLM-L12-v2,1500,150,baseline_zh_core,中子,baseline,zh,15,4,0.7712782621383667,0.6908153295516968,1.0,1
sentence-transformers/paraphrase-multilingual-MiniLM-L12-v2,1500,150,baseline_zh_core,中子,baseline,zh,15,5,0.7766281962394714,0.7137247323989868,0.8,3
sentence-transformers/paraphrase-multilingual-MiniLM-L12-v2,1500,150,baseline_zh_core,中子,baseline,zh,15,6,0.7712782621383667,0.6908153295516968,0.8,1
sentence-transformers/paraphrase-multilingual-MiniLM-L12-v2,1500,150,baseline_zh_core,中子,baseline,zh,15,7,0.7766281962394714,0.7137247323989868,0.8,3
sentence-transformers/paraphrase-multilingual-MiniLM-L12-v2,1500,150,baseline_zh_core,中子,baseline,zh,15,8,0.7766281962394714,0.7730283737182617,0.2,9
sentence-transformers/paraphrase-multilingual-MiniLM-L12-v2,1500,150,baseline_zh_core,中子,baseline,zh,15,9,0.7766281962394714,0.7137247323989868,0.8,3
sentence-transformers/paraphrase-multilingual-MiniLM-L12-v2,1500,150,baseline_zh_core,中子,baseline,zh,20,0,0.7712782621383667,0.6908153295516968,1.0,1
sentence-transformers/paraphrase-multilingual-MiniLM-L12-v2,1500,150,baseline_zh_core,中子,baseline,zh,20,1,0.7766281962394714,0.7137247323989868,0.8,3
sentence-transformers/paraphrase-multilingual-MiniLM-L12-v2,1500,150,baseline_zh_core,中子,baseline,zh,20,2,0.7766281962394714,0.7137247323989868,0.8,3
sentence-transformers/paraphrase-multilingual-MiniLM-L12-v2,1500,150,baseline_zh_core,中子,baseline,zh,20,3,0.7712782621383667,0.6908153295516968,0.8,1
sentence-transformers/paraphrase-multilingual-MiniLM-L12-v2,1500,150,baseline_zh_core,中子,baseline,zh,20,4,0.7735453844070435,0.7570340037345886,0.3,4
sentence-transformers/paraphrase-multilingual-MiniLM-L12-v2,1500,150,baseline_zh_core,中子,baseline,zh,20,5,0.7712782621383667,0.6908153295516968,0.8,1
sentence-transformers/paraphrase-multilingual-MiniLM-L12-v2,1500,150,baseline_zh_core,中子,baseline,zh,20,6,0.7712782621383667,0.6908153295516968,0.9,1
sentence-transformers/paraphrase-multilingual-MiniLM-L12-v2,1500,150,baseline_zh_core,中子,baseline,zh,20,7,0.7712782621383667,0.6908153295516968,0.9,1
sentence-transformers/paraphrase-multilingual-MiniLM-L12-v2,1500,150,baseline_zh_core,中子,baseline,zh,20,8,0.7766281962394714,0.7730283737182617,0.2,9
sentence-transformers/paraphrase-multilingual-MiniLM-L12-v2,1500,150,baseline_zh_core,中子,baseline,zh,20,9,0.7712782621383667,0.6908153295516968,1.0,1
sentence-transformers/paraphrase-multilingual-MiniLM-L12-v2,1500,150,baseline_zh_core,中子,baseline,zh,25,0,0.7712782621383667,0.6908153295516968,0.9,1
sentence-transformers/paraphrase-multilingual-MiniLM-L12-v2,1500,150,baseline_zh_core,中子,baseline,zh,25,1,0.7735453844070435,0.7570340037345886,0.3,5
sentence-transformers/paraphrase-multilingual-MiniLM-L12-v2,1500,150,baseline_zh_core,中子,baseline,zh,25,2,0.7712782621383667,0.6908153295516968,0.9,1
sentence-transformers/paraphrase-multilingual-MiniLM-L12-v2,1500,150,baseline_zh_core,中子,baseline,zh,25,3,0.7712782621383667,0.6908153295516968,0.9,1
sentence-transformers/paraphrase-multilingual-MiniLM-L12-v2,1500,150,baseline_zh_core,中子,baseline,zh,25,4,0.7766281962394714,0.7730283737182617,0.2,7
sentence-transformers/paraphrase-multilingual-MiniLM-L12-v2,1500,150,baseline_zh_core,中子,baseline,zh,25,5,0.7766281962394714,0.7137247323989868,0.6,3
sentence-transformers/paraphrase-multilingual-MiniLM-L12-v2,1500,150,baseline_zh_core,中子,baseline,zh,25,6,0.7712782621383667,0.6908153295516968,0.9,1
sentence-transformers/paraphrase-multilingual-MiniLM-L12-v2,1500,150,baseline_zh_core,中子,baseline,zh,25,7,0.7766281962394714,0.7730283737182617,0.2,8
sentence-transformers/paraphrase-multilingual-MiniLM-L12-v2,1500,150,baseline_zh_core,中子,baseline,zh,25,8,0.7735453844070435,0.7570340037345886,0.3,5
sentence-transformers/paraphrase-multilingual-MiniLM-L12-v2,1500,150,baseline_zh_core,中子,baseline,zh,25,9,0.7712782621383667,0.6908153295516968,1.0,1
sentence-transformers/paraphrase-multilingual-MiniLM-L12-v2,1500,150,baseline_zh_core,中子,baseline,zh,30,0,0.7735453844070435,0.7570340037345886,0.3,6
sentence-transformers/paraphrase-multilingual-MiniLM-L12-v2,1500,150,baseline_zh_core,中子,baseline,zh,30,1,0.7766281962394714,0.7730283737182617,0.2,9
sentence-transformers/paraphrase-multilingual-MiniLM-L12-v2,1500,150,baseline_zh_core,中子,baseline,zh,30,2,0.7735453844070435,0.7570340037345886,0.3,4
sentence-transformers/paraphrase-multilingual-MiniLM-L12-v2,1500,150,baseline_zh_core,中子,baseline,zh,30,3,0.7735453844070435,0.7570340037345886,0.3,6
sentence-transformers/paraphrase-multilingual-MiniLM-L12-v2,1500,150,baseline_zh_core,中子,baseline,zh,30,4,0.7735453844070435,0.7570340037345886,0.3,6
sentence-transformers/paraphrase-multilingual-MiniLM-L12-v2,1500,150,baseline_zh_core,中子,baseline,zh,30,5,0.7766281962394714,0.7137247323989868,0.8,3
sentence-transformers/paraphrase-multilingual-MiniLM-L12-v2,1500,150,baseline_zh_core,中子,baseline,zh,30,6,0.7766281962394714,0.7730283737182617,0.2,7
sentence-transformers/paraphrase-multilingual-MiniLM-L12-v2,1500,150,baseline_zh_core,中子,baseline,zh,30,7,0.7735453844070435,0.7570340037345886,0.3,5
sentence-transformers/paraphrase-multilingual-MiniLM-L12-v2,1500,150,baseline_zh_core,中子,baseline,zh,30,8,0.7766281962394714,0.7730283737182617,0.2,8
sentence-transformers/paraphrase-multilingual-MiniLM-L12-v2,1500,150,baseline_zh_core,中子,baseline,zh,30,9,0.7735453844070435,0.7570340037345886,0.3,4
sentence-transformers/paraphrase-multilingual-MiniLM-L12-v2,1500,150,baseline_zh_core,中子,baseline,zh,35,0,0.7766281962394714,0.7137247323989868,0.8,3
sentence-transformers/paraphrase-multilingual-MiniLM-L12-v2,1500,150,baseline_zh_core,中子,baseline,zh,35,1,0.7766281962394714,0.7730283737182617,0.2,6
sentence-transformers/paraphrase-multilingual-MiniLM-L12-v2,1500,150,baseline_zh_core,中子,baseline,zh,35,2,0.7766281962394714,0.7730283737182617,0.2,6
sentence-transformers/paraphrase-multilingual-MiniLM-L12-v2,1500,150,baseline_zh_core,中子,baseline,zh,35,3,0.7766281962394714,0.7730283737182617,0.2,8
sentence-transformers/paraphrase-multilingual-MiniLM-L12-v2,1500,150,baseline_zh_core,中子,baseline,zh,35,4,0.7766281962394714,0.7730283737182617,0.2,7
sentence-transformers/paraphrase-multilingual-MiniLM-L12-v2,1500,150,baseline_zh_core,中子,baseline,zh,35,5,0.7712782621383667,0.6908153295516968,0.8,1
sentence-transformers/paraphrase-multilingual-MiniLM-L12-v2,1500,150,baseline_zh_core,中子,baseline,zh,35,6,0.7766281962394714,0.7137247323989868,0.7,3
sentence-transformers/paraphrase-multilingual-MiniLM-L12-v2,1500,150,baseline_zh_core,中子,baseline,zh,35,7,0.7766281962394714,0.7730283737182617,0.2,9
sentence-transformers/paraphrase-multilingual-MiniLM-L12-v2,1500,150,baseline_zh_core,中子,baseline,zh,35,8,0.7766281962394714,0.7137247323989868,0.8,3
sentence-transformers/paraphrase-multilingual-MiniLM-L12-v2,1500,150,baseline_zh_core,中子,baseline,zh,35,9,0.7766281962394714,0.7137247323989868,0.7,3
sentence-transformers/paraphrase-multilingual-MiniLM-L12-v2,1500,150,baseline_zh_core,中子,baseline,zh,40,0,0.7766281962394714,0.7730283737182617,0.2,7
sentence-transformers/paraphrase-multilingual-MiniLM-L12-v2,1500,150,baseline_zh_core,中子,baseline,zh,40,1,0.7766281962394714,0.7730283737182617,0.2,6
sentence-transformers/paraphrase-multilingual-MiniLM-L12-v2,1500,150,baseline_zh_core,中子,baseline,zh,40,2,0.7766281962394714,0.7137247323989868,0.7,3
sentence-transformers/paraphrase-multilingual-MiniLM-L12-v2,1500,150,baseline_zh_core,中子,baseline,zh,40,3,0.7766281962394714,0.7730283737182617,0.2,8
sentence-transformers/paraphrase-multilingual-MiniLM-L12-v2,1500,150,baseline_zh_core,中子,baseline,zh,40,4,0.7766281962394714,0.7137247323989868,0.7,3
sentence-transformers/paraphrase-multilingual-MiniLM-L12-v2,1500,150,baseline_zh_core,中子,baseline,zh,40,5,0.7735453844070435,0.7570340037345886,0.3,4
sentence-transformers/paraphrase-multilingual-MiniLM-L12-v2,1500,150,baseline_zh_core,中子,baseline,zh,40,6,0.7766281962394714,0.7730283737182617,0.2,7
sentence-transformers/paraphrase-multilingual-MiniLM-L12-v2,1500,150,baseline_zh_core,中子,baseline,zh,40,7,0.7766281962394714,0.7730283737182617,0.2,6
sentence-transformers/paraphrase-multilingual-MiniLM-L12-v2,1500,150,baseline_zh_core,中子,baseline,zh,40,8,0.7766281962394714,0.7730283737182617,0.2,8
sentence-transformers/paraphrase-multilingual-MiniLM-L12-v2,1500,150,baseline_zh_core,中子,baseline,zh,40,9,0.7766281962394714,0.7730283737182617,0.2,7
sentence-transformers/paraphrase-multilingual-MiniLM-L12-v2,1500,150,baseline_zh_core,中子,baseline,zh,45,0,0.7766281962394714,0.7730283737182617,0.2,7
sentence-transformers/paraphrase-multilingual-MiniLM-L12-v2,1500,150,baseline_zh_core,中子,baseline,zh,45,1,0.7766281962394714,0.7137247323989868,0.8,3
sentence-transformers/paraphrase-multilingual-MiniLM-L12-v2,1500,150,baseline_zh_core,中子,baseline,zh,45,2,0.7766281962394714,0.7730283737182617,0.2,6
sentence-transformers/paraphrase-multilingual-MiniLM-L12-v2,1500,150,baseline_zh_core,中子,baseline,zh,45,3,0.7766281962394714,0.7730283737182617,0.2,8
sentence-transformers/paraphrase-multilingual-MiniLM-L12-v2,1500,150,baseline_zh_core,中子,baseline,zh,45,4,0.7766281962394714,0.7730283737182617,0.2,7
sentence-transformers/paraphrase-multilingual-MiniLM-L12-v2,1500,150,baseline_zh_core,中子,baseline,zh,45,5,0.7735453844070435,0.7570340037345886,0.3,7
sentence-transformers/paraphrase-multilingual-MiniLM-L12-v2,1500,150,baseline_zh_core,中子,baseline,zh,45,6,0.7766281962394714,0.7730283737182617,0.2,8
sentence-transformers/paraphrase-multilingual-MiniLM-L12-v2,1500,150,baseline_zh_core,中子,baseline,zh,45,7,0.7766281962394714,0.7730283737182617,0.2,6
sentence-transformers/paraphrase-multilingual-MiniLM-L12-v2,1500,150,baseline_zh_core,中子,baseline,zh,45,8,0.7766281962394714,0.7730283737182617,0.2,9
sentence-transformers/paraphrase-multilingual-MiniLM-L12-v2,1500,150,baseline_zh_core,中子,baseline,zh,45,9,0.7735453844070435,0.7570340037345886,0.3,6
sentence-transformers/paraphrase-multilingual-MiniLM-L12-v2,1500,150,baseline_zh_core,中子,baseline,zh,50,0,0.7766281962394714,0.7730283737182617,0.2,9
sentence-transformers/paraphrase-multilingual-MiniLM-L12-v2,1500,150,baseline_zh_core,中子,baseline,zh,50,1,0.7766281962394714,0.7730283737182617,0.2,9
sentence-transformers/paraphrase-multilingual-MiniLM-L12-v2,1500,150,baseline_zh_core,中子,baseline,zh,50,2,0.7766281962394714,0.7730283737182617,0.2,9
sentence-transformers/paraphrase-multilingual-MiniLM-L12-v2,1500,150,baseline_zh_core,中子,baseline,zh,50,3,0.7766281962394714,0.7730283737182617,0.2,6
sentence-transformers/paraphrase-multilingual-MiniLM-L12-v2,1500,150,baseline_zh_core,中子,baseline,zh,50,4,0.7766281962394714,0.7730283737182617,0.2,7
sentence-transformers/paraphrase-multilingual-MiniLM-L12-v2,1500,150,baseline_zh_core,中子,baseline,zh,50,5,0.7766281962394714,0.7730283737182617,0.2,6
sentence-transformers/paraphrase-multilingual-MiniLM-L12-v2,1500,150,baseline_zh_core,中子,baseline,zh,50,6,0.7766281962394714,0.7730283737182617,0.2,7
sentence-transformers/paraphrase-multilingual-MiniLM-L12-v2,1500,150,baseline_zh_core,中子,baseline,zh,50,7,0.7766281962394714,0.7730283737182617,0.2,9
sentence-transformers/paraphrase-multilingual-MiniLM-L12-v2,1500,150,baseline_zh_core,中子,baseline,zh,50,8,0.7766281962394714,0.7730283737182617,0.2,9
sentence-transformers/paraphrase-multilingual-MiniLM-L12-v2,1500,150,baseline_zh_core,中子,baseline,zh,50,9,0.7766281962394714,0.7730283737182617,0.2,8
sentence-transformers/paraphrase-multilingual-MiniLM-L12-v2,1500,150,baseline_zh_core,中子,baseline,zh,51,0,0.7766281962394714,0.7730283737182617,0.2,7
sentence-transformers/paraphrase-multilingual-MiniLM-L12-v2,1500,150,baseline_zh_core,中子,baseline,zh,51,1,0.7766281962394714,0.7730283737182617,0.2,7
sentence-transformers/paraphrase-multilingual-MiniLM-L12-v2,1500,150,baseline_zh_core,中子,baseline,zh,51,2,0.7766281962394714,0.7730283737182617,0.2,7
sentence-transformers/paraphrase-multilingual-MiniLM-L12-v2,1500,150,baseline_zh_core,中子,baseline,zh,51,3,0.7766281962394714,0.7730283737182617,0.2,7
sentence-transformers/paraphrase-multilingual-MiniLM-L12-v2,1500,150,baseline_zh_core,中子,baseline,zh,51,4,0.7766281962394714,0.7730283737182617,0.2,7
sentence-transformers/paraphrase-multilingual-MiniLM-L12-v2,1500,150,baseline_zh_core,中子,baseline,zh,51,5,0.7766281962394714,0.7730283737182617,0.2,7
sentence-transformers/paraphrase-multilingual-MiniLM-L12-v2,1500,150,baseline_zh_core,中子,baseline,zh,51,6,0.7766281962394714,0.7730283737182617,0.2,7
sentence-transformers/paraphrase-multilingual-MiniLM-L12-v2,1500,150,baseline_zh_core,中子,baseline,zh,51,7,0.7766281962394714,0.7730283737182617,0.2,7
sentence-transformers/paraphrase-multilingual-MiniLM-L12-v2,1500,150,baseline_zh_core,中子,baseline,zh,51,8,0.7766281962394714,0.7730283737182617,0.2,7
sentence-transformers/paraphrase-multilingual-MiniLM-L12-v2,1500,150,baseline_zh_core,中子,baseline,zh,51,9,0.7766281962394714,0.7730283737182617,0.2,7
sentence-transformers/paraphrase-multilingual-MiniLM-L12-v2,1500,150,baseline_en_core,neutron,baseline,en,0,0,0.6433289647102356,0.6121511459350586,1.0,1
sentence-transformers/paraphrase-multilingual-MiniLM-L12-v2,1500,150,baseline_en_core,neutron,baseline,en,5,0,0.6433289647102356,0.6173409223556519,0.9,1
sentence-transformers/paraphrase-multilingual-MiniLM-L12-v2,1500,150,baseline_en_core,neutron,baseline,en,5,1,0.6433289647102356,0.6121511459350586,1.0,1
sentence-transformers/paraphrase-multilingual-MiniLM-L12-v2,1500,150,baseline_en_core,neutron,baseline,en,5,2,0.6589223146438599,0.6336113214492798,0.6,3
sentence-transformers/paraphrase-multilingual-MiniLM-L12-v2,1500,150,baseline_en_core,neutron,baseline,en,5,3,0.6433289647102356,0.6210166215896606,0.7,1
sentence-transformers/paraphrase-multilingual-MiniLM-L12-v2,1500,150,baseline_en_core,neutron,baseline,en,5,4,0.7091929912567139,0.6252488493919373,0.9,2
sentence-transformers/paraphrase-multilingual-MiniLM-L12-v2,1500,150,baseline_en_core,neutron,baseline,en,5,5,0.6433289647102356,0.6156213283538818,0.9,1
sentence-transformers/paraphrase-multilingual-MiniLM-L12-v2,1500,150,baseline_en_core,neutron,baseline,en,5,6,0.6433289647102356,0.6208367943763733,0.8,1
sentence-transformers/paraphrase-multilingual-MiniLM-L12-v2,1500,150,baseline_en_core,neutron,baseline,en,5,7,0.6433289647102356,0.6246477961540222,0.7,1
sentence-transformers/paraphrase-multilingual-MiniLM-L12-v2,1500,150,baseline_en_core,neutron,baseline,en,5,8,0.6433289647102356,0.6121511459350586,1.0,1
sentence-transformers/paraphrase-multilingual-MiniLM-L12-v2,1500,150,baseline_en_core,neutron,baseline,en,5,9,0.6433289647102356,0.6161130666732788,0.9,1
sentence-transformers/paraphrase-multilingual-MiniLM-L12-v2,1500,150,baseline_en_core,neutron,baseline,en,10,0,0.6759647130966187,0.6348910331726074,0.4,2
sentence-transformers/paraphrase-multilingual-MiniLM-L12-v2,1500,150,baseline_en_core,neutron,baseline,en,10,1,0.6589223146438599,0.6308082342147827,0.6,3
sentence-transformers/paraphrase-multilingual-MiniLM-L12-v2,1500,150,baseline_en_core,neutron,baseline,en,10,2,0.6759647130966187,0.6418899297714233,0.2,4
sentence-transformers/paraphrase-multilingual-MiniLM-L12-v2,1500,150,baseline_en_core,neutron,baseline,en,10,3,0.6433289647102356,0.6173409223556519,0.9,1
sentence-transformers/paraphrase-multilingual-MiniLM-L12-v2,1500,150,baseline_en_core,neutron,baseline,en,10,4,0.6589223146438599,0.6305614709854126,0.7,3
sentence-transformers/paraphrase-multilingual-MiniLM-L12-v2,1500,150,baseline_en_core,neutron,baseline,en,10,5,0.6759647130966187,0.6348910331726074,0.4,2
sentence-transformers/paraphrase-multilingual-MiniLM-L12-v2,1500,150,baseline_en_core,neutron,baseline,en,10,6,0.6946671009063721,0.6624276041984558,0.1,8
sentence-transformers/paraphrase-multilingual-MiniLM-L12-v2,1500,150,baseline_en_core,neutron,baseline,en,10,7,0.6759647130966187,0.6348910331726074,0.4,2
sentence-transformers/paraphrase-multilingual-MiniLM-L12-v2,1500,150,baseline_en_core,neutron,baseline,en,10,8,0.6433289647102356,0.6121511459350586,1.0,1
sentence-transformers/paraphrase-multilingual-MiniLM-L12-v2,1500,150,baseline_en_core,neutron,baseline,en,10,9,0.6946671009063721,0.6586547493934631,0.1,7
sentence-transformers/paraphrase-multilingual-MiniLM-L12-v2,1500,150,baseline_en_core,neutron,baseline,en,15,0,0.7091929912567139,0.6350275874137878,0.6,2
sentence-transformers/paraphrase-multilingual-MiniLM-L12-v2,1500,150,baseline_en_core,neutron,baseline,en,15,1,0.6433289647102356,0.6191171407699585,0.8,1
sentence-transformers/paraphrase-multilingual-MiniLM-L12-v2,1500,150,baseline_en_core,neutron,baseline,en,15,2,0.7091929912567139,0.6408022046089172,0.6,4
sentence-transformers/paraphrase-multilingual-MiniLM-L12-v2,1500,150,baseline_en_core,neutron,baseline,en,15,3,0.7091929912567139,0.6425417065620422,0.5,4
sentence-transformers/paraphrase-multilingual-MiniLM-L12-v2,1500,150,baseline_en_core,neutron,baseline,en,15,4,0.6759647130966187,0.6348910331726074,0.4,2
sentence-transformers/paraphrase-multilingual-MiniLM-L12-v2,1500,150,baseline_en_core,neutron,baseline,en,15,5,0.6946671009063721,0.662117600440979,0.1,9
sentence-transformers/paraphrase-multilingual-MiniLM-L12-v2,1500,150,baseline_en_core,neutron,baseline,en,15,6,0.6759647130966187,0.6348910331726074,0.4,2
sentence-transformers/paraphrase-multilingual-MiniLM-L12-v2,1500,150,baseline_en_core,neutron,baseline,en,15,7,0.6433289647102356,0.6278367638587952,0.6,1
sentence-transformers/paraphrase-multilingual-MiniLM-L12-v2,1500,150,baseline_en_core,neutron,baseline,en,15,8,0.6433289647102356,0.6121511459350586,1.0,1
sentence-transformers/paraphrase-multilingual-MiniLM-L12-v2,1500,150,baseline_en_core,neutron,baseline,en,15,9,0.7091929912567139,0.6408022046089172,0.6,4
sentence-transformers/paraphrase-multilingual-MiniLM-L12-v2,1500,150,baseline_en_core,neutron,baseline,en,20,0,0.7091929912567139,0.6252488493919373,0.9,2
sentence-transformers/paraphrase-multilingual-MiniLM-L12-v2,1500,150,baseline_en_core,neutron,baseline,en,20,1,0.7091929912567139,0.6430563926696777,0.5,4
sentence-transformers/paraphrase-multilingual-MiniLM-L12-v2,1500,150,baseline_en_core,neutron,baseline,en,20,2,0.6946671009063721,0.6586547493934631,0.1,7
sentence-transformers/paraphrase-multilingual-MiniLM-L12-v2,1500,150,baseline_en_core,neutron,baseline,en,20,3,0.6759647130966187,0.6348910331726074,0.4,2
sentence-transformers/paraphrase-multilingual-MiniLM-L12-v2,1500,150,baseline_en_core,neutron,baseline,en,20,4,0.6433289647102356,0.6253196001052856,0.6,1
sentence-transformers/paraphrase-multilingual-MiniLM-L12-v2,1500,150,baseline_en_core,neutron,baseline,en,20,5,0.7091929912567139,0.6690226793289185,0.1,10
sentence-transformers/paraphrase-multilingual-MiniLM-L12-v2,1500,150,baseline_en_core,neutron,baseline,en,20,6,0.6759647130966187,0.6413752436637878,0.2,4
sentence-transformers/paraphrase-multilingual-MiniLM-L12-v2,1500,150,baseline_en_core,neutron,baseline,en,20,7,0.7091929912567139,0.642583429813385,0.5,4
sentence-transformers/paraphrase-multilingual-MiniLM-L12-v2,1500,150,baseline_en_core,neutron,baseline,en,20,8,0.6433289647102356,0.6248945593833923,0.6,1
sentence-transformers/paraphrase-multilingual-MiniLM-L12-v2,1500,150,baseline_en_core,neutron,baseline,en,20,9,0.7091929912567139,0.6442433595657349,0.3,3
sentence-transformers/paraphrase-multilingual-MiniLM-L12-v2,1500,150,baseline_en_core,neutron,baseline,en,25,0,0.7091929912567139,0.6496065258979797,0.2,5
sentence-transformers/paraphrase-multilingual-MiniLM-L12-v2,1500,150,baseline_en_core,neutron,baseline,en,25,1,0.7091929912567139,0.6693885922431946,0.1,9
sentence-transformers/paraphrase-multilingual-MiniLM-L12-v2,1500,150,baseline_en_core,neutron,baseline,en,25,2,0.6759647130966187,0.6363354921340942,0.3,2
sentence-transformers/paraphrase-multilingual-MiniLM-L12-v2,1500,150,baseline_en_core,neutron,baseline,en,25,3,0.7091929912567139,0.6501212120056152,0.2,5
sentence-transformers/paraphrase-multilingual-MiniLM-L12-v2,1500,150,baseline_en_core,neutron,baseline,en,25,4,0.7091929912567139,0.6323693990707397,0.6,2
sentence-transformers/paraphrase-multilingual-MiniLM-L12-v2,1500,150,baseline_en_core,neutron,baseline,en,25,5,0.7091929912567139,0.6327556371688843,0.7,2
sentence-transformers/paraphrase-multilingual-MiniLM-L12-v2,1500,150,baseline_en_core,neutron,baseline,en,25,6,0.7091929912567139,0.672286331653595,0.0,11
sentence-transformers/paraphrase-multilingual-MiniLM-L12-v2,1500,150,baseline_en_core,neutron,baseline,en,25,7,0.6946671009063721,0.6624276041984558,0.1,8
sentence-transformers/paraphrase-multilingual-MiniLM-L12-v2,1500,150,baseline_en_core,neutron,baseline,en,25,8,0.6946671009063721,0.662117600440979,0.1,9
sentence-transformers/paraphrase-multilingual-MiniLM-L12-v2,1500,150,baseline_en_core,neutron,baseline,en,25,9,0.7091929912567139,0.6693885922431946,0.1,9
sentence-transformers/paraphrase-multilingual-MiniLM-L12-v2,1500,150,baseline_en_core,neutron,baseline,en,30,0,0.7091929912567139,0.6496065258979797,0.2,5
sentence-transformers/paraphrase-multilingual-MiniLM-L12-v2,1500,150,baseline_en_core,neutron,baseline,en,30,1,0.6946671009063721,0.6586547493934631,0.1,7
sentence-transformers/paraphrase-multilingual-MiniLM-L12-v2,1500,150,baseline_en_core,neutron,baseline,en,30,2,0.6946671009063721,0.6656998991966248,0.1,10
sentence-transformers/paraphrase-multilingual-MiniLM-L12-v2,1500,150,baseline_en_core,neutron,baseline,en,30,3,0.7091929912567139,0.672286331653595,0.0,11
sentence-transformers/paraphrase-multilingual-MiniLM-L12-v2,1500,150,baseline_en_core,neutron,baseline,en,30,4,0.7091929912567139,0.672286331653595,0.0,11
sentence-transformers/paraphrase-multilingual-MiniLM-L12-v2,1500,150,baseline_en_core,neutron,baseline,en,30,5,0.6759647130966187,0.6353932023048401,0.4,2
sentence-transformers/paraphrase-multilingual-MiniLM-L12-v2,1500,150,baseline_en_core,neutron,baseline,en,30,6,0.7091929912567139,0.6657503843307495,0.1,8
sentence-transformers/paraphrase-multilingual-MiniLM-L12-v2,1500,150,baseline_en_core,neutron,baseline,en,30,7,0.7091929912567139,0.6693885922431946,0.1,9
sentence-transformers/paraphrase-multilingual-MiniLM-L12-v2,1500,150,baseline_en_core,neutron,baseline,en,30,8,0.7091929912567139,0.672286331653595,0.0,11
sentence-transformers/paraphrase-multilingual-MiniLM-L12-v2,1500,150,baseline_en_core,neutron,baseline,en,30,9,0.6946671009063721,0.6624276041984558,0.1,8
sentence-transformers/paraphrase-multilingual-MiniLM-L12-v2,1500,150,baseline_en_core,neutron,baseline,en,35,0,0.7091929912567139,0.6690226793289185,0.1,10
sentence-transformers/paraphrase-multilingual-MiniLM-L12-v2,1500,150,baseline_en_core,neutron,baseline,en,35,1,0.6946671009063721,0.6656998991966248,0.1,10
sentence-transformers/paraphrase-multilingual-MiniLM-L12-v2,1500,150,baseline_en_core,neutron,baseline,en,35,2,0.7091929912567139,0.672286331653595,0.0,11
sentence-transformers/paraphrase-multilingual-MiniLM-L12-v2,1500,150,baseline_en_core,neutron,baseline,en,35,3,0.6759647130966187,0.6359079480171204,0.4,2
sentence-transformers/paraphrase-multilingual-MiniLM-L12-v2,1500,150,baseline_en_core,neutron,baseline,en,35,4,0.7091929912567139,0.6693885922431946,0.1,9
sentence-transformers/paraphrase-multilingual-MiniLM-L12-v2,1500,150,baseline_en_core,neutron,baseline,en,35,5,0.6946671009063721,0.662117600440979,0.1,9
sentence-transformers/paraphrase-multilingual-MiniLM-L12-v2,1500,150,baseline_en_core,neutron,baseline,en,35,6,0.7091929912567139,0.6430563926696777,0.5,4
sentence-transformers/paraphrase-multilingual-MiniLM-L12-v2,1500,150,baseline_en_core,neutron,baseline,en,35,7,0.7091929912567139,0.6690226793289185,0.1,10
sentence-transformers/paraphrase-multilingual-MiniLM-L12-v2,1500,150,baseline_en_core,neutron,baseline,en,35,8,0.7091929912567139,0.672286331653595,0.0,11
sentence-transformers/paraphrase-multilingual-MiniLM-L12-v2,1500,150,baseline_en_core,neutron,baseline,en,35,9,0.7091929912567139,0.6657503843307495,0.1,8
sentence-transformers/paraphrase-multilingual-MiniLM-L12-v2,1500,150,baseline_en_core,neutron,baseline,en,40,0,0.7091929912567139,0.6657503843307495,0.1,8
sentence-transformers/paraphrase-multilingual-MiniLM-L12-v2,1500,150,baseline_en_core,neutron,baseline,en,40,1,0.7091929912567139,0.6690226793289185,0.1,10
sentence-transformers/paraphrase-multilingual-MiniLM-L12-v2,1500,150,baseline_en_core,neutron,baseline,en,40,2,0.7091929912567139,0.672286331653595,0.0,11
sentence-transformers/paraphrase-multilingual-MiniLM-L12-v2,1500,150,baseline_en_core,neutron,baseline,en,40,3,0.6946671009063721,0.6656998991966248,0.1,10
sentence-transformers/paraphrase-multilingual-MiniLM-L12-v2,1500,150,baseline_en_core,neutron,baseline,en,40,4,0.6946671009063721,0.6656998991966248,0.1,10
sentence-transformers/paraphrase-multilingual-MiniLM-L12-v2,1500,150,baseline_en_core,neutron,baseline,en,40,5,0.7091929912567139,0.6445758938789368,0.2,3
sentence-transformers/paraphrase-multilingual-MiniLM-L12-v2,1500,150,baseline_en_core,neutron,baseline,en,40,6,0.6946671009063721,0.6624276041984558,0.1,8
sentence-transformers/paraphrase-multilingual-MiniLM-L12-v2,1500,150,baseline_en_core,neutron,baseline,en,40,7,0.6946671009063721,0.6624276041984558,0.1,8
sentence-transformers/paraphrase-multilingual-MiniLM-L12-v2,1500,150,baseline_en_core,neutron,baseline,en,40,8,0.7091929912567139,0.6501212120056152,0.2,5
sentence-transformers/paraphrase-multilingual-MiniLM-L12-v2,1500,150,baseline_en_core,neutron,baseline,en,40,9,0.7091929912567139,0.672286331653595,0.0,11
sentence-transformers/paraphrase-multilingual-MiniLM-L12-v2,1500,150,baseline_en_core,neutron,baseline,en,45,0,0.7091929912567139,0.672286331653595,0.0,11
sentence-transformers/paraphrase-multilingual-MiniLM-L12-v2,1500,150,baseline_en_core,neutron,baseline,en,45,1,0.7091929912567139,0.672286331653595,0.0,11
sentence-transformers/paraphrase-multilingual-MiniLM-L12-v2,1500,150,baseline_en_core,neutron,baseline,en,45,2,0.7091929912567139,0.6690226793289185,0.1,10
sentence-transformers/paraphrase-multilingual-MiniLM-L12-v2,1500,150,baseline_en_core,neutron,baseline,en,45,3,0.7091929912567139,0.672286331653595,0.0,11
sentence-transformers/paraphrase-multilingual-MiniLM-L12-v2,1500,150,baseline_en_core,neutron,baseline,en,45,4,0.7091929912567139,0.672286331653595,0.0,11
sentence-transformers/paraphrase-multilingual-MiniLM-L12-v2,1500,150,baseline_en_core,neutron,baseline,en,45,5,0.6946671009063721,0.662117600440979,0.1,9
sentence-transformers/paraphrase-multilingual-MiniLM-L12-v2,1500,150,baseline_en_core,neutron,baseline,en,45,6,0.7091929912567139,0.6690226793289185,0.1,10
sentence-transformers/paraphrase-multilingual-MiniLM-L12-v2,1500,150,baseline_en_core,neutron,baseline,en,45,7,0.7091929912567139,0.672286331653595,0.0,11
sentence-transformers/paraphrase-multilingual-MiniLM-L12-v2,1500,150,baseline_en_core,neutron,baseline,en,45,8,0.7091929912567139,0.672286331653595,0.0,11
sentence-transformers/paraphrase-multilingual-MiniLM-L12-v2,1500,150,baseline_en_core,neutron,baseline,en,45,9,0.7091929912567139,0.672286331653595,0.0,11
sentence-transformers/paraphrase-multilingual-MiniLM-L12-v2,1500,150,baseline_en_core,neutron,baseline,en,50,0,0.7091929912567139,0.672286331653595,0.0,11
sentence-transformers/paraphrase-multilingual-MiniLM-L12-v2,1500,150,baseline_en_core,neutron,baseline,en,50,1,0.7091929912567139,0.672286331653595,0.0,11
sentence-transformers/paraphrase-multilingual-MiniLM-L12-v2,1500,150,baseline_en_core,neutron,baseline,en,50,2,0.7091929912567139,0.672286331653595,0.0,11
sentence-transformers/paraphrase-multilingual-MiniLM-L12-v2,1500,150,baseline_en_core,neutron,baseline,en,50,3,0.7091929912567139,0.672286331653595,0.0,11
sentence-transformers/paraphrase-multilingual-MiniLM-L12-v2,1500,150,baseline_en_core,neutron,baseline,en,50,4,0.7091929912567139,0.672286331653595,0.0,11
sentence-transformers/paraphrase-multilingual-MiniLM-L12-v2,1500,150,baseline_en_core,neutron,baseline,en,50,5,0.7091929912567139,0.672286331653595,0.0,11
sentence-transformers/paraphrase-multilingual-MiniLM-L12-v2,1500,150,baseline_en_core,neutron,baseline,en,50,6,0.7091929912567139,0.672286331653595,0.0,11
sentence-transformers/paraphrase-multilingual-MiniLM-L12-v2,1500,150,baseline_en_core,neutron,baseline,en,50,7,0.7091929912567139,0.672286331653595,0.0,11
sentence-transformers/paraphrase-multilingual-MiniLM-L12-v2,1500,150,baseline_en_core,neutron,baseline,en,50,8,0.7091929912567139,0.672286331653595,0.0,11
sentence-transformers/paraphrase-multilingual-MiniLM-L12-v2,1500,150,baseline_en_core,neutron,baseline,en,50,9,0.7091929912567139,0.672286331653595,0.0,11
sentence-transformers/paraphrase-multilingual-MiniLM-L12-v2,1500,150,baseline_en_core,neutron,baseline,en,51,0,0.7091929912567139,0.672286331653595,0.0,11
sentence-transformers/paraphrase-multilingual-MiniLM-L12-v2,1500,150,baseline_en_core,neutron,baseline,en,51,1,0.7091929912567139,0.672286331653595,0.0,11
sentence-transformers/paraphrase-multilingual-MiniLM-L12-v2,1500,150,baseline_en_core,neutron,baseline,en,51,2,0.7091929912567139,0.672286331653595,0.0,11
sentence-transformers/paraphrase-multilingual-MiniLM-L12-v2,1500,150,baseline_en_core,neutron,baseline,en,51,3,0.7091929912567139,0.672286331653595,0.0,11
sentence-transformers/paraphrase-multilingual-MiniLM-L12-v2,1500,150,baseline_en_core,neutron,baseline,en,51,4,0.7091929912567139,0.672286331653595,0.0,11
sentence-transformers/paraphrase-multilingual-MiniLM-L12-v2,1500,150,baseline_en_core,neutron,baseline,en,51,5,0.7091929912567139,0.672286331653595,0.0,11
sentence-transformers/paraphrase-multilingual-MiniLM-L12-v2,1500,150,baseline_en_core,neutron,baseline,en,51,6,0.7091929912567139,0.672286331653595,0.0,11
sentence-transformers/paraphrase-multilingual-MiniLM-L12-v2,1500,150,baseline_en_core,neutron,baseline,en,51,7,0.7091929912567139,0.672286331653595,0.0,11
sentence-transformers/paraphrase-multilingual-MiniLM-L12-v2,1500,150,baseline_en_core,neutron,baseline,en,51,8,0.7091929912567139,0.672286331653595,0.0,11
sentence-transformers/paraphrase-multilingual-MiniLM-L12-v2,1500,150,baseline_en_core,neutron,baseline,en,51,9,0.7091929912567139,0.672286331653595,0.0,11
sentence-transformers/paraphrase-multilingual-MiniLM-L12-v2,1500,150,baseline_zh_phrase,中子测量电流,baseline,zh,0,0,0.6258095502853394,0.5925480723381042,1.0,1
sentence-transformers/paraphrase-multilingual-MiniLM-L12-v2,1500,150,baseline_zh_phrase,中子测量电流,baseline,zh,5,0,0.6658176183700562,0.6125497221946716,0.6,3
sentence-transformers/paraphrase-multilingual-MiniLM-L12-v2,1500,150,baseline_zh_phrase,中子测量电流,baseline,zh,5,1,0.6258095502853394,0.6025196313858032,0.6,1
sentence-transformers/paraphrase-multilingual-MiniLM-L12-v2,1500,150,baseline_zh_phrase,中子测量电流,baseline,zh,5,2,0.6258095502853394,0.5943388342857361,0.8,1
sentence-transformers/paraphrase-multilingual-MiniLM-L12-v2,1500,150,baseline_zh_phrase,中子测量电流,baseline,zh,5,3,0.6508894562721252,0.6139068007469177,0.4,3
sentence-transformers/paraphrase-multilingual-MiniLM-L12-v2,1500,150,baseline_zh_phrase,中子测量电流,baseline,zh,5,4,0.6508894562721252,0.6121541261672974,0.5,3
sentence-transformers/paraphrase-multilingual-MiniLM-L12-v2,1500,150,baseline_zh_phrase,中子测量电流,baseline,zh,5,5,0.6428493857383728,0.6080448031425476,0.6,2
sentence-transformers/paraphrase-multilingual-MiniLM-L12-v2,1500,150,baseline_zh_phrase,中子测量电流,baseline,zh,5,6,0.6658176183700562,0.6125497221946716,0.6,3
sentence-transformers/paraphrase-multilingual-MiniLM-L12-v2,1500,150,baseline_zh_phrase,中子测量电流,baseline,zh,5,7,0.6258095502853394,0.5925480723381042,1.0,1
sentence-transformers/paraphrase-multilingual-MiniLM-L12-v2,1500,150,baseline_zh_phrase,中子测量电流,baseline,zh,5,8,0.6258095502853394,0.5925480723381042,1.0,1
sentence-transformers/paraphrase-multilingual-MiniLM-L12-v2,1500,150,baseline_zh_phrase,中子测量电流,baseline,zh,5,9,0.6428493857383728,0.6102179288864136,0.5,2
sentence-transformers/paraphrase-multilingual-MiniLM-L12-v2,1500,150,baseline_zh_phrase,中子测量电流,baseline,zh,10,0,0.6510241031646729,0.6079131364822388,0.6,2
sentence-transformers/paraphrase-multilingual-MiniLM-L12-v2,1500,150,baseline_zh_phrase,中子测量电流,baseline,zh,10,1,0.6258095502853394,0.5983364582061768,0.7,1
sentence-transformers/paraphrase-multilingual-MiniLM-L12-v2,1500,150,baseline_zh_phrase,中子测量电流,baseline,zh,10,2,0.6258095502853394,0.5960038304328918,0.7,1
sentence-transformers/paraphrase-multilingual-MiniLM-L12-v2,1500,150,baseline_zh_phrase,中子测量电流,baseline,zh,10,3,0.6258095502853394,0.596221387386322,0.7,1
sentence-transformers/paraphrase-multilingual-MiniLM-L12-v2,1500,150,baseline_zh_phrase,中子测量电流,baseline,zh,10,4,0.6258095502853394,0.5935002565383911,0.9,1
sentence-transformers/paraphrase-multilingual-MiniLM-L12-v2,1500,150,baseline_zh_phrase,中子测量电流,baseline,zh,10,5,0.6508894562721252,0.6121541261672974,0.5,3
sentence-transformers/paraphrase-multilingual-MiniLM-L12-v2,1500,150,baseline_zh_phrase,中子测量电流,baseline,zh,10,6,0.6510241031646729,0.6253464818000793,0.2,5
sentence-transformers/paraphrase-multilingual-MiniLM-L12-v2,1500,150,baseline_zh_phrase,中子测量电流,baseline,zh,10,7,0.6658176183700562,0.6190940737724304,0.5,4
sentence-transformers/paraphrase-multilingual-MiniLM-L12-v2,1500,150,baseline_zh_phrase,中子测量电流,baseline,zh,10,8,0.6510241031646729,0.6065678596496582,0.7,2
sentence-transformers/paraphrase-multilingual-MiniLM-L12-v2,1500,150,baseline_zh_phrase,中子测量电流,baseline,zh,10,9,0.6428493857383728,0.605926513671875,0.6,2
sentence-transformers/paraphrase-multilingual-MiniLM-L12-v2,1500,150,baseline_zh_phrase,中子测量电流,baseline,zh,15,0,0.6258095502853394,0.5949379205703735,0.9,1
sentence-transformers/paraphrase-multilingual-MiniLM-L12-v2,1500,150,baseline_zh_phrase,中子测量电流,baseline,zh,15,1,0.6510241031646729,0.6253464818000793,0.2,5
sentence-transformers/paraphrase-multilingual-MiniLM-L12-v2,1500,150,baseline_zh_phrase,中子测量电流,baseline,zh,15,2,0.6258095502853394,0.5960005521774292,0.7,1
sentence-transformers/paraphrase-multilingual-MiniLM-L12-v2,1500,150,baseline_zh_phrase,中子测量电流,baseline,zh,15,3,0.6258095502853394,0.6027432084083557,0.5,1
sentence-transformers/paraphrase-multilingual-MiniLM-L12-v2,1500,150,baseline_zh_phrase,中子测量电流,baseline,zh,15,4,0.6508894562721252,0.6189182996749878,0.2,4
sentence-transformers/paraphrase-multilingual-MiniLM-L12-v2,1500,150,baseline_zh_phrase,中子测量电流,baseline,zh,15,5,0.6428493857383728,0.6102179288864136,0.5,2
sentence-transformers/paraphrase-multilingual-MiniLM-L12-v2,1500,150,baseline_zh_phrase,中子测量电流,baseline,zh,15,6,0.6510241031646729,0.6216045618057251,0.2,4
sentence-transformers/paraphrase-multilingual-MiniLM-L12-v2,1500,150,baseline_zh_phrase,中子测量电流,baseline,zh,15,7,0.6428493857383728,0.6080448031425476,0.6,2
sentence-transformers/paraphrase-multilingual-MiniLM-L12-v2,1500,150,baseline_zh_phrase,中子测量电流,baseline,zh,15,8,0.6658176183700562,0.6294627785682678,0.2,6
sentence-transformers/paraphrase-multilingual-MiniLM-L12-v2,1500,150,baseline_zh_phrase,中子测量电流,baseline,zh,15,9,0.6258095502853394,0.5935972332954407,0.9,1
sentence-transformers/paraphrase-multilingual-MiniLM-L12-v2,1500,150,baseline_zh_phrase,中子测量电流,baseline,zh,20,0,0.6510241031646729,0.6263495087623596,0.2,5
sentence-transformers/paraphrase-multilingual-MiniLM-L12-v2,1500,150,baseline_zh_phrase,中子测量电流,baseline,zh,20,1,0.6658176183700562,0.6245999932289124,0.3,5
sentence-transformers/paraphrase-multilingual-MiniLM-L12-v2,1500,150,baseline_zh_phrase,中子测量电流,baseline,zh,20,2,0.6508894562721252,0.6121541261672974,0.5,3
sentence-transformers/paraphrase-multilingual-MiniLM-L12-v2,1500,150,baseline_zh_phrase,中子测量电流,baseline,zh,20,3,0.6258095502853394,0.594168484210968,0.8,1
sentence-transformers/paraphrase-multilingual-MiniLM-L12-v2,1500,150,baseline_zh_phrase,中子测量电流,baseline,zh,20,4,0.6658176183700562,0.6153521537780762,0.5,3
sentence-transformers/paraphrase-multilingual-MiniLM-L12-v2,1500,150,baseline_zh_phrase,中子测量电流,baseline,zh,20,5,0.6658176183700562,0.620571494102478,0.3,4
sentence-transformers/paraphrase-multilingual-MiniLM-L12-v2,1500,150,baseline_zh_phrase,中子测量电流,baseline,zh,20,6,0.6658176183700562,0.6131236553192139,0.6,3
sentence-transformers/paraphrase-multilingual-MiniLM-L12-v2,1500,150,baseline_zh_phrase,中子测量电流,baseline,zh,20,7,0.6510241031646729,0.610896110534668,0.5,2
sentence-transformers/paraphrase-multilingual-MiniLM-L12-v2,1500,150,baseline_zh_phrase,中子测量电流,baseline,zh,20,8,0.6258095502853394,0.6048582792282104,0.5,1
sentence-transformers/paraphrase-multilingual-MiniLM-L12-v2,1500,150,baseline_zh_phrase,中子测量电流,baseline,zh,20,9,0.6658176183700562,0.6154623627662659,0.5,3
sentence-transformers/paraphrase-multilingual-MiniLM-L12-v2,1500,150,baseline_zh_phrase,中子测量电流,baseline,zh,25,0,0.6658176183700562,0.6362752318382263,0.1,7
sentence-transformers/paraphrase-multilingual-MiniLM-L12-v2,1500,150,baseline_zh_phrase,中子测量电流,baseline,zh,25,1,0.6510241031646729,0.6253464818000793,0.2,5
sentence-transformers/paraphrase-multilingual-MiniLM-L12-v2,1500,150,baseline_zh_phrase,中子测量电流,baseline,zh,25,2,0.6510241031646729,0.6232727766036987,0.2,4
sentence-transformers/paraphrase-multilingual-MiniLM-L12-v2,1500,150,baseline_zh_phrase,中子测量电流,baseline,zh,25,3,0.6658176183700562,0.6262778043746948,0.2,5
sentence-transformers/paraphrase-multilingual-MiniLM-L12-v2,1500,150,baseline_zh_phrase,中子测量电流,baseline,zh,25,4,0.6658176183700562,0.6314071416854858,0.1,6
sentence-transformers/paraphrase-multilingual-MiniLM-L12-v2,1500,150,baseline_zh_phrase,中子测量电流,baseline,zh,25,5,0.6510241031646729,0.6263495087623596,0.2,5
sentence-transformers/paraphrase-multilingual-MiniLM-L12-v2,1500,150,baseline_zh_phrase,中子测量电流,baseline,zh,25,6,0.6510241031646729,0.6253464818000793,0.2,5
sentence-transformers/paraphrase-multilingual-MiniLM-L12-v2,1500,150,baseline_zh_phrase,中子测量电流,baseline,zh,25,7,0.6508894562721252,0.6121541261672974,0.5,3
sentence-transformers/paraphrase-multilingual-MiniLM-L12-v2,1500,150,baseline_zh_phrase,中子测量电流,baseline,zh,25,8,0.6510241031646729,0.6216045618057251,0.2,4
sentence-transformers/paraphrase-multilingual-MiniLM-L12-v2,1500,150,baseline_zh_phrase,中子测量电流,baseline,zh,25,9,0.6510241031646729,0.6166461706161499,0.5,3
sentence-transformers/paraphrase-multilingual-MiniLM-L12-v2,1500,150,baseline_zh_phrase,中子测量电流,baseline,zh,30,0,0.6508894562721252,0.6194657683372498,0.3,4
sentence-transformers/paraphrase-multilingual-MiniLM-L12-v2,1500,150,baseline_zh_phrase,中子测量电流,baseline,zh,30,1,0.6658176183700562,0.6209798455238342,0.4,4
sentence-transformers/paraphrase-multilingual-MiniLM-L12-v2,1500,150,baseline_zh_phrase,中子测量电流,baseline,zh,30,2,0.6508894562721252,0.6194657683372498,0.3,4
sentence-transformers/paraphrase-multilingual-MiniLM-L12-v2,1500,150,baseline_zh_phrase,中子测量电流,baseline,zh,30,3,0.6510241031646729,0.610896110534668,0.5,2
sentence-transformers/paraphrase-multilingual-MiniLM-L12-v2,1500,150,baseline_zh_phrase,中子测量电流,baseline,zh,30,4,0.6658176183700562,0.6245999932289124,0.3,5
sentence-transformers/paraphrase-multilingual-MiniLM-L12-v2,1500,150,baseline_zh_phrase,中子测量电流,baseline,zh,30,5,0.6510241031646729,0.6270147562026978,0.2,5
sentence-transformers/paraphrase-multilingual-MiniLM-L12-v2,1500,150,baseline_zh_phrase,中子测量电流,baseline,zh,30,6,0.6658176183700562,0.6222493648529053,0.2,4
sentence-transformers/paraphrase-multilingual-MiniLM-L12-v2,1500,150,baseline_zh_phrase,中子测量电流,baseline,zh,30,7,0.6510241031646729,0.6278867721557617,0.1,5
sentence-transformers/paraphrase-multilingual-MiniLM-L12-v2,1500,150,baseline_zh_phrase,中子测量电流,baseline,zh,30,8,0.6658176183700562,0.6362752318382263,0.1,7
sentence-transformers/paraphrase-multilingual-MiniLM-L12-v2,1500,150,baseline_zh_phrase,中子测量电流,baseline,zh,30,9,0.6658176183700562,0.6362752318382263,0.1,7
sentence-transformers/paraphrase-multilingual-MiniLM-L12-v2,1500,150,baseline_zh_phrase,中子测量电流,baseline,zh,35,0,0.6658176183700562,0.630334734916687,0.1,6
sentence-transformers/paraphrase-multilingual-MiniLM-L12-v2,1500,150,baseline_zh_phrase,中子测量电流,baseline,zh,35,1,0.6658176183700562,0.6330209374427795,0.1,6
sentence-transformers/paraphrase-multilingual-MiniLM-L12-v2,1500,150,baseline_zh_phrase,中子测量电流,baseline,zh,35,2,0.6658176183700562,0.6217803955078125,0.5,4
sentence-transformers/paraphrase-multilingual-MiniLM-L12-v2,1500,150,baseline_zh_phrase,中子测量电流,baseline,zh,35,3,0.6658176183700562,0.6286776065826416,0.2,5
sentence-transformers/paraphrase-multilingual-MiniLM-L12-v2,1500,150,baseline_zh_phrase,中子测量电流,baseline,zh,35,4,0.6658176183700562,0.6314071416854858,0.1,6
sentence-transformers/paraphrase-multilingual-MiniLM-L12-v2,1500,150,baseline_zh_phrase,中子测量电流,baseline,zh,35,5,0.6658176183700562,0.630334734916687,0.1,6
sentence-transformers/paraphrase-multilingual-MiniLM-L12-v2,1500,150,baseline_zh_phrase,中子测量电流,baseline,zh,35,6,0.6658176183700562,0.6362752318382263,0.1,7
sentence-transformers/paraphrase-multilingual-MiniLM-L12-v2,1500,150,baseline_zh_phrase,中子测量电流,baseline,zh,35,7,0.6508894562721252,0.6205865740776062,0.2,4
sentence-transformers/paraphrase-multilingual-MiniLM-L12-v2,1500,150,baseline_zh_phrase,中子测量电流,baseline,zh,35,8,0.6658176183700562,0.6336862444877625,0.1,6
sentence-transformers/paraphrase-multilingual-MiniLM-L12-v2,1500,150,baseline_zh_phrase,中子测量电流,baseline,zh,35,9,0.6258095502853394,0.6027432084083557,0.5,1
sentence-transformers/paraphrase-multilingual-MiniLM-L12-v2,1500,150,baseline_zh_phrase,中子测量电流,baseline,zh,40,0,0.6658176183700562,0.6362752318382263,0.1,7
sentence-transformers/paraphrase-multilingual-MiniLM-L12-v2,1500,150,baseline_zh_phrase,中子测量电流,baseline,zh,40,1,0.6510241031646729,0.6221520304679871,0.3,4
sentence-transformers/paraphrase-multilingual-MiniLM-L12-v2,1500,150,baseline_zh_phrase,中子测量电流,baseline,zh,40,2,0.6658176183700562,0.6362752318382263,0.1,7
sentence-transformers/paraphrase-multilingual-MiniLM-L12-v2,1500,150,baseline_zh_phrase,中子测量电流,baseline,zh,40,3,0.6510241031646729,0.6278867721557617,0.1,5
sentence-transformers/paraphrase-multilingual-MiniLM-L12-v2,1500,150,baseline_zh_phrase,中子测量电流,baseline,zh,40,4,0.6658176183700562,0.630334734916687,0.1,6
sentence-transformers/paraphrase-multilingual-MiniLM-L12-v2,1500,150,baseline_zh_phrase,中子测量电流,baseline,zh,40,5,0.6658176183700562,0.6362752318382263,0.1,7
sentence-transformers/paraphrase-multilingual-MiniLM-L12-v2,1500,150,baseline_zh_phrase,中子测量电流,baseline,zh,40,6,0.6658176183700562,0.6321489214897156,0.2,6
sentence-transformers/paraphrase-multilingual-MiniLM-L12-v2,1500,150,baseline_zh_phrase,中子测量电流,baseline,zh,40,7,0.6658176183700562,0.6330209374427795,0.1,6
sentence-transformers/paraphrase-multilingual-MiniLM-L12-v2,1500,150,baseline_zh_phrase,中子测量电流,baseline,zh,40,8,0.6658176183700562,0.6362752318382263,0.1,7
sentence-transformers/paraphrase-multilingual-MiniLM-L12-v2,1500,150,baseline_zh_phrase,中子测量电流,baseline,zh,40,9,0.6658176183700562,0.6286776065826416,0.2,5
sentence-transformers/paraphrase-multilingual-MiniLM-L12-v2,1500,150,baseline_zh_phrase,中子测量电流,baseline,zh,45,0,0.6658176183700562,0.6362752318382263,0.1,7
sentence-transformers/paraphrase-multilingual-MiniLM-L12-v2,1500,150,baseline_zh_phrase,中子测量电流,baseline,zh,45,1,0.6658176183700562,0.6362752318382263,0.1,7
sentence-transformers/paraphrase-multilingual-MiniLM-L12-v2,1500,150,baseline_zh_phrase,中子测量电流,baseline,zh,45,2,0.6658176183700562,0.6362752318382263,0.1,7
sentence-transformers/paraphrase-multilingual-MiniLM-L12-v2,1500,150,baseline_zh_phrase,中子测量电流,baseline,zh,45,3,0.6658176183700562,0.6362752318382263,0.1,7
sentence-transformers/paraphrase-multilingual-MiniLM-L12-v2,1500,150,baseline_zh_phrase,中子测量电流,baseline,zh,45,4,0.6658176183700562,0.6336862444877625,0.1,6
sentence-transformers/paraphrase-multilingual-MiniLM-L12-v2,1500,150,baseline_zh_phrase,中子测量电流,baseline,zh,45,5,0.6658176183700562,0.6295496225357056,0.1,5
sentence-transformers/paraphrase-multilingual-MiniLM-L12-v2,1500,150,baseline_zh_phrase,中子测量电流,baseline,zh,45,6,0.6658176183700562,0.6295496225357056,0.1,5
sentence-transformers/paraphrase-multilingual-MiniLM-L12-v2,1500,150,baseline_zh_phrase,中子测量电流,baseline,zh,45,7,0.6658176183700562,0.6362752318382263,0.1,7
sentence-transformers/paraphrase-multilingual-MiniLM-L12-v2,1500,150,baseline_zh_phrase,中子测量电流,baseline,zh,45,8,0.6658176183700562,0.6362752318382263,0.1,7
sentence-transformers/paraphrase-multilingual-MiniLM-L12-v2,1500,150,baseline_zh_phrase,中子测量电流,baseline,zh,45,9,0.6658176183700562,0.6362752318382263,0.1,7
sentence-transformers/paraphrase-multilingual-MiniLM-L12-v2,1500,150,baseline_zh_phrase,中子测量电流,baseline,zh,50,0,0.6658176183700562,0.6362752318382263,0.1,7
sentence-transformers/paraphrase-multilingual-MiniLM-L12-v2,1500,150,baseline_zh_phrase,中子测量电流,baseline,zh,50,1,0.6658176183700562,0.6362752318382263,0.1,7
sentence-transformers/paraphrase-multilingual-MiniLM-L12-v2,1500,150,baseline_zh_phrase,中子测量电流,baseline,zh,50,2,0.6658176183700562,0.6362752318382263,0.1,7
sentence-transformers/paraphrase-multilingual-MiniLM-L12-v2,1500,150,baseline_zh_phrase,中子测量电流,baseline,zh,50,3,0.6658176183700562,0.6362752318382263,0.1,7
sentence-transformers/paraphrase-multilingual-MiniLM-L12-v2,1500,150,baseline_zh_phrase,中子测量电流,baseline,zh,50,4,0.6658176183700562,0.6362752318382263,0.1,7
sentence-transformers/paraphrase-multilingual-MiniLM-L12-v2,1500,150,baseline_zh_phrase,中子测量电流,baseline,zh,50,5,0.6658176183700562,0.6362752318382263,0.1,7
sentence-transformers/paraphrase-multilingual-MiniLM-L12-v2,1500,150,baseline_zh_phrase,中子测量电流,baseline,zh,50,6,0.6658176183700562,0.6362752318382263,0.1,7
sentence-transformers/paraphrase-multilingual-MiniLM-L12-v2,1500,150,baseline_zh_phrase,中子测量电流,baseline,zh,50,7,0.6658176183700562,0.6362752318382263,0.1,7
sentence-transformers/paraphrase-multilingual-MiniLM-L12-v2,1500,150,baseline_zh_phrase,中子测量电流,baseline,zh,50,8,0.6658176183700562,0.6362752318382263,0.1,7
sentence-transformers/paraphrase-multilingual-MiniLM-L12-v2,1500,150,baseline_zh_phrase,中子测量电流,baseline,zh,50,9,0.6658176183700562,0.6362752318382263,0.1,7
sentence-transformers/paraphrase-multilingual-MiniLM-L12-v2,1500,150,baseline_zh_phrase,中子测量电流,baseline,zh,51,0,0.6658176183700562,0.6362752318382263,0.1,7
sentence-transformers/paraphrase-multilingual-MiniLM-L12-v2,1500,150,baseline_zh_phrase,中子测量电流,baseline,zh,51,1,0.6658176183700562,0.6362752318382263,0.1,7
sentence-transformers/paraphrase-multilingual-MiniLM-L12-v2,1500,150,baseline_zh_phrase,中子测量电流,baseline,zh,51,2,0.6658176183700562,0.6362752318382263,0.1,7
sentence-transformers/paraphrase-multilingual-MiniLM-L12-v2,1500,150,baseline_zh_phrase,中子测量电流,baseline,zh,51,3,0.6658176183700562,0.6362752318382263,0.1,7
sentence-transformers/paraphrase-multilingual-MiniLM-L12-v2,1500,150,baseline_zh_phrase,中子测量电流,baseline,zh,51,4,0.6658176183700562,0.6362752318382263,0.1,7
sentence-transformers/paraphrase-multilingual-MiniLM-L12-v2,1500,150,baseline_zh_phrase,中子测量电流,baseline,zh,51,5,0.6658176183700562,0.6362752318382263,0.1,7
sentence-transformers/paraphrase-multilingual-MiniLM-L12-v2,1500,150,baseline_zh_phrase,中子测量电流,baseline,zh,51,6,0.6658176183700562,0.6362752318382263,0.1,7
sentence-transformers/paraphrase-multilingual-MiniLM-L12-v2,1500,150,baseline_zh_phrase,中子测量电流,baseline,zh,51,7,0.6658176183700562,0.6362752318382263,0.1,7
sentence-transformers/paraphrase-multilingual-MiniLM-L12-v2,1500,150,baseline_zh_phrase,中子测量电流,baseline,zh,51,8,0.6658176183700562,0.6362752318382263,0.1,7
sentence-transformers/paraphrase-multilingual-MiniLM-L12-v2,1500,150,baseline_zh_phrase,中子测量电流,baseline,zh,51,9,0.6658176183700562,0.6362752318382263,0.1,7
sentence-transformers/paraphrase-multilingual-MiniLM-L12-v2,1500,150,baseline_en_phrase,neutron measurement current,baseline,en,0,0,0.7181696891784668,0.6793848276138306,1.0,1
sentence-transformers/paraphrase-multilingual-MiniLM-L12-v2,1500,150,baseline_en_phrase,neutron measurement current,baseline,en,5,0,0.7181696891784668,0.6793848276138306,1.0,1
sentence-transformers/paraphrase-multilingual-MiniLM-L12-v2,1500,150,baseline_en_phrase,neutron measurement current,baseline,en,5,1,0.7181696891784668,0.6797040700912476,0.9,1
sentence-transformers/paraphrase-multilingual-MiniLM-L12-v2,1500,150,baseline_en_phrase,neutron measurement current,baseline,en,5,2,0.7181696891784668,0.6793848276138306,1.0,1
sentence-transformers/paraphrase-multilingual-MiniLM-L12-v2,1500,150,baseline_en_phrase,neutron measurement current,baseline,en,5,3,0.7345510125160217,0.6934266090393066,0.6,2
sentence-transformers/paraphrase-multilingual-MiniLM-L12-v2,1500,150,baseline_en_phrase,neutron measurement current,baseline,en,5,4,0.7181696891784668,0.6797040700912476,0.9,1
sentence-transformers/paraphrase-multilingual-MiniLM-L12-v2,1500,150,baseline_en_phrase,neutron measurement current,baseline,en,5,5,0.7181696891784668,0.6793848276138306,1.0,1
sentence-transformers/paraphrase-multilingual-MiniLM-L12-v2,1500,150,baseline_en_phrase,neutron measurement current,baseline,en,5,6,0.7181696891784668,0.6793848276138306,1.0,1
sentence-transformers/paraphrase-multilingual-MiniLM-L12-v2,1500,150,baseline_en_phrase,neutron measurement current,baseline,en,5,7,0.7181696891784668,0.6793848276138306,1.0,1
sentence-transformers/paraphrase-multilingual-MiniLM-L12-v2,1500,150,baseline_en_phrase,neutron measurement current,baseline,en,5,8,0.7181696891784668,0.6793848276138306,1.0,1
sentence-transformers/paraphrase-multilingual-MiniLM-L12-v2,1500,150,baseline_en_phrase,neutron measurement current,baseline,en,5,9,0.7181696891784668,0.6793848276138306,1.0,1
sentence-transformers/paraphrase-multilingual-MiniLM-L12-v2,1500,150,baseline_en_phrase,neutron measurement current,baseline,en,10,0,0.7779082655906677,0.702456533908844,0.7,3
sentence-transformers/paraphrase-multilingual-MiniLM-L12-v2,1500,150,baseline_en_phrase,neutron measurement current,baseline,en,10,1,0.7779082655906677,0.6953350305557251,0.8,2
sentence-transformers/paraphrase-multilingual-MiniLM-L12-v2,1500,150,baseline_en_phrase,neutron measurement current,baseline,en,10,2,0.7779082655906677,0.697309672832489,0.7,2
sentence-transformers/paraphrase-multilingual-MiniLM-L12-v2,1500,150,baseline_en_phrase,neutron measurement current,baseline,en,10,3,0.7181696891784668,0.6824944615364075,0.9,1
sentence-transformers/paraphrase-multilingual-MiniLM-L12-v2,1500,150,baseline_en_phrase,neutron measurement current,baseline,en,10,4,0.7320813536643982,0.6876860857009888,0.8,2
sentence-transformers/paraphrase-multilingual-MiniLM-L12-v2,1500,150,baseline_en_phrase,neutron measurement current,baseline,en,10,5,0.7311311960220337,0.7062976956367493,0.5,4
sentence-transformers/paraphrase-multilingual-MiniLM-L12-v2,1500,150,baseline_en_phrase,neutron measurement current,baseline,en,10,6,0.7320813536643982,0.6876412630081177,0.9,2
sentence-transformers/paraphrase-multilingual-MiniLM-L12-v2,1500,150,baseline_en_phrase,neutron measurement current,baseline,en,10,7,0.7779082655906677,0.702456533908844,0.7,3
sentence-transformers/paraphrase-multilingual-MiniLM-L12-v2,1500,150,baseline_en_phrase,neutron measurement current,baseline,en,10,8,0.7181696891784668,0.6793848276138306,1.0,1
sentence-transformers/paraphrase-multilingual-MiniLM-L12-v2,1500,150,baseline_en_phrase,neutron measurement current,baseline,en,10,9,0.7181696891784668,0.6793848276138306,1.0,1
sentence-transformers/paraphrase-multilingual-MiniLM-L12-v2,1500,150,baseline_en_phrase,neutron measurement current,baseline,en,15,0,0.7779082655906677,0.706500768661499,0.5,3
sentence-transformers/paraphrase-multilingual-MiniLM-L12-v2,1500,150,baseline_en_phrase,neutron measurement current,baseline,en,15,1,0.7311311960220337,0.7062976956367493,0.5,4
sentence-transformers/paraphrase-multilingual-MiniLM-L12-v2,1500,150,baseline_en_phrase,neutron measurement current,baseline,en,15,2,0.7181696891784668,0.6824944615364075,0.9,1
sentence-transformers/paraphrase-multilingual-MiniLM-L12-v2,1500,150,baseline_en_phrase,neutron measurement current,baseline,en,15,3,0.7779082655906677,0.697309672832489,0.7,2
sentence-transformers/paraphrase-multilingual-MiniLM-L12-v2,1500,150,baseline_en_phrase,neutron measurement current,baseline,en,15,4,0.7345510125160217,0.6950344443321228,0.6,2
sentence-transformers/paraphrase-multilingual-MiniLM-L12-v2,1500,150,baseline_en_phrase,neutron measurement current,baseline,en,15,5,0.7779082655906677,0.697309672832489,0.7,2
sentence-transformers/paraphrase-multilingual-MiniLM-L12-v2,1500,150,baseline_en_phrase,neutron measurement current,baseline,en,15,6,0.7181696891784668,0.6824944615364075,0.9,1
sentence-transformers/paraphrase-multilingual-MiniLM-L12-v2,1500,150,baseline_en_phrase,neutron measurement current,baseline,en,15,7,0.7779082655906677,0.6953350305557251,0.8,2
sentence-transformers/paraphrase-multilingual-MiniLM-L12-v2,1500,150,baseline_en_phrase,neutron measurement current,baseline,en,15,8,0.7779082655906677,0.7060563564300537,0.6,3
sentence-transformers/paraphrase-multilingual-MiniLM-L12-v2,1500,150,baseline_en_phrase,neutron measurement current,baseline,en,15,9,0.7779082655906677,0.697309672832489,0.7,2
sentence-transformers/paraphrase-multilingual-MiniLM-L12-v2,1500,150,baseline_en_phrase,neutron measurement current,baseline,en,20,0,0.7181696891784668,0.6825392246246338,0.8,1
sentence-transformers/paraphrase-multilingual-MiniLM-L12-v2,1500,150,baseline_en_phrase,neutron measurement current,baseline,en,20,1,0.7181696891784668,0.6797040700912476,0.9,1
sentence-transformers/paraphrase-multilingual-MiniLM-L12-v2,1500,150,baseline_en_phrase,neutron measurement current,baseline,en,20,2,0.7345510125160217,0.6934266090393066,0.6,2
sentence-transformers/paraphrase-multilingual-MiniLM-L12-v2,1500,150,baseline_en_phrase,neutron measurement current,baseline,en,20,3,0.7779082655906677,0.702456533908844,0.7,3
sentence-transformers/paraphrase-multilingual-MiniLM-L12-v2,1500,150,baseline_en_phrase,neutron measurement current,baseline,en,20,4,0.7345510125160217,0.6950344443321228,0.6,2
sentence-transformers/paraphrase-multilingual-MiniLM-L12-v2,1500,150,baseline_en_phrase,neutron measurement current,baseline,en,20,5,0.7345510125160217,0.7118211388587952,0.3,5
sentence-transformers/paraphrase-multilingual-MiniLM-L12-v2,1500,150,baseline_en_phrase,neutron measurement current,baseline,en,20,6,0.7320813536643982,0.6876860857009888,0.8,2
sentence-transformers/paraphrase-multilingual-MiniLM-L12-v2,1500,150,baseline_en_phrase,neutron measurement current,baseline,en,20,7,0.7779082655906677,0.702456533908844,0.7,3
sentence-transformers/paraphrase-multilingual-MiniLM-L12-v2,1500,150,baseline_en_phrase,neutron measurement current,baseline,en,20,8,0.7320813536643982,0.6876412630081177,0.9,2
sentence-transformers/paraphrase-multilingual-MiniLM-L12-v2,1500,150,baseline_en_phrase,neutron measurement current,baseline,en,20,9,0.7311311960220337,0.7062976956367493,0.5,4
sentence-transformers/paraphrase-multilingual-MiniLM-L12-v2,1500,150,baseline_en_phrase,neutron measurement current,baseline,en,25,0,0.7345510125160217,0.6934266090393066,0.6,2
sentence-transformers/paraphrase-multilingual-MiniLM-L12-v2,1500,150,baseline_en_phrase,neutron measurement current,baseline,en,25,1,0.7345510125160217,0.7118211388587952,0.3,5
sentence-transformers/paraphrase-multilingual-MiniLM-L12-v2,1500,150,baseline_en_phrase,neutron measurement current,baseline,en,25,2,0.7345510125160217,0.6950344443321228,0.6,2
sentence-transformers/paraphrase-multilingual-MiniLM-L12-v2,1500,150,baseline_en_phrase,neutron measurement current,baseline,en,25,3,0.7320813536643982,0.6876412630081177,0.9,2
sentence-transformers/paraphrase-multilingual-MiniLM-L12-v2,1500,150,baseline_en_phrase,neutron measurement current,baseline,en,25,4,0.7779082655906677,0.702456533908844,0.7,3
sentence-transformers/paraphrase-multilingual-MiniLM-L12-v2,1500,150,baseline_en_phrase,neutron measurement current,baseline,en,25,5,0.7181696891784668,0.6793848276138306,1.0,1
sentence-transformers/paraphrase-multilingual-MiniLM-L12-v2,1500,150,baseline_en_phrase,neutron measurement current,baseline,en,25,6,0.7311311960220337,0.7062976956367493,0.5,4
sentence-transformers/paraphrase-multilingual-MiniLM-L12-v2,1500,150,baseline_en_phrase,neutron measurement current,baseline,en,25,7,0.7345510125160217,0.7001813054084778,0.6,3
sentence-transformers/paraphrase-multilingual-MiniLM-L12-v2,1500,150,baseline_en_phrase,neutron measurement current,baseline,en,25,8,0.7181696891784668,0.6797040700912476,0.9,1
sentence-transformers/paraphrase-multilingual-MiniLM-L12-v2,1500,150,baseline_en_phrase,neutron measurement current,baseline,en,25,9,0.7181696891784668,0.6824944615364075,0.9,1
sentence-transformers/paraphrase-multilingual-MiniLM-L12-v2,1500,150,baseline_en_phrase,neutron measurement current,baseline,en,30,0,0.7779082655906677,0.7203115224838257,0.3,6
sentence-transformers/paraphrase-multilingual-MiniLM-L12-v2,1500,150,baseline_en_phrase,neutron measurement current,baseline,en,30,1,0.7320813536643982,0.7109178900718689,0.4,5
sentence-transformers/paraphrase-multilingual-MiniLM-L12-v2,1500,150,baseline_en_phrase,neutron measurement current,baseline,en,30,2,0.7345510125160217,0.7118211388587952,0.3,5
sentence-transformers/paraphrase-multilingual-MiniLM-L12-v2,1500,150,baseline_en_phrase,neutron measurement current,baseline,en,30,3,0.7345510125160217,0.7001813054084778,0.6,3
sentence-transformers/paraphrase-multilingual-MiniLM-L12-v2,1500,150,baseline_en_phrase,neutron measurement current,baseline,en,30,4,0.7311311960220337,0.7062976956367493,0.5,4
sentence-transformers/paraphrase-multilingual-MiniLM-L12-v2,1500,150,baseline_en_phrase,neutron measurement current,baseline,en,30,5,0.7779082655906677,0.704372763633728,0.6,3
sentence-transformers/paraphrase-multilingual-MiniLM-L12-v2,1500,150,baseline_en_phrase,neutron measurement current,baseline,en,30,6,0.7779082655906677,0.702456533908844,0.7,3
sentence-transformers/paraphrase-multilingual-MiniLM-L12-v2,1500,150,baseline_en_phrase,neutron measurement current,baseline,en,30,7,0.7181696891784668,0.6824944615364075,0.9,1
sentence-transformers/paraphrase-multilingual-MiniLM-L12-v2,1500,150,baseline_en_phrase,neutron measurement current,baseline,en,30,8,0.7345510125160217,0.7157288789749146,0.3,6
sentence-transformers/paraphrase-multilingual-MiniLM-L12-v2,1500,150,baseline_en_phrase,neutron measurement current,baseline,en,30,9,0.7779082655906677,0.702456533908844,0.7,3
sentence-transformers/paraphrase-multilingual-MiniLM-L12-v2,1500,150,baseline_en_phrase,neutron measurement current,baseline,en,35,0,0.7779082655906677,0.706500768661499,0.5,3
sentence-transformers/paraphrase-multilingual-MiniLM-L12-v2,1500,150,baseline_en_phrase,neutron measurement current,baseline,en,35,1,0.7779082655906677,0.7203115224838257,0.3,6
sentence-transformers/paraphrase-multilingual-MiniLM-L12-v2,1500,150,baseline_en_phrase,neutron measurement current,baseline,en,35,2,0.7345510125160217,0.7118211388587952,0.3,5
sentence-transformers/paraphrase-multilingual-MiniLM-L12-v2,1500,150,baseline_en_phrase,neutron measurement current,baseline,en,35,3,0.7779082655906677,0.7198671102523804,0.3,6
sentence-transformers/paraphrase-multilingual-MiniLM-L12-v2,1500,150,baseline_en_phrase,neutron measurement current,baseline,en,35,4,0.7779082655906677,0.7240217924118042,0.3,7
sentence-transformers/paraphrase-multilingual-MiniLM-L12-v2,1500,150,baseline_en_phrase,neutron measurement current,baseline,en,35,5,0.7779082655906677,0.7060563564300537,0.6,3
sentence-transformers/paraphrase-multilingual-MiniLM-L12-v2,1500,150,baseline_en_phrase,neutron measurement current,baseline,en,35,6,0.7779082655906677,0.7203115224838257,0.3,6
sentence-transformers/paraphrase-multilingual-MiniLM-L12-v2,1500,150,baseline_en_phrase,neutron measurement current,baseline,en,35,7,0.7779082655906677,0.7155005931854248,0.4,5
sentence-transformers/paraphrase-multilingual-MiniLM-L12-v2,1500,150,baseline_en_phrase,neutron measurement current,baseline,en,35,8,0.7779082655906677,0.7240217924118042,0.3,7
sentence-transformers/paraphrase-multilingual-MiniLM-L12-v2,1500,150,baseline_en_phrase,neutron measurement current,baseline,en,35,9,0.7345510125160217,0.7157288789749146,0.3,6
sentence-transformers/paraphrase-multilingual-MiniLM-L12-v2,1500,150,baseline_en_phrase,neutron measurement current,baseline,en,40,0,0.7779082655906677,0.7198671102523804,0.3,6
sentence-transformers/paraphrase-multilingual-MiniLM-L12-v2,1500,150,baseline_en_phrase,neutron measurement current,baseline,en,40,1,0.7779082655906677,0.7240217924118042,0.3,7
sentence-transformers/paraphrase-multilingual-MiniLM-L12-v2,1500,150,baseline_en_phrase,neutron measurement current,baseline,en,40,2,0.7779082655906677,0.711647629737854,0.5,4
sentence-transformers/paraphrase-multilingual-MiniLM-L12-v2,1500,150,baseline_en_phrase,neutron measurement current,baseline,en,40,3,0.7779082655906677,0.711647629737854,0.5,4
sentence-transformers/paraphrase-multilingual-MiniLM-L12-v2,1500,150,baseline_en_phrase,neutron measurement current,baseline,en,40,4,0.7345510125160217,0.7118211388587952,0.3,5
sentence-transformers/paraphrase-multilingual-MiniLM-L12-v2,1500,150,baseline_en_phrase,neutron measurement current,baseline,en,40,5,0.7779082655906677,0.7198671102523804,0.3,6
sentence-transformers/paraphrase-multilingual-MiniLM-L12-v2,1500,150,baseline_en_phrase,neutron measurement current,baseline,en,40,6,0.7779082655906677,0.711647629737854,0.5,4
sentence-transformers/paraphrase-multilingual-MiniLM-L12-v2,1500,150,baseline_en_phrase,neutron measurement current,baseline,en,40,7,0.7779082655906677,0.7203115224838257,0.3,6
sentence-transformers/paraphrase-multilingual-MiniLM-L12-v2,1500,150,baseline_en_phrase,neutron measurement current,baseline,en,40,8,0.7779082655906677,0.7155005931854248,0.4,5
sentence-transformers/paraphrase-multilingual-MiniLM-L12-v2,1500,150,baseline_en_phrase,neutron measurement current,baseline,en,40,9,0.7779082655906677,0.7203115224838257,0.3,6
sentence-transformers/paraphrase-multilingual-MiniLM-L12-v2,1500,150,baseline_en_phrase,neutron measurement current,baseline,en,45,0,0.7779082655906677,0.7240217924118042,0.3,7
sentence-transformers/paraphrase-multilingual-MiniLM-L12-v2,1500,150,baseline_en_phrase,neutron measurement current,baseline,en,45,1,0.7779082655906677,0.7240217924118042,0.3,7
sentence-transformers/paraphrase-multilingual-MiniLM-L12-v2,1500,150,baseline_en_phrase,neutron measurement current,baseline,en,45,2,0.7779082655906677,0.7240217924118042,0.3,7
sentence-transformers/paraphrase-multilingual-MiniLM-L12-v2,1500,150,baseline_en_phrase,neutron measurement current,baseline,en,45,3,0.7779082655906677,0.7198671102523804,0.3,6
sentence-transformers/paraphrase-multilingual-MiniLM-L12-v2,1500,150,baseline_en_phrase,neutron measurement current,baseline,en,45,4,0.7779082655906677,0.7240217924118042,0.3,7
sentence-transformers/paraphrase-multilingual-MiniLM-L12-v2,1500,150,baseline_en_phrase,neutron measurement current,baseline,en,45,5,0.7779082655906677,0.7240217924118042,0.3,7
sentence-transformers/paraphrase-multilingual-MiniLM-L12-v2,1500,150,baseline_en_phrase,neutron measurement current,baseline,en,45,6,0.7779082655906677,0.704372763633728,0.6,3
sentence-transformers/paraphrase-multilingual-MiniLM-L12-v2,1500,150,baseline_en_phrase,neutron measurement current,baseline,en,45,7,0.7345510125160217,0.7157288789749146,0.3,6
sentence-transformers/paraphrase-multilingual-MiniLM-L12-v2,1500,150,baseline_en_phrase,neutron measurement current,baseline,en,45,8,0.7779082655906677,0.7240217924118042,0.3,7
sentence-transformers/paraphrase-multilingual-MiniLM-L12-v2,1500,150,baseline_en_phrase,neutron measurement current,baseline,en,45,9,0.7779082655906677,0.7240217924118042,0.3,7
sentence-transformers/paraphrase-multilingual-MiniLM-L12-v2,1500,150,baseline_en_phrase,neutron measurement current,baseline,en,50,0,0.7779082655906677,0.7240217924118042,0.3,7
sentence-transformers/paraphrase-multilingual-MiniLM-L12-v2,1500,150,baseline_en_phrase,neutron measurement current,baseline,en,50,1,0.7779082655906677,0.7240217924118042,0.3,7
sentence-transformers/paraphrase-multilingual-MiniLM-L12-v2,1500,150,baseline_en_phrase,neutron measurement current,baseline,en,50,2,0.7779082655906677,0.7240217924118042,0.3,7
sentence-transformers/paraphrase-multilingual-MiniLM-L12-v2,1500,150,baseline_en_phrase,neutron measurement current,baseline,en,50,3,0.7779082655906677,0.7240217924118042,0.3,7
sentence-transformers/paraphrase-multilingual-MiniLM-L12-v2,1500,150,baseline_en_phrase,neutron measurement current,baseline,en,50,4,0.7779082655906677,0.7240217924118042,0.3,7
sentence-transformers/paraphrase-multilingual-MiniLM-L12-v2,1500,150,baseline_en_phrase,neutron measurement current,baseline,en,50,5,0.7779082655906677,0.7240217924118042,0.3,7
sentence-transformers/paraphrase-multilingual-MiniLM-L12-v2,1500,150,baseline_en_phrase,neutron measurement current,baseline,en,50,6,0.7779082655906677,0.7240217924118042,0.3,7
sentence-transformers/paraphrase-multilingual-MiniLM-L12-v2,1500,150,baseline_en_phrase,neutron measurement current,baseline,en,50,7,0.7779082655906677,0.7203115224838257,0.3,6
sentence-transformers/paraphrase-multilingual-MiniLM-L12-v2,1500,150,baseline_en_phrase,neutron measurement current,baseline,en,50,8,0.7779082655906677,0.7240217924118042,0.3,7
sentence-transformers/paraphrase-multilingual-MiniLM-L12-v2,1500,150,baseline_en_phrase,neutron measurement current,baseline,en,50,9,0.7779082655906677,0.7240217924118042,0.3,7
sentence-transformers/paraphrase-multilingual-MiniLM-L12-v2,1500,150,baseline_en_phrase,neutron measurement current,baseline,en,51,0,0.7779082655906677,0.7240217924118042,0.3,7
sentence-transformers/paraphrase-multilingual-MiniLM-L12-v2,1500,150,baseline_en_phrase,neutron measurement current,baseline,en,51,1,0.7779082655906677,0.7240217924118042,0.3,7
sentence-transformers/paraphrase-multilingual-MiniLM-L12-v2,1500,150,baseline_en_phrase,neutron measurement current,baseline,en,51,2,0.7779082655906677,0.7240217924118042,0.3,7
sentence-transformers/paraphrase-multilingual-MiniLM-L12-v2,1500,150,baseline_en_phrase,neutron measurement current,baseline,en,51,3,0.7779082655906677,0.7240217924118042,0.3,7
sentence-transformers/paraphrase-multilingual-MiniLM-L12-v2,1500,150,baseline_en_phrase,neutron measurement current,baseline,en,51,4,0.7779082655906677,0.7240217924118042,0.3,7
sentence-transformers/paraphrase-multilingual-MiniLM-L12-v2,1500,150,baseline_en_phrase,neutron measurement current,baseline,en,51,5,0.7779082655906677,0.7240217924118042,0.3,7
sentence-transformers/paraphrase-multilingual-MiniLM-L12-v2,1500,150,baseline_en_phrase,neutron measurement current,baseline,en,51,6,0.7779082655906677,0.7240217924118042,0.3,7
sentence-transformers/paraphrase-multilingual-MiniLM-L12-v2,1500,150,baseline_en_phrase,neutron measurement current,baseline,en,51,7,0.7779082655906677,0.7240217924118042,0.3,7
sentence-transformers/paraphrase-multilingual-MiniLM-L12-v2,1500,150,baseline_en_phrase,neutron measurement current,baseline,en,51,8,0.7779082655906677,0.7240217924118042,0.3,7
sentence-transformers/paraphrase-multilingual-MiniLM-L12-v2,1500,150,baseline_en_phrase,neutron measurement current,baseline,en,51,9,0.7779082655906677,0.7240217924118042,0.3,7
sentence-transformers/paraphrase-multilingual-MiniLM-L12-v2,1500,150,obs_spike_en,neutron current measurement repeated spike events,observation_derived,en,0,0,0.6504073143005371,0.6062809228897095,1.0,1
sentence-transformers/paraphrase-multilingual-MiniLM-L12-v2,1500,150,obs_spike_en,neutron current measurement repeated spike events,observation_derived,en,5,0,0.6504073143005371,0.6062809228897095,1.0,1
sentence-transformers/paraphrase-multilingual-MiniLM-L12-v2,1500,150,obs_spike_en,neutron current measurement repeated spike events,observation_derived,en,5,1,0.6504073143005371,0.60745769739151,0.9,1
sentence-transformers/paraphrase-multilingual-MiniLM-L12-v2,1500,150,obs_spike_en,neutron current measurement repeated spike events,observation_derived,en,5,2,0.6504073143005371,0.6062809228897095,1.0,1
sentence-transformers/paraphrase-multilingual-MiniLM-L12-v2,1500,150,obs_spike_en,neutron current measurement repeated spike events,observation_derived,en,5,3,0.6504073143005371,0.60745769739151,0.9,1
sentence-transformers/paraphrase-multilingual-MiniLM-L12-v2,1500,150,obs_spike_en,neutron current measurement repeated spike events,observation_derived,en,5,4,0.6504073143005371,0.6090456247329712,0.9,1
sentence-transformers/paraphrase-multilingual-MiniLM-L12-v2,1500,150,obs_spike_en,neutron current measurement repeated spike events,observation_derived,en,5,5,0.6504073143005371,0.6157203912734985,0.7,1
sentence-transformers/paraphrase-multilingual-MiniLM-L12-v2,1500,150,obs_spike_en,neutron current measurement repeated spike events,observation_derived,en,5,6,0.6504073143005371,0.6062809228897095,1.0,1
sentence-transformers/paraphrase-multilingual-MiniLM-L12-v2,1500,150,obs_spike_en,neutron current measurement repeated spike events,observation_derived,en,5,7,0.6504073143005371,0.620378851890564,0.4,1
sentence-transformers/paraphrase-multilingual-MiniLM-L12-v2,1500,150,obs_spike_en,neutron current measurement repeated spike events,observation_derived,en,5,8,0.6504073143005371,0.610672652721405,0.8,1
sentence-transformers/paraphrase-multilingual-MiniLM-L12-v2,1500,150,obs_spike_en,neutron current measurement repeated spike events,observation_derived,en,5,9,0.6504073143005371,0.6095017194747925,0.8,1
sentence-transformers/paraphrase-multilingual-MiniLM-L12-v2,1500,150,obs_spike_en,neutron current measurement repeated spike events,observation_derived,en,10,0,0.6504073143005371,0.6097102165222168,0.8,1
sentence-transformers/paraphrase-multilingual-MiniLM-L12-v2,1500,150,obs_spike_en,neutron current measurement repeated spike events,observation_derived,en,10,1,0.6504073143005371,0.6090456247329712,0.9,1
sentence-transformers/paraphrase-multilingual-MiniLM-L12-v2,1500,150,obs_spike_en,neutron current measurement repeated spike events,observation_derived,en,10,2,0.6573794484138489,0.6299229860305786,0.4,2
sentence-transformers/paraphrase-multilingual-MiniLM-L12-v2,1500,150,obs_spike_en,neutron current measurement repeated spike events,observation_derived,en,10,3,0.6573794484138489,0.6356491446495056,0.3,2
sentence-transformers/paraphrase-multilingual-MiniLM-L12-v2,1500,150,obs_spike_en,neutron current measurement repeated spike events,observation_derived,en,10,4,0.6573794484138489,0.6324692964553833,0.3,2
sentence-transformers/paraphrase-multilingual-MiniLM-L12-v2,1500,150,obs_spike_en,neutron current measurement repeated spike events,observation_derived,en,10,5,0.6706376075744629,0.6267135739326477,0.6,2
sentence-transformers/paraphrase-multilingual-MiniLM-L12-v2,1500,150,obs_spike_en,neutron current measurement repeated spike events,observation_derived,en,10,6,0.6573794484138489,0.6299229860305786,0.4,2
sentence-transformers/paraphrase-multilingual-MiniLM-L12-v2,1500,150,obs_spike_en,neutron current measurement repeated spike events,observation_derived,en,10,7,0.6706376075744629,0.6267135739326477,0.6,2
sentence-transformers/paraphrase-multilingual-MiniLM-L12-v2,1500,150,obs_spike_en,neutron current measurement repeated spike events,observation_derived,en,10,8,0.6504073143005371,0.6152566075325012,0.6,1
sentence-transformers/paraphrase-multilingual-MiniLM-L12-v2,1500,150,obs_spike_en,neutron current measurement repeated spike events,observation_derived,en,10,9,0.6706376075744629,0.628769040107727,0.5,2
sentence-transformers/paraphrase-multilingual-MiniLM-L12-v2,1500,150,obs_spike_en,neutron current measurement repeated spike events,observation_derived,en,15,0,0.6573794484138489,0.6356491446495056,0.3,2
sentence-transformers/paraphrase-multilingual-MiniLM-L12-v2,1500,150,obs_spike_en,neutron current measurement repeated spike events,observation_derived,en,15,1,0.6727851629257202,0.6273793578147888,0.3,2
sentence-transformers/paraphrase-multilingual-MiniLM-L12-v2,1500,150,obs_spike_en,neutron current measurement repeated spike events,observation_derived,en,15,2,0.6504073143005371,0.620378851890564,0.4,1
sentence-transformers/paraphrase-multilingual-MiniLM-L12-v2,1500,150,obs_spike_en,neutron current measurement repeated spike events,observation_derived,en,15,3,0.6706376075744629,0.6304395794868469,0.3,2
sentence-transformers/paraphrase-multilingual-MiniLM-L12-v2,1500,150,obs_spike_en,neutron current measurement repeated spike events,observation_derived,en,15,4,0.6727851629257202,0.6290274858474731,0.4,2
sentence-transformers/paraphrase-multilingual-MiniLM-L12-v2,1500,150,obs_spike_en,neutron current measurement repeated spike events,observation_derived,en,15,5,0.6504073143005371,0.6122605204582214,0.8,1
sentence-transformers/paraphrase-multilingual-MiniLM-L12-v2,1500,150,obs_spike_en,neutron current measurement repeated spike events,observation_derived,en,15,6,0.6706376075744629,0.6304395794868469,0.3,2
sentence-transformers/paraphrase-multilingual-MiniLM-L12-v2,1500,150,obs_spike_en,neutron current measurement repeated spike events,observation_derived,en,15,7,0.6706376075744629,0.6431100368499756,0.2,3
sentence-transformers/paraphrase-multilingual-MiniLM-L12-v2,1500,150,obs_spike_en,neutron current measurement repeated spike events,observation_derived,en,15,8,0.6727851629257202,0.632149338722229,0.3,2
sentence-transformers/paraphrase-multilingual-MiniLM-L12-v2,1500,150,obs_spike_en,neutron current measurement repeated spike events,observation_derived,en,15,9,0.6706376075744629,0.6340416073799133,0.3,2
sentence-transformers/paraphrase-multilingual-MiniLM-L12-v2,1500,150,obs_spike_en,neutron current measurement repeated spike events,observation_derived,en,20,0,0.6504073143005371,0.6128206253051758,0.7,1
sentence-transformers/paraphrase-multilingual-MiniLM-L12-v2,1500,150,obs_spike_en,neutron current measurement repeated spike events,observation_derived,en,20,1,0.6727851629257202,0.6246799230575562,0.4,2
sentence-transformers/paraphrase-multilingual-MiniLM-L12-v2,1500,150,obs_spike_en,neutron current measurement repeated spike events,observation_derived,en,20,2,0.6573794484138489,0.6356491446495056,0.3,2
sentence-transformers/paraphrase-multilingual-MiniLM-L12-v2,1500,150,obs_spike_en,neutron current measurement repeated spike events,observation_derived,en,20,3,0.6706376075744629,0.6314020156860352,0.3,2
sentence-transformers/paraphrase-multilingual-MiniLM-L12-v2,1500,150,obs_spike_en,neutron current measurement repeated spike events,observation_derived,en,20,4,0.6727851629257202,0.6252592206001282,0.4,2
sentence-transformers/paraphrase-multilingual-MiniLM-L12-v2,1500,150,obs_spike_en,neutron current measurement repeated spike events,observation_derived,en,20,5,0.6727851629257202,0.6461623311042786,0.2,4
sentence-transformers/paraphrase-multilingual-MiniLM-L12-v2,1500,150,obs_spike_en,neutron current measurement repeated spike events,observation_derived,en,20,6,0.6504073143005371,0.6157203912734985,0.7,1
sentence-transformers/paraphrase-multilingual-MiniLM-L12-v2,1500,150,obs_spike_en,neutron current measurement repeated spike events,observation_derived,en,20,7,0.6504073143005371,0.6229622960090637,0.4,1
sentence-transformers/paraphrase-multilingual-MiniLM-L12-v2,1500,150,obs_spike_en,neutron current measurement repeated spike events,observation_derived,en,20,8,0.6706376075744629,0.6412993669509888,0.3,3
sentence-transformers/paraphrase-multilingual-MiniLM-L12-v2,1500,150,obs_spike_en,neutron current measurement repeated spike events,observation_derived,en,20,9,0.6504073143005371,0.6236507296562195,0.3,1
sentence-transformers/paraphrase-multilingual-MiniLM-L12-v2,1500,150,obs_spike_en,neutron current measurement repeated spike events,observation_derived,en,25,0,0.6706376075744629,0.6340416073799133,0.3,2
sentence-transformers/paraphrase-multilingual-MiniLM-L12-v2,1500,150,obs_spike_en,neutron current measurement repeated spike events,observation_derived,en,25,1,0.6573794484138489,0.6324609518051147,0.3,2
sentence-transformers/paraphrase-multilingual-MiniLM-L12-v2,1500,150,obs_spike_en,neutron current measurement repeated spike events,observation_derived,en,25,2,0.6573794484138489,0.6328791975975037,0.3,2
sentence-transformers/paraphrase-multilingual-MiniLM-L12-v2,1500,150,obs_spike_en,neutron current measurement repeated spike events,observation_derived,en,25,3,0.6504073143005371,0.6252185106277466,0.3,1
sentence-transformers/paraphrase-multilingual-MiniLM-L12-v2,1500,150,obs_spike_en,neutron current measurement repeated spike events,observation_derived,en,25,4,0.6727851629257202,0.641101598739624,0.3,3
sentence-transformers/paraphrase-multilingual-MiniLM-L12-v2,1500,150,obs_spike_en,neutron current measurement repeated spike events,observation_derived,en,25,5,0.6706376075744629,0.6412993669509888,0.3,3
sentence-transformers/paraphrase-multilingual-MiniLM-L12-v2,1500,150,obs_spike_en,neutron current measurement repeated spike events,observation_derived,en,25,6,0.6706376075744629,0.6347424387931824,0.3,2
sentence-transformers/paraphrase-multilingual-MiniLM-L12-v2,1500,150,obs_spike_en,neutron current measurement repeated spike events,observation_derived,en,25,7,0.6573794484138489,0.6356491446495056,0.3,2
sentence-transformers/paraphrase-multilingual-MiniLM-L12-v2,1500,150,obs_spike_en,neutron current measurement repeated spike events,observation_derived,en,25,8,0.6727851629257202,0.6477424502372742,0.2,4
sentence-transformers/paraphrase-multilingual-MiniLM-L12-v2,1500,150,obs_spike_en,neutron current measurement repeated spike events,observation_derived,en,25,9,0.6573794484138489,0.6324692964553833,0.3,2
sentence-transformers/paraphrase-multilingual-MiniLM-L12-v2,1500,150,obs_spike_en,neutron current measurement repeated spike events,observation_derived,en,30,0,0.6727851629257202,0.6477424502372742,0.2,4
sentence-transformers/paraphrase-multilingual-MiniLM-L12-v2,1500,150,obs_spike_en,neutron current measurement repeated spike events,observation_derived,en,30,1,0.6727851629257202,0.6409794092178345,0.3,3
sentence-transformers/paraphrase-multilingual-MiniLM-L12-v2,1500,150,obs_spike_en,neutron current measurement repeated spike events,observation_derived,en,30,2,0.6727851629257202,0.6319462060928345,0.3,2
sentence-transformers/paraphrase-multilingual-MiniLM-L12-v2,1500,150,obs_spike_en,neutron current measurement repeated spike events,observation_derived,en,30,3,0.6727851629257202,0.6461623311042786,0.2,4
sentence-transformers/paraphrase-multilingual-MiniLM-L12-v2,1500,150,obs_spike_en,neutron current measurement repeated spike events,observation_derived,en,30,4,0.6727851629257202,0.638405442237854,0.3,3
sentence-transformers/paraphrase-multilingual-MiniLM-L12-v2,1500,150,obs_spike_en,neutron current measurement repeated spike events,observation_derived,en,30,5,0.6573794484138489,0.6356491446495056,0.3,2
sentence-transformers/paraphrase-multilingual-MiniLM-L12-v2,1500,150,obs_spike_en,neutron current measurement repeated spike events,observation_derived,en,30,6,0.6727851629257202,0.6461623311042786,0.2,4
sentence-transformers/paraphrase-multilingual-MiniLM-L12-v2,1500,150,obs_spike_en,neutron current measurement repeated spike events,observation_derived,en,30,7,0.6727851629257202,0.632149338722229,0.3,2
sentence-transformers/paraphrase-multilingual-MiniLM-L12-v2,1500,150,obs_spike_en,neutron current measurement repeated spike events,observation_derived,en,30,8,0.6706376075744629,0.6431100368499756,0.2,3
sentence-transformers/paraphrase-multilingual-MiniLM-L12-v2,1500,150,obs_spike_en,neutron current measurement repeated spike events,observation_derived,en,30,9,0.6573794484138489,0.6356491446495056,0.3,2
sentence-transformers/paraphrase-multilingual-MiniLM-L12-v2,1500,150,obs_spike_en,neutron current measurement repeated spike events,observation_derived,en,35,0,0.6727851629257202,0.6374672055244446,0.3,3
sentence-transformers/paraphrase-multilingual-MiniLM-L12-v2,1500,150,obs_spike_en,neutron current measurement repeated spike events,observation_derived,en,35,1,0.6727851629257202,0.6461623311042786,0.2,4
sentence-transformers/paraphrase-multilingual-MiniLM-L12-v2,1500,150,obs_spike_en,neutron current measurement repeated spike events,observation_derived,en,35,2,0.6727851629257202,0.6461623311042786,0.2,4
sentence-transformers/paraphrase-multilingual-MiniLM-L12-v2,1500,150,obs_spike_en,neutron current measurement repeated spike events,observation_derived,en,35,3,0.6706376075744629,0.6315625309944153,0.3,2
sentence-transformers/paraphrase-multilingual-MiniLM-L12-v2,1500,150,obs_spike_en,neutron current measurement repeated spike events,observation_derived,en,35,4,0.6706376075744629,0.6431100368499756,0.2,3
sentence-transformers/paraphrase-multilingual-MiniLM-L12-v2,1500,150,obs_spike_en,neutron current measurement repeated spike events,observation_derived,en,35,5,0.6727851629257202,0.6477424502372742,0.2,4
sentence-transformers/paraphrase-multilingual-MiniLM-L12-v2,1500,150,obs_spike_en,neutron current measurement repeated spike events,observation_derived,en,35,6,0.6727851629257202,0.6477424502372742,0.2,4
sentence-transformers/paraphrase-multilingual-MiniLM-L12-v2,1500,150,obs_spike_en,neutron current measurement repeated spike events,observation_derived,en,35,7,0.6727851629257202,0.6477424502372742,0.2,4
sentence-transformers/paraphrase-multilingual-MiniLM-L12-v2,1500,150,obs_spike_en,neutron current measurement repeated spike events,observation_derived,en,35,8,0.6727851629257202,0.6303530931472778,0.3,2
sentence-transformers/paraphrase-multilingual-MiniLM-L12-v2,1500,150,obs_spike_en,neutron current measurement repeated spike events,observation_derived,en,35,9,0.6727851629257202,0.6319462060928345,0.3,2
sentence-transformers/paraphrase-multilingual-MiniLM-L12-v2,1500,150,obs_spike_en,neutron current measurement repeated spike events,observation_derived,en,40,0,0.6727851629257202,0.6477424502372742,0.2,4
sentence-transformers/paraphrase-multilingual-MiniLM-L12-v2,1500,150,obs_spike_en,neutron current measurement repeated spike events,observation_derived,en,40,1,0.6727851629257202,0.6477424502372742,0.2,4
sentence-transformers/paraphrase-multilingual-MiniLM-L12-v2,1500,150,obs_spike_en,neutron current measurement repeated spike events,observation_derived,en,40,2,0.6706376075744629,0.6431100368499756,0.2,3
sentence-transformers/paraphrase-multilingual-MiniLM-L12-v2,1500,150,obs_spike_en,neutron current measurement repeated spike events,observation_derived,en,40,3,0.6727851629257202,0.6407572031021118,0.3,3
sentence-transformers/paraphrase-multilingual-MiniLM-L12-v2,1500,150,obs_spike_en,neutron current measurement repeated spike events,observation_derived,en,40,4,0.6727851629257202,0.6411756873130798,0.3,3
sentence-transformers/paraphrase-multilingual-MiniLM-L12-v2,1500,150,obs_spike_en,neutron current measurement repeated spike events,observation_derived,en,40,5,0.6727851629257202,0.6461623311042786,0.2,4
sentence-transformers/paraphrase-multilingual-MiniLM-L12-v2,1500,150,obs_spike_en,neutron current measurement repeated spike events,observation_derived,en,40,6,0.6727851629257202,0.6461623311042786,0.2,4
sentence-transformers/paraphrase-multilingual-MiniLM-L12-v2,1500,150,obs_spike_en,neutron current measurement repeated spike events,observation_derived,en,40,7,0.6706376075744629,0.6412993669509888,0.3,3
sentence-transformers/paraphrase-multilingual-MiniLM-L12-v2,1500,150,obs_spike_en,neutron current measurement repeated spike events,observation_derived,en,40,8,0.6727851629257202,0.6477424502372742,0.2,4
sentence-transformers/paraphrase-multilingual-MiniLM-L12-v2,1500,150,obs_spike_en,neutron current measurement repeated spike events,observation_derived,en,40,9,0.6727851629257202,0.6461623311042786,0.2,4
sentence-transformers/paraphrase-multilingual-MiniLM-L12-v2,1500,150,obs_spike_en,neutron current measurement repeated spike events,observation_derived,en,45,0,0.6706376075744629,0.6431100368499756,0.2,3
sentence-transformers/paraphrase-multilingual-MiniLM-L12-v2,1500,150,obs_spike_en,neutron current measurement repeated spike events,observation_derived,en,45,1,0.6727851629257202,0.6477424502372742,0.2,4
sentence-transformers/paraphrase-multilingual-MiniLM-L12-v2,1500,150,obs_spike_en,neutron current measurement repeated spike events,observation_derived,en,45,2,0.6727851629257202,0.6477424502372742,0.2,4
sentence-transformers/paraphrase-multilingual-MiniLM-L12-v2,1500,150,obs_spike_en,neutron current measurement repeated spike events,observation_derived,en,45,3,0.6706376075744629,0.6431100368499756,0.2,3
sentence-transformers/paraphrase-multilingual-MiniLM-L12-v2,1500,150,obs_spike_en,neutron current measurement repeated spike events,observation_derived,en,45,4,0.6727851629257202,0.6477424502372742,0.2,4
sentence-transformers/paraphrase-multilingual-MiniLM-L12-v2,1500,150,obs_spike_en,neutron current measurement repeated spike events,observation_derived,en,45,5,0.6727851629257202,0.6477424502372742,0.2,4
sentence-transformers/paraphrase-multilingual-MiniLM-L12-v2,1500,150,obs_spike_en,neutron current measurement repeated spike events,observation_derived,en,45,6,0.6727851629257202,0.6477424502372742,0.2,4
sentence-transformers/paraphrase-multilingual-MiniLM-L12-v2,1500,150,obs_spike_en,neutron current measurement repeated spike events,observation_derived,en,45,7,0.6727851629257202,0.6461623311042786,0.2,4
sentence-transformers/paraphrase-multilingual-MiniLM-L12-v2,1500,150,obs_spike_en,neutron current measurement repeated spike events,observation_derived,en,45,8,0.6727851629257202,0.6477424502372742,0.2,4
sentence-transformers/paraphrase-multilingual-MiniLM-L12-v2,1500,150,obs_spike_en,neutron current measurement repeated spike events,observation_derived,en,45,9,0.6706376075744629,0.6431100368499756,0.2,3
sentence-transformers/paraphrase-multilingual-MiniLM-L12-v2,1500,150,obs_spike_en,neutron current measurement repeated spike events,observation_derived,en,50,0,0.6727851629257202,0.6461623311042786,0.2,4
sentence-transformers/paraphrase-multilingual-MiniLM-L12-v2,1500,150,obs_spike_en,neutron current measurement repeated spike events,observation_derived,en,50,1,0.6727851629257202,0.6477424502372742,0.2,4
sentence-transformers/paraphrase-multilingual-MiniLM-L12-v2,1500,150,obs_spike_en,neutron current measurement repeated spike events,observation_derived,en,50,2,0.6727851629257202,0.6411756873130798,0.3,3
sentence-transformers/paraphrase-multilingual-MiniLM-L12-v2,1500,150,obs_spike_en,neutron current measurement repeated spike events,observation_derived,en,50,3,0.6727851629257202,0.6477424502372742,0.2,4
sentence-transformers/paraphrase-multilingual-MiniLM-L12-v2,1500,150,obs_spike_en,neutron current measurement repeated spike events,observation_derived,en,50,4,0.6727851629257202,0.6477424502372742,0.2,4
sentence-transformers/paraphrase-multilingual-MiniLM-L12-v2,1500,150,obs_spike_en,neutron current measurement repeated spike events,observation_derived,en,50,5,0.6727851629257202,0.6477424502372742,0.2,4
sentence-transformers/paraphrase-multilingual-MiniLM-L12-v2,1500,150,obs_spike_en,neutron current measurement repeated spike events,observation_derived,en,50,6,0.6727851629257202,0.6477424502372742,0.2,4
sentence-transformers/paraphrase-multilingual-MiniLM-L12-v2,1500,150,obs_spike_en,neutron current measurement repeated spike events,observation_derived,en,50,7,0.6727851629257202,0.6477424502372742,0.2,4
sentence-transformers/paraphrase-multilingual-MiniLM-L12-v2,1500,150,obs_spike_en,neutron current measurement repeated spike events,observation_derived,en,50,8,0.6727851629257202,0.6477424502372742,0.2,4
sentence-transformers/paraphrase-multilingual-MiniLM-L12-v2,1500,150,obs_spike_en,neutron current measurement repeated spike events,observation_derived,en,50,9,0.6727851629257202,0.6477424502372742,0.2,4
sentence-transformers/paraphrase-multilingual-MiniLM-L12-v2,1500,150,obs_spike_en,neutron current measurement repeated spike events,observation_derived,en,51,0,0.6727851629257202,0.6477424502372742,0.2,4
sentence-transformers/paraphrase-multilingual-MiniLM-L12-v2,1500,150,obs_spike_en,neutron current measurement repeated spike events,observation_derived,en,51,1,0.6727851629257202,0.6477424502372742,0.2,4
sentence-transformers/paraphrase-multilingual-MiniLM-L12-v2,1500,150,obs_spike_en,neutron current measurement repeated spike events,observation_derived,en,51,2,0.6727851629257202,0.6477424502372742,0.2,4
sentence-transformers/paraphrase-multilingual-MiniLM-L12-v2,1500,150,obs_spike_en,neutron current measurement repeated spike events,observation_derived,en,51,3,0.6727851629257202,0.6477424502372742,0.2,4
sentence-transformers/paraphrase-multilingual-MiniLM-L12-v2,1500,150,obs_spike_en,neutron current measurement repeated spike events,observation_derived,en,51,4,0.6727851629257202,0.6477424502372742,0.2,4
sentence-transformers/paraphrase-multilingual-MiniLM-L12-v2,1500,150,obs_spike_en,neutron current measurement repeated spike events,observation_derived,en,51,5,0.6727851629257202,0.6477424502372742,0.2,4
sentence-transformers/paraphrase-multilingual-MiniLM-L12-v2,1500,150,obs_spike_en,neutron current measurement repeated spike events,observation_derived,en,51,6,0.6727851629257202,0.6477424502372742,0.2,4
sentence-transformers/paraphrase-multilingual-MiniLM-L12-v2,1500,150,obs_spike_en,neutron current measurement repeated spike events,observation_derived,en,51,7,0.6727851629257202,0.6477424502372742,0.2,4
sentence-transformers/paraphrase-multilingual-MiniLM-L12-v2,1500,150,obs_spike_en,neutron current measurement repeated spike events,observation_derived,en,51,8,0.6727851629257202,0.6477424502372742,0.2,4
sentence-transformers/paraphrase-multilingual-MiniLM-L12-v2,1500,150,obs_spike_en,neutron current measurement repeated spike events,observation_derived,en,51,9,0.6727851629257202,0.6477424502372742,0.2,4
sentence-transformers/paraphrase-multilingual-MiniLM-L12-v2,1500,150,obs_spike_zh,中子电流测量重复尖峰事件,observation_derived,zh,0,0,0.6039756536483765,0.5727108716964722,1.0,1
sentence-transformers/paraphrase-multilingual-MiniLM-L12-v2,1500,150,obs_spike_zh,中子电流测量重复尖峰事件,observation_derived,zh,5,0,0.6039756536483765,0.5727108716964722,1.0,1
sentence-transformers/paraphrase-multilingual-MiniLM-L12-v2,1500,150,obs_spike_zh,中子电流测量重复尖峰事件,observation_derived,zh,5,1,0.6039756536483765,0.5727108716964722,1.0,1
sentence-transformers/paraphrase-multilingual-MiniLM-L12-v2,1500,150,obs_spike_zh,中子电流测量重复尖峰事件,observation_derived,zh,5,2,0.6039756536483765,0.5752710700035095,0.8,1
sentence-transformers/paraphrase-multilingual-MiniLM-L12-v2,1500,150,obs_spike_zh,中子电流测量重复尖峰事件,observation_derived,zh,5,3,0.6039756536483765,0.5730130076408386,0.8,1
sentence-transformers/paraphrase-multilingual-MiniLM-L12-v2,1500,150,obs_spike_zh,中子电流测量重复尖峰事件,observation_derived,zh,5,4,0.6039756536483765,0.5739463567733765,0.8,1
sentence-transformers/paraphrase-multilingual-MiniLM-L12-v2,1500,150,obs_spike_zh,中子电流测量重复尖峰事件,observation_derived,zh,5,5,0.6039756536483765,0.5772033929824829,0.9,1
sentence-transformers/paraphrase-multilingual-MiniLM-L12-v2,1500,150,obs_spike_zh,中子电流测量重复尖峰事件,observation_derived,zh,5,6,0.6039756536483765,0.5727108716964722,1.0,1
sentence-transformers/paraphrase-multilingual-MiniLM-L12-v2,1500,150,obs_spike_zh,中子电流测量重复尖峰事件,observation_derived,zh,5,7,0.6039756536483765,0.5727108716964722,1.0,1
sentence-transformers/paraphrase-multilingual-MiniLM-L12-v2,1500,150,obs_spike_zh,中子电流测量重复尖峰事件,observation_derived,zh,5,8,0.6039756536483765,0.5851056575775146,0.5,1
sentence-transformers/paraphrase-multilingual-MiniLM-L12-v2,1500,150,obs_spike_zh,中子电流测量重复尖峰事件,observation_derived,zh,5,9,0.628600001335144,0.6010019183158875,0.4,5
sentence-transformers/paraphrase-multilingual-MiniLM-L12-v2,1500,150,obs_spike_zh,中子电流测量重复尖峰事件,observation_derived,zh,10,0,0.655745267868042,0.6238571405410767,0.0,11
sentence-transformers/paraphrase-multilingual-MiniLM-L12-v2,1500,150,obs_spike_zh,中子电流测量重复尖峰事件,observation_derived,zh,10,1,0.6039756536483765,0.5772033929824829,0.9,1
sentence-transformers/paraphrase-multilingual-MiniLM-L12-v2,1500,150,obs_spike_zh,中子电流测量重复尖峰事件,observation_derived,zh,10,2,0.6059510111808777,0.584692120552063,0.7,2
sentence-transformers/paraphrase-multilingual-MiniLM-L12-v2,1500,150,obs_spike_zh,中子电流测量重复尖峰事件,observation_derived,zh,10,3,0.6209125518798828,0.5919620394706726,0.5,3
sentence-transformers/paraphrase-multilingual-MiniLM-L12-v2,1500,150,obs_spike_zh,中子电流测量重复尖峰事件,observation_derived,zh,10,4,0.655745267868042,0.611352801322937,0.3,6
sentence-transformers/paraphrase-multilingual-MiniLM-L12-v2,1500,150,obs_spike_zh,中子电流测量重复尖峰事件,observation_derived,zh,10,5,0.6209125518798828,0.6014663577079773,0.3,4
sentence-transformers/paraphrase-multilingual-MiniLM-L12-v2,1500,150,obs_spike_zh,中子电流测量重复尖峰事件,observation_derived,zh,10,6,0.6039756536483765,0.5739463567733765,0.8,1
sentence-transformers/paraphrase-multilingual-MiniLM-L12-v2,1500,150,obs_spike_zh,中子电流测量重复尖峰事件,observation_derived,zh,10,7,0.6039756536483765,0.5772855281829834,0.8,1
sentence-transformers/paraphrase-multilingual-MiniLM-L12-v2,1500,150,obs_spike_zh,中子电流测量重复尖峰事件,observation_derived,zh,10,8,0.6273894309997559,0.5846179127693176,0.8,2
sentence-transformers/paraphrase-multilingual-MiniLM-L12-v2,1500,150,obs_spike_zh,中子电流测量重复尖峰事件,observation_derived,zh,10,9,0.655745267868042,0.6123884916305542,0.3,6
sentence-transformers/paraphrase-multilingual-MiniLM-L12-v2,1500,150,obs_spike_zh,中子电流测量重复尖峰事件,observation_derived,zh,15,0,0.628600001335144,0.6073360443115234,0.2,6
sentence-transformers/paraphrase-multilingual-MiniLM-L12-v2,1500,150,obs_spike_zh,中子电流测量重复尖峰事件,observation_derived,zh,15,1,0.655745267868042,0.6259086728096008,0.0,11
sentence-transformers/paraphrase-multilingual-MiniLM-L12-v2,1500,150,obs_spike_zh,中子电流测量重复尖峰事件,observation_derived,zh,15,2,0.628600001335144,0.5992027521133423,0.5,5
sentence-transformers/paraphrase-multilingual-MiniLM-L12-v2,1500,150,obs_spike_zh,中子电流测量重复尖峰事件,observation_derived,zh,15,3,0.628600001335144,0.6119779348373413,0.1,8
sentence-transformers/paraphrase-multilingual-MiniLM-L12-v2,1500,150,obs_spike_zh,中子电流测量重复尖峰事件,observation_derived,zh,15,4,0.6039756536483765,0.5772033929824829,0.9,1
sentence-transformers/paraphrase-multilingual-MiniLM-L12-v2,1500,150,obs_spike_zh,中子电流测量重复尖峰事件,observation_derived,zh,15,5,0.6039756536483765,0.5754237771034241,0.8,1
sentence-transformers/paraphrase-multilingual-MiniLM-L12-v2,1500,150,obs_spike_zh,中子电流测量重复尖峰事件,observation_derived,zh,15,6,0.6209125518798828,0.5981329679489136,0.4,3
sentence-transformers/paraphrase-multilingual-MiniLM-L12-v2,1500,150,obs_spike_zh,中子电流测量重复尖峰事件,observation_derived,zh,15,7,0.628600001335144,0.6127349734306335,0.1,8
sentence-transformers/paraphrase-multilingual-MiniLM-L12-v2,1500,150,obs_spike_zh,中子电流测量重复尖峰事件,observation_derived,zh,15,8,0.6273894309997559,0.5866050124168396,0.6,2
sentence-transformers/paraphrase-multilingual-MiniLM-L12-v2,1500,150,obs_spike_zh,中子电流测量重复尖峰事件,observation_derived,zh,15,9,0.628600001335144,0.6101570725440979,0.2,7
sentence-transformers/paraphrase-multilingual-MiniLM-L12-v2,1500,150,obs_spike_zh,中子电流测量重复尖峰事件,observation_derived,zh,20,0,0.655745267868042,0.6238571405410767,0.0,11
sentence-transformers/paraphrase-multilingual-MiniLM-L12-v2,1500,150,obs_spike_zh,中子电流测量重复尖峰事件,observation_derived,zh,20,1,0.655745267868042,0.623545229434967,0.0,11
sentence-transformers/paraphrase-multilingual-MiniLM-L12-v2,1500,150,obs_spike_zh,中子电流测量重复尖峰事件,observation_derived,zh,20,2,0.628600001335144,0.5992027521133423,0.5,5
sentence-transformers/paraphrase-multilingual-MiniLM-L12-v2,1500,150,obs_spike_zh,中子电流测量重复尖峰事件,observation_derived,zh,20,3,0.655745267868042,0.6199698448181152,0.2,9
sentence-transformers/paraphrase-multilingual-MiniLM-L12-v2,1500,150,obs_spike_zh,中子电流测量重复尖峰事件,observation_derived,zh,20,4,0.655745267868042,0.6151987314224243,0.2,7
sentence-transformers/paraphrase-multilingual-MiniLM-L12-v2,1500,150,obs_spike_zh,中子电流测量重复尖峰事件,observation_derived,zh,20,5,0.6209125518798828,0.5978321433067322,0.5,4
sentence-transformers/paraphrase-multilingual-MiniLM-L12-v2,1500,150,obs_spike_zh,中子电流测量重复尖峰事件,observation_derived,zh,20,6,0.628600001335144,0.6090584993362427,0.3,7
sentence-transformers/paraphrase-multilingual-MiniLM-L12-v2,1500,150,obs_spike_zh,中子电流测量重复尖峰事件,observation_derived,zh,20,7,0.628600001335144,0.6060241460800171,0.3,6
sentence-transformers/paraphrase-multilingual-MiniLM-L12-v2,1500,150,obs_spike_zh,中子电流测量重复尖峰事件,observation_derived,zh,20,8,0.655745267868042,0.6151054501533508,0.2,7
sentence-transformers/paraphrase-multilingual-MiniLM-L12-v2,1500,150,obs_spike_zh,中子电流测量重复尖峰事件,observation_derived,zh,20,9,0.628600001335144,0.6127349734306335,0.1,8
sentence-transformers/paraphrase-multilingual-MiniLM-L12-v2,1500,150,obs_spike_zh,中子电流测量重复尖峰事件,observation_derived,zh,25,0,0.6209125518798828,0.5963338017463684,0.5,3
sentence-transformers/paraphrase-multilingual-MiniLM-L12-v2,1500,150,obs_spike_zh,中子电流测量重复尖峰事件,observation_derived,zh,25,1,0.655745267868042,0.6233476996421814,0.1,10
sentence-transformers/paraphrase-multilingual-MiniLM-L12-v2,1500,150,obs_spike_zh,中子电流测量重复尖峰事件,observation_derived,zh,25,2,0.6209125518798828,0.5963338017463684,0.5,3
sentence-transformers/paraphrase-multilingual-MiniLM-L12-v2,1500,150,obs_spike_zh,中子电流测量重复尖峰事件,observation_derived,zh,25,3,0.628600001335144,0.6029973030090332,0.4,5
sentence-transformers/paraphrase-multilingual-MiniLM-L12-v2,1500,150,obs_spike_zh,中子电流测量重复尖峰事件,observation_derived,zh,25,4,0.6209125518798828,0.6014663577079773,0.3,4
sentence-transformers/paraphrase-multilingual-MiniLM-L12-v2,1500,150,obs_spike_zh,中子电流测量重复尖峰事件,observation_derived,zh,25,5,0.655745267868042,0.6233476996421814,0.1,10
sentence-transformers/paraphrase-multilingual-MiniLM-L12-v2,1500,150,obs_spike_zh,中子电流测量重复尖峰事件,observation_derived,zh,25,6,0.628600001335144,0.6119779348373413,0.1,8
sentence-transformers/paraphrase-multilingual-MiniLM-L12-v2,1500,150,obs_spike_zh,中子电流测量重复尖峰事件,observation_derived,zh,25,7,0.6039756536483765,0.5823290348052979,0.5,1
sentence-transformers/paraphrase-multilingual-MiniLM-L12-v2,1500,150,obs_spike_zh,中子电流测量重复尖峰事件,observation_derived,zh,25,8,0.6039756536483765,0.580278217792511,0.7,1
sentence-transformers/paraphrase-multilingual-MiniLM-L12-v2,1500,150,obs_spike_zh,中子电流测量重复尖峰事件,observation_derived,zh,25,9,0.628600001335144,0.6110638380050659,0.1,7
sentence-transformers/paraphrase-multilingual-MiniLM-L12-v2,1500,150,obs_spike_zh,中子电流测量重复尖峰事件,observation_derived,zh,30,0,0.655745267868042,0.6201544404029846,0.1,9
sentence-transformers/paraphrase-multilingual-MiniLM-L12-v2,1500,150,obs_spike_zh,中子电流测量重复尖峰事件,observation_derived,zh,30,1,0.655745267868042,0.623545229434967,0.0,11
sentence-transformers/paraphrase-multilingual-MiniLM-L12-v2,1500,150,obs_spike_zh,中子电流测量重复尖峰事件,observation_derived,zh,30,2,0.655745267868042,0.6233476996421814,0.1,10
sentence-transformers/paraphrase-multilingual-MiniLM-L12-v2,1500,150,obs_spike_zh,中子电流测量重复尖峰事件,observation_derived,zh,30,3,0.655745267868042,0.6200790405273438,0.1,9
sentence-transformers/paraphrase-multilingual-MiniLM-L12-v2,1500,150,obs_spike_zh,中子电流测量重复尖峰事件,observation_derived,zh,30,4,0.655745267868042,0.6177766919136047,0.1,8
sentence-transformers/paraphrase-multilingual-MiniLM-L12-v2,1500,150,obs_spike_zh,中子电流测量重复尖峰事件,observation_derived,zh,30,5,0.655745267868042,0.6162307858467102,0.2,7
sentence-transformers/paraphrase-multilingual-MiniLM-L12-v2,1500,150,obs_spike_zh,中子电流测量重复尖峰事件,observation_derived,zh,30,6,0.628600001335144,0.607346773147583,0.3,6
sentence-transformers/paraphrase-multilingual-MiniLM-L12-v2,1500,150,obs_spike_zh,中子电流测量重复尖峰事件,observation_derived,zh,30,7,0.6039756536483765,0.5838242173194885,0.5,1
sentence-transformers/paraphrase-multilingual-MiniLM-L12-v2,1500,150,obs_spike_zh,中子电流测量重复尖峰事件,observation_derived,zh,30,8,0.655745267868042,0.623545229434967,0.0,11
sentence-transformers/paraphrase-multilingual-MiniLM-L12-v2,1500,150,obs_spike_zh,中子电流测量重复尖峰事件,observation_derived,zh,30,9,0.655745267868042,0.6259086728096008,0.0,11
sentence-transformers/paraphrase-multilingual-MiniLM-L12-v2,1500,150,obs_spike_zh,中子电流测量重复尖峰事件,observation_derived,zh,35,0,0.655745267868042,0.6259086728096008,0.0,11
sentence-transformers/paraphrase-multilingual-MiniLM-L12-v2,1500,150,obs_spike_zh,中子电流测量重复尖峰事件,observation_derived,zh,35,1,0.655745267868042,0.6110658645629883,0.3,6
sentence-transformers/paraphrase-multilingual-MiniLM-L12-v2,1500,150,obs_spike_zh,中子电流测量重复尖峰事件,observation_derived,zh,35,2,0.628600001335144,0.6153234243392944,0.1,9
sentence-transformers/paraphrase-multilingual-MiniLM-L12-v2,1500,150,obs_spike_zh,中子电流测量重复尖峰事件,observation_derived,zh,35,3,0.655745267868042,0.623545229434967,0.0,11
sentence-transformers/paraphrase-multilingual-MiniLM-L12-v2,1500,150,obs_spike_zh,中子电流测量重复尖峰事件,observation_derived,zh,35,4,0.655745267868042,0.6259086728096008,0.0,11
sentence-transformers/paraphrase-multilingual-MiniLM-L12-v2,1500,150,obs_spike_zh,中子电流测量重复尖峰事件,observation_derived,zh,35,5,0.655745267868042,0.6201544404029846,0.1,9
sentence-transformers/paraphrase-multilingual-MiniLM-L12-v2,1500,150,obs_spike_zh,中子电流测量重复尖峰事件,observation_derived,zh,35,6,0.628600001335144,0.6111890077590942,0.2,7
sentence-transformers/paraphrase-multilingual-MiniLM-L12-v2,1500,150,obs_spike_zh,中子电流测量重复尖峰事件,observation_derived,zh,35,7,0.655745267868042,0.6193742156028748,0.1,8
sentence-transformers/paraphrase-multilingual-MiniLM-L12-v2,1500,150,obs_spike_zh,中子电流测量重复尖峰事件,observation_derived,zh,35,8,0.655745267868042,0.6259086728096008,0.0,11
sentence-transformers/paraphrase-multilingual-MiniLM-L12-v2,1500,150,obs_spike_zh,中子电流测量重复尖峰事件,observation_derived,zh,35,9,0.628600001335144,0.6151127219200134,0.1,9
sentence-transformers/paraphrase-multilingual-MiniLM-L12-v2,1500,150,obs_spike_zh,中子电流测量重复尖峰事件,observation_derived,zh,40,0,0.655745267868042,0.6193742156028748,0.1,8
sentence-transformers/paraphrase-multilingual-MiniLM-L12-v2,1500,150,obs_spike_zh,中子电流测量重复尖峰事件,observation_derived,zh,40,1,0.628600001335144,0.6102981567382812,0.2,7
sentence-transformers/paraphrase-multilingual-MiniLM-L12-v2,1500,150,obs_spike_zh,中子电流测量重复尖峰事件,observation_derived,zh,40,2,0.655745267868042,0.6259086728096008,0.0,11
sentence-transformers/paraphrase-multilingual-MiniLM-L12-v2,1500,150,obs_spike_zh,中子电流测量重复尖峰事件,observation_derived,zh,40,3,0.628600001335144,0.6143325567245483,0.1,8
sentence-transformers/paraphrase-multilingual-MiniLM-L12-v2,1500,150,obs_spike_zh,中子电流测量重复尖峰事件,observation_derived,zh,40,4,0.628600001335144,0.6153234243392944,0.1,9
sentence-transformers/paraphrase-multilingual-MiniLM-L12-v2,1500,150,obs_spike_zh,中子电流测量重复尖峰事件,observation_derived,zh,40,5,0.628600001335144,0.6153234243392944,0.1,9
sentence-transformers/paraphrase-multilingual-MiniLM-L12-v2,1500,150,obs_spike_zh,中子电流测量重复尖峰事件,observation_derived,zh,40,6,0.655745267868042,0.623545229434967,0.0,11
sentence-transformers/paraphrase-multilingual-MiniLM-L12-v2,1500,150,obs_spike_zh,中子电流测量重复尖峰事件,observation_derived,zh,40,7,0.628600001335144,0.6079203486442566,0.2,6
sentence-transformers/paraphrase-multilingual-MiniLM-L12-v2,1500,150,obs_spike_zh,中子电流测量重复尖峰事件,observation_derived,zh,40,8,0.655745267868042,0.6259086728096008,0.0,11
sentence-transformers/paraphrase-multilingual-MiniLM-L12-v2,1500,150,obs_spike_zh,中子电流测量重复尖峰事件,observation_derived,zh,40,9,0.655745267868042,0.6142846345901489,0.2,6
sentence-transformers/paraphrase-multilingual-MiniLM-L12-v2,1500,150,obs_spike_zh,中子电流测量重复尖峰事件,observation_derived,zh,45,0,0.655745267868042,0.6259086728096008,0.0,11
sentence-transformers/paraphrase-multilingual-MiniLM-L12-v2,1500,150,obs_spike_zh,中子电流测量重复尖峰事件,observation_derived,zh,45,1,0.655745267868042,0.6238571405410767,0.0,11
sentence-transformers/paraphrase-multilingual-MiniLM-L12-v2,1500,150,obs_spike_zh,中子电流测量重复尖峰事件,observation_derived,zh,45,2,0.655745267868042,0.6238571405410767,0.0,11
sentence-transformers/paraphrase-multilingual-MiniLM-L12-v2,1500,150,obs_spike_zh,中子电流测量重复尖峰事件,observation_derived,zh,45,3,0.628600001335144,0.6151127219200134,0.1,9
sentence-transformers/paraphrase-multilingual-MiniLM-L12-v2,1500,150,obs_spike_zh,中子电流测量重复尖峰事件,observation_derived,zh,45,4,0.655745267868042,0.6259086728096008,0.0,11
sentence-transformers/paraphrase-multilingual-MiniLM-L12-v2,1500,150,obs_spike_zh,中子电流测量重复尖峰事件,observation_derived,zh,45,5,0.655745267868042,0.6259086728096008,0.0,11
sentence-transformers/paraphrase-multilingual-MiniLM-L12-v2,1500,150,obs_spike_zh,中子电流测量重复尖峰事件,observation_derived,zh,45,6,0.655745267868042,0.6259086728096008,0.0,11
sentence-transformers/paraphrase-multilingual-MiniLM-L12-v2,1500,150,obs_spike_zh,中子电流测量重复尖峰事件,observation_derived,zh,45,7,0.655745267868042,0.6259086728096008,0.0,11
sentence-transformers/paraphrase-multilingual-MiniLM-L12-v2,1500,150,obs_spike_zh,中子电流测量重复尖峰事件,observation_derived,zh,45,8,0.655745267868042,0.6259086728096008,0.0,11
sentence-transformers/paraphrase-multilingual-MiniLM-L12-v2,1500,150,obs_spike_zh,中子电流测量重复尖峰事件,observation_derived,zh,45,9,0.655745267868042,0.6259086728096008,0.0,11
sentence-transformers/paraphrase-multilingual-MiniLM-L12-v2,1500,150,obs_spike_zh,中子电流测量重复尖峰事件,observation_derived,zh,50,0,0.655745267868042,0.6238571405410767,0.0,11
sentence-transformers/paraphrase-multilingual-MiniLM-L12-v2,1500,150,obs_spike_zh,中子电流测量重复尖峰事件,observation_derived,zh,50,1,0.655745267868042,0.6259086728096008,0.0,11
sentence-transformers/paraphrase-multilingual-MiniLM-L12-v2,1500,150,obs_spike_zh,中子电流测量重复尖峰事件,observation_derived,zh,50,2,0.628600001335144,0.6153234243392944,0.1,9
sentence-transformers/paraphrase-multilingual-MiniLM-L12-v2,1500,150,obs_spike_zh,中子电流测量重复尖峰事件,observation_derived,zh,50,3,0.655745267868042,0.6259086728096008,0.0,11
sentence-transformers/paraphrase-multilingual-MiniLM-L12-v2,1500,150,obs_spike_zh,中子电流测量重复尖峰事件,observation_derived,zh,50,4,0.655745267868042,0.6259086728096008,0.0,11
sentence-transformers/paraphrase-multilingual-MiniLM-L12-v2,1500,150,obs_spike_zh,中子电流测量重复尖峰事件,observation_derived,zh,50,5,0.655745267868042,0.6259086728096008,0.0,11
sentence-transformers/paraphrase-multilingual-MiniLM-L12-v2,1500,150,obs_spike_zh,中子电流测量重复尖峰事件,observation_derived,zh,50,6,0.655745267868042,0.6259086728096008,0.0,11
sentence-transformers/paraphrase-multilingual-MiniLM-L12-v2,1500,150,obs_spike_zh,中子电流测量重复尖峰事件,observation_derived,zh,50,7,0.655745267868042,0.6259086728096008,0.0,11
sentence-transformers/paraphrase-multilingual-MiniLM-L12-v2,1500,150,obs_spike_zh,中子电流测量重复尖峰事件,observation_derived,zh,50,8,0.655745267868042,0.6259086728096008,0.0,11
sentence-transformers/paraphrase-multilingual-MiniLM-L12-v2,1500,150,obs_spike_zh,中子电流测量重复尖峰事件,observation_derived,zh,50,9,0.655745267868042,0.6259086728096008,0.0,11
sentence-transformers/paraphrase-multilingual-MiniLM-L12-v2,1500,150,obs_spike_zh,中子电流测量重复尖峰事件,observation_derived,zh,51,0,0.655745267868042,0.6259086728096008,0.0,11
sentence-transformers/paraphrase-multilingual-MiniLM-L12-v2,1500,150,obs_spike_zh,中子电流测量重复尖峰事件,observation_derived,zh,51,1,0.655745267868042,0.6259086728096008,0.0,11
sentence-transformers/paraphrase-multilingual-MiniLM-L12-v2,1500,150,obs_spike_zh,中子电流测量重复尖峰事件,observation_derived,zh,51,2,0.655745267868042,0.6259086728096008,0.0,11
sentence-transformers/paraphrase-multilingual-MiniLM-L12-v2,1500,150,obs_spike_zh,中子电流测量重复尖峰事件,observation_derived,zh,51,3,0.655745267868042,0.6259086728096008,0.0,11
sentence-transformers/paraphrase-multilingual-MiniLM-L12-v2,1500,150,obs_spike_zh,中子电流测量重复尖峰事件,observation_derived,zh,51,4,0.655745267868042,0.6259086728096008,0.0,11
sentence-transformers/paraphrase-multilingual-MiniLM-L12-v2,1500,150,obs_spike_zh,中子电流测量重复尖峰事件,observation_derived,zh,51,5,0.655745267868042,0.6259086728096008,0.0,11
sentence-transformers/paraphrase-multilingual-MiniLM-L12-v2,1500,150,obs_spike_zh,中子电流测量重复尖峰事件,observation_derived,zh,51,6,0.655745267868042,0.6259086728096008,0.0,11
sentence-transformers/paraphrase-multilingual-MiniLM-L12-v2,1500,150,obs_spike_zh,中子电流测量重复尖峰事件,observation_derived,zh,51,7,0.655745267868042,0.6259086728096008,0.0,11
sentence-transformers/paraphrase-multilingual-MiniLM-L12-v2,1500,150,obs_spike_zh,中子电流测量重复尖峰事件,observation_derived,zh,51,8,0.655745267868042,0.6259086728096008,0.0,11
sentence-transformers/paraphrase-multilingual-MiniLM-L12-v2,1500,150,obs_spike_zh,中子电流测量重复尖峰事件,observation_derived,zh,51,9,0.655745267868042,0.6259086728096008,0.0,11
sentence-transformers/paraphrase-multilingual-MiniLM-L12-v2,1500,150,obs_zero_en,neutron current measurement synchronized zero-value dropout across channels,observation_derived,en,0,0,0.6741911768913269,0.6146960854530334,1.0,1
sentence-transformers/paraphrase-multilingual-MiniLM-L12-v2,1500,150,obs_zero_en,neutron current measurement synchronized zero-value dropout across channels,observation_derived,en,5,0,0.6741911768913269,0.6215952038764954,0.7,1
sentence-transformers/paraphrase-multilingual-MiniLM-L12-v2,1500,150,obs_zero_en,neutron current measurement synchronized zero-value dropout across channels,observation_derived,en,5,1,0.6741911768913269,0.6279603242874146,0.6,1
sentence-transformers/paraphrase-multilingual-MiniLM-L12-v2,1500,150,obs_zero_en,neutron current measurement synchronized zero-value dropout across channels,observation_derived,en,5,2,0.6741911768913269,0.6279603242874146,0.6,1
sentence-transformers/paraphrase-multilingual-MiniLM-L12-v2,1500,150,obs_zero_en,neutron current measurement synchronized zero-value dropout across channels,observation_derived,en,5,3,0.6741911768913269,0.6146960854530334,1.0,1
sentence-transformers/paraphrase-multilingual-MiniLM-L12-v2,1500,150,obs_zero_en,neutron current measurement synchronized zero-value dropout across channels,observation_derived,en,5,4,0.6741911768913269,0.6146960854530334,1.0,1
sentence-transformers/paraphrase-multilingual-MiniLM-L12-v2,1500,150,obs_zero_en,neutron current measurement synchronized zero-value dropout across channels,observation_derived,en,5,5,0.6741911768913269,0.6257765293121338,0.5,1
sentence-transformers/paraphrase-multilingual-MiniLM-L12-v2,1500,150,obs_zero_en,neutron current measurement synchronized zero-value dropout across channels,observation_derived,en,5,6,0.6741911768913269,0.6146960854530334,1.0,1
sentence-transformers/paraphrase-multilingual-MiniLM-L12-v2,1500,150,obs_zero_en,neutron current measurement synchronized zero-value dropout across channels,observation_derived,en,5,7,0.6741911768913269,0.614702582359314,0.9,1
sentence-transformers/paraphrase-multilingual-MiniLM-L12-v2,1500,150,obs_zero_en,neutron current measurement synchronized zero-value dropout across channels,observation_derived,en,5,8,0.6741911768913269,0.6146960854530334,1.0,1
sentence-transformers/paraphrase-multilingual-MiniLM-L12-v2,1500,150,obs_zero_en,neutron current measurement synchronized zero-value dropout across channels,observation_derived,en,5,9,0.6741911768913269,0.6146960854530334,1.0,1
sentence-transformers/paraphrase-multilingual-MiniLM-L12-v2,1500,150,obs_zero_en,neutron current measurement synchronized zero-value dropout across channels,observation_derived,en,10,0,0.6831053495407104,0.6413557529449463,0.3,2
sentence-transformers/paraphrase-multilingual-MiniLM-L12-v2,1500,150,obs_zero_en,neutron current measurement synchronized zero-value dropout across channels,observation_derived,en,10,1,0.6831053495407104,0.6339229941368103,0.5,2
sentence-transformers/paraphrase-multilingual-MiniLM-L12-v2,1500,150,obs_zero_en,neutron current measurement synchronized zero-value dropout across channels,observation_derived,en,10,2,0.6741911768913269,0.6146960854530334,1.0,1
sentence-transformers/paraphrase-multilingual-MiniLM-L12-v2,1500,150,obs_zero_en,neutron current measurement synchronized zero-value dropout across channels,observation_derived,en,10,3,0.6741911768913269,0.6215952038764954,0.7,1
sentence-transformers/paraphrase-multilingual-MiniLM-L12-v2,1500,150,obs_zero_en,neutron current measurement synchronized zero-value dropout across channels,observation_derived,en,10,4,0.6741911768913269,0.6146960854530334,1.0,1
sentence-transformers/paraphrase-multilingual-MiniLM-L12-v2,1500,150,obs_zero_en,neutron current measurement synchronized zero-value dropout across channels,observation_derived,en,10,5,0.6741911768913269,0.6193732023239136,0.8,1
sentence-transformers/paraphrase-multilingual-MiniLM-L12-v2,1500,150,obs_zero_en,neutron current measurement synchronized zero-value dropout across channels,observation_derived,en,10,6,0.6741911768913269,0.6168553829193115,0.8,1
sentence-transformers/paraphrase-multilingual-MiniLM-L12-v2,1500,150,obs_zero_en,neutron current measurement synchronized zero-value dropout across channels,observation_derived,en,10,7,0.6741911768913269,0.6193732023239136,0.8,1
sentence-transformers/paraphrase-multilingual-MiniLM-L12-v2,1500,150,obs_zero_en,neutron current measurement synchronized zero-value dropout across channels,observation_derived,en,10,8,0.6741911768913269,0.614702582359314,0.9,1
sentence-transformers/paraphrase-multilingual-MiniLM-L12-v2,1500,150,obs_zero_en,neutron current measurement synchronized zero-value dropout across channels,observation_derived,en,10,9,0.6741911768913269,0.6193732023239136,0.8,1
sentence-transformers/paraphrase-multilingual-MiniLM-L12-v2,1500,150,obs_zero_en,neutron current measurement synchronized zero-value dropout across channels,observation_derived,en,15,0,0.6741911768913269,0.614702582359314,0.9,1
sentence-transformers/paraphrase-multilingual-MiniLM-L12-v2,1500,150,obs_zero_en,neutron current measurement synchronized zero-value dropout across channels,observation_derived,en,15,1,0.6831053495407104,0.6430408954620361,0.3,2
sentence-transformers/paraphrase-multilingual-MiniLM-L12-v2,1500,150,obs_zero_en,neutron current measurement synchronized zero-value dropout across channels,observation_derived,en,15,2,0.6741911768913269,0.6193732023239136,0.8,1
sentence-transformers/paraphrase-multilingual-MiniLM-L12-v2,1500,150,obs_zero_en,neutron current measurement synchronized zero-value dropout across channels,observation_derived,en,15,3,0.6831053495407104,0.6413557529449463,0.3,2
sentence-transformers/paraphrase-multilingual-MiniLM-L12-v2,1500,150,obs_zero_en,neutron current measurement synchronized zero-value dropout across channels,observation_derived,en,15,4,0.6741911768913269,0.6226378679275513,0.6,1
sentence-transformers/paraphrase-multilingual-MiniLM-L12-v2,1500,150,obs_zero_en,neutron current measurement synchronized zero-value dropout across channels,observation_derived,en,15,5,0.6741911768913269,0.6146960854530334,1.0,1
sentence-transformers/paraphrase-multilingual-MiniLM-L12-v2,1500,150,obs_zero_en,neutron current measurement synchronized zero-value dropout across channels,observation_derived,en,15,6,0.6741911768913269,0.6215952038764954,0.7,1
sentence-transformers/paraphrase-multilingual-MiniLM-L12-v2,1500,150,obs_zero_en,neutron current measurement synchronized zero-value dropout across channels,observation_derived,en,15,7,0.6741911768913269,0.6146960854530334,1.0,1
sentence-transformers/paraphrase-multilingual-MiniLM-L12-v2,1500,150,obs_zero_en,neutron current measurement synchronized zero-value dropout across channels,observation_derived,en,15,8,0.6831053495407104,0.6363168954849243,0.4,2
sentence-transformers/paraphrase-multilingual-MiniLM-L12-v2,1500,150,obs_zero_en,neutron current measurement synchronized zero-value dropout across channels,observation_derived,en,15,9,0.6831053495407104,0.6339229941368103,0.5,2
sentence-transformers/paraphrase-multilingual-MiniLM-L12-v2,1500,150,obs_zero_en,neutron current measurement synchronized zero-value dropout across channels,observation_derived,en,20,0,0.6741911768913269,0.6193732023239136,0.8,1
sentence-transformers/paraphrase-multilingual-MiniLM-L12-v2,1500,150,obs_zero_en,neutron current measurement synchronized zero-value dropout across channels,observation_derived,en,20,1,0.6741911768913269,0.6146960854530334,1.0,1
sentence-transformers/paraphrase-multilingual-MiniLM-L12-v2,1500,150,obs_zero_en,neutron current measurement synchronized zero-value dropout across channels,observation_derived,en,20,2,0.6741911768913269,0.6215952038764954,0.7,1
sentence-transformers/paraphrase-multilingual-MiniLM-L12-v2,1500,150,obs_zero_en,neutron current measurement synchronized zero-value dropout across channels,observation_derived,en,20,3,0.6741911768913269,0.6146960854530334,1.0,1
sentence-transformers/paraphrase-multilingual-MiniLM-L12-v2,1500,150,obs_zero_en,neutron current measurement synchronized zero-value dropout across channels,observation_derived,en,20,4,0.6741911768913269,0.6146960854530334,1.0,1
sentence-transformers/paraphrase-multilingual-MiniLM-L12-v2,1500,150,obs_zero_en,neutron current measurement synchronized zero-value dropout across channels,observation_derived,en,20,5,0.6741911768913269,0.6226378679275513,0.6,1
sentence-transformers/paraphrase-multilingual-MiniLM-L12-v2,1500,150,obs_zero_en,neutron current measurement synchronized zero-value dropout across channels,observation_derived,en,20,6,0.6741911768913269,0.6168553829193115,0.8,1
sentence-transformers/paraphrase-multilingual-MiniLM-L12-v2,1500,150,obs_zero_en,neutron current measurement synchronized zero-value dropout across channels,observation_derived,en,20,7,0.6831053495407104,0.6413557529449463,0.3,2
sentence-transformers/paraphrase-multilingual-MiniLM-L12-v2,1500,150,obs_zero_en,neutron current measurement synchronized zero-value dropout across channels,observation_derived,en,20,8,0.6741911768913269,0.6205099821090698,0.6,1
sentence-transformers/paraphrase-multilingual-MiniLM-L12-v2,1500,150,obs_zero_en,neutron current measurement synchronized zero-value dropout across channels,observation_derived,en,20,9,0.6831053495407104,0.6429868936538696,0.3,2
sentence-transformers/paraphrase-multilingual-MiniLM-L12-v2,1500,150,obs_zero_en,neutron current measurement synchronized zero-value dropout across channels,observation_derived,en,25,0,0.6741911768913269,0.6279603242874146,0.6,1
sentence-transformers/paraphrase-multilingual-MiniLM-L12-v2,1500,150,obs_zero_en,neutron current measurement synchronized zero-value dropout across channels,observation_derived,en,25,1,0.6741911768913269,0.6310990452766418,0.5,1
sentence-transformers/paraphrase-multilingual-MiniLM-L12-v2,1500,150,obs_zero_en,neutron current measurement synchronized zero-value dropout across channels,observation_derived,en,25,2,0.6831053495407104,0.6363168954849243,0.4,2
sentence-transformers/paraphrase-multilingual-MiniLM-L12-v2,1500,150,obs_zero_en,neutron current measurement synchronized zero-value dropout across channels,observation_derived,en,25,3,0.6831053495407104,0.6339229941368103,0.5,2
sentence-transformers/paraphrase-multilingual-MiniLM-L12-v2,1500,150,obs_zero_en,neutron current measurement synchronized zero-value dropout across channels,observation_derived,en,25,4,0.6741911768913269,0.6251027584075928,0.5,1
sentence-transformers/paraphrase-multilingual-MiniLM-L12-v2,1500,150,obs_zero_en,neutron current measurement synchronized zero-value dropout across channels,observation_derived,en,25,5,0.6741911768913269,0.6279603242874146,0.6,1
sentence-transformers/paraphrase-multilingual-MiniLM-L12-v2,1500,150,obs_zero_en,neutron current measurement synchronized zero-value dropout across channels,observation_derived,en,25,6,0.6831053495407104,0.6363168954849243,0.4,2
sentence-transformers/paraphrase-multilingual-MiniLM-L12-v2,1500,150,obs_zero_en,neutron current measurement synchronized zero-value dropout across channels,observation_derived,en,25,7,0.6831053495407104,0.6339229941368103,0.5,2
sentence-transformers/paraphrase-multilingual-MiniLM-L12-v2,1500,150,obs_zero_en,neutron current measurement synchronized zero-value dropout across channels,observation_derived,en,25,8,0.6741911768913269,0.6257765293121338,0.5,1
sentence-transformers/paraphrase-multilingual-MiniLM-L12-v2,1500,150,obs_zero_en,neutron current measurement synchronized zero-value dropout across channels,observation_derived,en,25,9,0.6741911768913269,0.6279603242874146,0.6,1
sentence-transformers/paraphrase-multilingual-MiniLM-L12-v2,1500,150,obs_zero_en,neutron current measurement synchronized zero-value dropout across channels,observation_derived,en,30,0,0.6741911768913269,0.6251027584075928,0.5,1
sentence-transformers/paraphrase-multilingual-MiniLM-L12-v2,1500,150,obs_zero_en,neutron current measurement synchronized zero-value dropout across channels,observation_derived,en,30,1,0.6831053495407104,0.6363168954849243,0.4,2
sentence-transformers/paraphrase-multilingual-MiniLM-L12-v2,1500,150,obs_zero_en,neutron current measurement synchronized zero-value dropout across channels,observation_derived,en,30,2,0.6741911768913269,0.6205099821090698,0.6,1
sentence-transformers/paraphrase-multilingual-MiniLM-L12-v2,1500,150,obs_zero_en,neutron current measurement synchronized zero-value dropout across channels,observation_derived,en,30,3,0.6831053495407104,0.64398193359375,0.3,2
sentence-transformers/paraphrase-multilingual-MiniLM-L12-v2,1500,150,obs_zero_en,neutron current measurement synchronized zero-value dropout across channels,observation_derived,en,30,4,0.6831053495407104,0.6413557529449463,0.3,2
sentence-transformers/paraphrase-multilingual-MiniLM-L12-v2,1500,150,obs_zero_en,neutron current measurement synchronized zero-value dropout across channels,observation_derived,en,30,5,0.6741911768913269,0.6317125558853149,0.5,1
sentence-transformers/paraphrase-multilingual-MiniLM-L12-v2,1500,150,obs_zero_en,neutron current measurement synchronized zero-value dropout across channels,observation_derived,en,30,6,0.6741911768913269,0.6337182521820068,0.4,1
sentence-transformers/paraphrase-multilingual-MiniLM-L12-v2,1500,150,obs_zero_en,neutron current measurement synchronized zero-value dropout across channels,observation_derived,en,30,7,0.6741911768913269,0.6310990452766418,0.5,1
sentence-transformers/paraphrase-multilingual-MiniLM-L12-v2,1500,150,obs_zero_en,neutron current measurement synchronized zero-value dropout across channels,observation_derived,en,30,8,0.6831053495407104,0.6381794810295105,0.3,2
sentence-transformers/paraphrase-multilingual-MiniLM-L12-v2,1500,150,obs_zero_en,neutron current measurement synchronized zero-value dropout across channels,observation_derived,en,30,9,0.6831053495407104,0.64398193359375,0.3,2
sentence-transformers/paraphrase-multilingual-MiniLM-L12-v2,1500,150,obs_zero_en,neutron current measurement synchronized zero-value dropout across channels,observation_derived,en,35,0,0.6741911768913269,0.6251027584075928,0.5,1
sentence-transformers/paraphrase-multilingual-MiniLM-L12-v2,1500,150,obs_zero_en,neutron current measurement synchronized zero-value dropout across channels,observation_derived,en,35,1,0.6831053495407104,0.6413557529449463,0.3,2
sentence-transformers/paraphrase-multilingual-MiniLM-L12-v2,1500,150,obs_zero_en,neutron current measurement synchronized zero-value dropout across channels,observation_derived,en,35,2,0.6741911768913269,0.6337182521820068,0.4,1
sentence-transformers/paraphrase-multilingual-MiniLM-L12-v2,1500,150,obs_zero_en,neutron current measurement synchronized zero-value dropout across channels,observation_derived,en,35,3,0.6831053495407104,0.6430408954620361,0.3,2
sentence-transformers/paraphrase-multilingual-MiniLM-L12-v2,1500,150,obs_zero_en,neutron current measurement synchronized zero-value dropout across channels,observation_derived,en,35,4,0.6741911768913269,0.631201446056366,0.5,1
sentence-transformers/paraphrase-multilingual-MiniLM-L12-v2,1500,150,obs_zero_en,neutron current measurement synchronized zero-value dropout across channels,observation_derived,en,35,5,0.6831053495407104,0.6429868936538696,0.3,2
sentence-transformers/paraphrase-multilingual-MiniLM-L12-v2,1500,150,obs_zero_en,neutron current measurement synchronized zero-value dropout across channels,observation_derived,en,35,6,0.6741911768913269,0.6257765293121338,0.5,1
sentence-transformers/paraphrase-multilingual-MiniLM-L12-v2,1500,150,obs_zero_en,neutron current measurement synchronized zero-value dropout across channels,observation_derived,en,35,7,0.6741911768913269,0.6168553829193115,0.8,1
sentence-transformers/paraphrase-multilingual-MiniLM-L12-v2,1500,150,obs_zero_en,neutron current measurement synchronized zero-value dropout across channels,observation_derived,en,35,8,0.6741911768913269,0.6146960854530334,1.0,1
sentence-transformers/paraphrase-multilingual-MiniLM-L12-v2,1500,150,obs_zero_en,neutron current measurement synchronized zero-value dropout across channels,observation_derived,en,35,9,0.6741911768913269,0.6337182521820068,0.4,1
sentence-transformers/paraphrase-multilingual-MiniLM-L12-v2,1500,150,obs_zero_en,neutron current measurement synchronized zero-value dropout across channels,observation_derived,en,40,0,0.6831053495407104,0.64398193359375,0.3,2
sentence-transformers/paraphrase-multilingual-MiniLM-L12-v2,1500,150,obs_zero_en,neutron current measurement synchronized zero-value dropout across channels,observation_derived,en,40,1,0.6831053495407104,0.6381794810295105,0.3,2
sentence-transformers/paraphrase-multilingual-MiniLM-L12-v2,1500,150,obs_zero_en,neutron current measurement synchronized zero-value dropout across channels,observation_derived,en,40,2,0.6831053495407104,0.64398193359375,0.3,2
sentence-transformers/paraphrase-multilingual-MiniLM-L12-v2,1500,150,obs_zero_en,neutron current measurement synchronized zero-value dropout across channels,observation_derived,en,40,3,0.6831053495407104,0.6429868936538696,0.3,2
sentence-transformers/paraphrase-multilingual-MiniLM-L12-v2,1500,150,obs_zero_en,neutron current measurement synchronized zero-value dropout across channels,observation_derived,en,40,4,0.6831053495407104,0.64398193359375,0.3,2
sentence-transformers/paraphrase-multilingual-MiniLM-L12-v2,1500,150,obs_zero_en,neutron current measurement synchronized zero-value dropout across channels,observation_derived,en,40,5,0.6831053495407104,0.64398193359375,0.3,2
sentence-transformers/paraphrase-multilingual-MiniLM-L12-v2,1500,150,obs_zero_en,neutron current measurement synchronized zero-value dropout across channels,observation_derived,en,40,6,0.6831053495407104,0.64398193359375,0.3,2
sentence-transformers/paraphrase-multilingual-MiniLM-L12-v2,1500,150,obs_zero_en,neutron current measurement synchronized zero-value dropout across channels,observation_derived,en,40,7,0.6831053495407104,0.6381794810295105,0.3,2
sentence-transformers/paraphrase-multilingual-MiniLM-L12-v2,1500,150,obs_zero_en,neutron current measurement synchronized zero-value dropout across channels,observation_derived,en,40,8,0.6831053495407104,0.6430408954620361,0.3,2
sentence-transformers/paraphrase-multilingual-MiniLM-L12-v2,1500,150,obs_zero_en,neutron current measurement synchronized zero-value dropout across channels,observation_derived,en,40,9,0.6831053495407104,0.64398193359375,0.3,2
sentence-transformers/paraphrase-multilingual-MiniLM-L12-v2,1500,150,obs_zero_en,neutron current measurement synchronized zero-value dropout across channels,observation_derived,en,45,0,0.6741911768913269,0.6257765293121338,0.5,1
sentence-transformers/paraphrase-multilingual-MiniLM-L12-v2,1500,150,obs_zero_en,neutron current measurement synchronized zero-value dropout across channels,observation_derived,en,45,1,0.6831053495407104,0.6381794810295105,0.3,2
sentence-transformers/paraphrase-multilingual-MiniLM-L12-v2,1500,150,obs_zero_en,neutron current measurement synchronized zero-value dropout across channels,observation_derived,en,45,2,0.6831053495407104,0.64398193359375,0.3,2
sentence-transformers/paraphrase-multilingual-MiniLM-L12-v2,1500,150,obs_zero_en,neutron current measurement synchronized zero-value dropout across channels,observation_derived,en,45,3,0.6741911768913269,0.631201446056366,0.5,1
sentence-transformers/paraphrase-multilingual-MiniLM-L12-v2,1500,150,obs_zero_en,neutron current measurement synchronized zero-value dropout across channels,observation_derived,en,45,4,0.6831053495407104,0.64398193359375,0.3,2
sentence-transformers/paraphrase-multilingual-MiniLM-L12-v2,1500,150,obs_zero_en,neutron current measurement synchronized zero-value dropout across channels,observation_derived,en,45,5,0.6741911768913269,0.6337182521820068,0.4,1
sentence-transformers/paraphrase-multilingual-MiniLM-L12-v2,1500,150,obs_zero_en,neutron current measurement synchronized zero-value dropout across channels,observation_derived,en,45,6,0.6831053495407104,0.6429868936538696,0.3,2
sentence-transformers/paraphrase-multilingual-MiniLM-L12-v2,1500,150,obs_zero_en,neutron current measurement synchronized zero-value dropout across channels,observation_derived,en,45,7,0.6831053495407104,0.64398193359375,0.3,2
sentence-transformers/paraphrase-multilingual-MiniLM-L12-v2,1500,150,obs_zero_en,neutron current measurement synchronized zero-value dropout across channels,observation_derived,en,45,8,0.6831053495407104,0.64398193359375,0.3,2
sentence-transformers/paraphrase-multilingual-MiniLM-L12-v2,1500,150,obs_zero_en,neutron current measurement synchronized zero-value dropout across channels,observation_derived,en,45,9,0.6831053495407104,0.64398193359375,0.3,2
sentence-transformers/paraphrase-multilingual-MiniLM-L12-v2,1500,150,obs_zero_en,neutron current measurement synchronized zero-value dropout across channels,observation_derived,en,50,0,0.6831053495407104,0.64398193359375,0.3,2
sentence-transformers/paraphrase-multilingual-MiniLM-L12-v2,1500,150,obs_zero_en,neutron current measurement synchronized zero-value dropout across channels,observation_derived,en,50,1,0.6831053495407104,0.6429868936538696,0.3,2
sentence-transformers/paraphrase-multilingual-MiniLM-L12-v2,1500,150,obs_zero_en,neutron current measurement synchronized zero-value dropout across channels,observation_derived,en,50,2,0.6831053495407104,0.64398193359375,0.3,2
sentence-transformers/paraphrase-multilingual-MiniLM-L12-v2,1500,150,obs_zero_en,neutron current measurement synchronized zero-value dropout across channels,observation_derived,en,50,3,0.6831053495407104,0.64398193359375,0.3,2
sentence-transformers/paraphrase-multilingual-MiniLM-L12-v2,1500,150,obs_zero_en,neutron current measurement synchronized zero-value dropout across channels,observation_derived,en,50,4,0.6831053495407104,0.64398193359375,0.3,2
sentence-transformers/paraphrase-multilingual-MiniLM-L12-v2,1500,150,obs_zero_en,neutron current measurement synchronized zero-value dropout across channels,observation_derived,en,50,5,0.6831053495407104,0.64398193359375,0.3,2
sentence-transformers/paraphrase-multilingual-MiniLM-L12-v2,1500,150,obs_zero_en,neutron current measurement synchronized zero-value dropout across channels,observation_derived,en,50,6,0.6831053495407104,0.64398193359375,0.3,2
sentence-transformers/paraphrase-multilingual-MiniLM-L12-v2,1500,150,obs_zero_en,neutron current measurement synchronized zero-value dropout across channels,observation_derived,en,50,7,0.6831053495407104,0.64398193359375,0.3,2
sentence-transformers/paraphrase-multilingual-MiniLM-L12-v2,1500,150,obs_zero_en,neutron current measurement synchronized zero-value dropout across channels,observation_derived,en,50,8,0.6831053495407104,0.64398193359375,0.3,2
sentence-transformers/paraphrase-multilingual-MiniLM-L12-v2,1500,150,obs_zero_en,neutron current measurement synchronized zero-value dropout across channels,observation_derived,en,50,9,0.6831053495407104,0.64398193359375,0.3,2
sentence-transformers/paraphrase-multilingual-MiniLM-L12-v2,1500,150,obs_zero_en,neutron current measurement synchronized zero-value dropout across channels,observation_derived,en,51,0,0.6831053495407104,0.64398193359375,0.3,2
sentence-transformers/paraphrase-multilingual-MiniLM-L12-v2,1500,150,obs_zero_en,neutron current measurement synchronized zero-value dropout across channels,observation_derived,en,51,1,0.6831053495407104,0.64398193359375,0.3,2
sentence-transformers/paraphrase-multilingual-MiniLM-L12-v2,1500,150,obs_zero_en,neutron current measurement synchronized zero-value dropout across channels,observation_derived,en,51,2,0.6831053495407104,0.64398193359375,0.3,2
sentence-transformers/paraphrase-multilingual-MiniLM-L12-v2,1500,150,obs_zero_en,neutron current measurement synchronized zero-value dropout across channels,observation_derived,en,51,3,0.6831053495407104,0.64398193359375,0.3,2
sentence-transformers/paraphrase-multilingual-MiniLM-L12-v2,1500,150,obs_zero_en,neutron current measurement synchronized zero-value dropout across channels,observation_derived,en,51,4,0.6831053495407104,0.64398193359375,0.3,2
sentence-transformers/paraphrase-multilingual-MiniLM-L12-v2,1500,150,obs_zero_en,neutron current measurement synchronized zero-value dropout across channels,observation_derived,en,51,5,0.6831053495407104,0.64398193359375,0.3,2
sentence-transformers/paraphrase-multilingual-MiniLM-L12-v2,1500,150,obs_zero_en,neutron current measurement synchronized zero-value dropout across channels,observation_derived,en,51,6,0.6831053495407104,0.64398193359375,0.3,2
sentence-transformers/paraphrase-multilingual-MiniLM-L12-v2,1500,150,obs_zero_en,neutron current measurement synchronized zero-value dropout across channels,observation_derived,en,51,7,0.6831053495407104,0.64398193359375,0.3,2
sentence-transformers/paraphrase-multilingual-MiniLM-L12-v2,1500,150,obs_zero_en,neutron current measurement synchronized zero-value dropout across channels,observation_derived,en,51,8,0.6831053495407104,0.64398193359375,0.3,2
sentence-transformers/paraphrase-multilingual-MiniLM-L12-v2,1500,150,obs_zero_en,neutron current measurement synchronized zero-value dropout across channels,observation_derived,en,51,9,0.6831053495407104,0.64398193359375,0.3,2
sentence-transformers/paraphrase-multilingual-MiniLM-L12-v2,1500,150,obs_zero_zh,中子电流测量跨通道同步零值闪断,observation_derived,zh,0,0,0.5893332362174988,0.5448380708694458,1.0,1
sentence-transformers/paraphrase-multilingual-MiniLM-L12-v2,1500,150,obs_zero_zh,中子电流测量跨通道同步零值闪断,observation_derived,zh,5,0,0.5893332362174988,0.5448380708694458,1.0,1
sentence-transformers/paraphrase-multilingual-MiniLM-L12-v2,1500,150,obs_zero_zh,中子电流测量跨通道同步零值闪断,observation_derived,zh,5,1,0.6056862473487854,0.5687930583953857,0.4,3
sentence-transformers/paraphrase-multilingual-MiniLM-L12-v2,1500,150,obs_zero_zh,中子电流测量跨通道同步零值闪断,observation_derived,zh,5,2,0.6105353236198425,0.572358250617981,0.4,4
sentence-transformers/paraphrase-multilingual-MiniLM-L12-v2,1500,150,obs_zero_zh,中子电流测量跨通道同步零值闪断,observation_derived,zh,5,3,0.5893332362174988,0.5498717427253723,0.8,1
sentence-transformers/paraphrase-multilingual-MiniLM-L12-v2,1500,150,obs_zero_zh,中子电流测量跨通道同步零值闪断,observation_derived,zh,5,4,0.6211496591567993,0.5605340600013733,0.6,2
sentence-transformers/paraphrase-multilingual-MiniLM-L12-v2,1500,150,obs_zero_zh,中子电流测量跨通道同步零值闪断,observation_derived,zh,5,5,0.6211496591567993,0.5600252151489258,0.6,2
sentence-transformers/paraphrase-multilingual-MiniLM-L12-v2,1500,150,obs_zero_zh,中子电流测量跨通道同步零值闪断,observation_derived,zh,5,6,0.6056862473487854,0.573148250579834,0.4,3
sentence-transformers/paraphrase-multilingual-MiniLM-L12-v2,1500,150,obs_zero_zh,中子电流测量跨通道同步零值闪断,observation_derived,zh,5,7,0.6211496591567993,0.5600252151489258,0.6,2
sentence-transformers/paraphrase-multilingual-MiniLM-L12-v2,1500,150,obs_zero_zh,中子电流测量跨通道同步零值闪断,observation_derived,zh,5,8,0.6266753077507019,0.5794233679771423,0.3,4
sentence-transformers/paraphrase-multilingual-MiniLM-L12-v2,1500,150,obs_zero_zh,中子电流测量跨通道同步零值闪断,observation_derived,zh,5,9,0.6266753077507019,0.5794233679771423,0.3,4
sentence-transformers/paraphrase-multilingual-MiniLM-L12-v2,1500,150,obs_zero_zh,中子电流测量跨通道同步零值闪断,observation_derived,zh,10,0,0.6266753077507019,0.5880154371261597,0.2,5
sentence-transformers/paraphrase-multilingual-MiniLM-L12-v2,1500,150,obs_zero_zh,中子电流测量跨通道同步零值闪断,observation_derived,zh,10,1,0.6105353236198425,0.5697548985481262,0.6,4
sentence-transformers/paraphrase-multilingual-MiniLM-L12-v2,1500,150,obs_zero_zh,中子电流测量跨通道同步零值闪断,observation_derived,zh,10,2,0.6474494338035583,0.575278639793396,0.3,3
sentence-transformers/paraphrase-multilingual-MiniLM-L12-v2,1500,150,obs_zero_zh,中子电流测量跨通道同步零值闪断,observation_derived,zh,10,3,0.5893332362174988,0.5501657724380493,0.8,1
sentence-transformers/paraphrase-multilingual-MiniLM-L12-v2,1500,150,obs_zero_zh,中子电流测量跨通道同步零值闪断,observation_derived,zh,10,4,0.6266753077507019,0.5821408033370972,0.3,4
sentence-transformers/paraphrase-multilingual-MiniLM-L12-v2,1500,150,obs_zero_zh,中子电流测量跨通道同步零值闪断,observation_derived,zh,10,5,0.6266753077507019,0.5813664197921753,0.3,4
sentence-transformers/paraphrase-multilingual-MiniLM-L12-v2,1500,150,obs_zero_zh,中子电流测量跨通道同步零值闪断,observation_derived,zh,10,6,0.6266753077507019,0.5832213163375854,0.3,4
sentence-transformers/paraphrase-multilingual-MiniLM-L12-v2,1500,150,obs_zero_zh,中子电流测量跨通道同步零值闪断,observation_derived,zh,10,7,0.5893332362174988,0.5528009533882141,0.6,1
sentence-transformers/paraphrase-multilingual-MiniLM-L12-v2,1500,150,obs_zero_zh,中子电流测量跨通道同步零值闪断,observation_derived,zh,10,8,0.6105353236198425,0.5773336291313171,0.3,4
sentence-transformers/paraphrase-multilingual-MiniLM-L12-v2,1500,150,obs_zero_zh,中子电流测量跨通道同步零值闪断,observation_derived,zh,10,9,0.5893332362174988,0.5631448030471802,0.4,1
sentence-transformers/paraphrase-multilingual-MiniLM-L12-v2,1500,150,obs_zero_zh,中子电流测量跨通道同步零值闪断,observation_derived,zh,15,0,0.6266753077507019,0.5925842523574829,0.1,6
sentence-transformers/paraphrase-multilingual-MiniLM-L12-v2,1500,150,obs_zero_zh,中子电流测量跨通道同步零值闪断,observation_derived,zh,15,1,0.6474494338035583,0.6006491780281067,0.2,8
sentence-transformers/paraphrase-multilingual-MiniLM-L12-v2,1500,150,obs_zero_zh,中子电流测量跨通道同步零值闪断,observation_derived,zh,15,2,0.6266753077507019,0.5979958772659302,0.1,9
sentence-transformers/paraphrase-multilingual-MiniLM-L12-v2,1500,150,obs_zero_zh,中子电流测量跨通道同步零值闪断,observation_derived,zh,15,3,0.6056862473487854,0.5794494152069092,0.3,3
sentence-transformers/paraphrase-multilingual-MiniLM-L12-v2,1500,150,obs_zero_zh,中子电流测量跨通道同步零值闪断,observation_derived,zh,15,4,0.6266753077507019,0.5915919542312622,0.2,6
sentence-transformers/paraphrase-multilingual-MiniLM-L12-v2,1500,150,obs_zero_zh,中子电流测量跨通道同步零值闪断,observation_derived,zh,15,5,0.6266753077507019,0.5843716263771057,0.2,4
sentence-transformers/paraphrase-multilingual-MiniLM-L12-v2,1500,150,obs_zero_zh,中子电流测量跨通道同步零值闪断,observation_derived,zh,15,6,0.6266753077507019,0.5912793278694153,0.2,6
sentence-transformers/paraphrase-multilingual-MiniLM-L12-v2,1500,150,obs_zero_zh,中子电流测量跨通道同步零值闪断,observation_derived,zh,15,7,0.6266753077507019,0.5955997705459595,0.2,7
sentence-transformers/paraphrase-multilingual-MiniLM-L12-v2,1500,150,obs_zero_zh,中子电流测量跨通道同步零值闪断,observation_derived,zh,15,8,0.6105353236198425,0.5873548984527588,0.3,6
sentence-transformers/paraphrase-multilingual-MiniLM-L12-v2,1500,150,obs_zero_zh,中子电流测量跨通道同步零值闪断,observation_derived,zh,15,9,0.6474494338035583,0.5963486433029175,0.1,6
sentence-transformers/paraphrase-multilingual-MiniLM-L12-v2,1500,150,obs_zero_zh,中子电流测量跨通道同步零值闪断,observation_derived,zh,20,0,0.6142871975898743,0.5823858380317688,0.3,4
sentence-transformers/paraphrase-multilingual-MiniLM-L12-v2,1500,150,obs_zero_zh,中子电流测量跨通道同步零值闪断,observation_derived,zh,20,1,0.6474494338035583,0.6074450612068176,0.0,11
sentence-transformers/paraphrase-multilingual-MiniLM-L12-v2,1500,150,obs_zero_zh,中子电流测量跨通道同步零值闪断,observation_derived,zh,20,2,0.6266753077507019,0.5981414318084717,0.1,8
sentence-transformers/paraphrase-multilingual-MiniLM-L12-v2,1500,150,obs_zero_zh,中子电流测量跨通道同步零值闪断,observation_derived,zh,20,3,0.6266753077507019,0.5964930653572083,0.1,7
sentence-transformers/paraphrase-multilingual-MiniLM-L12-v2,1500,150,obs_zero_zh,中子电流测量跨通道同步零值闪断,observation_derived,zh,20,4,0.6474494338035583,0.5977975726127625,0.2,7
sentence-transformers/paraphrase-multilingual-MiniLM-L12-v2,1500,150,obs_zero_zh,中子电流测量跨通道同步零值闪断,observation_derived,zh,20,5,0.6266753077507019,0.5848376750946045,0.2,4
sentence-transformers/paraphrase-multilingual-MiniLM-L12-v2,1500,150,obs_zero_zh,中子电流测量跨通道同步零值闪断,observation_derived,zh,20,6,0.6142871975898743,0.593554675579071,0.1,7
sentence-transformers/paraphrase-multilingual-MiniLM-L12-v2,1500,150,obs_zero_zh,中子电流测量跨通道同步零值闪断,observation_derived,zh,20,7,0.6474494338035583,0.5957105755805969,0.1,6
sentence-transformers/paraphrase-multilingual-MiniLM-L12-v2,1500,150,obs_zero_zh,中子电流测量跨通道同步零值闪断,observation_derived,zh,20,8,0.6142871975898743,0.5855483412742615,0.2,5
sentence-transformers/paraphrase-multilingual-MiniLM-L12-v2,1500,150,obs_zero_zh,中子电流测量跨通道同步零值闪断,observation_derived,zh,20,9,0.6056862473487854,0.5807482004165649,0.2,3
sentence-transformers/paraphrase-multilingual-MiniLM-L12-v2,1500,150,obs_zero_zh,中子电流测量跨通道同步零值闪断,observation_derived,zh,25,0,0.6474494338035583,0.5957105755805969,0.1,6
sentence-transformers/paraphrase-multilingual-MiniLM-L12-v2,1500,150,obs_zero_zh,中子电流测量跨通道同步零值闪断,observation_derived,zh,25,1,0.6266753077507019,0.6019310355186462,0.1,9
sentence-transformers/paraphrase-multilingual-MiniLM-L12-v2,1500,150,obs_zero_zh,中子电流测量跨通道同步零值闪断,observation_derived,zh,25,2,0.6474494338035583,0.606471061706543,0.1,10
sentence-transformers/paraphrase-multilingual-MiniLM-L12-v2,1500,150,obs_zero_zh,中子电流测量跨通道同步零值闪断,observation_derived,zh,25,3,0.6474494338035583,0.6080102920532227,0.1,10
sentence-transformers/paraphrase-multilingual-MiniLM-L12-v2,1500,150,obs_zero_zh,中子电流测量跨通道同步零值闪断,observation_derived,zh,25,4,0.6142871975898743,0.5844382047653198,0.2,4
sentence-transformers/paraphrase-multilingual-MiniLM-L12-v2,1500,150,obs_zero_zh,中子电流测量跨通道同步零值闪断,observation_derived,zh,25,5,0.6474494338035583,0.5908907651901245,0.2,5
sentence-transformers/paraphrase-multilingual-MiniLM-L12-v2,1500,150,obs_zero_zh,中子电流测量跨通道同步零值闪断,observation_derived,zh,25,6,0.6474494338035583,0.6074450612068176,0.0,11
sentence-transformers/paraphrase-multilingual-MiniLM-L12-v2,1500,150,obs_zero_zh,中子电流测量跨通道同步零值闪断,observation_derived,zh,25,7,0.6474494338035583,0.6045794486999512,0.1,9
sentence-transformers/paraphrase-multilingual-MiniLM-L12-v2,1500,150,obs_zero_zh,中子电流测量跨通道同步零值闪断,observation_derived,zh,25,8,0.6266753077507019,0.6007404923439026,0.1,10
sentence-transformers/paraphrase-multilingual-MiniLM-L12-v2,1500,150,obs_zero_zh,中子电流测量跨通道同步零值闪断,observation_derived,zh,25,9,0.6474494338035583,0.6017311811447144,0.1,8
sentence-transformers/paraphrase-multilingual-MiniLM-L12-v2,1500,150,obs_zero_zh,中子电流测量跨通道同步零值闪断,observation_derived,zh,30,0,0.6266753077507019,0.6019310355186462,0.1,9
sentence-transformers/paraphrase-multilingual-MiniLM-L12-v2,1500,150,obs_zero_zh,中子电流测量跨通道同步零值闪断,observation_derived,zh,30,1,0.6266753077507019,0.6019310355186462,0.1,9
sentence-transformers/paraphrase-multilingual-MiniLM-L12-v2,1500,150,obs_zero_zh,中子电流测量跨通道同步零值闪断,observation_derived,zh,30,2,0.6474494338035583,0.6004776358604431,0.1,7
sentence-transformers/paraphrase-multilingual-MiniLM-L12-v2,1500,150,obs_zero_zh,中子电流测量跨通道同步零值闪断,observation_derived,zh,30,3,0.6266753077507019,0.5899907946586609,0.2,5
sentence-transformers/paraphrase-multilingual-MiniLM-L12-v2,1500,150,obs_zero_zh,中子电流测量跨通道同步零值闪断,observation_derived,zh,30,4,0.6474494338035583,0.600476861000061,0.1,7
sentence-transformers/paraphrase-multilingual-MiniLM-L12-v2,1500,150,obs_zero_zh,中子电流测量跨通道同步零值闪断,observation_derived,zh,30,5,0.6266753077507019,0.6006220579147339,0.1,8
sentence-transformers/paraphrase-multilingual-MiniLM-L12-v2,1500,150,obs_zero_zh,中子电流测量跨通道同步零值闪断,observation_derived,zh,30,6,0.6266753077507019,0.5978020429611206,0.1,8
sentence-transformers/paraphrase-multilingual-MiniLM-L12-v2,1500,150,obs_zero_zh,中子电流测量跨通道同步零值闪断,observation_derived,zh,30,7,0.6474494338035583,0.6017311811447144,0.1,8
sentence-transformers/paraphrase-multilingual-MiniLM-L12-v2,1500,150,obs_zero_zh,中子电流测量跨通道同步零值闪断,observation_derived,zh,30,8,0.6474494338035583,0.6045794486999512,0.1,9
sentence-transformers/paraphrase-multilingual-MiniLM-L12-v2,1500,150,obs_zero_zh,中子电流测量跨通道同步零值闪断,observation_derived,zh,30,9,0.6266753077507019,0.6006220579147339,0.1,8
sentence-transformers/paraphrase-multilingual-MiniLM-L12-v2,1500,150,obs_zero_zh,中子电流测量跨通道同步零值闪断,observation_derived,zh,35,0,0.6474494338035583,0.6012822389602661,0.1,7
sentence-transformers/paraphrase-multilingual-MiniLM-L12-v2,1500,150,obs_zero_zh,中子电流测量跨通道同步零值闪断,observation_derived,zh,35,1,0.6474494338035583,0.6009436845779419,0.1,7
sentence-transformers/paraphrase-multilingual-MiniLM-L12-v2,1500,150,obs_zero_zh,中子电流测量跨通道同步零值闪断,observation_derived,zh,35,2,0.6474494338035583,0.6017311811447144,0.1,8
sentence-transformers/paraphrase-multilingual-MiniLM-L12-v2,1500,150,obs_zero_zh,中子电流测量跨通道同步零值闪断,observation_derived,zh,35,3,0.6474494338035583,0.6062361001968384,0.1,10
sentence-transformers/paraphrase-multilingual-MiniLM-L12-v2,1500,150,obs_zero_zh,中子电流测量跨通道同步零值闪断,observation_derived,zh,35,4,0.6474494338035583,0.6027016043663025,0.1,9
sentence-transformers/paraphrase-multilingual-MiniLM-L12-v2,1500,150,obs_zero_zh,中子电流测量跨通道同步零值闪断,observation_derived,zh,35,5,0.6474494338035583,0.6105202436447144,0.0,11
sentence-transformers/paraphrase-multilingual-MiniLM-L12-v2,1500,150,obs_zero_zh,中子电流测量跨通道同步零值闪断,observation_derived,zh,35,6,0.6474494338035583,0.6030401587486267,0.1,9
sentence-transformers/paraphrase-multilingual-MiniLM-L12-v2,1500,150,obs_zero_zh,中子电流测量跨通道同步零值闪断,observation_derived,zh,35,7,0.6474494338035583,0.605265736579895,0.1,9
sentence-transformers/paraphrase-multilingual-MiniLM-L12-v2,1500,150,obs_zero_zh,中子电流测量跨通道同步零值闪断,observation_derived,zh,35,8,0.6266753077507019,0.6039221286773682,0.0,11
sentence-transformers/paraphrase-multilingual-MiniLM-L12-v2,1500,150,obs_zero_zh,中子电流测量跨通道同步零值闪断,observation_derived,zh,35,9,0.6474494338035583,0.6080102920532227,0.1,10
sentence-transformers/paraphrase-multilingual-MiniLM-L12-v2,1500,150,obs_zero_zh,中子电流测量跨通道同步零值闪断,observation_derived,zh,40,0,0.6266753077507019,0.6039221286773682,0.0,11
sentence-transformers/paraphrase-multilingual-MiniLM-L12-v2,1500,150,obs_zero_zh,中子电流测量跨通道同步零值闪断,observation_derived,zh,40,1,0.6474494338035583,0.6062361001968384,0.1,10
sentence-transformers/paraphrase-multilingual-MiniLM-L12-v2,1500,150,obs_zero_zh,中子电流测量跨通道同步零值闪断,observation_derived,zh,40,2,0.6474494338035583,0.6080102920532227,0.1,10
sentence-transformers/paraphrase-multilingual-MiniLM-L12-v2,1500,150,obs_zero_zh,中子电流测量跨通道同步零值闪断,observation_derived,zh,40,3,0.6474494338035583,0.6105202436447144,0.0,11
sentence-transformers/paraphrase-multilingual-MiniLM-L12-v2,1500,150,obs_zero_zh,中子电流测量跨通道同步零值闪断,observation_derived,zh,40,4,0.6474494338035583,0.6062361001968384,0.1,10
sentence-transformers/paraphrase-multilingual-MiniLM-L12-v2,1500,150,obs_zero_zh,中子电流测量跨通道同步零值闪断,observation_derived,zh,40,5,0.6474494338035583,0.6105202436447144,0.0,11
sentence-transformers/paraphrase-multilingual-MiniLM-L12-v2,1500,150,obs_zero_zh,中子电流测量跨通道同步零值闪断,observation_derived,zh,40,6,0.6474494338035583,0.6089664697647095,0.0,11
sentence-transformers/paraphrase-multilingual-MiniLM-L12-v2,1500,150,obs_zero_zh,中子电流测量跨通道同步零值闪断,observation_derived,zh,40,7,0.6211496591567993,0.5925408601760864,0.1,6
sentence-transformers/paraphrase-multilingual-MiniLM-L12-v2,1500,150,obs_zero_zh,中子电流测量跨通道同步零值闪断,observation_derived,zh,40,8,0.6474494338035583,0.6105202436447144,0.0,11
sentence-transformers/paraphrase-multilingual-MiniLM-L12-v2,1500,150,obs_zero_zh,中子电流测量跨通道同步零值闪断,observation_derived,zh,40,9,0.6474494338035583,0.6080102920532227,0.1,10
sentence-transformers/paraphrase-multilingual-MiniLM-L12-v2,1500,150,obs_zero_zh,中子电流测量跨通道同步零值闪断,observation_derived,zh,45,0,0.6474494338035583,0.6105202436447144,0.0,11
sentence-transformers/paraphrase-multilingual-MiniLM-L12-v2,1500,150,obs_zero_zh,中子电流测量跨通道同步零值闪断,observation_derived,zh,45,1,0.6474494338035583,0.6105202436447144,0.0,11
sentence-transformers/paraphrase-multilingual-MiniLM-L12-v2,1500,150,obs_zero_zh,中子电流测量跨通道同步零值闪断,observation_derived,zh,45,2,0.6474494338035583,0.6062361001968384,0.1,10
sentence-transformers/paraphrase-multilingual-MiniLM-L12-v2,1500,150,obs_zero_zh,中子电流测量跨通道同步零值闪断,observation_derived,zh,45,3,0.6474494338035583,0.6105202436447144,0.0,11
sentence-transformers/paraphrase-multilingual-MiniLM-L12-v2,1500,150,obs_zero_zh,中子电流测量跨通道同步零值闪断,observation_derived,zh,45,4,0.6474494338035583,0.6105202436447144,0.0,11
sentence-transformers/paraphrase-multilingual-MiniLM-L12-v2,1500,150,obs_zero_zh,中子电流测量跨通道同步零值闪断,observation_derived,zh,45,5,0.6474494338035583,0.6089664697647095,0.0,11
sentence-transformers/paraphrase-multilingual-MiniLM-L12-v2,1500,150,obs_zero_zh,中子电流测量跨通道同步零值闪断,observation_derived,zh,45,6,0.6266753077507019,0.6039221286773682,0.0,11
sentence-transformers/paraphrase-multilingual-MiniLM-L12-v2,1500,150,obs_zero_zh,中子电流测量跨通道同步零值闪断,observation_derived,zh,45,7,0.6266753077507019,0.6007404923439026,0.1,10
sentence-transformers/paraphrase-multilingual-MiniLM-L12-v2,1500,150,obs_zero_zh,中子电流测量跨通道同步零值闪断,observation_derived,zh,45,8,0.6211496591567993,0.5943601131439209,0.1,7
sentence-transformers/paraphrase-multilingual-MiniLM-L12-v2,1500,150,obs_zero_zh,中子电流测量跨通道同步零值闪断,observation_derived,zh,45,9,0.6474494338035583,0.6057847738265991,0.1,10
sentence-transformers/paraphrase-multilingual-MiniLM-L12-v2,1500,150,obs_zero_zh,中子电流测量跨通道同步零值闪断,observation_derived,zh,50,0,0.6474494338035583,0.6105202436447144,0.0,11
sentence-transformers/paraphrase-multilingual-MiniLM-L12-v2,1500,150,obs_zero_zh,中子电流测量跨通道同步零值闪断,observation_derived,zh,50,1,0.6474494338035583,0.6105202436447144,0.0,11
sentence-transformers/paraphrase-multilingual-MiniLM-L12-v2,1500,150,obs_zero_zh,中子电流测量跨通道同步零值闪断,observation_derived,zh,50,2,0.6474494338035583,0.6105202436447144,0.0,11
sentence-transformers/paraphrase-multilingual-MiniLM-L12-v2,1500,150,obs_zero_zh,中子电流测量跨通道同步零值闪断,observation_derived,zh,50,3,0.6474494338035583,0.6105202436447144,0.0,11
sentence-transformers/paraphrase-multilingual-MiniLM-L12-v2,1500,150,obs_zero_zh,中子电流测量跨通道同步零值闪断,observation_derived,zh,50,4,0.6474494338035583,0.6105202436447144,0.0,11
sentence-transformers/paraphrase-multilingual-MiniLM-L12-v2,1500,150,obs_zero_zh,中子电流测量跨通道同步零值闪断,observation_derived,zh,50,5,0.6474494338035583,0.6105202436447144,0.0,11
sentence-transformers/paraphrase-multilingual-MiniLM-L12-v2,1500,150,obs_zero_zh,中子电流测量跨通道同步零值闪断,observation_derived,zh,50,6,0.6474494338035583,0.6105202436447144,0.0,11
sentence-transformers/paraphrase-multilingual-MiniLM-L12-v2,1500,150,obs_zero_zh,中子电流测量跨通道同步零值闪断,observation_derived,zh,50,7,0.6474494338035583,0.6105202436447144,0.0,11
sentence-transformers/paraphrase-multilingual-MiniLM-L12-v2,1500,150,obs_zero_zh,中子电流测量跨通道同步零值闪断,observation_derived,zh,50,8,0.6474494338035583,0.6074450612068176,0.0,11
sentence-transformers/paraphrase-multilingual-MiniLM-L12-v2,1500,150,obs_zero_zh,中子电流测量跨通道同步零值闪断,observation_derived,zh,50,9,0.6474494338035583,0.6105202436447144,0.0,11
sentence-transformers/paraphrase-multilingual-MiniLM-L12-v2,1500,150,obs_zero_zh,中子电流测量跨通道同步零值闪断,observation_derived,zh,51,0,0.6474494338035583,0.6105202436447144,0.0,11
sentence-transformers/paraphrase-multilingual-MiniLM-L12-v2,1500,150,obs_zero_zh,中子电流测量跨通道同步零值闪断,observation_derived,zh,51,1,0.6474494338035583,0.6105202436447144,0.0,11
sentence-transformers/paraphrase-multilingual-MiniLM-L12-v2,1500,150,obs_zero_zh,中子电流测量跨通道同步零值闪断,observation_derived,zh,51,2,0.6474494338035583,0.6105202436447144,0.0,11
sentence-transformers/paraphrase-multilingual-MiniLM-L12-v2,1500,150,obs_zero_zh,中子电流测量跨通道同步零值闪断,observation_derived,zh,51,3,0.6474494338035583,0.6105202436447144,0.0,11
sentence-transformers/paraphrase-multilingual-MiniLM-L12-v2,1500,150,obs_zero_zh,中子电流测量跨通道同步零值闪断,observation_derived,zh,51,4,0.6474494338035583,0.6105202436447144,0.0,11
sentence-transformers/paraphrase-multilingual-MiniLM-L12-v2,1500,150,obs_zero_zh,中子电流测量跨通道同步零值闪断,observation_derived,zh,51,5,0.6474494338035583,0.6105202436447144,0.0,11
sentence-transformers/paraphrase-multilingual-MiniLM-L12-v2,1500,150,obs_zero_zh,中子电流测量跨通道同步零值闪断,observation_derived,zh,51,6,0.6474494338035583,0.6105202436447144,0.0,11
sentence-transformers/paraphrase-multilingual-MiniLM-L12-v2,1500,150,obs_zero_zh,中子电流测量跨通道同步零值闪断,observation_derived,zh,51,7,0.6474494338035583,0.6105202436447144,0.0,11
sentence-transformers/paraphrase-multilingual-MiniLM-L12-v2,1500,150,obs_zero_zh,中子电流测量跨通道同步零值闪断,observation_derived,zh,51,8,0.6474494338035583,0.6105202436447144,0.0,11
sentence-transformers/paraphrase-multilingual-MiniLM-L12-v2,1500,150,obs_zero_zh,中子电流测量跨通道同步零值闪断,observation_derived,zh,51,9,0.6474494338035583,0.6105202436447144,0.0,11
sentence-transformers/paraphrase-multilingual-MiniLM-L12-v2,1500,150,obs_sync_en,neutron current measurement highly synchronized channels without time lag,observation_derived,en,0,0,0.6858959197998047,0.6409648656845093,1.0,1
sentence-transformers/paraphrase-multilingual-MiniLM-L12-v2,1500,150,obs_sync_en,neutron current measurement highly synchronized channels without time lag,observation_derived,en,5,0,0.6858959197998047,0.6571201086044312,0.5,1
sentence-transformers/paraphrase-multilingual-MiniLM-L12-v2,1500,150,obs_sync_en,neutron current measurement highly synchronized channels without time lag,observation_derived,en,5,1,0.6858959197998047,0.6409648656845093,1.0,1
sentence-transformers/paraphrase-multilingual-MiniLM-L12-v2,1500,150,obs_sync_en,neutron current measurement highly synchronized channels without time lag,observation_derived,en,5,2,0.6858959197998047,0.6409648656845093,1.0,1
sentence-transformers/paraphrase-multilingual-MiniLM-L12-v2,1500,150,obs_sync_en,neutron current measurement highly synchronized channels without time lag,observation_derived,en,5,3,0.6858959197998047,0.6571201086044312,0.5,1
sentence-transformers/paraphrase-multilingual-MiniLM-L12-v2,1500,150,obs_sync_en,neutron current measurement highly synchronized channels without time lag,observation_derived,en,5,4,0.6858959197998047,0.6410724520683289,0.9,1
sentence-transformers/paraphrase-multilingual-MiniLM-L12-v2,1500,150,obs_sync_en,neutron current measurement highly synchronized channels without time lag,observation_derived,en,5,5,0.6858959197998047,0.6409648656845093,1.0,1
sentence-transformers/paraphrase-multilingual-MiniLM-L12-v2,1500,150,obs_sync_en,neutron current measurement highly synchronized channels without time lag,observation_derived,en,5,6,0.6858959197998047,0.6571201086044312,0.5,1
sentence-transformers/paraphrase-multilingual-MiniLM-L12-v2,1500,150,obs_sync_en,neutron current measurement highly synchronized channels without time lag,observation_derived,en,5,7,0.6858959197998047,0.6410724520683289,0.9,1
sentence-transformers/paraphrase-multilingual-MiniLM-L12-v2,1500,150,obs_sync_en,neutron current measurement highly synchronized channels without time lag,observation_derived,en,5,8,0.6858959197998047,0.6410724520683289,0.9,1
sentence-transformers/paraphrase-multilingual-MiniLM-L12-v2,1500,150,obs_sync_en,neutron current measurement highly synchronized channels without time lag,observation_derived,en,5,9,0.6858959197998047,0.6571201086044312,0.5,1
sentence-transformers/paraphrase-multilingual-MiniLM-L12-v2,1500,150,obs_sync_en,neutron current measurement highly synchronized channels without time lag,observation_derived,en,10,0,0.6858959197998047,0.6594606041908264,0.5,1
sentence-transformers/paraphrase-multilingual-MiniLM-L12-v2,1500,150,obs_sync_en,neutron current measurement highly synchronized channels without time lag,observation_derived,en,10,1,0.6858959197998047,0.6556137800216675,0.7,1
sentence-transformers/paraphrase-multilingual-MiniLM-L12-v2,1500,150,obs_sync_en,neutron current measurement highly synchronized channels without time lag,observation_derived,en,10,2,0.6858959197998047,0.6409648656845093,1.0,1
sentence-transformers/paraphrase-multilingual-MiniLM-L12-v2,1500,150,obs_sync_en,neutron current measurement highly synchronized channels without time lag,observation_derived,en,10,3,0.6858959197998047,0.6571201086044312,0.5,1
sentence-transformers/paraphrase-multilingual-MiniLM-L12-v2,1500,150,obs_sync_en,neutron current measurement highly synchronized channels without time lag,observation_derived,en,10,4,0.6858959197998047,0.6409648656845093,1.0,1
sentence-transformers/paraphrase-multilingual-MiniLM-L12-v2,1500,150,obs_sync_en,neutron current measurement highly synchronized channels without time lag,observation_derived,en,10,5,0.6858959197998047,0.6519905924797058,0.7,1
sentence-transformers/paraphrase-multilingual-MiniLM-L12-v2,1500,150,obs_sync_en,neutron current measurement highly synchronized channels without time lag,observation_derived,en,10,6,0.6858959197998047,0.6410724520683289,0.9,1
sentence-transformers/paraphrase-multilingual-MiniLM-L12-v2,1500,150,obs_sync_en,neutron current measurement highly synchronized channels without time lag,observation_derived,en,10,7,0.6858959197998047,0.6485525369644165,0.7,1
sentence-transformers/paraphrase-multilingual-MiniLM-L12-v2,1500,150,obs_sync_en,neutron current measurement highly synchronized channels without time lag,observation_derived,en,10,8,0.6858959197998047,0.6426548361778259,0.9,1
sentence-transformers/paraphrase-multilingual-MiniLM-L12-v2,1500,150,obs_sync_en,neutron current measurement highly synchronized channels without time lag,observation_derived,en,10,9,0.6858959197998047,0.6484126448631287,0.7,1
sentence-transformers/paraphrase-multilingual-MiniLM-L12-v2,1500,150,obs_sync_en,neutron current measurement highly synchronized channels without time lag,observation_derived,en,15,0,0.6858959197998047,0.6571201086044312,0.5,1
sentence-transformers/paraphrase-multilingual-MiniLM-L12-v2,1500,150,obs_sync_en,neutron current measurement highly synchronized channels without time lag,observation_derived,en,15,1,0.6858959197998047,0.6409648656845093,1.0,1
sentence-transformers/paraphrase-multilingual-MiniLM-L12-v2,1500,150,obs_sync_en,neutron current measurement highly synchronized channels without time lag,observation_derived,en,15,2,0.6858959197998047,0.6519905924797058,0.7,1
sentence-transformers/paraphrase-multilingual-MiniLM-L12-v2,1500,150,obs_sync_en,neutron current measurement highly synchronized channels without time lag,observation_derived,en,15,3,0.6858959197998047,0.6409648656845093,1.0,1
sentence-transformers/paraphrase-multilingual-MiniLM-L12-v2,1500,150,obs_sync_en,neutron current measurement highly synchronized channels without time lag,observation_derived,en,15,4,0.6858959197998047,0.6409648656845093,1.0,1
sentence-transformers/paraphrase-multilingual-MiniLM-L12-v2,1500,150,obs_sync_en,neutron current measurement highly synchronized channels without time lag,observation_derived,en,15,5,0.6858959197998047,0.6409648656845093,1.0,1
sentence-transformers/paraphrase-multilingual-MiniLM-L12-v2,1500,150,obs_sync_en,neutron current measurement highly synchronized channels without time lag,observation_derived,en,15,6,0.6858959197998047,0.6571201086044312,0.5,1
sentence-transformers/paraphrase-multilingual-MiniLM-L12-v2,1500,150,obs_sync_en,neutron current measurement highly synchronized channels without time lag,observation_derived,en,15,7,0.6858959197998047,0.6426548361778259,0.9,1
sentence-transformers/paraphrase-multilingual-MiniLM-L12-v2,1500,150,obs_sync_en,neutron current measurement highly synchronized channels without time lag,observation_derived,en,15,8,0.6858959197998047,0.6524378061294556,0.7,1
sentence-transformers/paraphrase-multilingual-MiniLM-L12-v2,1500,150,obs_sync_en,neutron current measurement highly synchronized channels without time lag,observation_derived,en,15,9,0.6858959197998047,0.6556137800216675,0.7,1
sentence-transformers/paraphrase-multilingual-MiniLM-L12-v2,1500,150,obs_sync_en,neutron current measurement highly synchronized channels without time lag,observation_derived,en,20,0,0.6858959197998047,0.6556137800216675,0.7,1
sentence-transformers/paraphrase-multilingual-MiniLM-L12-v2,1500,150,obs_sync_en,neutron current measurement highly synchronized channels without time lag,observation_derived,en,20,1,0.6858959197998047,0.6410724520683289,0.9,1
sentence-transformers/paraphrase-multilingual-MiniLM-L12-v2,1500,150,obs_sync_en,neutron current measurement highly synchronized channels without time lag,observation_derived,en,20,2,0.6858959197998047,0.6594606041908264,0.5,1
sentence-transformers/paraphrase-multilingual-MiniLM-L12-v2,1500,150,obs_sync_en,neutron current measurement highly synchronized channels without time lag,observation_derived,en,20,3,0.6858959197998047,0.6524378061294556,0.7,1
sentence-transformers/paraphrase-multilingual-MiniLM-L12-v2,1500,150,obs_sync_en,neutron current measurement highly synchronized channels without time lag,observation_derived,en,20,4,0.6858959197998047,0.6410724520683289,0.9,1
sentence-transformers/paraphrase-multilingual-MiniLM-L12-v2,1500,150,obs_sync_en,neutron current measurement highly synchronized channels without time lag,observation_derived,en,20,5,0.6858959197998047,0.6426548361778259,0.9,1
sentence-transformers/paraphrase-multilingual-MiniLM-L12-v2,1500,150,obs_sync_en,neutron current measurement highly synchronized channels without time lag,observation_derived,en,20,6,0.6858959197998047,0.6409648656845093,1.0,1
sentence-transformers/paraphrase-multilingual-MiniLM-L12-v2,1500,150,obs_sync_en,neutron current measurement highly synchronized channels without time lag,observation_derived,en,20,7,0.6858959197998047,0.6571201086044312,0.5,1
sentence-transformers/paraphrase-multilingual-MiniLM-L12-v2,1500,150,obs_sync_en,neutron current measurement highly synchronized channels without time lag,observation_derived,en,20,8,0.6858959197998047,0.6524378061294556,0.7,1
sentence-transformers/paraphrase-multilingual-MiniLM-L12-v2,1500,150,obs_sync_en,neutron current measurement highly synchronized channels without time lag,observation_derived,en,20,9,0.6858959197998047,0.6556137800216675,0.7,1
sentence-transformers/paraphrase-multilingual-MiniLM-L12-v2,1500,150,obs_sync_en,neutron current measurement highly synchronized channels without time lag,observation_derived,en,25,0,0.6858959197998047,0.6623810529708862,0.4,1
sentence-transformers/paraphrase-multilingual-MiniLM-L12-v2,1500,150,obs_sync_en,neutron current measurement highly synchronized channels without time lag,observation_derived,en,25,1,0.6858959197998047,0.6519905924797058,0.7,1
sentence-transformers/paraphrase-multilingual-MiniLM-L12-v2,1500,150,obs_sync_en,neutron current measurement highly synchronized channels without time lag,observation_derived,en,25,2,0.6858959197998047,0.6594606041908264,0.5,1
sentence-transformers/paraphrase-multilingual-MiniLM-L12-v2,1500,150,obs_sync_en,neutron current measurement highly synchronized channels without time lag,observation_derived,en,25,3,0.6858959197998047,0.6485525369644165,0.7,1
sentence-transformers/paraphrase-multilingual-MiniLM-L12-v2,1500,150,obs_sync_en,neutron current measurement highly synchronized channels without time lag,observation_derived,en,25,4,0.6858959197998047,0.6623810529708862,0.4,1
sentence-transformers/paraphrase-multilingual-MiniLM-L12-v2,1500,150,obs_sync_en,neutron current measurement highly synchronized channels without time lag,observation_derived,en,25,5,0.6858959197998047,0.6485525369644165,0.7,1
sentence-transformers/paraphrase-multilingual-MiniLM-L12-v2,1500,150,obs_sync_en,neutron current measurement highly synchronized channels without time lag,observation_derived,en,25,6,0.6858959197998047,0.6409648656845093,1.0,1
sentence-transformers/paraphrase-multilingual-MiniLM-L12-v2,1500,150,obs_sync_en,neutron current measurement highly synchronized channels without time lag,observation_derived,en,25,7,0.6858959197998047,0.6594606041908264,0.5,1
sentence-transformers/paraphrase-multilingual-MiniLM-L12-v2,1500,150,obs_sync_en,neutron current measurement highly synchronized channels without time lag,observation_derived,en,25,8,0.6858959197998047,0.6426548361778259,0.9,1
sentence-transformers/paraphrase-multilingual-MiniLM-L12-v2,1500,150,obs_sync_en,neutron current measurement highly synchronized channels without time lag,observation_derived,en,25,9,0.6858959197998047,0.6594606041908264,0.5,1
sentence-transformers/paraphrase-multilingual-MiniLM-L12-v2,1500,150,obs_sync_en,neutron current measurement highly synchronized channels without time lag,observation_derived,en,30,0,0.6858959197998047,0.6485525369644165,0.7,1
sentence-transformers/paraphrase-multilingual-MiniLM-L12-v2,1500,150,obs_sync_en,neutron current measurement highly synchronized channels without time lag,observation_derived,en,30,1,0.6858959197998047,0.6640689373016357,0.4,1
sentence-transformers/paraphrase-multilingual-MiniLM-L12-v2,1500,150,obs_sync_en,neutron current measurement highly synchronized channels without time lag,observation_derived,en,30,2,0.6858959197998047,0.6571201086044312,0.5,1
sentence-transformers/paraphrase-multilingual-MiniLM-L12-v2,1500,150,obs_sync_en,neutron current measurement highly synchronized channels without time lag,observation_derived,en,30,3,0.6858959197998047,0.6484126448631287,0.7,1
sentence-transformers/paraphrase-multilingual-MiniLM-L12-v2,1500,150,obs_sync_en,neutron current measurement highly synchronized channels without time lag,observation_derived,en,30,4,0.6858959197998047,0.6571201086044312,0.5,1
sentence-transformers/paraphrase-multilingual-MiniLM-L12-v2,1500,150,obs_sync_en,neutron current measurement highly synchronized channels without time lag,observation_derived,en,30,5,0.6858959197998047,0.6623810529708862,0.4,1
sentence-transformers/paraphrase-multilingual-MiniLM-L12-v2,1500,150,obs_sync_en,neutron current measurement highly synchronized channels without time lag,observation_derived,en,30,6,0.6858959197998047,0.6640689373016357,0.4,1
sentence-transformers/paraphrase-multilingual-MiniLM-L12-v2,1500,150,obs_sync_en,neutron current measurement highly synchronized channels without time lag,observation_derived,en,30,7,0.6858959197998047,0.6571201086044312,0.5,1
sentence-transformers/paraphrase-multilingual-MiniLM-L12-v2,1500,150,obs_sync_en,neutron current measurement highly synchronized channels without time lag,observation_derived,en,30,8,0.6858959197998047,0.6594606041908264,0.5,1
sentence-transformers/paraphrase-multilingual-MiniLM-L12-v2,1500,150,obs_sync_en,neutron current measurement highly synchronized channels without time lag,observation_derived,en,30,9,0.6858959197998047,0.6640689373016357,0.4,1
sentence-transformers/paraphrase-multilingual-MiniLM-L12-v2,1500,150,obs_sync_en,neutron current measurement highly synchronized channels without time lag,observation_derived,en,35,0,0.6858959197998047,0.6524378061294556,0.7,1
sentence-transformers/paraphrase-multilingual-MiniLM-L12-v2,1500,150,obs_sync_en,neutron current measurement highly synchronized channels without time lag,observation_derived,en,35,1,0.6858959197998047,0.6485525369644165,0.7,1
sentence-transformers/paraphrase-multilingual-MiniLM-L12-v2,1500,150,obs_sync_en,neutron current measurement highly synchronized channels without time lag,observation_derived,en,35,2,0.6858959197998047,0.6524378061294556,0.7,1
sentence-transformers/paraphrase-multilingual-MiniLM-L12-v2,1500,150,obs_sync_en,neutron current measurement highly synchronized channels without time lag,observation_derived,en,35,3,0.6858959197998047,0.6640689373016357,0.4,1
sentence-transformers/paraphrase-multilingual-MiniLM-L12-v2,1500,150,obs_sync_en,neutron current measurement highly synchronized channels without time lag,observation_derived,en,35,4,0.6858959197998047,0.6640689373016357,0.4,1
sentence-transformers/paraphrase-multilingual-MiniLM-L12-v2,1500,150,obs_sync_en,neutron current measurement highly synchronized channels without time lag,observation_derived,en,35,5,0.6858959197998047,0.6556137800216675,0.7,1
sentence-transformers/paraphrase-multilingual-MiniLM-L12-v2,1500,150,obs_sync_en,neutron current measurement highly synchronized channels without time lag,observation_derived,en,35,6,0.6858959197998047,0.6556137800216675,0.7,1
sentence-transformers/paraphrase-multilingual-MiniLM-L12-v2,1500,150,obs_sync_en,neutron current measurement highly synchronized channels without time lag,observation_derived,en,35,7,0.6858959197998047,0.6640689373016357,0.4,1
sentence-transformers/paraphrase-multilingual-MiniLM-L12-v2,1500,150,obs_sync_en,neutron current measurement highly synchronized channels without time lag,observation_derived,en,35,8,0.6858959197998047,0.6640689373016357,0.4,1
sentence-transformers/paraphrase-multilingual-MiniLM-L12-v2,1500,150,obs_sync_en,neutron current measurement highly synchronized channels without time lag,observation_derived,en,35,9,0.6858959197998047,0.6640689373016357,0.4,1
sentence-transformers/paraphrase-multilingual-MiniLM-L12-v2,1500,150,obs_sync_en,neutron current measurement highly synchronized channels without time lag,observation_derived,en,40,0,0.6858959197998047,0.6623810529708862,0.4,1
sentence-transformers/paraphrase-multilingual-MiniLM-L12-v2,1500,150,obs_sync_en,neutron current measurement highly synchronized channels without time lag,observation_derived,en,40,1,0.6858959197998047,0.6594606041908264,0.5,1
sentence-transformers/paraphrase-multilingual-MiniLM-L12-v2,1500,150,obs_sync_en,neutron current measurement highly synchronized channels without time lag,observation_derived,en,40,2,0.6858959197998047,0.6640689373016357,0.4,1
sentence-transformers/paraphrase-multilingual-MiniLM-L12-v2,1500,150,obs_sync_en,neutron current measurement highly synchronized channels without time lag,observation_derived,en,40,3,0.6858959197998047,0.6556137800216675,0.7,1
sentence-transformers/paraphrase-multilingual-MiniLM-L12-v2,1500,150,obs_sync_en,neutron current measurement highly synchronized channels without time lag,observation_derived,en,40,4,0.6858959197998047,0.6640689373016357,0.4,1
sentence-transformers/paraphrase-multilingual-MiniLM-L12-v2,1500,150,obs_sync_en,neutron current measurement highly synchronized channels without time lag,observation_derived,en,40,5,0.6858959197998047,0.6640689373016357,0.4,1
sentence-transformers/paraphrase-multilingual-MiniLM-L12-v2,1500,150,obs_sync_en,neutron current measurement highly synchronized channels without time lag,observation_derived,en,40,6,0.6858959197998047,0.6524378061294556,0.7,1
sentence-transformers/paraphrase-multilingual-MiniLM-L12-v2,1500,150,obs_sync_en,neutron current measurement highly synchronized channels without time lag,observation_derived,en,40,7,0.6858959197998047,0.6640689373016357,0.4,1
sentence-transformers/paraphrase-multilingual-MiniLM-L12-v2,1500,150,obs_sync_en,neutron current measurement highly synchronized channels without time lag,observation_derived,en,40,8,0.6858959197998047,0.6640689373016357,0.4,1
sentence-transformers/paraphrase-multilingual-MiniLM-L12-v2,1500,150,obs_sync_en,neutron current measurement highly synchronized channels without time lag,observation_derived,en,40,9,0.6858959197998047,0.6640689373016357,0.4,1
sentence-transformers/paraphrase-multilingual-MiniLM-L12-v2,1500,150,obs_sync_en,neutron current measurement highly synchronized channels without time lag,observation_derived,en,45,0,0.6858959197998047,0.6623810529708862,0.4,1
sentence-transformers/paraphrase-multilingual-MiniLM-L12-v2,1500,150,obs_sync_en,neutron current measurement highly synchronized channels without time lag,observation_derived,en,45,1,0.6858959197998047,0.6640689373016357,0.4,1
sentence-transformers/paraphrase-multilingual-MiniLM-L12-v2,1500,150,obs_sync_en,neutron current measurement highly synchronized channels without time lag,observation_derived,en,45,2,0.6858959197998047,0.6640689373016357,0.4,1
sentence-transformers/paraphrase-multilingual-MiniLM-L12-v2,1500,150,obs_sync_en,neutron current measurement highly synchronized channels without time lag,observation_derived,en,45,3,0.6858959197998047,0.6640689373016357,0.4,1
sentence-transformers/paraphrase-multilingual-MiniLM-L12-v2,1500,150,obs_sync_en,neutron current measurement highly synchronized channels without time lag,observation_derived,en,45,4,0.6858959197998047,0.6640689373016357,0.4,1
sentence-transformers/paraphrase-multilingual-MiniLM-L12-v2,1500,150,obs_sync_en,neutron current measurement highly synchronized channels without time lag,observation_derived,en,45,5,0.6858959197998047,0.6640689373016357,0.4,1
sentence-transformers/paraphrase-multilingual-MiniLM-L12-v2,1500,150,obs_sync_en,neutron current measurement highly synchronized channels without time lag,observation_derived,en,45,6,0.6858959197998047,0.6556137800216675,0.7,1
sentence-transformers/paraphrase-multilingual-MiniLM-L12-v2,1500,150,obs_sync_en,neutron current measurement highly synchronized channels without time lag,observation_derived,en,45,7,0.6858959197998047,0.6594606041908264,0.5,1
sentence-transformers/paraphrase-multilingual-MiniLM-L12-v2,1500,150,obs_sync_en,neutron current measurement highly synchronized channels without time lag,observation_derived,en,45,8,0.6858959197998047,0.6640689373016357,0.4,1
sentence-transformers/paraphrase-multilingual-MiniLM-L12-v2,1500,150,obs_sync_en,neutron current measurement highly synchronized channels without time lag,observation_derived,en,45,9,0.6858959197998047,0.6640689373016357,0.4,1
sentence-transformers/paraphrase-multilingual-MiniLM-L12-v2,1500,150,obs_sync_en,neutron current measurement highly synchronized channels without time lag,observation_derived,en,50,0,0.6858959197998047,0.6640689373016357,0.4,1
sentence-transformers/paraphrase-multilingual-MiniLM-L12-v2,1500,150,obs_sync_en,neutron current measurement highly synchronized channels without time lag,observation_derived,en,50,1,0.6858959197998047,0.6640689373016357,0.4,1
sentence-transformers/paraphrase-multilingual-MiniLM-L12-v2,1500,150,obs_sync_en,neutron current measurement highly synchronized channels without time lag,observation_derived,en,50,2,0.6858959197998047,0.6640689373016357,0.4,1
sentence-transformers/paraphrase-multilingual-MiniLM-L12-v2,1500,150,obs_sync_en,neutron current measurement highly synchronized channels without time lag,observation_derived,en,50,3,0.6858959197998047,0.6640689373016357,0.4,1
sentence-transformers/paraphrase-multilingual-MiniLM-L12-v2,1500,150,obs_sync_en,neutron current measurement highly synchronized channels without time lag,observation_derived,en,50,4,0.6858959197998047,0.6640689373016357,0.4,1
sentence-transformers/paraphrase-multilingual-MiniLM-L12-v2,1500,150,obs_sync_en,neutron current measurement highly synchronized channels without time lag,observation_derived,en,50,5,0.6858959197998047,0.6594606041908264,0.5,1
sentence-transformers/paraphrase-multilingual-MiniLM-L12-v2,1500,150,obs_sync_en,neutron current measurement highly synchronized channels without time lag,observation_derived,en,50,6,0.6858959197998047,0.6640689373016357,0.4,1
sentence-transformers/paraphrase-multilingual-MiniLM-L12-v2,1500,150,obs_sync_en,neutron current measurement highly synchronized channels without time lag,observation_derived,en,50,7,0.6858959197998047,0.6640689373016357,0.4,1
sentence-transformers/paraphrase-multilingual-MiniLM-L12-v2,1500,150,obs_sync_en,neutron current measurement highly synchronized channels without time lag,observation_derived,en,50,8,0.6858959197998047,0.6640689373016357,0.4,1
sentence-transformers/paraphrase-multilingual-MiniLM-L12-v2,1500,150,obs_sync_en,neutron current measurement highly synchronized channels without time lag,observation_derived,en,50,9,0.6858959197998047,0.6640689373016357,0.4,1
sentence-transformers/paraphrase-multilingual-MiniLM-L12-v2,1500,150,obs_sync_en,neutron current measurement highly synchronized channels without time lag,observation_derived,en,51,0,0.6858959197998047,0.6640689373016357,0.4,1
sentence-transformers/paraphrase-multilingual-MiniLM-L12-v2,1500,150,obs_sync_en,neutron current measurement highly synchronized channels without time lag,observation_derived,en,51,1,0.6858959197998047,0.6640689373016357,0.4,1
sentence-transformers/paraphrase-multilingual-MiniLM-L12-v2,1500,150,obs_sync_en,neutron current measurement highly synchronized channels without time lag,observation_derived,en,51,2,0.6858959197998047,0.6640689373016357,0.4,1
sentence-transformers/paraphrase-multilingual-MiniLM-L12-v2,1500,150,obs_sync_en,neutron current measurement highly synchronized channels without time lag,observation_derived,en,51,3,0.6858959197998047,0.6640689373016357,0.4,1
sentence-transformers/paraphrase-multilingual-MiniLM-L12-v2,1500,150,obs_sync_en,neutron current measurement highly synchronized channels without time lag,observation_derived,en,51,4,0.6858959197998047,0.6640689373016357,0.4,1
sentence-transformers/paraphrase-multilingual-MiniLM-L12-v2,1500,150,obs_sync_en,neutron current measurement highly synchronized channels without time lag,observation_derived,en,51,5,0.6858959197998047,0.6640689373016357,0.4,1
sentence-transformers/paraphrase-multilingual-MiniLM-L12-v2,1500,150,obs_sync_en,neutron current measurement highly synchronized channels without time lag,observation_derived,en,51,6,0.6858959197998047,0.6640689373016357,0.4,1
sentence-transformers/paraphrase-multilingual-MiniLM-L12-v2,1500,150,obs_sync_en,neutron current measurement highly synchronized channels without time lag,observation_derived,en,51,7,0.6858959197998047,0.6640689373016357,0.4,1
sentence-transformers/paraphrase-multilingual-MiniLM-L12-v2,1500,150,obs_sync_en,neutron current measurement highly synchronized channels without time lag,observation_derived,en,51,8,0.6858959197998047,0.6640689373016357,0.4,1
sentence-transformers/paraphrase-multilingual-MiniLM-L12-v2,1500,150,obs_sync_en,neutron current measurement highly synchronized channels without time lag,observation_derived,en,51,9,0.6858959197998047,0.6640689373016357,0.4,1
sentence-transformers/paraphrase-multilingual-MiniLM-L12-v2,1500,150,obs_sync_zh,中子电流测量高同步通道无时间滞后,observation_derived,zh,0,0,0.5758841037750244,0.5386092662811279,1.0,1
sentence-transformers/paraphrase-multilingual-MiniLM-L12-v2,1500,150,obs_sync_zh,中子电流测量高同步通道无时间滞后,observation_derived,zh,5,0,0.5758841037750244,0.5388127565383911,0.9,1
sentence-transformers/paraphrase-multilingual-MiniLM-L12-v2,1500,150,obs_sync_zh,中子电流测量高同步通道无时间滞后,observation_derived,zh,5,1,0.5758841037750244,0.5477041006088257,0.6,1
sentence-transformers/paraphrase-multilingual-MiniLM-L12-v2,1500,150,obs_sync_zh,中子电流测量高同步通道无时间滞后,observation_derived,zh,5,2,0.5758841037750244,0.5393050909042358,0.9,1
sentence-transformers/paraphrase-multilingual-MiniLM-L12-v2,1500,150,obs_sync_zh,中子电流测量高同步通道无时间滞后,observation_derived,zh,5,3,0.5758841037750244,0.5434030294418335,0.7,1
sentence-transformers/paraphrase-multilingual-MiniLM-L12-v2,1500,150,obs_sync_zh,中子电流测量高同步通道无时间滞后,observation_derived,zh,5,4,0.5758841037750244,0.5392614603042603,0.9,1
sentence-transformers/paraphrase-multilingual-MiniLM-L12-v2,1500,150,obs_sync_zh,中子电流测量高同步通道无时间滞后,observation_derived,zh,5,5,0.582358717918396,0.5539682507514954,0.4,2
sentence-transformers/paraphrase-multilingual-MiniLM-L12-v2,1500,150,obs_sync_zh,中子电流测量高同步通道无时间滞后,observation_derived,zh,5,6,0.5758841037750244,0.5393050909042358,0.9,1
sentence-transformers/paraphrase-multilingual-MiniLM-L12-v2,1500,150,obs_sync_zh,中子电流测量高同步通道无时间滞后,observation_derived,zh,5,7,0.5849442481994629,0.5468681454658508,0.8,2
sentence-transformers/paraphrase-multilingual-MiniLM-L12-v2,1500,150,obs_sync_zh,中子电流测量高同步通道无时间滞后,observation_derived,zh,5,8,0.5758841037750244,0.5390853881835938,0.9,1
sentence-transformers/paraphrase-multilingual-MiniLM-L12-v2,1500,150,obs_sync_zh,中子电流测量高同步通道无时间滞后,observation_derived,zh,5,9,0.6036473512649536,0.5723540782928467,0.3,5
sentence-transformers/paraphrase-multilingual-MiniLM-L12-v2,1500,150,obs_sync_zh,中子电流测量高同步通道无时间滞后,observation_derived,zh,10,0,0.5849442481994629,0.5506992936134338,0.6,2
sentence-transformers/paraphrase-multilingual-MiniLM-L12-v2,1500,150,obs_sync_zh,中子电流测量高同步通道无时间滞后,observation_derived,zh,10,1,0.6514567732810974,0.5827715992927551,0.3,5
sentence-transformers/paraphrase-multilingual-MiniLM-L12-v2,1500,150,obs_sync_zh,中子电流测量高同步通道无时间滞后,observation_derived,zh,10,2,0.5918169617652893,0.5523834824562073,0.7,2
sentence-transformers/paraphrase-multilingual-MiniLM-L12-v2,1500,150,obs_sync_zh,中子电流测量高同步通道无时间滞后,observation_derived,zh,10,3,0.5918169617652893,0.5509639382362366,0.6,2
sentence-transformers/paraphrase-multilingual-MiniLM-L12-v2,1500,150,obs_sync_zh,中子电流测量高同步通道无时间滞后,observation_derived,zh,10,4,0.5758841037750244,0.5386092662811279,1.0,1
sentence-transformers/paraphrase-multilingual-MiniLM-L12-v2,1500,150,obs_sync_zh,中子电流测量高同步通道无时间滞后,observation_derived,zh,10,5,0.5758841037750244,0.5392614603042603,0.9,1
sentence-transformers/paraphrase-multilingual-MiniLM-L12-v2,1500,150,obs_sync_zh,中子电流测量高同步通道无时间滞后,observation_derived,zh,10,6,0.6514567732810974,0.5831518173217773,0.3,5
sentence-transformers/paraphrase-multilingual-MiniLM-L12-v2,1500,150,obs_sync_zh,中子电流测量高同步通道无时间滞后,observation_derived,zh,10,7,0.5828763246536255,0.5627580881118774,0.3,3
sentence-transformers/paraphrase-multilingual-MiniLM-L12-v2,1500,150,obs_sync_zh,中子电流测量高同步通道无时间滞后,observation_derived,zh,10,8,0.5849442481994629,0.5594168901443481,0.3,3
sentence-transformers/paraphrase-multilingual-MiniLM-L12-v2,1500,150,obs_sync_zh,中子电流测量高同步通道无时间滞后,observation_derived,zh,10,9,0.6514567732810974,0.5687183737754822,0.6,3
sentence-transformers/paraphrase-multilingual-MiniLM-L12-v2,1500,150,obs_sync_zh,中子电流测量高同步通道无时间滞后,observation_derived,zh,15,0,0.5918169617652893,0.5538064241409302,0.6,3
sentence-transformers/paraphrase-multilingual-MiniLM-L12-v2,1500,150,obs_sync_zh,中子电流测量高同步通道无时间滞后,observation_derived,zh,15,1,0.5828763246536255,0.5670325756072998,0.3,4
sentence-transformers/paraphrase-multilingual-MiniLM-L12-v2,1500,150,obs_sync_zh,中子电流测量高同步通道无时间滞后,observation_derived,zh,15,2,0.6514567732810974,0.5944041013717651,0.1,8
sentence-transformers/paraphrase-multilingual-MiniLM-L12-v2,1500,150,obs_sync_zh,中子电流测量高同步通道无时间滞后,observation_derived,zh,15,3,0.5828763246536255,0.5672198534011841,0.3,4
sentence-transformers/paraphrase-multilingual-MiniLM-L12-v2,1500,150,obs_sync_zh,中子电流测量高同步通道无时间滞后,observation_derived,zh,15,4,0.582358717918396,0.5539448857307434,0.4,2
sentence-transformers/paraphrase-multilingual-MiniLM-L12-v2,1500,150,obs_sync_zh,中子电流测量高同步通道无时间滞后,observation_derived,zh,15,5,0.6514567732810974,0.5763298273086548,0.3,3
sentence-transformers/paraphrase-multilingual-MiniLM-L12-v2,1500,150,obs_sync_zh,中子电流测量高同步通道无时间滞后,observation_derived,zh,15,6,0.6514567732810974,0.5880889296531677,0.2,7
sentence-transformers/paraphrase-multilingual-MiniLM-L12-v2,1500,150,obs_sync_zh,中子电流测量高同步通道无时间滞后,observation_derived,zh,15,7,0.5758841037750244,0.5463507175445557,0.5,1
sentence-transformers/paraphrase-multilingual-MiniLM-L12-v2,1500,150,obs_sync_zh,中子电流测量高同步通道无时间滞后,observation_derived,zh,15,8,0.5849442481994629,0.5705400109291077,0.2,5
sentence-transformers/paraphrase-multilingual-MiniLM-L12-v2,1500,150,obs_sync_zh,中子电流测量高同步通道无时间滞后,observation_derived,zh,15,9,0.6514567732810974,0.5687183737754822,0.6,3
sentence-transformers/paraphrase-multilingual-MiniLM-L12-v2,1500,150,obs_sync_zh,中子电流测量高同步通道无时间滞后,observation_derived,zh,20,0,0.6036473512649536,0.5723540782928467,0.3,5
sentence-transformers/paraphrase-multilingual-MiniLM-L12-v2,1500,150,obs_sync_zh,中子电流测量高同步通道无时间滞后,observation_derived,zh,20,1,0.5828763246536255,0.5676549077033997,0.3,4
sentence-transformers/paraphrase-multilingual-MiniLM-L12-v2,1500,150,obs_sync_zh,中子电流测量高同步通道无时间滞后,observation_derived,zh,20,2,0.6514567732810974,0.595349907875061,0.1,8
sentence-transformers/paraphrase-multilingual-MiniLM-L12-v2,1500,150,obs_sync_zh,中子电流测量高同步通道无时间滞后,observation_derived,zh,20,3,0.6514567732810974,0.598540723323822,0.0,11
sentence-transformers/paraphrase-multilingual-MiniLM-L12-v2,1500,150,obs_sync_zh,中子电流测量高同步通道无时间滞后,observation_derived,zh,20,4,0.6514567732810974,0.5856691002845764,0.2,6
sentence-transformers/paraphrase-multilingual-MiniLM-L12-v2,1500,150,obs_sync_zh,中子电流测量高同步通道无时间滞后,observation_derived,zh,20,5,0.5918169617652893,0.5677794218063354,0.3,4
sentence-transformers/paraphrase-multilingual-MiniLM-L12-v2,1500,150,obs_sync_zh,中子电流测量高同步通道无时间滞后,observation_derived,zh,20,6,0.6036473512649536,0.5815981030464172,0.1,8
sentence-transformers/paraphrase-multilingual-MiniLM-L12-v2,1500,150,obs_sync_zh,中子电流测量高同步通道无时间滞后,observation_derived,zh,20,7,0.5849442481994629,0.5523458123207092,0.5,2
sentence-transformers/paraphrase-multilingual-MiniLM-L12-v2,1500,150,obs_sync_zh,中子电流测量高同步通道无时间滞后,observation_derived,zh,20,8,0.6514567732810974,0.5755330920219421,0.4,4
sentence-transformers/paraphrase-multilingual-MiniLM-L12-v2,1500,150,obs_sync_zh,中子电流测量高同步通道无时间滞后,observation_derived,zh,20,9,0.6514567732810974,0.596167266368866,0.1,9
sentence-transformers/paraphrase-multilingual-MiniLM-L12-v2,1500,150,obs_sync_zh,中子电流测量高同步通道无时间滞后,observation_derived,zh,25,0,0.582358717918396,0.5549677014350891,0.3,2
sentence-transformers/paraphrase-multilingual-MiniLM-L12-v2,1500,150,obs_sync_zh,中子电流测量高同步通道无时间滞后,observation_derived,zh,25,1,0.6514567732810974,0.595349907875061,0.1,8
sentence-transformers/paraphrase-multilingual-MiniLM-L12-v2,1500,150,obs_sync_zh,中子电流测量高同步通道无时间滞后,observation_derived,zh,25,2,0.6036473512649536,0.579407274723053,0.2,7
sentence-transformers/paraphrase-multilingual-MiniLM-L12-v2,1500,150,obs_sync_zh,中子电流测量高同步通道无时间滞后,observation_derived,zh,25,3,0.6514567732810974,0.5866149663925171,0.2,6
sentence-transformers/paraphrase-multilingual-MiniLM-L12-v2,1500,150,obs_sync_zh,中子电流测量高同步通道无时间滞后,observation_derived,zh,25,4,0.6514567732810974,0.5794370174407959,0.3,4
sentence-transformers/paraphrase-multilingual-MiniLM-L12-v2,1500,150,obs_sync_zh,中子电流测量高同步通道无时间滞后,observation_derived,zh,25,5,0.5918169617652893,0.5609546899795532,0.4,3
sentence-transformers/paraphrase-multilingual-MiniLM-L12-v2,1500,150,obs_sync_zh,中子电流测量高同步通道无时间滞后,observation_derived,zh,25,6,0.6036473512649536,0.5837584733963013,0.1,9
sentence-transformers/paraphrase-multilingual-MiniLM-L12-v2,1500,150,obs_sync_zh,中子电流测量高同步通道无时间滞后,observation_derived,zh,25,7,0.6036473512649536,0.5847042202949524,0.1,9
sentence-transformers/paraphrase-multilingual-MiniLM-L12-v2,1500,150,obs_sync_zh,中子电流测量高同步通道无时间滞后,observation_derived,zh,25,8,0.5918169617652893,0.5739181041717529,0.2,6
sentence-transformers/paraphrase-multilingual-MiniLM-L12-v2,1500,150,obs_sync_zh,中子电流测量高同步通道无时间滞后,observation_derived,zh,25,9,0.6514567732810974,0.580169141292572,0.3,4
sentence-transformers/paraphrase-multilingual-MiniLM-L12-v2,1500,150,obs_sync_zh,中子电流测量高同步通道无时间滞后,observation_derived,zh,30,0,0.6036473512649536,0.582889199256897,0.1,8
sentence-transformers/paraphrase-multilingual-MiniLM-L12-v2,1500,150,obs_sync_zh,中子电流测量高同步通道无时间滞后,observation_derived,zh,30,1,0.6514567732810974,0.5955624580383301,0.1,9
sentence-transformers/paraphrase-multilingual-MiniLM-L12-v2,1500,150,obs_sync_zh,中子电流测量高同步通道无时间滞后,observation_derived,zh,30,2,0.6036473512649536,0.5802037119865417,0.2,7
sentence-transformers/paraphrase-multilingual-MiniLM-L12-v2,1500,150,obs_sync_zh,中子电流测量高同步通道无时间滞后,observation_derived,zh,30,3,0.5918169617652893,0.573647141456604,0.2,6
sentence-transformers/paraphrase-multilingual-MiniLM-L12-v2,1500,150,obs_sync_zh,中子电流测量高同步通道无时间滞后,observation_derived,zh,30,4,0.6514567732810974,0.5856691002845764,0.2,6
sentence-transformers/paraphrase-multilingual-MiniLM-L12-v2,1500,150,obs_sync_zh,中子电流测量高同步通道无时间滞后,observation_derived,zh,30,5,0.6514567732810974,0.5887762308120728,0.2,7
sentence-transformers/paraphrase-multilingual-MiniLM-L12-v2,1500,150,obs_sync_zh,中子电流测量高同步通道无时间滞后,observation_derived,zh,30,6,0.6514567732810974,0.5856566429138184,0.2,6
sentence-transformers/paraphrase-multilingual-MiniLM-L12-v2,1500,150,obs_sync_zh,中子电流测量高同步通道无时间滞后,observation_derived,zh,30,7,0.6514567732810974,0.5763298273086548,0.3,3
sentence-transformers/paraphrase-multilingual-MiniLM-L12-v2,1500,150,obs_sync_zh,中子电流测量高同步通道无时间滞后,observation_derived,zh,30,8,0.6514567732810974,0.5801096558570862,0.3,4
sentence-transformers/paraphrase-multilingual-MiniLM-L12-v2,1500,150,obs_sync_zh,中子电流测量高同步通道无时间滞后,observation_derived,zh,30,9,0.6514567732810974,0.5787497162818909,0.3,4
sentence-transformers/paraphrase-multilingual-MiniLM-L12-v2,1500,150,obs_sync_zh,中子电流测量高同步通道无时间滞后,observation_derived,zh,35,0,0.6514567732810974,0.5912256836891174,0.1,8
sentence-transformers/paraphrase-multilingual-MiniLM-L12-v2,1500,150,obs_sync_zh,中子电流测量高同步通道无时间滞后,observation_derived,zh,35,1,0.6514567732810974,0.5862890481948853,0.2,6
sentence-transformers/paraphrase-multilingual-MiniLM-L12-v2,1500,150,obs_sync_zh,中子电流测量高同步通道无时间滞后,observation_derived,zh,35,2,0.6036473512649536,0.5815981030464172,0.1,8
sentence-transformers/paraphrase-multilingual-MiniLM-L12-v2,1500,150,obs_sync_zh,中子电流测量高同步通道无时间滞后,observation_derived,zh,35,3,0.6036473512649536,0.5815981030464172,0.1,8
sentence-transformers/paraphrase-multilingual-MiniLM-L12-v2,1500,150,obs_sync_zh,中子电流测量高同步通道无时间滞后,observation_derived,zh,35,4,0.5918169617652893,0.5739181041717529,0.2,6
sentence-transformers/paraphrase-multilingual-MiniLM-L12-v2,1500,150,obs_sync_zh,中子电流测量高同步通道无时间滞后,observation_derived,zh,35,5,0.6514567732810974,0.596167266368866,0.1,9
sentence-transformers/paraphrase-multilingual-MiniLM-L12-v2,1500,150,obs_sync_zh,中子电流测量高同步通道无时间滞后,observation_derived,zh,35,6,0.6514567732810974,0.5975949168205261,0.0,11
sentence-transformers/paraphrase-multilingual-MiniLM-L12-v2,1500,150,obs_sync_zh,中子电流测量高同步通道无时间滞后,observation_derived,zh,35,7,0.6514567732810974,0.5888057947158813,0.1,7
sentence-transformers/paraphrase-multilingual-MiniLM-L12-v2,1500,150,obs_sync_zh,中子电流测量高同步通道无时间滞后,observation_derived,zh,35,8,0.6036473512649536,0.5858306884765625,0.1,10
sentence-transformers/paraphrase-multilingual-MiniLM-L12-v2,1500,150,obs_sync_zh,中子电流测量高同步通道无时间滞后,observation_derived,zh,35,9,0.6036473512649536,0.5858306884765625,0.1,10
sentence-transformers/paraphrase-multilingual-MiniLM-L12-v2,1500,150,obs_sync_zh,中子电流测量高同步通道无时间滞后,observation_derived,zh,40,0,0.6036473512649536,0.5858306884765625,0.1,10
sentence-transformers/paraphrase-multilingual-MiniLM-L12-v2,1500,150,obs_sync_zh,中子电流测量高同步通道无时间滞后,observation_derived,zh,40,1,0.5918169617652893,0.5739181041717529,0.2,6
sentence-transformers/paraphrase-multilingual-MiniLM-L12-v2,1500,150,obs_sync_zh,中子电流测量高同步通道无时间滞后,observation_derived,zh,40,2,0.6514567732810974,0.5946626663208008,0.1,8
sentence-transformers/paraphrase-multilingual-MiniLM-L12-v2,1500,150,obs_sync_zh,中子电流测量高同步通道无时间滞后,observation_derived,zh,40,3,0.6514567732810974,0.5982822179794312,0.0,11
sentence-transformers/paraphrase-multilingual-MiniLM-L12-v2,1500,150,obs_sync_zh,中子电流测量高同步通道无时间滞后,observation_derived,zh,40,4,0.6514567732810974,0.596854567527771,0.1,9
sentence-transformers/paraphrase-multilingual-MiniLM-L12-v2,1500,150,obs_sync_zh,中子电流测量高同步通道无时间滞后,observation_derived,zh,40,5,0.5918169617652893,0.5712566375732422,0.3,5
sentence-transformers/paraphrase-multilingual-MiniLM-L12-v2,1500,150,obs_sync_zh,中子电流测量高同步通道无时间滞后,observation_derived,zh,40,6,0.6514567136764526,0.5975949168205261,0.0,11
sentence-transformers/paraphrase-multilingual-MiniLM-L12-v2,1500,150,obs_sync_zh,中子电流测量高同步通道无时间滞后,observation_derived,zh,40,7,0.6514567732810974,0.598540723323822,0.0,11
sentence-transformers/paraphrase-multilingual-MiniLM-L12-v2,1500,150,obs_sync_zh,中子电流测量高同步通道无时间滞后,observation_derived,zh,40,8,0.6514567732810974,0.5975949168205261,0.0,11
sentence-transformers/paraphrase-multilingual-MiniLM-L12-v2,1500,150,obs_sync_zh,中子电流测量高同步通道无时间滞后,observation_derived,zh,40,9,0.6514567732810974,0.5989387631416321,0.0,11
sentence-transformers/paraphrase-multilingual-MiniLM-L12-v2,1500,150,obs_sync_zh,中子电流测量高同步通道无时间滞后,observation_derived,zh,45,0,0.6514567732810974,0.5989387631416321,0.0,11
sentence-transformers/paraphrase-multilingual-MiniLM-L12-v2,1500,150,obs_sync_zh,中子电流测量高同步通道无时间滞后,observation_derived,zh,45,1,0.6514567732810974,0.598239541053772,0.1,10
sentence-transformers/paraphrase-multilingual-MiniLM-L12-v2,1500,150,obs_sync_zh,中子电流测量高同步通道无时间滞后,observation_derived,zh,45,2,0.6514567732810974,0.5975949168205261,0.0,11
sentence-transformers/paraphrase-multilingual-MiniLM-L12-v2,1500,150,obs_sync_zh,中子电流测量高同步通道无时间滞后,observation_derived,zh,45,3,0.6514567732810974,0.5989387631416321,0.0,11
sentence-transformers/paraphrase-multilingual-MiniLM-L12-v2,1500,150,obs_sync_zh,中子电流测量高同步通道无时间滞后,observation_derived,zh,45,4,0.6514567732810974,0.5881184339523315,0.1,7
sentence-transformers/paraphrase-multilingual-MiniLM-L12-v2,1500,150,obs_sync_zh,中子电流测量高同步通道无时间滞后,observation_derived,zh,45,5,0.6514567732810974,0.5982822179794312,0.0,11
sentence-transformers/paraphrase-multilingual-MiniLM-L12-v2,1500,150,obs_sync_zh,中子电流测量高同步通道无时间滞后,observation_derived,zh,45,6,0.6514567732810974,0.5989387631416321,0.0,11
sentence-transformers/paraphrase-multilingual-MiniLM-L12-v2,1500,150,obs_sync_zh,中子电流测量高同步通道无时间滞后,observation_derived,zh,45,7,0.6514567732810974,0.5989387631416321,0.0,11
sentence-transformers/paraphrase-multilingual-MiniLM-L12-v2,1500,150,obs_sync_zh,中子电流测量高同步通道无时间滞后,observation_derived,zh,45,8,0.6036473512649536,0.5858306884765625,0.1,10
sentence-transformers/paraphrase-multilingual-MiniLM-L12-v2,1500,150,obs_sync_zh,中子电流测量高同步通道无时间滞后,observation_derived,zh,45,9,0.6514567732810974,0.598239541053772,0.1,10
sentence-transformers/paraphrase-multilingual-MiniLM-L12-v2,1500,150,obs_sync_zh,中子电流测量高同步通道无时间滞后,observation_derived,zh,50,0,0.6514567732810974,0.5989387631416321,0.0,11
sentence-transformers/paraphrase-multilingual-MiniLM-L12-v2,1500,150,obs_sync_zh,中子电流测量高同步通道无时间滞后,observation_derived,zh,50,1,0.6514567732810974,0.5989387631416321,0.0,11
sentence-transformers/paraphrase-multilingual-MiniLM-L12-v2,1500,150,obs_sync_zh,中子电流测量高同步通道无时间滞后,observation_derived,zh,50,2,0.6514567732810974,0.5989387631416321,0.0,11
sentence-transformers/paraphrase-multilingual-MiniLM-L12-v2,1500,150,obs_sync_zh,中子电流测量高同步通道无时间滞后,observation_derived,zh,50,3,0.6514567732810974,0.5989387631416321,0.0,11
sentence-transformers/paraphrase-multilingual-MiniLM-L12-v2,1500,150,obs_sync_zh,中子电流测量高同步通道无时间滞后,observation_derived,zh,50,4,0.6036473512649536,0.5858306884765625,0.1,10
sentence-transformers/paraphrase-multilingual-MiniLM-L12-v2,1500,150,obs_sync_zh,中子电流测量高同步通道无时间滞后,observation_derived,zh,50,5,0.6514567732810974,0.5989387631416321,0.0,11
sentence-transformers/paraphrase-multilingual-MiniLM-L12-v2,1500,150,obs_sync_zh,中子电流测量高同步通道无时间滞后,observation_derived,zh,50,6,0.6514567732810974,0.5989387631416321,0.0,11
sentence-transformers/paraphrase-multilingual-MiniLM-L12-v2,1500,150,obs_sync_zh,中子电流测量高同步通道无时间滞后,observation_derived,zh,50,7,0.6514567732810974,0.5989387631416321,0.0,11
sentence-transformers/paraphrase-multilingual-MiniLM-L12-v2,1500,150,obs_sync_zh,中子电流测量高同步通道无时间滞后,observation_derived,zh,50,8,0.6514567732810974,0.5989387631416321,0.0,11
sentence-transformers/paraphrase-multilingual-MiniLM-L12-v2,1500,150,obs_sync_zh,中子电流测量高同步通道无时间滞后,observation_derived,zh,50,9,0.6514567732810974,0.5989387631416321,0.0,11
sentence-transformers/paraphrase-multilingual-MiniLM-L12-v2,1500,150,obs_sync_zh,中子电流测量高同步通道无时间滞后,observation_derived,zh,51,0,0.6514567732810974,0.5989387631416321,0.0,11
sentence-transformers/paraphrase-multilingual-MiniLM-L12-v2,1500,150,obs_sync_zh,中子电流测量高同步通道无时间滞后,observation_derived,zh,51,1,0.6514567732810974,0.5989387631416321,0.0,11
sentence-transformers/paraphrase-multilingual-MiniLM-L12-v2,1500,150,obs_sync_zh,中子电流测量高同步通道无时间滞后,observation_derived,zh,51,2,0.6514567732810974,0.5989387631416321,0.0,11
sentence-transformers/paraphrase-multilingual-MiniLM-L12-v2,1500,150,obs_sync_zh,中子电流测量高同步通道无时间滞后,observation_derived,zh,51,3,0.6514567732810974,0.5989387631416321,0.0,11
sentence-transformers/paraphrase-multilingual-MiniLM-L12-v2,1500,150,obs_sync_zh,中子电流测量高同步通道无时间滞后,observation_derived,zh,51,4,0.6514567732810974,0.5989387631416321,0.0,11
sentence-transformers/paraphrase-multilingual-MiniLM-L12-v2,1500,150,obs_sync_zh,中子电流测量高同步通道无时间滞后,observation_derived,zh,51,5,0.6514567732810974,0.5989387631416321,0.0,11
sentence-transformers/paraphrase-multilingual-MiniLM-L12-v2,1500,150,obs_sync_zh,中子电流测量高同步通道无时间滞后,observation_derived,zh,51,6,0.6514567732810974,0.5989387631416321,0.0,11
sentence-transformers/paraphrase-multilingual-MiniLM-L12-v2,1500,150,obs_sync_zh,中子电流测量高同步通道无时间滞后,observation_derived,zh,51,7,0.6514567732810974,0.5989387631416321,0.0,11
sentence-transformers/paraphrase-multilingual-MiniLM-L12-v2,1500,150,obs_sync_zh,中子电流测量高同步通道无时间滞后,observation_derived,zh,51,8,0.6514567732810974,0.5989387631416321,0.0,11
sentence-transformers/paraphrase-multilingual-MiniLM-L12-v2,1500,150,obs_sync_zh,中子电流测量高同步通道无时间滞后,observation_derived,zh,51,9,0.6514567732810974,0.5989387631416321,0.0,11
