时间,BL.BL3.3RIC1011MA_VER,BL.BL3.3RIC1012MA_VER,BL.BL3.3RIC1013MA_VER,BL.BL3.3RIC1014MA_VER,BL.BL3.3RIC1015MA_VER,BL.BL3.3RIC1016MA_VER,BL.BL3.3RIC1017MA_VER
2025-01-22 01:00:00,0.3923729956150055,0.6677905321121216,0.746379017829895,0.7765657901763916,0.8067598342895508,0.8030709028244019,0.6969043016433716
2025-01-22 00:59:59,0.3923887014389038,0.6676967144012451,0.7462344169616699,0.7761576175689697,0.8062605857849121,0.8027424216270447,0.69638592004776
2025-01-22 00:59:58,0.39267921447753906,0.6679887771606445,0.7464913725852966,0.7767919898033142,0.806797206401825,0.8030573725700378,0.6969727277755737
2025-01-22 00:59:57,0.39299771189689636,0.6683253049850464,0.7468940019607544,0.7770833373069763,0.8070924282073975,0.8031440377235413,0.6971484422683716
2025-01-22 00:59:56,0.39331620931625366,0.668661892414093,0.7472965717315674,0.7773746848106384,0.8073877096176147,0.8032307028770447,0.6973242163658142
2025-01-22 00:59:55,0.393352210521698,0.6689398288726807,0.7473806738853455,0.7776442766189575,0.8073531985282898,0.8034254908561707,0.6974158883094788
2025-01-22 00:59:54,0.39320075511932373,0.6684649586677551,0.7472203969955444,0.7773969173431396,0.807397723197937,0.8033081293106079,0.6976470947265625
2025-01-22 00:59:53,0.39304929971694946,0.6679900884628296,0.7470601797103882,0.7771496176719666,0.8074421882629395,0.8031908273696899,0.6978783011436462
2025-01-22 00:59:52,0.3931061923503876,0.6680815815925598,0.7469691038131714,0.7770618200302124,0.8072594404220581,0.8031609058380127,0.6977958083152771
2025-01-22 00:59:51,0.39316311478614807,0.6681731343269348,0.7468779683113098,0.7769740223884583,0.8070767521858215,0.8031309247016907,0.6977133750915527
2025-01-22 00:59:50,0.3932200074195862,0.668264627456665,0.746786892414093,0.7768862247467041,0.8068940043449402,0.8031009435653687,0.6976308822631836
2025-01-22 00:59:49,0.3931069076061249,0.6682323813438416,0.7471811175346375,0.7774286866188049,0.8073830008506775,0.8030710220336914,0.6978877782821655
2025-01-22 00:59:48,0.3930993974208832,0.6682522892951965,0.7470870614051819,0.7773770689964294,0.8074197173118591,0.8032282590866089,0.6979337334632874
2025-01-22 00:59:47,0.39309191703796387,0.6682721376419067,0.7469930052757263,0.777325451374054,0.8074564933776855,0.8033854961395264,0.697979748249054
2025-01-22 00:59:46,0.39308440685272217,0.6682920455932617,0.7468989491462708,0.7772737741470337,0.8074932098388672,0.8035427331924438,0.6980257034301758
2025-01-22 00:59:45,0.39307689666748047,0.6683119535446167,0.7468048930168152,0.7772221565246582,0.8075299263000488,0.8037000298500061,0.6980716586112976
2025-01-22 00:59:44,0.39306941628456116,0.6683318018913269,0.7467108368873596,0.7771705389022827,0.8075667023658752,0.8038572669029236,0.6981176733970642
2025-01-22 00:59:43,0.39306190609931946,0.6683517098426819,0.746616780757904,0.7771189212799072,0.8076034188270569,0.8040145039558411,0.698163628578186
2025-01-22 00:59:42,0.39309802651405334,0.6684685945510864,0.7467080950737,0.7772996425628662,0.8075922727584839,0.8037557601928711,0.6981097459793091
2025-01-22 00:59:41,0.3931341767311096,0.668585479259491,0.7467994093894958,0.7774803042411804,0.8075811862945557,0.8034970760345459,0.6980558633804321
2025-01-22 00:59:40,0.3931702971458435,0.6688398122787476,0.7468907237052917,0.7775437235832214,0.8072050213813782,0.8033835291862488,0.6980019807815552
2025-01-22 00:59:39,0.39331454038619995,0.6689836978912354,0.7476861476898193,0.7780170440673828,0.8078031539916992,0.8040536046028137,0.6985107660293579
2025-01-22 00:59:38,0.3934588134288788,0.6691275238990784,0.7484815716743469,0.778490424156189,0.8084012269973755,0.8047236800193787,0.6990194916725159
2025-01-22 00:59:37,0.3932603895664215,0.6689882874488831,0.7476856708526611,0.7781260013580322,0.8077890872955322,0.8044453263282776,0.6983367800712585
2025-01-22 00:59:36,0.39357274770736694,0.6693532466888428,0.7481181621551514,0.7783598899841309,0.8080092072486877,0.8047513961791992,0.6987766027450562
2025-01-22 00:59:35,0.3938851058483124,0.6697182059288025,0.7485505938529968,0.7785937786102295,0.8082293272018433,0.8050574064254761,0.6992164254188538
2025-01-22 00:59:34,0.3929764926433563,0.6683353185653687,0.7470709085464478,0.7771989703178406,0.8073161840438843,0.8037834167480469,0.6983804106712341
2025-01-22 00:59:33,0.3931143879890442,0.668667197227478,0.7474703788757324,0.7776594758033752,0.8076205849647522,0.8041350841522217,0.6985857486724854
2025-01-22 00:59:32,0.39325231313705444,0.6689990758895874,0.7478697896003723,0.7781199812889099,0.8079249858856201,0.8044866919517517,0.6987910270690918
2025-01-22 00:59:31,0.39320310950279236,0.6681159734725952,0.7466641068458557,0.7767497897148132,0.8072565197944641,0.8030146956443787,0.6980394124984741
2025-01-22 00:59:30,0.3931539058685303,0.6682422161102295,0.746789276599884,0.7771080136299133,0.8072335720062256,0.8031443953514099,0.6977375149726868
2025-01-22 00:59:29,0.3933413028717041,0.6688730120658875,0.7474365234375,0.7775591015815735,0.807657778263092,0.8035582900047302,0.6979504227638245
2025-01-22 00:59:28,0.3934808075428009,0.6693949103355408,0.7484381198883057,0.7784212827682495,0.8081293106079102,0.8046783208847046,0.6990525722503662
2025-01-22 00:59:27,0.3933807909488678,0.6693649888038635,0.7479953169822693,0.778016209602356,0.8081740736961365,0.8047968149185181,0.6988804936408997
2025-01-22 00:59:26,0.3932889997959137,0.668850302696228,0.7474877238273621,0.777649998664856,0.807608425617218,0.8036574721336365,0.6977143287658691
2025-01-22 00:59:25,0.393163800239563,0.6686338186264038,0.7472360730171204,0.7774322032928467,0.8073160648345947,0.8034772872924805,0.6976370215415955
2025-01-22 00:59:24,0.3930386006832123,0.6684173941612244,0.7469844222068787,0.7772144079208374,0.8070236444473267,0.8032971024513245,0.6975597143173218
2025-01-22 00:59:23,0.3929134011268616,0.6682009100914001,0.746732771396637,0.7769966125488281,0.8067312836647034,0.8031169176101685,0.6974824070930481
2025-01-22 00:59:22,0.39312484860420227,0.6686647534370422,0.7474697232246399,0.7776992917060852,0.8073384761810303,0.8036412000656128,0.6978008151054382
2025-01-22 00:59:21,0.3933362662792206,0.6691285371780396,0.7482067346572876,0.7784019112586975,0.807945728302002,0.8041655421257019,0.6981192827224731
2025-01-22 00:59:20,0.3935477137565613,0.6695923805236816,0.7489436864852905,0.7791045904159546,0.8085529208183289,0.8046898245811462,0.6984376907348633
2025-01-22 00:59:19,0.39361757040023804,0.669636607170105,0.7488921284675598,0.7789039611816406,0.8086733818054199,0.8045668005943298,0.6983698606491089
2025-01-22 00:59:18,0.3936873972415924,0.6696807742118835,0.7488405704498291,0.7787032723426819,0.8087937831878662,0.8044437766075134,0.6983019709587097
2025-01-22 00:59:17,0.39355340600013733,0.669499933719635,0.7485846281051636,0.7785093784332275,0.8085707426071167,0.8043148517608643,0.6982053518295288
2025-01-22 00:59:16,0.39341941475868225,0.6693190932273865,0.748328685760498,0.7783154845237732,0.8083477020263672,0.8041859269142151,0.6981087327003479
2025-01-22 00:59:15,0.3932854235172272,0.6691382527351379,0.7480727434158325,0.7781215906143188,0.8081246614456177,0.8040570020675659,0.698012113571167
2025-01-22 00:59:14,0.3931514322757721,0.6689574122428894,0.747816801071167,0.7779276967048645,0.8079016208648682,0.8039280772209167,0.6979154944419861
2025-01-22 00:59:13,0.3930174708366394,0.6687766313552856,0.7475608587265015,0.7777338027954102,0.8076785802841187,0.8037991523742676,0.6978188753128052
2025-01-22 00:59:12,0.3928834795951843,0.6685957908630371,0.7473048567771912,0.777539849281311,0.8074554800987244,0.8036702275276184,0.6977222561836243
2025-01-22 00:59:11,0.39274948835372925,0.6684149503707886,0.7470489144325256,0.7773459553718567,0.8072324395179749,0.8035413026809692,0.6976256370544434
2025-01-22 00:59:10,0.39261549711227417,0.66823410987854,0.7467929720878601,0.7771520614624023,0.8070093989372253,0.8034123778343201,0.6975290179252625
2025-01-22 00:59:09,0.3924815058708191,0.6680532693862915,0.7465370297431946,0.776958167552948,0.8067863583564758,0.8032834529876709,0.6974323987960815
2025-01-22 00:59:08,0.392347514629364,0.667872428894043,0.746281087398529,0.7767642736434937,0.8065633177757263,0.8031545281410217,0.6973357796669006
2025-01-22 00:59:07,0.393284410238266,0.6689683198928833,0.7476736903190613,0.777955174446106,0.8075882196426392,0.8038715124130249,0.6979802250862122
2025-01-22 00:59:06,0.393013060092926,0.6683380007743835,0.7473006844520569,0.7776558995246887,0.8073327541351318,0.8037676811218262,0.6977760791778564
2025-01-22 00:59:05,0.39274170994758606,0.6677076816558838,0.7469276785850525,0.7773566246032715,0.8070772886276245,0.8036637902259827,0.6975719928741455
2025-01-22 00:59:04,0.3937017023563385,0.6692262291908264,0.7479342222213745,0.7781013250350952,0.8074923753738403,0.8038908839225769,0.6980900764465332
2025-01-22 00:59:03,0.3935626149177551,0.6690922379493713,0.7478258609771729,0.7779744267463684,0.8074793219566345,0.8039190769195557,0.698022723197937
2025-01-22 00:59:02,0.39342349767684937,0.668958306312561,0.7477174401283264,0.7778474688529968,0.8074663281440735,0.8039473295211792,0.6979553699493408
2025-01-22 00:59:01,0.393284410238266,0.668824315071106,0.7476090788841248,0.77772057056427,0.8074532747268677,0.803975522518158,0.6978880167007446
2025-01-22 00:59:00,0.39326000213623047,0.6684249043464661,0.747459888458252,0.7777755260467529,0.8074889183044434,0.8036987781524658,0.6977295875549316
2025-01-22 00:58:59,0.3931814730167389,0.668332576751709,0.7473843097686768,0.7776085138320923,0.807376503944397,0.8034940958023071,0.697675883769989
2025-01-22 00:58:58,0.3931029438972473,0.6682402491569519,0.7473087906837463,0.7774414420127869,0.8072640895843506,0.8032894730567932,0.6976221203804016
2025-01-22 00:58:57,0.39302441477775574,0.6681479215621948,0.7472332119941711,0.7772744297981262,0.8071516752243042,0.8030847907066345,0.697568416595459
2025-01-22 00:58:56,0.3930582106113434,0.6682016253471375,0.7468798756599426,0.7768344283103943,0.8068364858627319,0.8024116158485413,0.6973493099212646
2025-01-22 00:58:55,0.39298349618911743,0.6680215001106262,0.7469784021377563,0.7770380973815918,0.8070893287658691,0.8031058311462402,0.6975581645965576
2025-01-22 00:58:54,0.39290881156921387,0.667841374874115,0.7470769286155701,0.7772418260574341,0.8073421716690063,0.8037999868392944,0.6977670192718506
2025-01-22 00:58:53,0.3930385112762451,0.6680026650428772,0.7472934126853943,0.7774630784988403,0.8075361847877502,0.8039147853851318,0.6978570222854614
2025-01-22 00:58:52,0.39316821098327637,0.6681639552116394,0.7475098967552185,0.7776843905448914,0.8077301979064941,0.804029643535614,0.6979469656944275
2025-01-22 00:58:51,0.3932979106903076,0.6683252453804016,0.7477264404296875,0.7779056429862976,0.8079241514205933,0.8041444420814514,0.6980369687080383
2025-01-22 00:58:50,0.39342761039733887,0.6684865355491638,0.7479429244995117,0.7781269550323486,0.8081181645393372,0.8042593002319336,0.6981269121170044
2025-01-22 00:58:49,0.3935573101043701,0.668647825717926,0.7481594085693359,0.7783482074737549,0.808312177658081,0.804374098777771,0.6982169151306152
2025-01-22 00:58:48,0.3933125436306,0.668493926525116,0.7478140592575073,0.7780597805976868,0.8080966472625732,0.8041372299194336,0.6980722546577454
2025-01-22 00:58:47,0.39306777715682983,0.6683400273323059,0.7474687099456787,0.7777713537216187,0.8078811168670654,0.8039003610610962,0.6979275941848755
2025-01-22 00:58:46,0.3928230404853821,0.6681861877441406,0.7471234202384949,0.7774829268455505,0.8076655864715576,0.803663432598114,0.6977829933166504
2025-01-22 00:58:45,0.39257827401161194,0.6680322885513306,0.7467780709266663,0.7771944999694824,0.8074500560760498,0.8034265637397766,0.6976383328437805
2025-01-22 00:58:44,0.3923335075378418,0.6678783893585205,0.7464327216148376,0.7769060730934143,0.807234525680542,0.8031896948814392,0.6974936723709106
2025-01-22 00:58:43,0.3927397131919861,0.6681816577911377,0.7468785047531128,0.7772571444511414,0.807217001914978,0.8035069704055786,0.69761061668396
2025-01-22 00:58:42,0.393145889043808,0.6684849858283997,0.7473242282867432,0.7776082158088684,0.8071994781494141,0.8038241863250732,0.697727620601654
2025-01-22 00:58:41,0.3934882879257202,0.669246256351471,0.748213529586792,0.7784326076507568,0.8083364963531494,0.8044060468673706,0.6982474327087402
2025-01-22 00:58:40,0.39383068680763245,0.6700075268745422,0.749102771282196,0.7792569994926453,0.8094735145568848,0.804987907409668,0.6987673044204712
2025-01-22 00:58:39,0.3933894634246826,0.6692855358123779,0.7482550144195557,0.778469979763031,0.8086467385292053,0.8044092655181885,0.6983067989349365
2025-01-22 00:58:38,0.3929482102394104,0.6685634851455688,0.7474072575569153,0.7776830196380615,0.8078199028968811,0.803830623626709,0.6978462338447571
2025-01-22 00:58:37,0.39250698685646057,0.6678414940834045,0.7465595006942749,0.7768959999084473,0.8069931268692017,0.8032519817352295,0.6973857283592224
2025-01-22 00:58:36,0.39274170994758606,0.6679940223693848,0.7468762397766113,0.7771683931350708,0.8072361350059509,0.8034965991973877,0.6975241899490356
2025-01-22 00:58:35,0.39297646284103394,0.668146550655365,0.7471929788589478,0.7774407267570496,0.8074790835380554,0.8037412762641907,0.6976626515388489
2025-01-22 00:58:34,0.3932111859321594,0.6682990789413452,0.7475097179412842,0.7777131199836731,0.8077220916748047,0.8039858937263489,0.6978011131286621
2025-01-22 00:58:33,0.39370980858802795,0.6691436171531677,0.7483016848564148,0.778278112411499,0.8082447052001953,0.8041772842407227,0.6982362270355225
2025-01-22 00:58:32,0.3937987983226776,0.6698992848396301,0.7484031915664673,0.7789543867111206,0.8087499141693115,0.8048064112663269,0.6985800862312317
2025-01-22 00:58:31,0.39314979314804077,0.6690572500228882,0.7475098371505737,0.7779364585876465,0.8076644539833069,0.8037890195846558,0.6976162791252136
2025-01-22 00:58:30,0.39250078797340393,0.6682152152061462,0.7466164827346802,0.7769184708595276,0.8065789937973022,0.8027716279029846,0.6966524720191956
2025-01-22 00:58:29,0.39260751008987427,0.667901873588562,0.7466788291931152,0.7768899202346802,0.8066754341125488,0.8028724193572998,0.6970233917236328
2025-01-22 00:58:28,0.3927142024040222,0.667588472366333,0.7467411160469055,0.776861310005188,0.8067718744277954,0.802973210811615,0.6973943114280701
2025-01-22 00:58:27,0.3932957947254181,0.6683123707771301,0.7471343874931335,0.7771378755569458,0.8070870041847229,0.8029593825340271,0.6974436044692993
2025-01-22 00:58:26,0.39337050914764404,0.6688776016235352,0.7475379705429077,0.7773470282554626,0.8070561289787292,0.8026285171508789,0.6969742178916931
2025-01-22 00:58:25,0.39250850677490234,0.6675664186477661,0.7462021708488464,0.7764381170272827,0.8069406151771545,0.8030710220336914,0.6974437832832336
2025-01-22 00:58:24,0.3926967978477478,0.6678447723388672,0.746400773525238,0.7766590714454651,0.8066061735153198,0.8026238679885864,0.6973466277122498
2025-01-22 00:58:23,0.39288508892059326,0.668123185634613,0.7465993762016296,0.7768800258636475,0.8062716722488403,0.8021767139434814,0.6972494721412659
2025-01-22 00:58:22,0.3933936059474945,0.6681541800498962,0.7469757199287415,0.7769805788993835,0.8068469762802124,0.8029444813728333,0.6974391937255859
2025-01-22 00:58:21,0.3934100866317749,0.6682398319244385,0.7470868825912476,0.7771743535995483,0.8069382905960083,0.8032689094543457,0.6975085735321045
2025-01-22 00:58:20,0.3934265971183777,0.6683254837989807,0.7471979856491089,0.7773681282997131,0.8070296049118042,0.8035933971405029,0.6975780129432678
2025-01-22 00:58:19,0.3935301601886749,0.668640673160553,0.747473418712616,0.7776672840118408,0.8073745369911194,0.803780734539032,0.6977561116218567
2025-01-22 00:58:18,0.39363372325897217,0.6689558029174805,0.747748851776123,0.7779663801193237,0.8077194690704346,0.803968071937561,0.6979342699050903
2025-01-22 00:58:17,0.3937372863292694,0.6692709922790527,0.7480243444442749,0.7782655358314514,0.8080644607543945,0.8041553497314453,0.6981123685836792
2025-01-22 00:58:16,0.39384084939956665,0.6695861220359802,0.748299777507782,0.7785646319389343,0.8084093928337097,0.8043426871299744,0.6982905268669128
2025-01-22 00:58:15,0.3939444124698639,0.6699013113975525,0.7485752105712891,0.778863787651062,0.8087543249130249,0.8045300245285034,0.6984686255455017
2025-01-22 00:58:14,0.3933672308921814,0.668904185295105,0.7476516962051392,0.7778964638710022,0.8077727556228638,0.8036249279975891,0.6978853940963745
2025-01-22 00:58:13,0.3927900791168213,0.6679069995880127,0.746728241443634,0.7769291996955872,0.8067911863327026,0.8027198910713196,0.6973021030426025
2025-01-22 00:58:12,0.3922128975391388,0.6669098734855652,0.7458047270774841,0.7759618759155273,0.8058096170425415,0.8018147945404053,0.6967188715934753
2025-01-22 00:58:11,0.39299893379211426,0.6681889295578003,0.7471369504928589,0.7772009968757629,0.807329535484314,0.8030796051025391,0.6975518465042114
2025-01-22 00:58:10,0.3937849998474121,0.6694679856300354,0.7484691739082336,0.7784401178359985,0.8088495135307312,0.8043444752693176,0.6983848810195923
2025-01-22 00:58:09,0.3931575119495392,0.6683357954025269,0.7473303079605103,0.7777345776557922,0.8077077865600586,0.8040924072265625,0.6979150772094727
2025-01-22 00:58:08,0.39227649569511414,0.6677420735359192,0.7461603879928589,0.7767341136932373,0.8069049715995789,0.8034520149230957,0.6974977850914001
2025-01-22 00:58:07,0.3927604854106903,0.6683001518249512,0.7468034625053406,0.7772507667541504,0.8071885704994202,0.8036494851112366,0.6976407766342163
2025-01-22 00:58:06,0.39324450492858887,0.6688582301139832,0.747446596622467,0.7777674198150635,0.8074721097946167,0.8038469552993774,0.6977837085723877
2025-01-22 00:58:05,0.39372849464416504,0.6694163084030151,0.7480896711349487,0.7782840728759766,0.807755708694458,0.8040444254875183,0.6979267001152039
2025-01-22 00:58:04,0.3937548100948334,0.6691253185272217,0.7482463121414185,0.778363823890686,0.8079314231872559,0.8043733835220337,0.69821697473526
2025-01-22 00:58:03,0.39274099469184875,0.6677538752555847,0.7467101812362671,0.7769762277603149,0.8068252801895142,0.8031139969825745,0.6975498795509338
2025-01-22 00:58:02,0.3924461901187897,0.6680359840393066,0.7464224100112915,0.7767158150672913,0.8075382709503174,0.8034065961837769,0.6976627707481384
2025-01-22 00:58:01,0.39286816120147705,0.6681934595108032,0.7469034194946289,0.7770133018493652,0.8074054718017578,0.803478479385376,0.6976824998855591
2025-01-22 00:58:00,0.39329010248184204,0.6683509945869446,0.7473844885826111,0.7773107290267944,0.8072726130485535,0.8035504221916199,0.6977022886276245
2025-01-22 00:57:59,0.39308321475982666,0.6682358980178833,0.7469872832298279,0.7770581245422363,0.8070182800292969,0.8033462762832642,0.6976031064987183
2025-01-22 00:57:58,0.3928762972354889,0.668120801448822,0.7465900778770447,0.776805579662323,0.8067640066146851,0.8031420707702637,0.6975039839744568
2025-01-22 00:57:57,0.3936716914176941,0.6691070795059204,0.7480881214141846,0.7781950831413269,0.8081151247024536,0.8043739795684814,0.6982932090759277
2025-01-22 00:57:56,0.3935280442237854,0.6688065528869629,0.7478185892105103,0.7780413627624512,0.8078214526176453,0.8041231632232666,0.698199987411499
2025-01-22 00:57:55,0.3933843970298767,0.6685060858726501,0.7475491166114807,0.7778875827789307,0.8075277805328369,0.803872287273407,0.6981067061424255
2025-01-22 00:57:54,0.39367079734802246,0.6687309145927429,0.7481676936149597,0.7780389189720154,0.8084632754325867,0.8046398758888245,0.6984851956367493
2025-01-22 00:57:53,0.3937380015850067,0.6691727638244629,0.7482519149780273,0.7782454490661621,0.8082359433174133,0.8045713305473328,0.6985569596290588
2025-01-22 00:57:52,0.39380520582199097,0.6696146130561829,0.7483361959457397,0.7784519791603088,0.80800861120224,0.8045027852058411,0.6986287236213684
2025-01-22 00:57:51,0.39354434609413147,0.6693231463432312,0.7478501200675964,0.7780294418334961,0.8076380491256714,0.804036021232605,0.6982702612876892
2025-01-22 00:57:50,0.3932834565639496,0.6690316796302795,0.7473639845848083,0.7776069641113281,0.8072674870491028,0.8035692572593689,0.6979117393493652
2025-01-22 00:57:49,0.3930225968360901,0.6687402129173279,0.746877908706665,0.7771844267845154,0.8068969249725342,0.8031024932861328,0.697553277015686
2025-01-22 00:57:48,0.39332616329193115,0.6689420938491821,0.7470836639404297,0.7774043083190918,0.8073496222496033,0.8032540082931519,0.6975628137588501
2025-01-22 00:57:47,0.39362969994544983,0.6691439747810364,0.7472894191741943,0.7776241898536682,0.8078023195266724,0.8034055829048157,0.6975724101066589
2025-01-22 00:57:46,0.3936583995819092,0.6692138314247131,0.747495174407959,0.7777302861213684,0.8080154657363892,0.8035821914672852,0.6977615356445312
2025-01-22 00:57:45,0.39368709921836853,0.6692836880683899,0.7477009296417236,0.7778363823890686,0.8082286715507507,0.8037588000297546,0.6979507207870483
2025-01-22 00:57:44,0.39368194341659546,0.6692625284194946,0.7477129697799683,0.7778249382972717,0.8081800937652588,0.8037694692611694,0.6979778409004211
2025-01-22 00:57:43,0.3936768174171448,0.6692414283752441,0.7477250099182129,0.7778135538101196,0.8081315755844116,0.8037801384925842,0.698004961013794
2025-01-22 00:57:42,0.3936716616153717,0.6692202687263489,0.7477370500564575,0.7778021097183228,0.8080829977989197,0.803790807723999,0.6980321407318115
2025-01-22 00:57:41,0.39366650581359863,0.6691991686820984,0.7477490901947021,0.7777907252311707,0.8080344796180725,0.8038014769554138,0.6980592608451843
2025-01-22 00:57:40,0.39366137981414795,0.6691780090332031,0.7477611303329468,0.7777792811393738,0.8079859018325806,0.8038121461868286,0.6980863809585571
2025-01-22 00:57:39,0.3936562240123749,0.6691569089889526,0.7477731704711914,0.7777678966522217,0.8079373836517334,0.8038228154182434,0.6981135010719299
2025-01-22 00:57:38,0.3936510682106018,0.6691357493400574,0.747785210609436,0.7777564525604248,0.8078888058662415,0.8038334846496582,0.6981406807899475
2025-01-22 00:57:37,0.3936459422111511,0.6691146492958069,0.7477972507476807,0.7777450680732727,0.8078402876853943,0.803844153881073,0.6981678009033203
2025-01-22 00:57:36,0.39364078640937805,0.6690934896469116,0.7478092908859253,0.7777336239814758,0.8077917098999023,0.8038548231124878,0.6981949210166931
2025-01-22 00:57:35,0.3940485715866089,0.6697826385498047,0.7485482692718506,0.7786336541175842,0.8087570667266846,0.8047342300415039,0.698630690574646
2025-01-22 00:57:34,0.3944563865661621,0.670471727848053,0.7492871880531311,0.7795336842536926,0.8097224831581116,0.8056136965751648,0.6990665197372437
2025-01-22 00:57:33,0.3939676284790039,0.669922947883606,0.7487276196479797,0.7789408564567566,0.8090886473655701,0.8051010370254517,0.6986262202262878
2025-01-22 00:57:32,0.3934788703918457,0.6693741679191589,0.7481680512428284,0.7783480286598206,0.8084547519683838,0.8045884370803833,0.6981859803199768
2025-01-22 00:57:31,0.3929901123046875,0.6688253879547119,0.747608482837677,0.7777552008628845,0.8078209161758423,0.8040757775306702,0.697745680809021
2025-01-22 00:57:30,0.3929383456707001,0.6686798334121704,0.7474302053451538,0.7775786519050598,0.807687520980835,0.8039491772651672,0.6977128386497498
2025-01-22 00:57:29,0.39288660883903503,0.6685343384742737,0.7472518682479858,0.7774021029472351,0.8075540661811829,0.8038225769996643,0.6976799964904785
2025-01-22 00:57:28,0.3928348422050476,0.6683887839317322,0.7470735907554626,0.7772255539894104,0.8074206709861755,0.8036959767341614,0.6976471543312073
2025-01-22 00:57:27,0.3927830755710602,0.6682432293891907,0.7468953132629395,0.7770489454269409,0.8072872161865234,0.8035693764686584,0.6976142525672913
2025-01-22 00:57:26,0.39273130893707275,0.6680976748466492,0.7467170357704163,0.7768723964691162,0.8071538209915161,0.8034427762031555,0.69758141040802
2025-01-22 00:57:25,0.3926795721054077,0.6679521799087524,0.7465386986732483,0.7766958475112915,0.807020366191864,0.8033161759376526,0.6975485682487488
2025-01-22 00:57:24,0.3926278054714203,0.6678066253662109,0.7463604211807251,0.7765192985534668,0.8068869709968567,0.8031895756721497,0.6975157260894775
2025-01-22 00:57:23,0.39261868596076965,0.667786180973053,0.7463454604148865,0.7764473557472229,0.8068135380744934,0.80307537317276,0.6974498629570007
2025-01-22 00:57:22,0.39260953664779663,0.6677657961845398,0.7463304400444031,0.776375412940979,0.8067401051521301,0.8029611706733704,0.6973839998245239
2025-01-22 00:57:21,0.392600417137146,0.6677453517913818,0.7463154792785645,0.7763034701347351,0.8066666722297668,0.8028469681739807,0.6973181366920471
2025-01-22 00:57:20,0.39259129762649536,0.6677249670028687,0.746300458908081,0.7762315273284912,0.8065931797027588,0.8027328252792358,0.6972522139549255
2025-01-22 00:57:19,0.3925821781158447,0.6677045226097107,0.7462854981422424,0.7761595845222473,0.8065197467803955,0.8026186227798462,0.6971863508224487
2025-01-22 00:57:18,0.3925730288028717,0.6676841378211975,0.746270477771759,0.7760876417160034,0.8064463138580322,0.8025044202804565,0.6971204876899719
2025-01-22 00:57:17,0.39256390929222107,0.6676636934280396,0.7462555170059204,0.7760156989097595,0.806372880935669,0.8023902177810669,0.6970546245574951
2025-01-22 00:57:16,0.3928021192550659,0.6682180166244507,0.7470701932907104,0.7768982648849487,0.8069667816162109,0.8030065298080444,0.6974865198135376
2025-01-22 00:57:15,0.3930402994155884,0.668772280216217,0.7478849291801453,0.7777807712554932,0.8075606822967529,0.8036229014396667,0.6979184746742249
2025-01-22 00:57:14,0.3930434286594391,0.6687819957733154,0.7478600144386292,0.7777755260467529,0.8075155019760132,0.8036583065986633,0.6979637145996094
2025-01-22 00:57:13,0.3930465579032898,0.6687917709350586,0.7478350400924683,0.7777702808380127,0.8074703812599182,0.8036937117576599,0.6980088949203491
2025-01-22 00:57:12,0.3930496573448181,0.668801486492157,0.7478101253509521,0.7777650952339172,0.8074252605438232,0.8037291169166565,0.6980540752410889
2025-01-22 00:57:11,0.3930527865886688,0.6688112020492554,0.747785210609436,0.777759850025177,0.8073800802230835,0.8037645220756531,0.6980993151664734
2025-01-22 00:57:10,0.3930840492248535,0.6687455177307129,0.7477765083312988,0.7777546048164368,0.8074491024017334,0.8037556409835815,0.697979748249054
2025-01-22 00:57:09,0.3931153416633606,0.6686798334121704,0.7477677464485168,0.7777494192123413,0.8075181841850281,0.8037468194961548,0.6978602409362793
2025-01-22 00:57:08,0.3931466341018677,0.6686142086982727,0.7477589845657349,0.7777441740036011,0.8075872659683228,0.803737998008728,0.6977406740188599
2025-01-22 00:57:07,0.39317789673805237,0.6685485243797302,0.7477502822875977,0.7777389287948608,0.8076562881469727,0.8037291169166565,0.6976211071014404
2025-01-22 00:57:06,0.3930286169052124,0.6683905720710754,0.7472026348114014,0.7772551774978638,0.8072339296340942,0.803216814994812,0.6974653005599976
2025-01-22 00:57:05,0.39287930727005005,0.6682326197624207,0.7466549277305603,0.7767714858055115,0.806811511516571,0.8027045130729675,0.6973094940185547
2025-01-22 00:57:04,0.3924106955528259,0.6670116186141968,0.7453985214233398,0.775576114654541,0.8050981760025024,0.8017348051071167,0.6962295174598694
2025-01-22 00:57:03,0.39248594641685486,0.6672101020812988,0.7457370758056641,0.7758156061172485,0.8056343793869019,0.8019211888313293,0.6966118812561035
2025-01-22 00:57:02,0.3925611972808838,0.6674085259437561,0.7460756897926331,0.776055097579956,0.8061705827713013,0.802107572555542,0.6969943046569824
2025-01-22 00:57:01,0.39269354939460754,0.6676978468894958,0.7464437484741211,0.776421844959259,0.8064308166503906,0.8024457097053528,0.697134792804718
2025-01-22 00:57:00,0.3928259015083313,0.6679871678352356,0.7468118667602539,0.776788592338562,0.8066909909248352,0.8027838468551636,0.6972752809524536
2025-01-22 00:56:59,0.39295825362205505,0.6682764887809753,0.7471799254417419,0.7771552801132202,0.8069511651992798,0.8031220436096191,0.697415828704834
2025-01-22 00:56:58,0.3930906057357788,0.6685658097267151,0.74754798412323,0.7775220274925232,0.8072113990783691,0.8034601807594299,0.6975563168525696
2025-01-22 00:56:57,0.3931592106819153,0.6685552597045898,0.7475528120994568,0.7775675654411316,0.807316243648529,0.8036037683486938,0.6977142095565796
2025-01-22 00:56:56,0.39322781562805176,0.6685447096824646,0.7475576400756836,0.7776130437850952,0.807421088218689,0.803747296333313,0.6978720426559448
2025-01-22 00:56:55,0.39329639077186584,0.6685341596603394,0.7475624680519104,0.7776585817337036,0.8075258731842041,0.8038908243179321,0.6980299353599548
2025-01-22 00:56:54,0.3933649957180023,0.6685236096382141,0.7475672960281372,0.777704119682312,0.807630717754364,0.804034411907196,0.6981878280639648
2025-01-22 00:56:53,0.39361393451690674,0.6689873933792114,0.747956395149231,0.7781105041503906,0.8080893754959106,0.8043656349182129,0.6983875036239624
2025-01-22 00:56:52,0.39386290311813354,0.669451117515564,0.7483455538749695,0.778516948223114,0.8085479736328125,0.804696798324585,0.69858717918396
2025-01-22 00:56:51,0.39411187171936035,0.6699148416519165,0.748734712600708,0.7789233922958374,0.8090066313743591,0.805027961730957,0.6987869143486023
2025-01-22 00:56:50,0.39436081051826477,0.6703786253929138,0.7491238117218018,0.779329776763916,0.8094652891159058,0.8053591847419739,0.6989865899085999
2025-01-22 00:56:49,0.39401957392692566,0.6694175601005554,0.7480121850967407,0.7782008647918701,0.808255672454834,0.8044589757919312,0.6982635259628296
2025-01-22 00:56:48,0.39367833733558655,0.668456494808197,0.7469006180763245,0.777072012424469,0.807046115398407,0.8035587072372437,0.6975405216217041
2025-01-22 00:56:47,0.39333710074424744,0.6688460111618042,0.7474784851074219,0.7776550054550171,0.8073099255561829,0.803183376789093,0.6977118849754333
2025-01-22 00:56:46,0.393279105424881,0.6687783598899841,0.7475173473358154,0.7776647806167603,0.8074044585227966,0.8034263253211975,0.6977968811988831
2025-01-22 00:56:45,0.3932211101055145,0.6687107682228088,0.7475561499595642,0.7776744961738586,0.8074989914894104,0.803669273853302,0.697881817817688
2025-01-22 00:56:44,0.39316311478614807,0.6686431169509888,0.7475950121879578,0.7776842713356018,0.8075935244560242,0.8039122223854065,0.6979668140411377
2025-01-22 00:56:43,0.3934030532836914,0.6690959930419922,0.7480946779251099,0.7782155275344849,0.808286190032959,0.8044791221618652,0.6984100341796875
2025-01-22 00:56:42,0.39364299178123474,0.6695489287376404,0.7485942840576172,0.7787467837333679,0.8089789152145386,0.8050460815429688,0.6988533139228821
2025-01-22 00:56:41,0.3932194113731384,0.6685580015182495,0.7474145889282227,0.7776923179626465,0.8079447150230408,0.8036422729492188,0.6978129744529724
2025-01-22 00:56:40,0.3927772045135498,0.667881429195404,0.7464900016784668,0.7768101096153259,0.8061195015907288,0.8025531768798828,0.6965426802635193
2025-01-22 00:56:39,0.3922122120857239,0.6672778129577637,0.7455757260322571,0.7755234241485596,0.8051974773406982,0.8017185926437378,0.6954076290130615
2025-01-22 00:56:38,0.3924039900302887,0.6674708127975464,0.7464727163314819,0.7763298749923706,0.8068593144416809,0.8027644753456116,0.6972177028656006
2025-01-22 00:56:37,0.3927896022796631,0.6679964661598206,0.746853232383728,0.776992917060852,0.8072232007980347,0.8031924962997437,0.6976152658462524
2025-01-22 00:56:36,0.3931752145290375,0.6685221195220947,0.7472336888313293,0.7776558995246887,0.8075870871543884,0.8036205768585205,0.6980128884315491
2025-01-22 00:56:35,0.392362505197525,0.667354941368103,0.7460594177246094,0.7762295603752136,0.8060571551322937,0.802471399307251,0.6971842050552368
2025-01-22 00:56:34,0.3915497958660126,0.6661878228187561,0.7448852062225342,0.7748032212257385,0.804527223110199,0.8013222217559814,0.6963555812835693
2025-01-22 00:56:33,0.3930380940437317,0.6680945754051208,0.7467401027679443,0.7771130800247192,0.807345986366272,0.8034507036209106,0.6973596215248108
2025-01-22 00:56:32,0.39307236671447754,0.6681453585624695,0.7467084527015686,0.7770242094993591,0.8070898056030273,0.8032732605934143,0.6973231434822083
2025-01-22 00:56:31,0.3931066393852234,0.6681962013244629,0.7466768622398376,0.7769353985786438,0.8068335652351379,0.803095817565918,0.6972866058349609
2025-01-22 00:56:30,0.39314091205596924,0.6682469844818115,0.7466452121734619,0.7768465280532837,0.8065773844718933,0.8029183745384216,0.6972501277923584
2025-01-22 00:56:29,0.39330941438674927,0.6687089800834656,0.7476348876953125,0.7780563235282898,0.8075171113014221,0.8038172721862793,0.6977810859680176
2025-01-22 00:56:28,0.3934769928455353,0.668796181678772,0.747922420501709,0.7781677842140198,0.807605504989624,0.8036885857582092,0.6979392170906067
2025-01-22 00:56:27,0.39263060688972473,0.6677883863449097,0.7468730211257935,0.7765588164329529,0.8068143129348755,0.8027753829956055,0.6974009275436401
2025-01-22 00:56:26,0.3930821120738983,0.6681627035140991,0.7467322945594788,0.7772886753082275,0.8070406913757324,0.8030629754066467,0.6977143883705139
2025-01-22 00:56:25,0.39283567667007446,0.6679601669311523,0.7468129396438599,0.7771628499031067,0.8068526983261108,0.8031526803970337,0.697616457939148
2025-01-22 00:56:24,0.3925892114639282,0.6677575707435608,0.746893584728241,0.7770370244979858,0.8066647052764893,0.8032423853874207,0.6975185871124268
2025-01-22 00:56:23,0.39256349205970764,0.6678258776664734,0.7466058135032654,0.7768021821975708,0.8070176243782043,0.8033440113067627,0.6974200010299683
2025-01-22 00:56:22,0.39267995953559875,0.6679428219795227,0.7466965913772583,0.7769491076469421,0.807098388671875,0.8034186959266663,0.6974578499794006
2025-01-22 00:56:21,0.39279642701148987,0.6680598258972168,0.7467873096466064,0.7770960927009583,0.8071791529655457,0.8034934401512146,0.6974956393241882
2025-01-22 00:56:20,0.392912894487381,0.6681767702102661,0.7468780875205994,0.7772430181503296,0.8072599172592163,0.8035681247711182,0.6975334882736206
2025-01-22 00:56:19,0.392905592918396,0.6681327819824219,0.7468420267105103,0.777165949344635,0.8070600032806396,0.803442120552063,0.6974917650222778
2025-01-22 00:56:18,0.392898291349411,0.6680887937545776,0.7468060255050659,0.7770888805389404,0.8068600296974182,0.8033161163330078,0.6974499821662903
2025-01-22 00:56:17,0.3929902911186218,0.6680448055267334,0.7473394870758057,0.777412474155426,0.8072882294654846,0.8035343885421753,0.6976559162139893
2025-01-22 00:56:16,0.39261507987976074,0.6674606800079346,0.7464876174926758,0.7765042781829834,0.8065981268882751,0.8026813268661499,0.6971192955970764
2025-01-22 00:56:15,0.39223989844322205,0.666876494884491,0.7456358075141907,0.7755960822105408,0.8059080243110657,0.8018282055854797,0.6965826749801636
2025-01-22 00:56:14,0.3925977945327759,0.6675385236740112,0.7463071346282959,0.7763352394104004,0.8065627217292786,0.8025294542312622,0.6970142126083374
2025-01-22 00:56:13,0.3929557204246521,0.6682004928588867,0.7469785213470459,0.7770743370056152,0.8072174787521362,0.8032307624816895,0.6974457502365112
2025-01-22 00:56:12,0.39331361651420593,0.6688624620437622,0.7476498484611511,0.7778134346008301,0.8078721761703491,0.8039320707321167,0.6978773474693298
2025-01-22 00:56:11,0.39367151260375977,0.6695244908332825,0.7483211755752563,0.7785525918006897,0.808526873588562,0.8046333193778992,0.6983088850975037
2025-01-22 00:56:10,0.3934113681316376,0.6689944863319397,0.7478134632110596,0.7780322432518005,0.8079690337181091,0.804131269454956,0.6980140805244446
2025-01-22 00:56:09,0.39315125346183777,0.6684644818305969,0.747305691242218,0.7775118350982666,0.8074111342430115,0.8036291599273682,0.6977192163467407
2025-01-22 00:56:08,0.3928911089897156,0.6679344773292542,0.7467979788780212,0.7769914865493774,0.8068532943725586,0.803127110004425,0.6974244117736816
2025-01-22 00:56:07,0.39313429594039917,0.6683093905448914,0.7471065521240234,0.777338981628418,0.8072822093963623,0.803451418876648,0.6975785493850708
2025-01-22 00:56:06,0.39337751269340515,0.6686843037605286,0.7474151253700256,0.7776864767074585,0.807711124420166,0.8037757277488708,0.6977326273918152
2025-01-22 00:56:05,0.39310240745544434,0.6685529947280884,0.7471714019775391,0.7775412797927856,0.8075231313705444,0.8034712076187134,0.6976454257965088
2025-01-22 00:56:04,0.3928273022174835,0.6684216260910034,0.7469276189804077,0.777396023273468,0.8073351979255676,0.8031666874885559,0.6975582242012024
2025-01-22 00:56:03,0.3935588002204895,0.668950617313385,0.7475181818008423,0.7779241800308228,0.8080180883407593,0.8039379119873047,0.698074221611023
2025-01-22 00:56:02,0.39323189854621887,0.668422520160675,0.7471370100975037,0.7774341106414795,0.8072729110717773,0.8033092021942139,0.6977114677429199
2025-01-22 00:56:01,0.39290499687194824,0.6678944826126099,0.7467558979988098,0.7769439816474915,0.8065276741981506,0.8026804327964783,0.6973487734794617
2025-01-22 00:56:00,0.3925780951976776,0.6673663854598999,0.7463747262954712,0.7764539122581482,0.8057824969291687,0.8020517230033875,0.6969860196113586
2025-01-22 00:55:59,0.39260756969451904,0.6675261855125427,0.746571958065033,0.7766076326370239,0.806506872177124,0.8027819395065308,0.6971914768218994
2025-01-22 00:55:58,0.3926370143890381,0.6676859855651855,0.7467691898345947,0.7767614126205444,0.8072311878204346,0.8035122156143188,0.6973968744277954
2025-01-22 00:55:57,0.39240217208862305,0.667281985282898,0.7462072372436523,0.776262640953064,0.8065612316131592,0.8028150796890259,0.6970333456993103
2025-01-22 00:55:56,0.3921672999858856,0.6668779253959656,0.74564528465271,0.7757638096809387,0.8058912754058838,0.8021180033683777,0.6966698169708252
2025-01-22 00:55:55,0.3928600549697876,0.6678389310836792,0.7466304302215576,0.7769443988800049,0.8066680431365967,0.8030785322189331,0.6973121166229248
2025-01-22 00:55:54,0.3935528099536896,0.668799877166748,0.7476155161857605,0.7781249284744263,0.8074448704719543,0.8040391206741333,0.6979544758796692
2025-01-22 00:55:53,0.39358603954315186,0.668979823589325,0.7480210065841675,0.7784120440483093,0.807854175567627,0.8041147589683533,0.6980497241020203
2025-01-22 00:55:52,0.39361926913261414,0.6691598296165466,0.7484264373779297,0.7786991000175476,0.8082634210586548,0.8041903376579285,0.6981450319290161
2025-01-22 00:55:51,0.3936524987220764,0.6693397760391235,0.7488319277763367,0.7789862155914307,0.8086727261543274,0.8042659759521484,0.6982402801513672
2025-01-22 00:55:50,0.39292770624160767,0.6682213544845581,0.7474751472473145,0.7776572704315186,0.8075633645057678,0.8035867810249329,0.6976023316383362
2025-01-22 00:55:49,0.3922029137611389,0.6671028733253479,0.7461183071136475,0.7763283252716064,0.8064540028572083,0.8029075860977173,0.6969643831253052
2025-01-22 00:55:48,0.39232584834098816,0.6672337055206299,0.7461811900138855,0.7763656377792358,0.8064495325088501,0.8028656244277954,0.696959912776947
2025-01-22 00:55:47,0.3924487829208374,0.6673645377159119,0.7462440729141235,0.77640300989151,0.8064450621604919,0.8028236627578735,0.6969555020332336
2025-01-22 00:55:46,0.39257168769836426,0.6674953699111938,0.7463069558143616,0.7764403223991394,0.8064405918121338,0.8027817010879517,0.6969510316848755
2025-01-22 00:55:45,0.3926946222782135,0.667626142501831,0.7463698387145996,0.7764776349067688,0.8064361214637756,0.8027397394180298,0.6969465613365173
2025-01-22 00:55:44,0.39281755685806274,0.667756974697113,0.7464327216148376,0.776515007019043,0.8064316511154175,0.8026977777481079,0.696942150592804
2025-01-22 00:55:43,0.392940491437912,0.667887806892395,0.7464956045150757,0.7765523195266724,0.8064271807670593,0.802655816078186,0.6969376802444458
2025-01-22 00:55:42,0.39314746856689453,0.6682068109512329,0.7469586133956909,0.7770187854766846,0.8068172931671143,0.8029825687408447,0.6971790790557861
2025-01-22 00:55:41,0.3933544158935547,0.6685258746147156,0.7474215626716614,0.7774852514266968,0.807207465171814,0.8033092617988586,0.6974204182624817
2025-01-22 00:55:40,0.39356139302253723,0.6688448786735535,0.7478845715522766,0.777951717376709,0.8075975775718689,0.8036360144615173,0.697661817073822
2025-01-22 00:55:39,0.39234471321105957,0.6675909757614136,0.7465733885765076,0.7767481803894043,0.8069698214530945,0.8031858205795288,0.6971132755279541
2025-01-22 00:55:38,0.39340728521347046,0.6686319708824158,0.7472519278526306,0.7775285840034485,0.8070150017738342,0.8033422827720642,0.6970605254173279
2025-01-22 00:55:37,0.39289888739585876,0.6673617959022522,0.746548593044281,0.7767158150672913,0.8063536882400513,0.8029341101646423,0.6969373226165771
2025-01-22 00:55:36,0.39307767152786255,0.6680395603179932,0.7469965219497681,0.7771010398864746,0.8068611025810242,0.8030669689178467,0.6971408128738403
2025-01-22 00:55:35,0.3932564854621887,0.6687173843383789,0.7474443912506104,0.7774863243103027,0.8073685169219971,0.803199827671051,0.6973443031311035
2025-01-22 00:55:34,0.39295029640197754,0.6683464050292969,0.747154951095581,0.7774784564971924,0.8074254989624023,0.8033727407455444,0.6977055072784424
2025-01-22 00:55:33,0.39264410734176636,0.6679754257202148,0.7468655705451965,0.777470588684082,0.8074824213981628,0.8035457134246826,0.698066771030426
2025-01-22 00:55:32,0.39293378591537476,0.6681836843490601,0.7473106980323792,0.7775611281394958,0.8079373836517334,0.8034905195236206,0.6983128190040588
2025-01-22 00:55:31,0.39320623874664307,0.6684489250183105,0.7472110986709595,0.777752697467804,0.8077185153961182,0.8037089109420776,0.6980785131454468
2025-01-22 00:55:30,0.3934786915779114,0.6687141060829163,0.7474818229675293,0.7778332829475403,0.8075293898582458,0.8035516738891602,0.6979973912239075
2025-01-22 00:55:29,0.39295315742492676,0.6681376099586487,0.7468662858009338,0.777238130569458,0.807054340839386,0.8031783699989319,0.6975823044776917
2025-01-22 00:55:28,0.39242762327194214,0.6675611138343811,0.7462507486343384,0.7766430377960205,0.8065793514251709,0.8028050065040588,0.697167158126831
2025-01-22 00:55:27,0.3919020891189575,0.6669846177101135,0.7456352114677429,0.7760478854179382,0.806104302406311,0.8024317026138306,0.6967520713806152
2025-01-22 00:55:26,0.39250612258911133,0.6677225828170776,0.7467957139015198,0.7769196033477783,0.807153582572937,0.8030425906181335,0.6974892616271973
2025-01-22 00:55:25,0.3931101858615875,0.6684606075286865,0.7479562163352966,0.7777913212776184,0.8082029223442078,0.8036534786224365,0.6982263922691345
2025-01-22 00:55:24,0.39280039072036743,0.6679939031600952,0.7466768026351929,0.7769895195960999,0.8067082762718201,0.8028249144554138,0.696858286857605
2025-01-22 00:55:23,0.3924050033092499,0.6675655245780945,0.7466071248054504,0.7769166231155396,0.806479811668396,0.8029289245605469,0.6975935101509094
2025-01-22 00:55:22,0.3932245969772339,0.6684558987617493,0.7474998831748962,0.7775462865829468,0.8069677948951721,0.8033031225204468,0.6974086165428162
2025-01-22 00:55:21,0.39315783977508545,0.6683985590934753,0.7472003698348999,0.7772413492202759,0.8068147897720337,0.8030806183815002,0.6970261335372925
2025-01-22 00:55:20,0.3930911123752594,0.6683412194252014,0.7469009160995483,0.776936411857605,0.8066617250442505,0.8028581142425537,0.6966437101364136
2025-01-22 00:55:19,0.39313840866088867,0.6684058308601379,0.7469905018806458,0.7769863605499268,0.806732714176178,0.8028897643089294,0.6967613697052002
2025-01-22 00:55:18,0.39318570494651794,0.6684704422950745,0.7470800876617432,0.7770363092422485,0.8068037033081055,0.8029214143753052,0.6968790888786316
2025-01-22 00:55:17,0.3932330012321472,0.668535053730011,0.7471697330474854,0.7770862579345703,0.8068746328353882,0.8029531240463257,0.696996808052063
2025-01-22 00:55:16,0.3932802975177765,0.6685996651649475,0.7472593188285828,0.7771362066268921,0.8069456219673157,0.8029847741127014,0.6971144676208496
2025-01-22 00:55:15,0.39332759380340576,0.668664276599884,0.7473489046096802,0.7771861553192139,0.8070166110992432,0.8030164241790771,0.6972321271896362
2025-01-22 00:55:14,0.39337489008903503,0.6687288880348206,0.7474384903907776,0.7772361040115356,0.8070876002311707,0.8030480742454529,0.6973498463630676
2025-01-22 00:55:13,0.3931713402271271,0.6685313582420349,0.7471280097961426,0.7770943641662598,0.8068360090255737,0.8028348684310913,0.697467565536499
2025-01-22 00:55:12,0.3929677903652191,0.6683338284492493,0.7468175292015076,0.7769526839256287,0.8065844774246216,0.802621603012085,0.6975852251052856
2025-01-22 00:55:11,0.39263448119163513,0.6678617000579834,0.7465052604675293,0.7766187787055969,0.8063156008720398,0.8024377226829529,0.6973819732666016
2025-01-22 00:55:10,0.39230120182037354,0.6673895120620728,0.746192991733551,0.77628493309021,0.8060466647148132,0.8022539019584656,0.6971786618232727
2025-01-22 00:55:09,0.39196789264678955,0.6669173836708069,0.7458807229995728,0.7759510278701782,0.8057777881622314,0.8020700216293335,0.6969754099845886
2025-01-22 00:55:08,0.3921506702899933,0.667184591293335,0.7460485696792603,0.7760783433914185,0.8059307932853699,0.8021834492683411,0.6970242261886597
2025-01-22 00:55:07,0.392333447933197,0.6674518585205078,0.7462164163589478,0.7762055993080139,0.8060837388038635,0.8022968173027039,0.6970730423927307
2025-01-22 00:55:06,0.39251622557640076,0.6677190661430359,0.7463842630386353,0.7763329148292542,0.806236743927002,0.8024102449417114,0.6971218585968018
2025-01-22 00:55:05,0.3926989734172821,0.6679863333702087,0.746552050113678,0.7764602303504944,0.8063897490501404,0.802523672580719,0.6971707344055176
2025-01-22 00:55:04,0.39288175106048584,0.6682535409927368,0.7467198967933655,0.7765875458717346,0.8065427541732788,0.8026371002197266,0.6972195506095886
2025-01-22 00:55:03,0.3930645287036896,0.6685208082199097,0.746887743473053,0.7767148017883301,0.8066956996917725,0.8027504682540894,0.6972683668136597
2025-01-22 00:55:02,0.3932473063468933,0.6687880158424377,0.7470555901527405,0.7768421173095703,0.8068487048149109,0.8028638958930969,0.6973171830177307
2025-01-22 00:55:01,0.3927537500858307,0.6679373979568481,0.746394693851471,0.7762449979782104,0.8064464926719666,0.8026199340820312,0.696967363357544
2025-01-22 00:55:00,0.39226019382476807,0.6670867204666138,0.7457337975502014,0.7756478786468506,0.8060442805290222,0.8023759126663208,0.696617603302002
2025-01-22 00:54:59,0.3927293121814728,0.6677343249320984,0.7457448840141296,0.775833785533905,0.8056464195251465,0.8021547794342041,0.6964547038078308
2025-01-22 00:54:58,0.39301350712776184,0.6690325140953064,0.7474907040596008,0.777740478515625,0.8077422976493835,0.8037294149398804,0.697503387928009
2025-01-22 00:54:57,0.39242759346961975,0.6674194931983948,0.7460607886314392,0.7762619256973267,0.8062648773193359,0.8027111291885376,0.6969180107116699
2025-01-22 00:54:56,0.39299631118774414,0.6680576205253601,0.7468845248222351,0.7765148878097534,0.8068637251853943,0.8029382228851318,0.6968569755554199
2025-01-22 00:54:55,0.3929828107357025,0.6680430173873901,0.7468751668930054,0.7765824198722839,0.806892454624176,0.803000807762146,0.6969722509384155
2025-01-22 00:54:54,0.3929693400859833,0.6680284738540649,0.7468658685684204,0.7766499519348145,0.8069211840629578,0.8030633330345154,0.6970875859260559
2025-01-22 00:54:53,0.39295583963394165,0.668013870716095,0.7468565106391907,0.776717483997345,0.8069499135017395,0.8031259179115295,0.6972028613090515
2025-01-22 00:54:52,0.3929423689842224,0.667999267578125,0.7468472123146057,0.7767850756645203,0.8069785833358765,0.8031885027885437,0.6973181366920471
2025-01-22 00:54:51,0.3929288685321808,0.667984664440155,0.746837854385376,0.7768526077270508,0.8070073127746582,0.8032510876655579,0.6974334120750427
2025-01-22 00:54:50,0.39291539788246155,0.6679701209068298,0.746828556060791,0.7769201397895813,0.8070360422134399,0.8033136129379272,0.6975487470626831
2025-01-22 00:54:49,0.3929018974304199,0.6679555177688599,0.7468191981315613,0.7769876718521118,0.8070647716522217,0.8033761978149414,0.6976640224456787
2025-01-22 00:54:48,0.3928662836551666,0.6678261160850525,0.7467498779296875,0.7768170237541199,0.8068881630897522,0.803127646446228,0.6975352764129639
2025-01-22 00:54:47,0.39283066987991333,0.6676967144012451,0.7466806173324585,0.7766463756561279,0.8067115545272827,0.8028790950775146,0.6974064707756042
2025-01-22 00:54:46,0.39279502630233765,0.6675673127174377,0.7466112971305847,0.776475727558136,0.806535005569458,0.8026305437088013,0.6972776651382446
2025-01-22 00:54:45,0.39275941252708435,0.6674379110336304,0.7465419769287109,0.776305079460144,0.8063583970069885,0.8023819923400879,0.6971489191055298
2025-01-22 00:54:44,0.392819344997406,0.6676763296127319,0.7466484904289246,0.7765815854072571,0.8066368103027344,0.8026688098907471,0.6972564458847046
2025-01-22 00:54:43,0.39287927746772766,0.6679146885871887,0.7467550039291382,0.7768581509590149,0.8069152235984802,0.8029556274414062,0.6973640322685242
2025-01-22 00:54:42,0.3929392397403717,0.6681531071662903,0.7468615770339966,0.7771346569061279,0.8071936964988708,0.8032424449920654,0.697471559047699
2025-01-22 00:54:41,0.39299917221069336,0.6683914661407471,0.7469680905342102,0.7774112224578857,0.8074721097946167,0.8035292625427246,0.6975791454315186
2025-01-22 00:54:40,0.393059104681015,0.6686298847198486,0.7470746040344238,0.7776877284049988,0.8077505230903625,0.8038160800933838,0.6976866722106934
2025-01-22 00:54:39,0.39270108938217163,0.6672946810722351,0.7461655735969543,0.7763524055480957,0.8060386776924133,0.8025659918785095,0.6966618895530701
2025-01-22 00:54:38,0.3926761746406555,0.6676452159881592,0.746387779712677,0.7768278121948242,0.8066208362579346,0.8031697869300842,0.697118878364563
2025-01-22 00:54:37,0.3926512897014618,0.6679956912994385,0.7466099858283997,0.7773032188415527,0.8072029948234558,0.8037735819816589,0.6975759267807007
2025-01-22 00:54:36,0.39303338527679443,0.6681240200996399,0.7467852234840393,0.7766953706741333,0.8070027828216553,0.8033856153488159,0.6974012851715088
2025-01-22 00:54:35,0.39362168312072754,0.6690077185630798,0.7477107644081116,0.7777591943740845,0.8077221512794495,0.8038712739944458,0.697857141494751
2025-01-22 00:54:34,0.39421001076698303,0.6698914170265198,0.7486363053321838,0.7788230180740356,0.8084415197372437,0.8043568730354309,0.6983129978179932
2025-01-22 00:54:33,0.39402157068252563,0.6693722009658813,0.7482762932777405,0.7783191204071045,0.8078426718711853,0.8038918972015381,0.6978229880332947
2025-01-22 00:54:32,0.39383310079574585,0.6688529253005981,0.7479162812232971,0.7778152823448181,0.807243824005127,0.8034269213676453,0.6973329782485962
2025-01-22 00:54:31,0.3932877480983734,0.668323278427124,0.7471422553062439,0.7773207426071167,0.8070559501647949,0.8032001256942749,0.6969953775405884
2025-01-22 00:54:30,0.392742395401001,0.6677935719490051,0.7463682293891907,0.7768262028694153,0.8068680763244629,0.8029732704162598,0.6966577768325806
2025-01-22 00:54:29,0.392924040555954,0.6680222749710083,0.7466414570808411,0.7769759893417358,0.8070576190948486,0.80302894115448,0.6968997716903687
2025-01-22 00:54:28,0.393105685710907,0.6682509183883667,0.7469146847724915,0.7771257758140564,0.8072472214698792,0.803084671497345,0.6971418261528015
2025-01-22 00:54:27,0.39313268661499023,0.6683424711227417,0.746979832649231,0.7770754098892212,0.8071991205215454,0.80311119556427,0.6975004076957703
2025-01-22 00:54:26,0.3931596875190735,0.6684340238571167,0.7470449209213257,0.7770249843597412,0.8071510791778564,0.8031377792358398,0.697858989238739
2025-01-22 00:54:25,0.3928968012332916,0.6682873964309692,0.746730387210846,0.7770677804946899,0.8070551753044128,0.8030514717102051,0.6978994011878967
2025-01-22 00:54:24,0.3928910791873932,0.6682516932487488,0.746662437915802,0.7771016359329224,0.8071173429489136,0.8030697107315063,0.6979243159294128
2025-01-22 00:54:23,0.39288532733917236,0.6682159900665283,0.7465944290161133,0.7771355509757996,0.8071794509887695,0.8030879497528076,0.6979491710662842
2025-01-22 00:54:22,0.3928796052932739,0.6681802868843079,0.7465264797210693,0.777169406414032,0.8072416186332703,0.8031061887741089,0.6979740858078003
2025-01-22 00:54:21,0.39280465245246887,0.6681641340255737,0.7465932965278625,0.7770895957946777,0.8072167634963989,0.8034284114837646,0.6980899572372437
2025-01-22 00:54:20,0.3927296996116638,0.6681479811668396,0.7466601133346558,0.7770097255706787,0.8071919083595276,0.8037506937980652,0.6982058882713318
2025-01-22 00:54:19,0.3928973972797394,0.6682953834533691,0.7468864321708679,0.7772209048271179,0.8073921799659729,0.8038502335548401,0.6982452869415283
2025-01-22 00:54:18,0.39306509494781494,0.6684428453445435,0.7471127510070801,0.7774320840835571,0.8075924515724182,0.8039497137069702,0.6982846260070801
2025-01-22 00:54:17,0.3932327926158905,0.668590247631073,0.7473390698432922,0.7776432633399963,0.8077926635742188,0.8040492534637451,0.6983239650726318
2025-01-22 00:54:16,0.39340049028396606,0.6687376499176025,0.7475653886795044,0.7778544425964355,0.8079929351806641,0.80414879322052,0.6983633637428284
2025-01-22 00:54:15,0.3935681879520416,0.6688851118087769,0.7477917075157166,0.7780656218528748,0.8081932067871094,0.8042482733726501,0.6984027624130249
2025-01-22 00:54:14,0.3937358856201172,0.6690325140953064,0.7480180263519287,0.778276801109314,0.8083934783935547,0.804347813129425,0.6984421014785767
2025-01-22 00:54:13,0.3935302495956421,0.6689690947532654,0.7479656934738159,0.7780787944793701,0.8082259297370911,0.8042568564414978,0.6983393430709839
2025-01-22 00:54:12,0.3933246433734894,0.6689057350158691,0.7479133605957031,0.7778807282447815,0.8080583214759827,0.8041658401489258,0.6982366442680359
2025-01-22 00:54:11,0.3931190073490143,0.6688423156738281,0.7478610277175903,0.7776827216148376,0.807890772819519,0.8040748834609985,0.6981338858604431
2025-01-22 00:54:10,0.39307302236557007,0.6687905788421631,0.7477468252182007,0.7776767611503601,0.8079326748847961,0.8040735125541687,0.6981348395347595
2025-01-22 00:54:09,0.39302703738212585,0.6687389016151428,0.747632622718811,0.7776708006858826,0.807974636554718,0.8040722012519836,0.6981358528137207
2025-01-22 00:54:08,0.39298105239868164,0.6686872243881226,0.7475184202194214,0.7776647806167603,0.8080165386199951,0.8040708303451538,0.6981368064880371
2025-01-22 00:54:07,0.3929350674152374,0.6686354875564575,0.7474042177200317,0.7776588201522827,0.8080584406852722,0.804069459438324,0.6981377601623535
2025-01-22 00:54:06,0.3928890824317932,0.6685837507247925,0.7472900152206421,0.7776528596878052,0.8081004023551941,0.8040681481361389,0.6981387734413147
2025-01-22 00:54:05,0.392843097448349,0.6685320734977722,0.7471758127212524,0.7776468992233276,0.8081423044204712,0.8040667772293091,0.6981397271156311
2025-01-22 00:54:04,0.3936191201210022,0.6691104173660278,0.7478238940238953,0.7781766057014465,0.8084005117416382,0.8043105006217957,0.6983118057250977
2025-01-22 00:54:03,0.394395112991333,0.6696888208389282,0.7484719753265381,0.7787063121795654,0.8086587190628052,0.8045542240142822,0.6984838247299194
2025-01-22 00:54:02,0.3939204514026642,0.6693134307861328,0.7481769323348999,0.7783138751983643,0.8082485198974609,0.8043396472930908,0.6983569860458374
2025-01-22 00:54:01,0.39344578981399536,0.6689379811286926,0.7478818297386169,0.7779213786125183,0.8078383207321167,0.8041250705718994,0.6982300877571106
2025-01-22 00:54:00,0.393189013004303,0.6688169836997986,0.7475746273994446,0.7777349948883057,0.8077834844589233,0.8038563132286072,0.6980386972427368
2025-01-22 00:53:59,0.39312678575515747,0.668361485004425,0.7474504113197327,0.777516782283783,0.8076245188713074,0.8038929104804993,0.6979113817214966
2025-01-22 00:53:58,0.3933066725730896,0.668749988079071,0.7476610541343689,0.7778265476226807,0.8078726530075073,0.8040850162506104,0.698178768157959
2025-01-22 00:53:57,0.3934865891933441,0.669138491153717,0.7478716969490051,0.7781363725662231,0.8081207871437073,0.8042771816253662,0.6984462141990662
2025-01-22 00:53:56,0.39279720187187195,0.6678646206855774,0.7466207146644592,0.7771322727203369,0.8076022863388062,0.8039321899414062,0.6979957222938538
2025-01-22 00:53:55,0.3929102122783661,0.6682944893836975,0.7467281818389893,0.7769811153411865,0.8073176145553589,0.8036031126976013,0.6979541182518005
2025-01-22 00:53:54,0.3927978277206421,0.6679709553718567,0.7465506792068481,0.7769187688827515,0.8073252439498901,0.8036166429519653,0.6978679895401001
2025-01-22 00:53:53,0.3926854133605957,0.6676474213600159,0.746373176574707,0.7768564224243164,0.8073328733444214,0.8036301136016846,0.6977819204330444
2025-01-22 00:53:52,0.3929343819618225,0.6679790019989014,0.7467589974403381,0.7771917581558228,0.8076267242431641,0.8038617968559265,0.6979358196258545
2025-01-22 00:53:51,0.3931833803653717,0.6683105230331421,0.747144877910614,0.7775271534919739,0.807920515537262,0.8040934205055237,0.6980897188186646
2025-01-22 00:53:50,0.3934323787689209,0.6686420440673828,0.7475306987762451,0.777862548828125,0.8082143068313599,0.8043251037597656,0.6982436180114746
2025-01-22 00:53:49,0.3936813473701477,0.6689736247062683,0.7479165196418762,0.7781978845596313,0.8085081577301025,0.8045567870140076,0.6983975172042847
2025-01-22 00:53:48,0.3939303159713745,0.6693052053451538,0.7483024001121521,0.7785332202911377,0.8088020086288452,0.8047884106636047,0.6985514163970947
2025-01-22 00:53:47,0.3941793143749237,0.6696367263793945,0.7486882209777832,0.7788686156272888,0.8090957999229431,0.8050200939178467,0.6987053155899048
2025-01-22 00:53:46,0.3935278654098511,0.6690731048583984,0.7477743625640869,0.7779942750930786,0.8083324432373047,0.8044131398200989,0.6982512474060059
2025-01-22 00:53:45,0.39287638664245605,0.6685094237327576,0.7468605041503906,0.7771198749542236,0.8075690269470215,0.8038061857223511,0.6977971196174622
2025-01-22 00:53:44,0.3929017186164856,0.6683835983276367,0.7468120455741882,0.7770349383354187,0.807407557964325,0.803665041923523,0.6977285742759705
2025-01-22 00:53:43,0.3929270803928375,0.6682578325271606,0.7467635869979858,0.776949942111969,0.8072460889816284,0.8035239577293396,0.6976600289344788
2025-01-22 00:53:42,0.39295241236686707,0.6681320071220398,0.7467151284217834,0.7768650054931641,0.8070846199989319,0.8033828139305115,0.6975914835929871
2025-01-22 00:53:41,0.39290285110473633,0.6681808233261108,0.7468793392181396,0.7770166993141174,0.8072709441184998,0.8035839796066284,0.6977260708808899
2025-01-22 00:53:40,0.3928532600402832,0.6682296991348267,0.7470434904098511,0.7771683931350708,0.8074572682380676,0.8037851452827454,0.697860598564148
2025-01-22 00:53:39,0.3928036689758301,0.6682785749435425,0.7472077012062073,0.7773200869560242,0.8076435923576355,0.8039863109588623,0.6979951858520508
2025-01-22 00:53:38,0.39275410771369934,0.6683273911476135,0.7473719120025635,0.7774717807769775,0.8078299164772034,0.8041874766349792,0.6981297731399536
2025-01-22 00:53:37,0.3929389417171478,0.6684536337852478,0.7475045919418335,0.7775648832321167,0.8078937530517578,0.8041943907737732,0.698032796382904
2025-01-22 00:53:36,0.3931237757205963,0.6685799360275269,0.7476372122764587,0.7776579856872559,0.807957649230957,0.8042013049125671,0.6979357600212097
2025-01-22 00:53:35,0.3933086097240448,0.6687061786651611,0.7477698922157288,0.777751088142395,0.8080214858055115,0.8042082190513611,0.6978387832641602
2025-01-22 00:53:34,0.3927259147167206,0.6680529713630676,0.7468488216400146,0.7771698236465454,0.8075171709060669,0.803317129611969,0.6975154280662537
2025-01-22 00:53:33,0.3924886882305145,0.668124794960022,0.7465386986732483,0.7769194841384888,0.8072879910469055,0.8034132719039917,0.6974158883094788
2025-01-22 00:53:32,0.3927024006843567,0.6682850122451782,0.7468743324279785,0.7770564556121826,0.8074201941490173,0.8034183979034424,0.6975506544113159
2025-01-22 00:53:31,0.39291611313819885,0.6684452891349792,0.747209906578064,0.7771934270858765,0.8075523972511292,0.8034235239028931,0.6976854801177979
2025-01-22 00:53:30,0.39330950379371643,0.6686121821403503,0.7475950121879578,0.7778403759002686,0.8078495860099792,0.8040767908096313,0.6979449987411499
2025-01-22 00:53:29,0.3931733965873718,0.6685191988945007,0.7475410103797913,0.777687132358551,0.80765700340271,0.8037309646606445,0.6980966925621033
2025-01-22 00:53:28,0.3930372893810272,0.6684262156486511,0.7474870085716248,0.7775338888168335,0.8074644804000854,0.8033850789070129,0.6982483863830566
2025-01-22 00:53:27,0.39297229051589966,0.6678637862205505,0.7468060851097107,0.7766038775444031,0.8069632053375244,0.8036835193634033,0.6976475119590759
2025-01-22 00:53:26,0.39378321170806885,0.6690347790718079,0.7477942705154419,0.7777664065361023,0.8077961802482605,0.8041608929634094,0.6981660723686218
2025-01-22 00:53:25,0.39340704679489136,0.6688692569732666,0.7477428913116455,0.7778010964393616,0.8077700138092041,0.8039745092391968,0.6981741189956665
2025-01-22 00:53:24,0.39303091168403625,0.6687036752700806,0.7476915717124939,0.7778357863426208,0.8077439069747925,0.8037881255149841,0.698182225227356
2025-01-22 00:53:23,0.39321020245552063,0.6687893271446228,0.7477811574935913,0.7779728174209595,0.8078650236129761,0.8039537668228149,0.6981902718544006
2025-01-22 00:53:22,0.3933895230293274,0.668874979019165,0.7478708028793335,0.7781099081039429,0.8079861402511597,0.8041194081306458,0.6981983184814453
2025-01-22 00:53:21,0.39356881380081177,0.6689605712890625,0.7479603886604309,0.7782469391822815,0.8081071972846985,0.8042850494384766,0.6982064247131348
2025-01-22 00:53:20,0.39374810457229614,0.6690462231636047,0.7480499744415283,0.7783839702606201,0.8082283139228821,0.8044506907463074,0.6982144713401794
2025-01-22 00:53:19,0.39303088188171387,0.6680978536605835,0.747011661529541,0.7774380445480347,0.8075007200241089,0.8035917282104492,0.6976648569107056
2025-01-22 00:53:18,0.392313688993454,0.6671494841575623,0.7459732890129089,0.776492178440094,0.8067731261253357,0.8027328252792358,0.6971151828765869
2025-01-22 00:53:17,0.3923032283782959,0.6671489477157593,0.7459714412689209,0.7764825224876404,0.806750476360321,0.8027626872062683,0.6971279978752136
2025-01-22 00:53:16,0.3922927975654602,0.6671484112739563,0.7459695935249329,0.7764728665351868,0.8067278265953064,0.802792489528656,0.6971408724784851
2025-01-22 00:53:15,0.3922823369503021,0.6671478748321533,0.7459676861763,0.7764632105827332,0.8067051768302917,0.8028223514556885,0.6971536874771118
2025-01-22 00:53:14,0.39227190613746643,0.6671473383903503,0.745965838432312,0.7764535546302795,0.8066825270652771,0.8028521537780762,0.6971665024757385
2025-01-22 00:53:13,0.39226144552230835,0.6671468019485474,0.745963990688324,0.7764438986778259,0.8066598176956177,0.8028820157051086,0.69717937707901
2025-01-22 00:53:12,0.39225098490715027,0.6671462655067444,0.7459621429443359,0.7764342427253723,0.806637167930603,0.8029118776321411,0.6971921920776367
2025-01-22 00:53:11,0.3922405540943146,0.6671457290649414,0.7459602355957031,0.7764245867729187,0.8066145181655884,0.8029416799545288,0.6972050070762634
2025-01-22 00:53:10,0.3922300934791565,0.6671451926231384,0.7459583878517151,0.7764149308204651,0.8065918684005737,0.8029715418815613,0.6972178816795349
2025-01-22 00:53:09,0.3922196626663208,0.6671446561813354,0.745956540107727,0.7764052152633667,0.8065692186355591,0.8030014038085938,0.6972306966781616
2025-01-22 00:53:08,0.3922092020511627,0.6671441197395325,0.745954692363739,0.7763955593109131,0.8065465688705444,0.8030312061309814,0.6972435116767883
2025-01-22 00:53:07,0.39219874143600464,0.6671435832977295,0.745952844619751,0.7763859033584595,0.8065239191055298,0.8030610680580139,0.6972563862800598
2025-01-22 00:53:06,0.39218831062316895,0.6671430468559265,0.7459509372711182,0.7763762474060059,0.8065012693405151,0.8030908703804016,0.6972692012786865
2025-01-22 00:53:05,0.39217785000801086,0.6671425104141235,0.7459490895271301,0.7763665914535522,0.8064786195755005,0.8031207323074341,0.6972820162773132
2025-01-22 00:53:04,0.3921673893928528,0.6671419739723206,0.7459472417831421,0.7763569355010986,0.8064559102058411,0.8031505942344666,0.6972948908805847
2025-01-22 00:53:03,0.3921569585800171,0.6671414375305176,0.745945394039154,0.776347279548645,0.8064332604408264,0.8031803965568542,0.6973077058792114
2025-01-22 00:53:02,0.392146497964859,0.6671409010887146,0.7459434866905212,0.7763376235961914,0.8064106106758118,0.8032102584838867,0.6973205208778381
2025-01-22 00:53:01,0.3921360671520233,0.6671403646469116,0.7459416389465332,0.7763279676437378,0.8063879609107971,0.8032400608062744,0.6973333954811096
2025-01-22 00:53:00,0.39212560653686523,0.6671398282051086,0.7459397912025452,0.7763183116912842,0.8063653111457825,0.8032699227333069,0.6973462104797363
2025-01-22 00:52:59,0.39215031266212463,0.6672168374061584,0.7460002303123474,0.7763904333114624,0.8064934611320496,0.8032161593437195,0.6972959041595459
2025-01-22 00:52:58,0.3921750485897064,0.667293906211853,0.7460606098175049,0.7764625549316406,0.8066215515136719,0.8031623363494873,0.6972455978393555
2025-01-22 00:52:57,0.3921997547149658,0.6673709154129028,0.7461210489273071,0.7765346765518188,0.806749701499939,0.8031085729598999,0.697195291519165
2025-01-22 00:52:56,0.3922244608402252,0.6674479246139526,0.7461814880371094,0.7766067385673523,0.806877851486206,0.8030548095703125,0.6971449255943298
2025-01-22 00:52:55,0.392249196767807,0.6675249934196472,0.7462418675422668,0.7766788601875305,0.8070059418678284,0.8030009865760803,0.6970946192741394
2025-01-22 00:52:54,0.3922739028930664,0.667602002620697,0.7463023066520691,0.7767509818077087,0.8071340918540955,0.8029472231864929,0.697044312953949
2025-01-22 00:52:53,0.3920748233795166,0.6672989130020142,0.7459993958473206,0.7762961983680725,0.8069461584091187,0.8030604124069214,0.6973098516464233
2025-01-22 00:52:52,0.3918757140636444,0.6669958233833313,0.745696485042572,0.7758414149284363,0.8067582249641418,0.8031736016273499,0.6975753903388977
2025-01-22 00:52:51,0.3923388719558716,0.667371392250061,0.7461282014846802,0.7762346267700195,0.8069325089454651,0.803333044052124,0.6977405548095703
2025-01-22 00:52:50,0.39280200004577637,0.667746901512146,0.7465599775314331,0.776627779006958,0.8071067929267883,0.8034924268722534,0.6979057788848877
2025-01-22 00:52:49,0.39285150170326233,0.6677938103675842,0.7466235160827637,0.7767287492752075,0.8071091771125793,0.803561806678772,0.6979357004165649
2025-01-22 00:52:48,0.3929010033607483,0.6678406596183777,0.7466870546340942,0.776829719543457,0.8071115612983704,0.8036311864852905,0.6979656219482422
2025-01-22 00:52:47,0.39295050501823425,0.6678875684738159,0.74675053358078,0.7769307494163513,0.8071139454841614,0.8037005662918091,0.6979954838752747
2025-01-22 00:52:46,0.3930000066757202,0.6679344177246094,0.7468140721321106,0.7770317196846008,0.8071163296699524,0.8037699460983276,0.6980254054069519
2025-01-22 00:52:45,0.3930495083332062,0.6679813265800476,0.7468776106834412,0.7771326899528503,0.8071187138557434,0.8038393259048462,0.6980553269386292
2025-01-22 00:52:44,0.39341285824775696,0.6688492298126221,0.747654914855957,0.7778722047805786,0.8081334829330444,0.8044421076774597,0.6985439658164978
2025-01-22 00:52:43,0.39377620816230774,0.6697170734405518,0.7484322190284729,0.7786117196083069,0.8091481924057007,0.8050448894500732,0.6990326046943665
2025-01-22 00:52:42,0.39359796047210693,0.6693771481513977,0.7481324672698975,0.7783104181289673,0.8087153434753418,0.8047876358032227,0.6988229155540466
2025-01-22 00:52:41,0.39341968297958374,0.6690372228622437,0.7478326559066772,0.7780090570449829,0.8082824349403381,0.8045303821563721,0.698613166809082
2025-01-22 00:52:40,0.39324143528938293,0.6686972379684448,0.747532844543457,0.7777076959609985,0.8078495264053345,0.8042731285095215,0.6984034776687622
2025-01-22 00:52:39,0.39306318759918213,0.6683573126792908,0.7472330927848816,0.7774063944816589,0.8074166774749756,0.8040158748626709,0.6981937885284424
2025-01-22 00:52:38,0.3925493061542511,0.6672530770301819,0.7464072108268738,0.776189923286438,0.8062496781349182,0.8029335737228394,0.6974831819534302
2025-01-22 00:52:37,0.3928314447402954,0.6678990125656128,0.7468916177749634,0.7769853472709656,0.8072368502616882,0.8036173582077026,0.6978448033332825
2025-01-22 00:52:36,0.3931136131286621,0.6685448884963989,0.747376024723053,0.7777807712554932,0.8082240223884583,0.8043012022972107,0.6982064247131348
2025-01-22 00:52:35,0.3931978940963745,0.6687790751457214,0.7474986910820007,0.7777209877967834,0.8079445958137512,0.8042336702346802,0.6981903910636902
2025-01-22 00:52:34,0.3928179144859314,0.668006181716919,0.746688723564148,0.776954710483551,0.8069759011268616,0.8034145832061768,0.697404682636261
2025-01-22 00:52:33,0.39345139265060425,0.6688309907913208,0.7475156784057617,0.7778180837631226,0.8076146841049194,0.8037350177764893,0.6977440118789673
2025-01-22 00:52:32,0.3940849006175995,0.6696557998657227,0.7483425736427307,0.7786815166473389,0.8082535266876221,0.8040555119514465,0.6980832815170288
2025-01-22 00:52:31,0.39282768964767456,0.6680080890655518,0.7467144727706909,0.7772825956344604,0.8073667883872986,0.8038142919540405,0.6979895234107971
2025-01-22 00:52:30,0.3928966224193573,0.668186604976654,0.7470117807388306,0.7774829864501953,0.807605504989624,0.8041442632675171,0.6983019113540649
2025-01-22 00:52:29,0.39296555519104004,0.6683650612831116,0.7473090887069702,0.777683436870575,0.8078441619873047,0.8044742345809937,0.698614239692688
2025-01-22 00:52:28,0.3930344879627228,0.6685435771942139,0.7476063966751099,0.7778838276863098,0.8080828785896301,0.8048042058944702,0.6989266276359558
2025-01-22 00:52:27,0.39283865690231323,0.6682553291320801,0.7472318410873413,0.777705192565918,0.8078809380531311,0.8045676946640015,0.698480486869812
2025-01-22 00:52:26,0.3926427960395813,0.6679670810699463,0.7468572854995728,0.7775264978408813,0.8076789975166321,0.8043311834335327,0.6980342864990234
2025-01-22 00:52:25,0.39311546087265015,0.6685302257537842,0.7473783493041992,0.7777246236801147,0.8077256083488464,0.8040947318077087,0.697923481464386
2025-01-22 00:52:24,0.3935880959033966,0.6690933704376221,0.7478994131088257,0.7779228091239929,0.8077722191810608,0.80385822057724,0.6978126764297485
2025-01-22 00:52:23,0.3933925926685333,0.6688473224639893,0.747857391834259,0.7777603268623352,0.8077456951141357,0.8039165735244751,0.6980811357498169
2025-01-22 00:52:22,0.39319708943367004,0.6686012744903564,0.7478153109550476,0.7775977849960327,0.8077192306518555,0.8039748668670654,0.6983495354652405
2025-01-22 00:52:21,0.39300158619880676,0.6683552265167236,0.747773289680481,0.777435302734375,0.8076927065849304,0.8040332198143005,0.6986179947853088
2025-01-22 00:52:20,0.393395334482193,0.6688811779022217,0.7481423616409302,0.7780500650405884,0.8081874847412109,0.8045502305030823,0.6988096833229065
2025-01-22 00:52:19,0.3937891125679016,0.6694071292877197,0.7485114336013794,0.7786648273468018,0.8086823225021362,0.8050673007965088,0.6990013122558594
2025-01-22 00:52:18,0.39418286085128784,0.6699331402778625,0.7488804459571838,0.7792796492576599,0.8091771006584167,0.8055843114852905,0.699193000793457
2025-01-22 00:52:17,0.3945766091346741,0.6704590916633606,0.7492495179176331,0.7798944115638733,0.8096718788146973,0.8061013221740723,0.6993846893310547
2025-01-22 00:52:16,0.3940790593624115,0.6699298620223999,0.748656153678894,0.7791987657546997,0.8091659545898438,0.8055598139762878,0.6990787386894226
2025-01-22 00:52:15,0.3935815095901489,0.6694005727767944,0.748062789440155,0.7785031795501709,0.8086599707603455,0.8050183057785034,0.6987727880477905
2025-01-22 00:52:14,0.3937942087650299,0.6696406006813049,0.748586118221283,0.7789326906204224,0.8090131878852844,0.8056774735450745,0.6988801956176758
2025-01-22 00:52:13,0.3936927914619446,0.6694551706314087,0.748348593711853,0.7787330150604248,0.8088749647140503,0.8053733110427856,0.6987316608428955
2025-01-22 00:52:12,0.39359134435653687,0.6692697405815125,0.7481110692024231,0.7785333395004272,0.8087368011474609,0.8050691485404968,0.6985831260681152
2025-01-22 00:52:11,0.39348992705345154,0.6690843105316162,0.7478735446929932,0.7783336043357849,0.8085986375808716,0.804764986038208,0.6984346508979797
2025-01-22 00:52:10,0.3933885097503662,0.66889888048172,0.7476360201835632,0.7781339287757874,0.8084604144096375,0.8044608235359192,0.6982861161231995
2025-01-22 00:52:09,0.3934587836265564,0.6692434549331665,0.7479864954948425,0.7784759998321533,0.8085180521011353,0.8047239780426025,0.698542058467865
2025-01-22 00:52:08,0.39352908730506897,0.6695880889892578,0.7483369708061218,0.7788180112838745,0.8085756897926331,0.8049870729446411,0.6987980008125305
2025-01-22 00:52:07,0.39353591203689575,0.6695802211761475,0.7483378052711487,0.7787882685661316,0.8085988759994507,0.8050097227096558,0.6988174319267273
2025-01-22 00:52:06,0.39354270696640015,0.6695723533630371,0.7483386397361755,0.7787584662437439,0.8086220026016235,0.8050324320793152,0.6988368630409241
2025-01-22 00:52:05,0.39354953169822693,0.6695644855499268,0.7483394742012024,0.778728723526001,0.8086451888084412,0.8050550818443298,0.6988562941551208
2025-01-22 00:52:04,0.3935563564300537,0.6695566177368164,0.7483403086662292,0.7786989808082581,0.8086683750152588,0.8050777912139893,0.6988757848739624
2025-01-22 00:52:03,0.3935631811618805,0.669548749923706,0.7483411431312561,0.7786692380905151,0.8086915612220764,0.8051004409790039,0.6988952159881592
2025-01-22 00:52:02,0.3935699760913849,0.6695408821105957,0.748341977596283,0.7786394357681274,0.8087146878242493,0.8051231503486633,0.698914647102356
2025-01-22 00:52:01,0.39357680082321167,0.6695330142974854,0.7483428120613098,0.7786096930503845,0.8087378740310669,0.805145800113678,0.6989340782165527
2025-01-22 00:52:00,0.3935526907444,0.6694645285606384,0.7482578754425049,0.7785452008247375,0.8086358308792114,0.8050550818443298,0.6988823413848877
2025-01-22 00:51:59,0.3935285806655884,0.6693960428237915,0.7481729388237,0.7784807682037354,0.808533787727356,0.8049643635749817,0.6988306641578674
2025-01-22 00:51:58,0.39350447058677673,0.6693275570869446,0.748088002204895,0.7784162759780884,0.8084318041801453,0.8048736453056335,0.6987789273262024
2025-01-22 00:51:57,0.3934803605079651,0.6692590713500977,0.7480030655860901,0.7783518433570862,0.8083297610282898,0.8047829866409302,0.6987272500991821
2025-01-22 00:51:56,0.39345625042915344,0.669190526008606,0.7479181289672852,0.7782873511314392,0.8082277178764343,0.804692268371582,0.6986755132675171
2025-01-22 00:51:55,0.3934321403503418,0.669122040271759,0.7478331923484802,0.778222918510437,0.8081257343292236,0.8046015501022339,0.6986238360404968
2025-01-22 00:51:54,0.39340803027153015,0.6690535545349121,0.7477482557296753,0.77815842628479,0.8080236911773682,0.8045108318328857,0.6985720992088318
2025-01-22 00:51:53,0.3933839201927185,0.6689850687980652,0.7476633787155151,0.7780939936637878,0.8079216480255127,0.8044201135635376,0.6985204219818115
2025-01-22 00:51:52,0.3933597803115845,0.6689165830612183,0.7475784420967102,0.7780295014381409,0.8078196048736572,0.8043293952941895,0.6984686851501465
2025-01-22 00:51:51,0.3933356702327728,0.6688480973243713,0.7474935054779053,0.7779650688171387,0.8077175617218018,0.8042386770248413,0.6984169483184814
2025-01-22 00:51:50,0.3933115601539612,0.6687796115875244,0.7474085688591003,0.7779005765914917,0.8076155781745911,0.8041479587554932,0.6983652710914612
2025-01-22 00:51:49,0.39328745007514954,0.6687110662460327,0.7473236322402954,0.7778361439704895,0.8075135350227356,0.804057240486145,0.6983135342597961
2025-01-22 00:51:48,0.3932633399963379,0.6686425805091858,0.7472386956214905,0.7777716517448425,0.8074114918708801,0.8039665818214417,0.6982618570327759
2025-01-22 00:51:47,0.39323922991752625,0.6685740947723389,0.7471537590026855,0.7777072191238403,0.8073095083236694,0.8038758635520935,0.6982101202011108
2025-01-22 00:51:46,0.3932151198387146,0.6685056090354919,0.7470688223838806,0.7776427268981934,0.807207465171814,0.8037851452827454,0.6981584429740906
2025-01-22 00:51:45,0.39319100975990295,0.668437123298645,0.7469838857650757,0.7775782942771912,0.8071054220199585,0.8036944270133972,0.6981067061424255
2025-01-22 00:51:44,0.39324572682380676,0.6685041785240173,0.7470386028289795,0.7775138020515442,0.8072246313095093,0.8038473725318909,0.698140561580658
2025-01-22 00:51:43,0.39330047369003296,0.6685711741447449,0.7470933794975281,0.777449369430542,0.8073437809944153,0.8040003776550293,0.6981744170188904
2025-01-22 00:51:42,0.39335519075393677,0.6686382293701172,0.7471480965614319,0.777384877204895,0.8074629902839661,0.804153323173523,0.6982082724571228
2025-01-22 00:51:41,0.393373966217041,0.6688486933708191,0.74745774269104,0.7778040766716003,0.8080379366874695,0.8043796420097351,0.6984065771102905
2025-01-22 00:51:40,0.3933927118778229,0.669059157371521,0.7477673292160034,0.7782232761383057,0.8086128830909729,0.8046059012413025,0.6986048221588135
2025-01-22 00:51:39,0.3934114873409271,0.6692696213722229,0.7480769753456116,0.778642475605011,0.8091878294944763,0.8048322200775146,0.6988031268119812
2025-01-22 00:51:38,0.3937455117702484,0.6697360873222351,0.7486969828605652,0.7791575789451599,0.8094422221183777,0.8049550652503967,0.6991258263587952
2025-01-22 00:51:37,0.3938390016555786,0.6697719097137451,0.7487179040908813,0.7791051864624023,0.8092540502548218,0.8050779700279236,0.6991754770278931
2025-01-22 00:51:36,0.3939324915409088,0.6698076725006104,0.7487388253211975,0.7790527939796448,0.8090658187866211,0.8052008152008057,0.6992251873016357
2025-01-22 00:51:35,0.39282581210136414,0.6674439907073975,0.7460687756538391,0.7762231826782227,0.8062378764152527,0.8021767735481262,0.697540283203125
2025-01-22 00:51:34,0.3928922116756439,0.6683971285820007,0.7470821738243103,0.7777535915374756,0.8077470064163208,0.8042132258415222,0.6984196901321411
2025-01-22 00:51:33,0.39249008893966675,0.6675096154212952,0.7461084127426147,0.7766265273094177,0.8066021203994751,0.8029142022132874,0.6976717114448547
2025-01-22 00:51:32,0.3931371867656708,0.6680942177772522,0.746641218662262,0.7766032814979553,0.8066232800483704,0.8030173182487488,0.6975169777870178
2025-01-22 00:51:31,0.3930816054344177,0.6682485938072205,0.746982216835022,0.7773681282997131,0.8072986006736755,0.8040258288383484,0.6980161070823669
2025-01-22 00:51:30,0.39338600635528564,0.6689652800559998,0.7475035190582275,0.7772244215011597,0.8076024055480957,0.8042113184928894,0.6982712745666504
2025-01-22 00:51:29,0.39335960149765015,0.6687380075454712,0.7474266290664673,0.777675211429596,0.8082343935966492,0.8042935729026794,0.6983547210693359
2025-01-22 00:51:28,0.3932402729988098,0.6686443090438843,0.7472907900810242,0.7775387763977051,0.8081458806991577,0.8042571544647217,0.6982729434967041
2025-01-22 00:51:27,0.3931209146976471,0.6685506105422974,0.747154951095581,0.7774023413658142,0.808057427406311,0.8042207360267639,0.6981911659240723
2025-01-22 00:51:26,0.39300158619880676,0.6684569120407104,0.7470191121101379,0.7772659063339233,0.8079689145088196,0.8041843175888062,0.6981093883514404
2025-01-22 00:51:25,0.3935694992542267,0.669356107711792,0.7481648921966553,0.7787851095199585,0.8093881011009216,0.8052194714546204,0.6989489793777466
2025-01-22 00:51:24,0.3933927118778229,0.66879802942276,0.7475367784500122,0.7780144214630127,0.8078973889350891,0.8044403791427612,0.6983875036239624
2025-01-22 00:51:23,0.393455445766449,0.6691805720329285,0.7479333281517029,0.7784714698791504,0.8085998296737671,0.8048113584518433,0.6986834406852722
2025-01-22 00:51:22,0.39351820945739746,0.6695631146430969,0.7483298778533936,0.7789285182952881,0.8093022108078003,0.8051822781562805,0.698979377746582
2025-01-22 00:51:21,0.3937057852745056,0.6700515747070312,0.7489243149757385,0.7797272205352783,0.8101096749305725,0.8057451844215393,0.6997091770172119
2025-01-22 00:51:20,0.39235639572143555,0.6676235795021057,0.7460237145423889,0.7759928107261658,0.8062503933906555,0.8024321794509888,0.6970562934875488
2025-01-22 00:51:19,0.39252278208732605,0.6678367853164673,0.7462589740753174,0.7762541174888611,0.8065798282623291,0.8027769327163696,0.6973366141319275
2025-01-22 00:51:18,0.39268916845321655,0.6680499315261841,0.7464942932128906,0.7765153646469116,0.8069092035293579,0.8031216263771057,0.6976169347763062
2025-01-22 00:51:17,0.39285552501678467,0.6682630777359009,0.7467295527458191,0.7767766714096069,0.8072385787963867,0.8034663200378418,0.69789719581604
2025-01-22 00:51:16,0.39302191138267517,0.6684762835502625,0.7469648122787476,0.7770379781723022,0.8075680136680603,0.8038110733032227,0.6981775164604187
2025-01-22 00:51:15,0.39314156770706177,0.6686014533042908,0.7471413016319275,0.7774307727813721,0.8072988986968994,0.8038184642791748,0.6980154514312744
2025-01-22 00:51:14,0.393261194229126,0.6687266230583191,0.7473177909851074,0.7778235077857971,0.8070297837257385,0.8038259148597717,0.6978533267974854
2025-01-22 00:51:13,0.39329272508621216,0.6688417792320251,0.7474581599235535,0.7779927849769592,0.8074171543121338,0.8040670156478882,0.698144793510437
2025-01-22 00:51:12,0.39332425594329834,0.6689568758010864,0.7475985288619995,0.7781620621681213,0.8078045845031738,0.8043081760406494,0.6984362006187439
2025-01-22 00:51:11,0.39335575699806213,0.6690720319747925,0.7477388381958008,0.7783313393592834,0.8081920146942139,0.8045492768287659,0.6987276077270508
2025-01-22 00:51:10,0.3933872878551483,0.6691871881484985,0.7478792071342468,0.7785006165504456,0.8085793852806091,0.8047903776168823,0.6990190744400024
2025-01-22 00:51:09,0.3930056095123291,0.6683529615402222,0.7471600770950317,0.7776806354522705,0.8082174062728882,0.8043322563171387,0.6985962390899658
2025-01-22 00:51:08,0.3926239013671875,0.667518675327301,0.7464408874511719,0.7768607139587402,0.807855486869812,0.8038740754127502,0.6981734037399292
2025-01-22 00:51:07,0.3934169113636017,0.6688671708106995,0.7475370168685913,0.7777019143104553,0.8074734210968018,0.8040292263031006,0.6984071135520935
2025-01-22 00:51:06,0.3927896022796631,0.6673166155815125,0.7461283206939697,0.7766339182853699,0.806716799736023,0.8036487102508545,0.6978163123130798
2025-01-22 00:51:05,0.3928084373474121,0.6675033569335938,0.746299684047699,0.7766214609146118,0.8067291378974915,0.8036332130432129,0.6978655457496643
2025-01-22 00:51:04,0.39282727241516113,0.6676900386810303,0.7464710474014282,0.776608943939209,0.80674147605896,0.8036177754402161,0.6979148387908936
2025-01-22 00:51:03,0.39284610748291016,0.6678767800331116,0.7466424107551575,0.7765964865684509,0.8067538142204285,0.8036022782325745,0.697964072227478
2025-01-22 00:51:02,0.3932226002216339,0.668581485748291,0.747348427772522,0.7776442170143127,0.8076549768447876,0.8040689826011658,0.6982828974723816
2025-01-22 00:51:01,0.3929446339607239,0.6678197979927063,0.7466033697128296,0.7768591642379761,0.8070869445800781,0.80362868309021,0.6978914737701416
2025-01-22 00:51:00,0.39266669750213623,0.6670581102371216,0.7458583116531372,0.7760741114616394,0.8065189719200134,0.8031883835792542,0.6975001096725464
2025-01-22 00:50:59,0.39358600974082947,0.669189989566803,0.7477959990501404,0.777829110622406,0.8079133033752441,0.804061770439148,0.6984149217605591
2025-01-22 00:50:58,0.39342090487480164,0.668913722038269,0.7475842833518982,0.7776356935501099,0.8077325820922852,0.8039752840995789,0.6983174085617065
2025-01-22 00:50:57,0.3932558000087738,0.6686375141143799,0.7473725080490112,0.7774423360824585,0.8075518608093262,0.8038887977600098,0.698219895362854
2025-01-22 00:50:56,0.39309069514274597,0.668361246585846,0.747160792350769,0.7772489190101624,0.807371199131012,0.8038023710250854,0.6981224417686462
2025-01-22 00:50:55,0.39292559027671814,0.668084979057312,0.7469490766525269,0.7770555019378662,0.807190477848053,0.8037158846855164,0.6980249285697937
2025-01-22 00:50:54,0.39302149415016174,0.6684495210647583,0.7473012804985046,0.7776771187782288,0.807718813419342,0.8043835759162903,0.6983721852302551
2025-01-22 00:50:53,0.39294785261154175,0.6683686971664429,0.7472581267356873,0.777571976184845,0.8077025413513184,0.8043116927146912,0.6982524991035461
2025-01-22 00:50:52,0.39287424087524414,0.6682878732681274,0.7472150325775146,0.7774667739868164,0.8076863288879395,0.8042398691177368,0.6981328725814819
2025-01-22 00:50:51,0.39280062913894653,0.6682071089744568,0.7471718788146973,0.7773616313934326,0.8076700568199158,0.8041679859161377,0.698013186454773
2025-01-22 00:50:50,0.39272698760032654,0.6681262850761414,0.7471287250518799,0.7772564888000488,0.8076537847518921,0.8040961027145386,0.697893500328064
2025-01-22 00:50:49,0.393134206533432,0.6684445142745972,0.7470558285713196,0.7771797776222229,0.8072127103805542,0.8034880757331848,0.6975420117378235
2025-01-22 00:50:48,0.3930248022079468,0.6683306694030762,0.7469227910041809,0.7769665122032166,0.8072077631950378,0.8033525943756104,0.6974897980690002
2025-01-22 00:50:47,0.39291539788246155,0.6682168245315552,0.746789813041687,0.7767532467842102,0.8072028756141663,0.8032171726226807,0.6974375247955322
2025-01-22 00:50:46,0.3928059935569763,0.6681029796600342,0.7466567754745483,0.7765399813652039,0.8071979284286499,0.8030816912651062,0.697385311126709
2025-01-22 00:50:45,0.39283663034439087,0.6679890751838684,0.7466892600059509,0.7766649723052979,0.8071804642677307,0.8032670021057129,0.6976415514945984
2025-01-22 00:50:44,0.3928672671318054,0.6678752303123474,0.7467217445373535,0.7767900228500366,0.8071629405021667,0.8034523725509644,0.6978978514671326
2025-01-22 00:50:43,0.39289790391921997,0.6677613854408264,0.7467542290687561,0.7769150137901306,0.8071454763412476,0.803637683391571,0.698154091835022
2025-01-22 00:50:42,0.3929745852947235,0.6679081320762634,0.7468915581703186,0.7770695686340332,0.807276725769043,0.8037518858909607,0.6982250213623047
2025-01-22 00:50:41,0.39305126667022705,0.6680548191070557,0.7470288276672363,0.7772241830825806,0.8074079751968384,0.8038660883903503,0.6982958912849426
2025-01-22 00:50:40,0.3931279182434082,0.6682015657424927,0.7471661567687988,0.7773787975311279,0.807539165019989,0.80398029088974,0.6983668208122253
2025-01-22 00:50:39,0.39320459961891174,0.6683483123779297,0.7473034858703613,0.7775333523750305,0.8076704144477844,0.8040944933891296,0.6984377503395081
2025-01-22 00:50:38,0.3932812809944153,0.6684949994087219,0.7474408149719238,0.7776879072189331,0.8078016638755798,0.8042086958885193,0.698508620262146
2025-01-22 00:50:37,0.39335793256759644,0.6686417460441589,0.7475781440734863,0.7778425216674805,0.8079328536987305,0.8043228983879089,0.6985795497894287
2025-01-22 00:50:36,0.3934346139431,0.668788492679596,0.747715413570404,0.7779971361160278,0.8080641031265259,0.8044371008872986,0.6986504793167114
2025-01-22 00:50:35,0.3935112953186035,0.6689351797103882,0.7478527426719666,0.7781516909599304,0.8081953525543213,0.8045513033866882,0.6987213492393494
2025-01-22 00:50:34,0.39358797669410706,0.6690819263458252,0.747990071773529,0.778306245803833,0.8083266019821167,0.8046655058860779,0.6987922787666321
2025-01-22 00:50:33,0.3936646580696106,0.6692286729812622,0.7481273412704468,0.7784608602523804,0.8084578514099121,0.8047797083854675,0.6988632082939148
2025-01-22 00:50:32,0.39374130964279175,0.6693753600120544,0.7482646703720093,0.7786154747009277,0.8085890412330627,0.8048939108848572,0.6989340782165527
2025-01-22 00:50:31,0.3938179910182953,0.6695221066474915,0.7484019994735718,0.7787700295448303,0.8087202906608582,0.8050081133842468,0.6990050077438354
2025-01-22 00:50:30,0.3939560055732727,0.6698240041732788,0.7486060857772827,0.7790074944496155,0.808942437171936,0.8051865100860596,0.6990768909454346
2025-01-22 00:50:29,0.39409399032592773,0.6701259016990662,0.7488101720809937,0.7792449593544006,0.8091645836830139,0.8053648471832275,0.6991487145423889
2025-01-22 00:50:28,0.39423197507858276,0.6704277992248535,0.7490141987800598,0.7794824242591858,0.8093867301940918,0.8055431842803955,0.6992205381393433
2025-01-22 00:50:27,0.3943699896335602,0.6707296967506409,0.7492182850837708,0.779719889163971,0.8096088767051697,0.8057215809822083,0.6992924213409424
2025-01-22 00:50:26,0.3942604660987854,0.6705313324928284,0.7490266561508179,0.7795228958129883,0.8094698190689087,0.8055481910705566,0.6992173790931702
2025-01-22 00:50:25,0.3941509425640106,0.6703329086303711,0.7488350868225098,0.7793259620666504,0.8093307018280029,0.8053748607635498,0.699142336845398
2025-01-22 00:50:24,0.39404141902923584,0.6701345443725586,0.7486435174942017,0.7791289687156677,0.8091916441917419,0.8052014708518982,0.6990673542022705
2025-01-22 00:50:23,0.39393189549446106,0.6699361801147461,0.7484518885612488,0.7789319753646851,0.809052586555481,0.8050280809402466,0.6989923119544983
2025-01-22 00:50:22,0.3935200572013855,0.6690257787704468,0.7476276159286499,0.7781073451042175,0.8082600831985474,0.8045729398727417,0.6985430717468262
2025-01-22 00:50:21,0.39310818910598755,0.6681153178215027,0.7468032836914062,0.77728271484375,0.8074675798416138,0.8041177988052368,0.6980937719345093
2025-01-22 00:50:20,0.39338061213493347,0.6687495708465576,0.7477111220359802,0.7777857780456543,0.8078961968421936,0.8045094013214111,0.6985324025154114
2025-01-22 00:50:19,0.3933340907096863,0.6689242720603943,0.7477269172668457,0.7780830264091492,0.8083248138427734,0.8046175837516785,0.6986830234527588
2025-01-22 00:50:18,0.39359021186828613,0.6693522930145264,0.7482097148895264,0.7787718772888184,0.8090462684631348,0.805364727973938,0.6991649866104126
2025-01-22 00:50:17,0.3938463032245636,0.6697803139686584,0.748692512512207,0.7794607281684875,0.8097677230834961,0.8061118125915527,0.6996468901634216
2025-01-22 00:50:16,0.3937934339046478,0.6696569323539734,0.7485793232917786,0.7792994379997253,0.8094674944877625,0.8057853579521179,0.6995909214019775
2025-01-22 00:50:15,0.39374056458473206,0.6695336103439331,0.7484661936759949,0.7791380882263184,0.809167206287384,0.8054588437080383,0.6995348930358887
2025-01-22 00:50:14,0.3936876952648163,0.669410228729248,0.7483530044555664,0.7789767980575562,0.8088669776916504,0.8051323890686035,0.6994789242744446
2025-01-22 00:50:13,0.39373475313186646,0.6692410707473755,0.7480905055999756,0.7785195112228394,0.8084582090377808,0.8047157526016235,0.6989741325378418
2025-01-22 00:50:12,0.3937818109989166,0.6690719127655029,0.7478280067443848,0.7780622839927673,0.8080493807792664,0.8042991161346436,0.6984692811965942
2025-01-22 00:50:11,0.3935290277004242,0.6688998341560364,0.7477114796638489,0.7779636383056641,0.8079922795295715,0.8042356967926025,0.698398768901825
2025-01-22 00:50:10,0.39327627420425415,0.668727695941925,0.747594952583313,0.777864933013916,0.8079351782798767,0.8041723370552063,0.6983283162117004
2025-01-22 00:50:09,0.3930234909057617,0.6685556173324585,0.7474784255027771,0.7777662873268127,0.8078780770301819,0.8041089177131653,0.6982578039169312
2025-01-22 00:50:08,0.3930993974208832,0.6686115264892578,0.7475183010101318,0.7778244018554688,0.8078487515449524,0.8041369915008545,0.698310136795044
2025-01-22 00:50:07,0.39317530393600464,0.6686674952507019,0.7475581765174866,0.7778825759887695,0.8078194260597229,0.8041650056838989,0.6983625292778015
2025-01-22 00:50:06,0.39334607124328613,0.6689372062683105,0.7479773759841919,0.7782511711120605,0.8082544207572937,0.8044905662536621,0.6985685229301453
2025-01-22 00:50:05,0.39351680874824524,0.6692069172859192,0.7483965158462524,0.7786197066307068,0.8086894154548645,0.8048161268234253,0.698774516582489
2025-01-22 00:50:04,0.39331990480422974,0.6692556738853455,0.7480323910713196,0.7782933712005615,0.8075190186500549,0.8042237758636475,0.6983181834220886
2025-01-22 00:50:03,0.39400240778923035,0.6693724989891052,0.7482838034629822,0.7785270810127258,0.8082733154296875,0.8048092126846313,0.6986786127090454
2025-01-22 00:50:02,0.39356309175491333,0.669487476348877,0.7483903169631958,0.778928816318512,0.8087133169174194,0.8044843077659607,0.6987680792808533
2025-01-22 00:50:01,0.39344358444213867,0.6692737936973572,0.7480090856552124,0.7784891128540039,0.8085834980010986,0.8046610355377197,0.6987396478652954
2025-01-22 00:50:00,0.3933241069316864,0.6690601110458374,0.7476277947425842,0.7780494093894958,0.8084536790847778,0.804837703704834,0.6987112164497375
2025-01-22 00:49:59,0.3931252956390381,0.6683909893035889,0.7471333146095276,0.7776334285736084,0.8075349926948547,0.8037530779838562,0.6983106136322021
2025-01-22 00:49:58,0.39318376779556274,0.6687089204788208,0.7474268674850464,0.7778837084770203,0.80791175365448,0.8041874766349792,0.6985517144203186
2025-01-22 00:49:57,0.3932422399520874,0.669026792049408,0.7477204203605652,0.7781340479850769,0.8082885146141052,0.8046218752861023,0.6987928152084351
2025-01-22 00:49:56,0.39330071210861206,0.6693447232246399,0.748013973236084,0.7783843278884888,0.8086652755737305,0.8050562739372253,0.6990339159965515
2025-01-22 00:49:55,0.39294299483299255,0.6680635213851929,0.7467746734619141,0.7772390842437744,0.8074682950973511,0.8033344149589539,0.6981105804443359
2025-01-22 00:49:54,0.3930380940437317,0.6693747043609619,0.7481055855751038,0.7783706784248352,0.8083904981613159,0.8049713969230652,0.6990094184875488
2025-01-22 00:49:53,0.39292874932289124,0.6688297390937805,0.7475680112838745,0.7777021527290344,0.8081299066543579,0.8043407201766968,0.6988376975059509
2025-01-22 00:49:52,0.3928194046020508,0.6682847738265991,0.74703049659729,0.7770336270332336,0.8078693151473999,0.8037099838256836,0.698665976524353
2025-01-22 00:49:51,0.39324259757995605,0.6690183877944946,0.7475361824035645,0.7778654098510742,0.8078569769859314,0.804122805595398,0.6981990933418274
2025-01-22 00:49:50,0.39240318536758423,0.6671305894851685,0.7461252212524414,0.7770718932151794,0.8067452907562256,0.8030725717544556,0.6974760293960571
2025-01-22 00:49:49,0.3925093114376068,0.667519211769104,0.7463619112968445,0.7762783765792847,0.8065670728683472,0.8028640151023865,0.697738528251648
2025-01-22 00:49:48,0.3928048610687256,0.668373703956604,0.7472749948501587,0.777581512928009,0.8076534271240234,0.8041375875473022,0.6988223195075989
2025-01-22 00:49:47,0.39310041069984436,0.6680989861488342,0.746917188167572,0.7772542238235474,0.8077946901321411,0.8041064739227295,0.6987664103507996
2025-01-22 00:49:46,0.3934040665626526,0.6688387989997864,0.747687041759491,0.7779106497764587,0.8082583546638489,0.804363489151001,0.6988033056259155
2025-01-22 00:49:45,0.3937077522277832,0.6695786714553833,0.7484568357467651,0.7785670757293701,0.8087220191955566,0.8046205043792725,0.6988402009010315
2025-01-22 00:49:44,0.39401140809059143,0.6703184843063354,0.7492266893386841,0.7792235016822815,0.8091856837272644,0.804877519607544,0.6988770961761475
2025-01-22 00:49:43,0.3937578499317169,0.6698224544525146,0.7487145662307739,0.7787952423095703,0.8087030649185181,0.8045738935470581,0.6986311674118042
2025-01-22 00:49:42,0.3935043215751648,0.6693264245986938,0.748202383518219,0.7783670425415039,0.808220386505127,0.8042702674865723,0.6983852386474609
2025-01-22 00:49:41,0.3932507634162903,0.6688304543495178,0.7476902008056641,0.7779388427734375,0.8077377080917358,0.8039666414260864,0.6981392502784729
2025-01-22 00:49:40,0.39299720525741577,0.668334424495697,0.7471780776977539,0.7775105834007263,0.8072550892829895,0.8036630153656006,0.6978933215141296
2025-01-22 00:49:39,0.39301836490631104,0.6682969331741333,0.7471708655357361,0.7775248289108276,0.807469367980957,0.8038799166679382,0.6980004906654358
2025-01-22 00:49:38,0.3930395543575287,0.6682595014572144,0.747163712978363,0.7775391340255737,0.8076837062835693,0.8040968179702759,0.6981077194213867
2025-01-22 00:49:37,0.39306071400642395,0.6682220101356506,0.7471565008163452,0.777553379535675,0.8078979849815369,0.8043137192726135,0.6982148885726929
2025-01-22 00:49:36,0.3932788372039795,0.6685423851013184,0.7474536895751953,0.7776262760162354,0.807862401008606,0.8042483329772949,0.6982234716415405
2025-01-22 00:49:35,0.3934969902038574,0.6688627004623413,0.7477508187294006,0.7776991724967957,0.8078268766403198,0.8041828870773315,0.698232114315033
2025-01-22 00:49:34,0.39340582489967346,0.6685175895690918,0.7474309206008911,0.7773146033287048,0.8076515793800354,0.8041139245033264,0.6982790231704712
2025-01-22 00:49:33,0.3933146595954895,0.6682912111282349,0.7472414970397949,0.7773416638374329,0.8075519800186157,0.804314136505127,0.6981817483901978
2025-01-22 00:49:32,0.39322349429130554,0.6680647730827332,0.747052013874054,0.7773687243461609,0.807452380657196,0.8045142889022827,0.6980844140052795
2025-01-22 00:49:31,0.3932255804538727,0.6680920720100403,0.7470574378967285,0.777371883392334,0.807472288608551,0.8044641017913818,0.6980792284011841
2025-01-22 00:49:30,0.39322763681411743,0.6681193113327026,0.7470628619194031,0.7773749828338623,0.807492196559906,0.8044139742851257,0.6980739831924438
2025-01-22 00:49:29,0.39322972297668457,0.6681466102600098,0.7470682859420776,0.7773781418800354,0.8075121641159058,0.8043638467788696,0.6980687975883484
2025-01-22 00:49:28,0.3932318091392517,0.6681739091873169,0.747073769569397,0.7773813009262085,0.8075320720672607,0.8043136596679688,0.6980636119842529
2025-01-22 00:49:27,0.39323386549949646,0.6682011485099792,0.7470791935920715,0.7773844003677368,0.8075519800186157,0.8042634725570679,0.6980583667755127
2025-01-22 00:49:26,0.3932359516620636,0.6682284474372864,0.7470846176147461,0.7773875594139099,0.8075718879699707,0.8042133450508118,0.6980531811714172
2025-01-22 00:49:25,0.39323800802230835,0.6682556867599487,0.7470900416374207,0.7773906588554382,0.8075917959213257,0.8041632175445557,0.698047935962677
2025-01-22 00:49:24,0.3932400941848755,0.6682829856872559,0.7470954656600952,0.7773938179016113,0.8076117038726807,0.8041130304336548,0.6980427503585815
2025-01-22 00:49:23,0.3932421803474426,0.668310284614563,0.7471008896827698,0.7773969769477844,0.8076316714286804,0.8040628433227539,0.6980375647544861
2025-01-22 00:49:22,0.3932442367076874,0.6683375239372253,0.7471063137054443,0.7774000763893127,0.8076515793800354,0.8040127158164978,0.6980323195457458
2025-01-22 00:49:21,0.3932463228702545,0.6683648228645325,0.7471117377281189,0.7774032354354858,0.8076714873313904,0.8039625883102417,0.6980271339416504
2025-01-22 00:49:20,0.39324837923049927,0.6683920621871948,0.7471171617507935,0.7774063348770142,0.8076913952827454,0.8039124011993408,0.6980218887329102
2025-01-22 00:49:19,0.3932504653930664,0.668419361114502,0.7471226453781128,0.7774094939231873,0.8077113032341003,0.8038622140884399,0.6980167031288147
2025-01-22 00:49:18,0.39325255155563354,0.6684466600418091,0.7471280694007874,0.7774126529693604,0.8077312707901001,0.8038120865821838,0.6980115175247192
2025-01-22 00:49:17,0.3932546079158783,0.6684738993644714,0.7471334934234619,0.7774157524108887,0.8077511787414551,0.8037619590759277,0.698006272315979
2025-01-22 00:49:16,0.39325669407844543,0.6685011982917786,0.7471389174461365,0.7774189114570618,0.8077710866928101,0.8037117719650269,0.6980010867118835
2025-01-22 00:49:15,0.39348071813583374,0.6689913868904114,0.7476321458816528,0.7780441641807556,0.8081240057945251,0.8040837049484253,0.6982259750366211
2025-01-22 00:49:14,0.39370471239089966,0.6694815754890442,0.7481253147125244,0.7786694169044495,0.8084769248962402,0.804455578327179,0.6984509229660034
2025-01-22 00:49:13,0.39337390661239624,0.6688974499702454,0.7476242184638977,0.77816241979599,0.8080505132675171,0.8042048215866089,0.6982129216194153
2025-01-22 00:49:12,0.3930431008338928,0.6683133244514465,0.747123122215271,0.7776554226875305,0.807624101638794,0.803954005241394,0.6979749202728271
2025-01-22 00:49:11,0.3927122950553894,0.6677291989326477,0.7466220855712891,0.777148425579071,0.807197630405426,0.803703248500824,0.6977369785308838
2025-01-22 00:49:10,0.392381489276886,0.6671450734138489,0.7461209893226624,0.7766414284706116,0.8067712187767029,0.8034524917602539,0.6974989771842957
2025-01-22 00:49:09,0.39244920015335083,0.6672549247741699,0.7462111711502075,0.7767248153686523,0.8068637251853943,0.8034917712211609,0.6975431442260742
2025-01-22 00:49:08,0.3925169110298157,0.6673647165298462,0.7463013529777527,0.7768082022666931,0.8069561719894409,0.8035311102867126,0.6975873112678528
2025-01-22 00:49:07,0.3925846219062805,0.6674745082855225,0.7463915348052979,0.7768916487693787,0.8070486783981323,0.8035703897476196,0.6976315379142761
2025-01-22 00:49:06,0.39265233278274536,0.6675843596458435,0.746481716632843,0.7769750356674194,0.8071411848068237,0.8036096692085266,0.6976757049560547
2025-01-22 00:49:05,0.3927200436592102,0.6676942110061646,0.7465718984603882,0.7770584225654602,0.8072336316108704,0.8036490082740784,0.6977198719978333
2025-01-22 00:49:04,0.39278775453567505,0.6678040027618408,0.7466620802879333,0.777141809463501,0.8073261380195618,0.8036882877349854,0.6977640390396118
2025-01-22 00:49:03,0.3928554654121399,0.6679137945175171,0.7467522621154785,0.7772252559661865,0.8074185848236084,0.8037276268005371,0.6978082656860352
2025-01-22 00:49:02,0.39292314648628235,0.6680236458778381,0.7468423843383789,0.7773086428642273,0.8075110912322998,0.8037669062614441,0.6978524327278137
2025-01-22 00:49:01,0.3929908573627472,0.6681334972381592,0.7469325661659241,0.7773920297622681,0.8076035976409912,0.8038061857223511,0.6978965997695923
2025-01-22 00:49:00,0.39305856823921204,0.6682432889938354,0.7470227479934692,0.7774754166603088,0.8076960444450378,0.8038455247879028,0.6979407668113708
2025-01-22 00:48:59,0.3931262791156769,0.6683530807495117,0.7471129298210144,0.7775588035583496,0.8077885508537292,0.8038848042488098,0.6979849338531494
2025-01-22 00:48:58,0.3931939899921417,0.6684629321098328,0.7472031116485596,0.7776422500610352,0.8078810572624207,0.8039240837097168,0.6980291604995728
2025-01-22 00:48:57,0.39326170086860657,0.6685727834701538,0.7472932934761047,0.7777256369590759,0.8079735040664673,0.8039634227752686,0.6980733275413513
2025-01-22 00:48:56,0.3933294117450714,0.6686825752258301,0.7473834753036499,0.7778090238571167,0.8080660104751587,0.8040027022361755,0.6981174945831299
2025-01-22 00:48:55,0.3923693895339966,0.6673967242240906,0.7462527751922607,0.7765343189239502,0.8071057200431824,0.803373396396637,0.6973330974578857
2025-01-22 00:48:54,0.39213448762893677,0.6675177216529846,0.7462931275367737,0.7767623066902161,0.8074160814285278,0.8033593893051147,0.6973720788955688
2025-01-22 00:48:53,0.39302191138267517,0.6683400273323059,0.747128427028656,0.7774078845977783,0.8076422810554504,0.8040760159492493,0.6977084875106812
2025-01-22 00:48:52,0.3927881121635437,0.6679496169090271,0.7461299896240234,0.7760847806930542,0.8060393929481506,0.8029953837394714,0.6966621279716492
2025-01-22 00:48:51,0.3921670913696289,0.6675534248352051,0.7464072108268738,0.7767050266265869,0.8066810965538025,0.8031870722770691,0.6971431970596313
2025-01-22 00:48:50,0.39233723282814026,0.6677048206329346,0.7466489672660828,0.7769064903259277,0.8069055080413818,0.8033226728439331,0.6974120140075684
2025-01-22 00:48:49,0.3925073742866516,0.6678562760353088,0.746890664100647,0.7771079540252686,0.8071298599243164,0.8034582734107971,0.6976808905601501
2025-01-22 00:48:48,0.39267754554748535,0.6680077314376831,0.747132420539856,0.7773094177246094,0.807354211807251,0.8035938739776611,0.6979497671127319
2025-01-22 00:48:47,0.3928476870059967,0.6681591272354126,0.7473741769790649,0.7775108814239502,0.8075786232948303,0.8037294745445251,0.698218584060669
2025-01-22 00:48:46,0.39286261796951294,0.668185830116272,0.7473437786102295,0.7774121165275574,0.807424783706665,0.8037078380584717,0.6981286406517029
2025-01-22 00:48:45,0.39287757873535156,0.6682124733924866,0.747313380241394,0.7773133516311646,0.8072709441184998,0.803686261177063,0.698038637638092
2025-01-22 00:48:44,0.3928925096988678,0.668239176273346,0.7472829818725586,0.7772145867347717,0.8071171045303345,0.8036646246910095,0.697948694229126
2025-01-22 00:48:43,0.3928293287754059,0.668193519115448,0.7472293376922607,0.7772413492202759,0.8071354627609253,0.8037129044532776,0.6980095505714417
2025-01-22 00:48:42,0.39276614785194397,0.6681479215621948,0.7471756935119629,0.7772680521011353,0.8071538209915161,0.8037611246109009,0.6980704069137573
2025-01-22 00:48:41,0.39270296692848206,0.6681022644042969,0.747122049331665,0.7772948145866394,0.8071722388267517,0.803809404373169,0.6981313228607178
2025-01-22 00:48:40,0.39263978600502014,0.6680566072463989,0.7470684051513672,0.7773215770721436,0.8071905970573425,0.803857684135437,0.6981921792030334
2025-01-22 00:48:39,0.39257553219795227,0.6677941679954529,0.746772289276123,0.7769991159439087,0.8069727420806885,0.8035475611686707,0.6980013847351074
2025-01-22 00:48:38,0.3925112783908844,0.6675317287445068,0.7464761734008789,0.7766766548156738,0.8067549467086792,0.8032373785972595,0.6978105902671814
2025-01-22 00:48:37,0.3924470543861389,0.667269229888916,0.7461800575256348,0.776354193687439,0.8065370917320251,0.8029272556304932,0.6976197957992554
2025-01-22 00:48:36,0.39238280057907104,0.66700679063797,0.7458839416503906,0.7760317325592041,0.8063192367553711,0.8026171326637268,0.6974290013313293
2025-01-22 00:48:35,0.3923185467720032,0.6667443513870239,0.7455878257751465,0.7757092714309692,0.8061014413833618,0.8023069500923157,0.6972382068634033
2025-01-22 00:48:34,0.3922542929649353,0.6664819121360779,0.7452917098999023,0.7753868103027344,0.8058835864067078,0.8019968271255493,0.6970474123954773
2025-01-22 00:48:33,0.39291420578956604,0.6685199737548828,0.7472344040870667,0.776908278465271,0.8067486882209778,0.8038614988327026,0.6980364918708801
2025-01-22 00:48:32,0.393417090177536,0.6686686277389526,0.7478647828102112,0.7779759168624878,0.8084613084793091,0.8046573996543884,0.6987329125404358
2025-01-22 00:48:31,0.39308878779411316,0.668336808681488,0.747302234172821,0.7774358987808228,0.8076872825622559,0.803914487361908,0.6983982920646667
2025-01-22 00:48:30,0.3927604854106903,0.6680049896240234,0.7467396855354309,0.7768958210945129,0.8069131970405579,0.8031715750694275,0.6980636715888977
2025-01-22 00:48:29,0.3929201066493988,0.6682682037353516,0.7471970915794373,0.7770841717720032,0.8068811893463135,0.8037651777267456,0.6980885863304138
2025-01-22 00:48:28,0.39354875683784485,0.6686171293258667,0.7475082874298096,0.7776815295219421,0.8074916005134583,0.8041279315948486,0.6984731554985046
2025-01-22 00:48:27,0.3941774070262909,0.6689659953117371,0.7478194832801819,0.7782788872718811,0.808102011680603,0.8044906854629517,0.6988577246665955
2025-01-22 00:48:26,0.39366966485977173,0.6688590049743652,0.7476823329925537,0.777807354927063,0.8077964186668396,0.8041918873786926,0.6984337568283081
2025-01-22 00:48:25,0.3931618928909302,0.6687520146369934,0.7475451231002808,0.7773358821868896,0.8074908256530762,0.8038930892944336,0.6980097889900208
2025-01-22 00:48:24,0.3925442099571228,0.6673157811164856,0.745893120765686,0.7767218947410583,0.8066987991333008,0.8030508160591125,0.6977301836013794
2025-01-22 00:48:23,0.3937928080558777,0.6689072251319885,0.7477583885192871,0.7780696153640747,0.8075727224349976,0.8042086958885193,0.6990498900413513
2025-01-22 00:48:22,0.3926317095756531,0.6683335900306702,0.7471593022346497,0.777735710144043,0.8079013228416443,0.8042353987693787,0.6987673044204712
2025-01-22 00:48:21,0.3931395411491394,0.6688907146453857,0.7477853894233704,0.7781665325164795,0.8082047700881958,0.8045096397399902,0.6987552642822266
2025-01-22 00:48:20,0.3936474025249481,0.6694477796554565,0.7484114766120911,0.7785974144935608,0.8085082173347473,0.804783821105957,0.6987432837486267
2025-01-22 00:48:19,0.3933987319469452,0.6691976189613342,0.748159646987915,0.7783046960830688,0.8083969354629517,0.8046053051948547,0.6986170411109924
2025-01-22 00:48:18,0.3931500315666199,0.6689474582672119,0.7479077577590942,0.7780119180679321,0.8082855939865112,0.8044267892837524,0.6984908580780029
2025-01-22 00:48:17,0.39290136098861694,0.6686972379684448,0.7476559281349182,0.7777191996574402,0.8081742525100708,0.8042483329772949,0.6983646154403687
2025-01-22 00:48:16,0.392652690410614,0.6684470772743225,0.7474040985107422,0.7774264812469482,0.8080629706382751,0.8040698170661926,0.6982383728027344
2025-01-22 00:48:15,0.3939298987388611,0.6691421866416931,0.7480248212814331,0.7783221006393433,0.808262288570404,0.8045268058776855,0.6981632113456726
2025-01-22 00:48:14,0.39373689889907837,0.6691241264343262,0.7479897737503052,0.7783540487289429,0.8082923293113708,0.8044973611831665,0.698229193687439
2025-01-22 00:48:13,0.39354389905929565,0.6691060066223145,0.7479547262191772,0.7783860564231873,0.8083224296569824,0.8044679164886475,0.6982951164245605
2025-01-22 00:48:12,0.39335089921951294,0.6690878868103027,0.7479196190834045,0.7784180641174316,0.8083524703979492,0.8044384717941284,0.6983610391616821
2025-01-22 00:48:11,0.3931578993797302,0.6690698266029358,0.7478845715522766,0.7784500122070312,0.808382511138916,0.8044090270996094,0.6984270215034485
2025-01-22 00:48:10,0.39328500628471375,0.6688985228538513,0.7475742101669312,0.7783042192459106,0.8081744909286499,0.8041697144508362,0.6983551979064941
2025-01-22 00:48:09,0.3932327926158905,0.6683288216590881,0.7470842003822327,0.7774600982666016,0.8074696063995361,0.8039659857749939,0.6980276703834534
2025-01-22 00:48:08,0.39358898997306824,0.669156551361084,0.7479821443557739,0.7780935764312744,0.808029294013977,0.8042177557945251,0.6983845233917236
2025-01-22 00:48:07,0.39394518733024597,0.6699842214584351,0.7488800883293152,0.778727114200592,0.8085889220237732,0.8044695258140564,0.6987413763999939
2025-01-22 00:48:06,0.39380180835723877,0.6696733236312866,0.7484912276268005,0.7784293293952942,0.8083740472793579,0.8042683005332947,0.6985814571380615
2025-01-22 00:48:05,0.3936583995819092,0.6693624258041382,0.7481023073196411,0.7781314849853516,0.8081591725349426,0.8040671348571777,0.6984215974807739
2025-01-22 00:48:04,0.3935149908065796,0.6690515875816345,0.7477134466171265,0.7778337001800537,0.8079442977905273,0.803865909576416,0.6982617378234863
2025-01-22 00:48:03,0.3933716118335724,0.6687406897544861,0.7473245859146118,0.7775359153747559,0.8077294230461121,0.8036646842956543,0.698101818561554
2025-01-22 00:48:02,0.3931907117366791,0.6685909628868103,0.7472009658813477,0.7775184512138367,0.80781090259552,0.8037604689598083,0.6981120705604553
2025-01-22 00:48:01,0.39300981163978577,0.6684412360191345,0.7470774054527283,0.7775009870529175,0.8078924417495728,0.8038562536239624,0.6981223821640015
2025-01-22 00:48:00,0.39282891154289246,0.6682915091514587,0.7469538450241089,0.7774834632873535,0.8079739212989807,0.8039520382881165,0.6981326341629028
2025-01-22 00:47:59,0.39264801144599915,0.668141782283783,0.7468302249908447,0.7774659991264343,0.8080554008483887,0.8040478229522705,0.6981428861618042
2025-01-22 00:47:58,0.3926016688346863,0.6679944396018982,0.7467074394226074,0.7772812247276306,0.8078804612159729,0.8039020299911499,0.6980324983596802
2025-01-22 00:47:57,0.3925553262233734,0.6678471565246582,0.7465845942497253,0.7770964503288269,0.8077055215835571,0.8037562370300293,0.6979220509529114
2025-01-22 00:47:56,0.39250898361206055,0.6676998138427734,0.746461808681488,0.7769116759300232,0.8075305819511414,0.8036105036735535,0.6978116631507874
2025-01-22 00:47:55,0.3924626410007477,0.6675525307655334,0.746338963508606,0.7767269015312195,0.8073556423187256,0.8034647107124329,0.6977012157440186
2025-01-22 00:47:54,0.3924162983894348,0.6674051880836487,0.7462161779403687,0.7765421271324158,0.8071807026863098,0.8033189177513123,0.6975908279418945
2025-01-22 00:47:53,0.3928268849849701,0.6678603291511536,0.7467403411865234,0.7770232558250427,0.8074203133583069,0.8036402463912964,0.6978592276573181
2025-01-22 00:47:52,0.39323750138282776,0.6683154702186584,0.7472644448280334,0.7775043845176697,0.8076598644256592,0.8039615750312805,0.6981276869773865
2025-01-22 00:47:51,0.39364808797836304,0.6687706112861633,0.7477886080741882,0.7779855132102966,0.8078994750976562,0.8042829036712646,0.6983960866928101
2025-01-22 00:47:50,0.39354127645492554,0.6686483025550842,0.7476551532745361,0.7778804898262024,0.8078402280807495,0.8042187094688416,0.6983410120010376
2025-01-22 00:47:49,0.39343446493148804,0.6685259938240051,0.747521698474884,0.7777754664421082,0.807780921459198,0.8041545152664185,0.6982859373092651
2025-01-22 00:47:48,0.39332765340805054,0.6684037446975708,0.7473882436752319,0.7776704430580139,0.8077216744422913,0.8040903210639954,0.6982308626174927
2025-01-22 00:47:47,0.3932208716869354,0.6682814359664917,0.7472548484802246,0.7775653600692749,0.8076624274253845,0.8040261268615723,0.6981757283210754
2025-01-22 00:47:46,0.3931140601634979,0.6681591272354126,0.7471213936805725,0.7774603366851807,0.807603120803833,0.8039619326591492,0.698120653629303
2025-01-22 00:47:45,0.3930072486400604,0.6680368185043335,0.7469879388809204,0.7773553133010864,0.8075438737869263,0.8038977384567261,0.6980655789375305
2025-01-22 00:47:44,0.3929004371166229,0.6679145693778992,0.7468544840812683,0.7772502899169922,0.8074846267700195,0.803833544254303,0.6980105042457581
2025-01-22 00:47:43,0.3927936255931854,0.6677922606468201,0.7467210292816162,0.777145266532898,0.8074253797531128,0.8037693500518799,0.6979554295539856
2025-01-22 00:47:42,0.3926868140697479,0.667669951915741,0.7465875744819641,0.7770402431488037,0.8073660731315613,0.8037051558494568,0.6979003548622131
2025-01-22 00:47:41,0.3925800323486328,0.6675476431846619,0.7464541792869568,0.7769351601600647,0.8073068261146545,0.8036409616470337,0.6978452205657959
2025-01-22 00:47:40,0.3924732208251953,0.6674253940582275,0.7463207244873047,0.7768301367759705,0.8072475790977478,0.8035767674446106,0.6977901458740234
2025-01-22 00:47:39,0.3923664093017578,0.6673030853271484,0.7461872696876526,0.7767251133918762,0.8071882724761963,0.8035125732421875,0.697735071182251
2025-01-22 00:47:38,0.3922595977783203,0.6671807765960693,0.7460538148880005,0.776620090007782,0.8071290254592896,0.8034483790397644,0.6976799964904785
2025-01-22 00:47:37,0.39216169714927673,0.6668713092803955,0.745741069316864,0.7762446999549866,0.8067408204078674,0.8031315803527832,0.6974667906761169
2025-01-22 00:47:36,0.39206379652023315,0.6665618419647217,0.7454283237457275,0.7758693695068359,0.8063526153564453,0.802814781665802,0.6972535848617554
2025-01-22 00:47:35,0.3919658958911896,0.6662523746490479,0.7451155781745911,0.7754939794540405,0.8059644103050232,0.8024979829788208,0.6970403790473938
2025-01-22 00:47:34,0.39279720187187195,0.6681051254272461,0.7473040819168091,0.7773422002792358,0.8074408173561096,0.8035808205604553,0.6981303095817566
2025-01-22 00:47:33,0.39367589354515076,0.668988823890686,0.7478144764900208,0.7784482836723328,0.8085569739341736,0.804578423500061,0.6985644102096558
2025-01-22 00:47:32,0.3926328122615814,0.6673722267150879,0.746277928352356,0.7763537764549255,0.8067206144332886,0.8030745983123779,0.697740375995636
2025-01-22 00:47:31,0.3929738402366638,0.6678522229194641,0.7467416524887085,0.7768440842628479,0.8073220252990723,0.8034653067588806,0.6978398561477661
2025-01-22 00:47:30,0.3933148980140686,0.6683322191238403,0.7472053170204163,0.7773343920707703,0.8079234957695007,0.8038560152053833,0.6979392766952515
2025-01-22 00:47:29,0.39313170313835144,0.6682700514793396,0.7470796704292297,0.7772147059440613,0.8076694011688232,0.803633451461792,0.6979201436042786
2025-01-22 00:47:28,0.3929485082626343,0.6682078838348389,0.7469540238380432,0.7770950198173523,0.8074153065681458,0.8034108281135559,0.6979010105133057
2025-01-22 00:47:27,0.39337921142578125,0.668585479259491,0.747724711894989,0.778286874294281,0.8081945776939392,0.8042408227920532,0.6984999775886536
2025-01-22 00:47:26,0.3933306932449341,0.6685938835144043,0.7476215362548828,0.7782370448112488,0.8084145784378052,0.8043947219848633,0.6985759735107422
2025-01-22 00:47:25,0.3932822048664093,0.6686022877693176,0.7475184202194214,0.7781872153282166,0.8086345195770264,0.8045486807823181,0.698651909828186
2025-01-22 00:47:24,0.3926045000553131,0.6677756309509277,0.7468827962875366,0.7771624326705933,0.8076648712158203,0.8040002584457397,0.698194146156311
2025-01-22 00:47:23,0.3919267952442169,0.6669489741325378,0.7462471127510071,0.7761375904083252,0.806695282459259,0.8034517765045166,0.6977363228797913
2025-01-22 00:47:22,0.3920505940914154,0.6669250726699829,0.7456114888191223,0.7761476039886475,0.8064013719558716,0.8027886152267456,0.6976091265678406
2025-01-22 00:47:21,0.3926016092300415,0.6675993800163269,0.7462608814239502,0.776662290096283,0.8065779209136963,0.8030682802200317,0.6977954506874084
2025-01-22 00:47:20,0.3931525945663452,0.6682736873626709,0.7469102740287781,0.7771769762039185,0.8067545294761658,0.8033478856086731,0.6979817748069763
2025-01-22 00:47:19,0.39303871989250183,0.6681792736053467,0.7468438148498535,0.7771899104118347,0.8069139719009399,0.8033978939056396,0.6979358792304993
2025-01-22 00:47:18,0.39292484521865845,0.6680848598480225,0.746777355670929,0.777202844619751,0.8070734143257141,0.8034479022026062,0.6978899240493774
2025-01-22 00:47:17,0.3928109407424927,0.6679904460906982,0.7467108368873596,0.7772157192230225,0.8072327971458435,0.8034979104995728,0.6978440284729004
2025-01-22 00:47:16,0.3926970660686493,0.667896032333374,0.7466443777084351,0.7772286534309387,0.8073922395706177,0.8035479187965393,0.6977980732917786
2025-01-22 00:47:15,0.3925831913948059,0.6678016185760498,0.7465779185295105,0.777241587638855,0.8075516819953918,0.8035979270935059,0.6977521777153015
2025-01-22 00:47:14,0.39286959171295166,0.6682924032211304,0.7470455169677734,0.7776489853858948,0.8077684640884399,0.8038806319236755,0.6979654431343079
2025-01-22 00:47:13,0.3931559920310974,0.6687831878662109,0.7475131154060364,0.7780563831329346,0.807985246181488,0.8041632771492004,0.6981786489486694
2025-01-22 00:47:12,0.39344239234924316,0.6692739725112915,0.7479807138442993,0.7784637808799744,0.8082020282745361,0.8044459819793701,0.6983919143676758
2025-01-22 00:47:11,0.3932141959667206,0.6687719821929932,0.7474335432052612,0.7778685092926025,0.8079227209091187,0.8040329217910767,0.6981614828109741
2025-01-22 00:47:10,0.392985999584198,0.6682699918746948,0.7468863129615784,0.7772731781005859,0.807643473148346,0.803619921207428,0.6979311108589172
2025-01-22 00:47:09,0.3930777907371521,0.6683014035224915,0.7469485402107239,0.7773275375366211,0.8076273798942566,0.8036315441131592,0.6979073882102966
2025-01-22 00:47:08,0.3931695520877838,0.6683328151702881,0.7470107674598694,0.7773818969726562,0.8076112270355225,0.8036431670188904,0.6978837251663208
2025-01-22 00:47:07,0.3932613432407379,0.6683641672134399,0.7470729351043701,0.7774362564086914,0.8075951337814331,0.8036547303199768,0.6978600025177002
2025-01-22 00:47:06,0.39335310459136963,0.6683955788612366,0.7471351623535156,0.7774906158447266,0.807578980922699,0.803666353225708,0.6978363394737244
2025-01-22 00:47:05,0.39344489574432373,0.6684269905090332,0.7471973896026611,0.7775449752807617,0.8075628876686096,0.8036779761314392,0.6978126168251038
2025-01-22 00:47:04,0.39366090297698975,0.6689211130142212,0.7476909756660461,0.7785375118255615,0.8083776831626892,0.8044242858886719,0.6984413862228394
2025-01-22 00:47:03,0.39311903715133667,0.6682341694831848,0.7470617294311523,0.7777706384658813,0.8075321316719055,0.8038893342018127,0.6980260610580444
2025-01-22 00:47:02,0.392577201128006,0.6675472259521484,0.7464324831962585,0.7770037055015564,0.8066865801811218,0.8033543825149536,0.6976106762886047
2025-01-22 00:47:01,0.39293670654296875,0.6681135296821594,0.747025728225708,0.7775554060935974,0.8076126575469971,0.8040412664413452,0.6980096101760864
2025-01-22 00:47:00,0.39329618215560913,0.6686797738075256,0.7476190328598022,0.7781071066856384,0.8085387349128723,0.8047282099723816,0.6984084844589233
2025-01-22 00:46:59,0.3936556875705719,0.6692460775375366,0.7482122778892517,0.7786588072776794,0.8094648122787476,0.8054150938987732,0.698807418346405
2025-01-22 00:46:58,0.39317598938941956,0.6685870885848999,0.7475500702857971,0.777830183506012,0.8077487945556641,0.8044800162315369,0.6982498168945312
2025-01-22 00:46:57,0.392944872379303,0.6681841611862183,0.7471249103546143,0.7774931788444519,0.8076776266098022,0.8041898012161255,0.6980078220367432
2025-01-22 00:46:56,0.3927137851715088,0.6677811741828918,0.7466998100280762,0.7771561741828918,0.8076065182685852,0.8038995862007141,0.6977658271789551
2025-01-22 00:46:55,0.39321810007095337,0.6688926219940186,0.7478411197662354,0.7779374122619629,0.8079378008842468,0.8046823740005493,0.6983094811439514
2025-01-22 00:46:54,0.3929232954978943,0.6681491732597351,0.7474043965339661,0.7774937748908997,0.8078299760818481,0.8040958046913147,0.6978095769882202
2025-01-22 00:46:53,0.3927328586578369,0.6680598855018616,0.7471796274185181,0.7773918509483337,0.8076870441436768,0.8038895130157471,0.6979833245277405
2025-01-22 00:46:52,0.39254239201545715,0.667970597743988,0.7469547986984253,0.7772899270057678,0.8075441718101501,0.8036832213401794,0.6981570720672607
2025-01-22 00:46:51,0.39261698722839355,0.667414128780365,0.74647057056427,0.7770133018493652,0.8072534799575806,0.8039178252220154,0.6979913711547852
2025-01-22 00:46:50,0.393180787563324,0.6683990955352783,0.7471882104873657,0.7774850726127625,0.8076351881027222,0.8040703535079956,0.6981216073036194
2025-01-22 00:46:49,0.3931261897087097,0.6685671210289001,0.7473335862159729,0.7781416773796082,0.8079313039779663,0.8042228817939758,0.6985465884208679
2025-01-22 00:46:48,0.39323529601097107,0.6687566041946411,0.7475670576095581,0.7780146598815918,0.8081367611885071,0.8042293787002563,0.6984454393386841
2025-01-22 00:46:47,0.3933444023132324,0.6689460277557373,0.7478005290031433,0.7778875827789307,0.8083422183990479,0.8042358756065369,0.6983442902565002
2025-01-22 00:46:46,0.39320725202560425,0.668716311454773,0.7475669980049133,0.7776844501495361,0.8081479668617249,0.8040465116500854,0.6982375383377075
2025-01-22 00:46:45,0.3930701017379761,0.6684866547584534,0.7473334670066833,0.7774813175201416,0.8079537153244019,0.803857147693634,0.6981307864189148
2025-01-22 00:46:44,0.3929329812526703,0.668256938457489,0.7470999360084534,0.7772781848907471,0.8077594041824341,0.8036677837371826,0.6980240345001221
2025-01-22 00:46:43,0.3927958309650421,0.6680272221565247,0.7468664050102234,0.7770751118659973,0.8075651526451111,0.8034783601760864,0.6979173421859741
2025-01-22 00:46:42,0.39265868067741394,0.6677975654602051,0.7466328740119934,0.7768719792366028,0.8073709011077881,0.803288996219635,0.6978105902671814
2025-01-22 00:46:41,0.39252156019210815,0.6675678491592407,0.7463994026184082,0.7766688466072083,0.8071765899658203,0.8030996322631836,0.6977038383483887
2025-01-22 00:46:40,0.39238440990448,0.6673381328582764,0.7461658716201782,0.7764657139778137,0.8069823384284973,0.8029102683067322,0.697597086429596
2025-01-22 00:46:39,0.3922472596168518,0.6671084761619568,0.7459323406219482,0.7762625813484192,0.8067880868911743,0.8027209043502808,0.6974903345108032
2025-01-22 00:46:38,0.39211010932922363,0.6668787598609924,0.7456988096237183,0.7760595083236694,0.8065938353538513,0.8025314807891846,0.6973836421966553
2025-01-22 00:46:37,0.39197295904159546,0.6666490435600281,0.7454652786254883,0.7758563756942749,0.8063995838165283,0.8023421168327332,0.6972768902778625
2025-01-22 00:46:36,0.3918358385562897,0.6664193868637085,0.7452317476272583,0.7756532430648804,0.8062052726745605,0.8021527528762817,0.6971701383590698
2025-01-22 00:46:35,0.3916986882686615,0.6661896705627441,0.7449982166290283,0.7754501104354858,0.8060110211372375,0.8019633889198303,0.6970633864402771
2025-01-22 00:46:34,0.3919074833393097,0.6664860844612122,0.7453168630599976,0.7757608294487,0.8063270449638367,0.8022583723068237,0.6972441673278809
2025-01-22 00:46:33,0.3921162784099579,0.666782557964325,0.7456355094909668,0.7760714888572693,0.8066430687904358,0.8025533556938171,0.6974248886108398
2025-01-22 00:46:32,0.3923250734806061,0.667078971862793,0.745954155921936,0.7763822078704834,0.8069590926170349,0.8028483986854553,0.6976056694984436
2025-01-22 00:46:31,0.3925338685512543,0.667375385761261,0.7462728023529053,0.7766928672790527,0.807275116443634,0.8031433820724487,0.6977863907814026
2025-01-22 00:46:30,0.39274266362190247,0.667671799659729,0.7465914487838745,0.7770035862922668,0.8075911402702332,0.8034383654594421,0.6979671716690063
2025-01-22 00:46:29,0.39295142889022827,0.6679682731628418,0.7469100952148438,0.7773142457008362,0.8079071044921875,0.8037333488464355,0.6981478929519653
2025-01-22 00:46:28,0.39316022396087646,0.6682646870613098,0.747228741645813,0.7776249647140503,0.8082231283187866,0.804028332233429,0.6983286738395691
2025-01-22 00:46:27,0.39336901903152466,0.6685611009597778,0.7475473880767822,0.7779356241226196,0.8085391521453857,0.8043233156204224,0.6985093951225281
2025-01-22 00:46:26,0.39357781410217285,0.6688575148582458,0.7478660345077515,0.7782463431358337,0.8088551759719849,0.8046183586120605,0.6986901760101318
2025-01-22 00:46:25,0.39378660917282104,0.6691539883613586,0.7481846809387207,0.7785570025444031,0.809171199798584,0.804913341999054,0.6988708972930908
2025-01-22 00:46:24,0.39399540424346924,0.6694504022598267,0.7485033273696899,0.7788677215576172,0.8094872236251831,0.8052083253860474,0.6990516781806946
2025-01-22 00:46:23,0.39352861046791077,0.6688622832298279,0.7478179335594177,0.7782690525054932,0.8087668418884277,0.8045153021812439,0.6988298892974854
2025-01-22 00:46:22,0.3930617868900299,0.6682741045951843,0.7471324801445007,0.7776703834533691,0.8080464005470276,0.8038223385810852,0.6986081004142761
2025-01-22 00:46:21,0.39259499311447144,0.6676859855651855,0.7464470863342285,0.7770717144012451,0.8073260188102722,0.8031293153762817,0.6983863115310669
2025-01-22 00:46:20,0.39285048842430115,0.6678742170333862,0.7468792200088501,0.7772111892700195,0.8071795701980591,0.8036534190177917,0.6981645226478577
2025-01-22 00:46:19,0.39268848299980164,0.66769939661026,0.7467617392539978,0.7772760391235352,0.8071492910385132,0.8036370873451233,0.6980818510055542
2025-01-22 00:46:18,0.3925265073776245,0.667524516582489,0.7466441988945007,0.777340829372406,0.8071189522743225,0.8036208152770996,0.6979991793632507
2025-01-22 00:46:17,0.392364501953125,0.6673496961593628,0.7465267181396484,0.7774056792259216,0.8070886731147766,0.8036044836044312,0.6979165077209473
2025-01-22 00:46:16,0.39228400588035583,0.6673258543014526,0.7462666034698486,0.7770427465438843,0.8068321943283081,0.8032546043395996,0.6977118253707886
2025-01-22 00:46:15,0.39220350980758667,0.6673020720481873,0.746006429195404,0.7766798138618469,0.8065757751464844,0.8029047250747681,0.6975072026252747
2025-01-22 00:46:14,0.39232707023620605,0.6674782037734985,0.7462083101272583,0.7768094539642334,0.806856095790863,0.8031440377235413,0.6975761651992798
2025-01-22 00:46:13,0.3924506604671478,0.667654275894165,0.7464101314544678,0.7769390940666199,0.8071364164352417,0.8033833503723145,0.6976451873779297
2025-01-22 00:46:12,0.3925742506980896,0.6678303480148315,0.746612012386322,0.7770687341690063,0.8074166774749756,0.8036226034164429,0.6977141499519348
2025-01-22 00:46:11,0.392697811126709,0.6680064797401428,0.7468138933181763,0.7771983742713928,0.8076969981193542,0.8038619160652161,0.6977831125259399
2025-01-22 00:46:10,0.39424848556518555,0.6706743836402893,0.7498217821121216,0.7801374197006226,0.8097906708717346,0.8055149912834167,0.6993659138679504
2025-01-22 00:46:09,0.39397311210632324,0.6690664887428284,0.7478119134902954,0.7778056859970093,0.807816207408905,0.8042858839035034,0.6980097889900208
2025-01-22 00:46:08,0.39377474784851074,0.6689475774765015,0.7478407621383667,0.777724027633667,0.8076590299606323,0.8041594624519348,0.698136568069458
2025-01-22 00:46:07,0.39357641339302063,0.6688287258148193,0.747869610786438,0.7776424288749695,0.8075019121170044,0.8040330410003662,0.6982632875442505
2025-01-22 00:46:06,0.39301741123199463,0.6683639287948608,0.7473006248474121,0.777472972869873,0.8076125979423523,0.8039066195487976,0.6978716850280762
2025-01-22 00:46:05,0.39344322681427,0.6688963770866394,0.7479957342147827,0.7782715559005737,0.8084789514541626,0.8047692179679871,0.6985242366790771
2025-01-22 00:46:04,0.393869012594223,0.669428825378418,0.7486907839775085,0.7790701985359192,0.8093453049659729,0.8056318163871765,0.6991767883300781
2025-01-22 00:46:03,0.3932831883430481,0.6687973141670227,0.7477771043777466,0.7778787016868591,0.808123767375946,0.804613471031189,0.6983529329299927
2025-01-22 00:46:02,0.39269739389419556,0.6681658029556274,0.7468634843826294,0.7766872048377991,0.8069022297859192,0.8035951256752014,0.6975290775299072
2025-01-22 00:46:01,0.3925020396709442,0.6677354574203491,0.7464053630828857,0.7762758135795593,0.8068581819534302,0.8030962944030762,0.6974797248840332
2025-01-22 00:46:00,0.39230668544769287,0.6673051118850708,0.7459471821784973,0.7758644223213196,0.8068140745162964,0.8025975227355957,0.6974303126335144
2025-01-22 00:45:59,0.3935478925704956,0.6688954830169678,0.7476090788841248,0.7778981924057007,0.8077558279037476,0.8046048879623413,0.698559582233429
2025-01-22 00:45:58,0.3928481936454773,0.6684134006500244,0.7471163272857666,0.7774044871330261,0.8075113296508789,0.8038036823272705,0.6982380151748657
2025-01-22 00:45:57,0.3931177854537964,0.6680477857589722,0.7472394704818726,0.7773283123970032,0.8073735237121582,0.8041089177131653,0.698355495929718
2025-01-22 00:45:56,0.3929324746131897,0.6679819822311401,0.7469595670700073,0.7769119739532471,0.8070399761199951,0.8035411834716797,0.697969913482666
2025-01-22 00:45:55,0.3927471935749054,0.6679161787033081,0.7466796040534973,0.7764956951141357,0.806706428527832,0.8029733896255493,0.6975843906402588
2025-01-22 00:45:54,0.39276179671287537,0.6679940819740295,0.7470421195030212,0.7771279215812683,0.807162880897522,0.8039134740829468,0.6982132792472839
2025-01-22 00:45:53,0.39256370067596436,0.6678345203399658,0.7466769218444824,0.776587188243866,0.8067746758460999,0.8032292723655701,0.6976463198661804
2025-01-22 00:45:52,0.39280399680137634,0.6684951186180115,0.747650682926178,0.7781423926353455,0.8081520795822144,0.8046820163726807,0.6986814141273499
2025-01-22 00:45:51,0.39259710907936096,0.66800457239151,0.7471014857292175,0.777407705783844,0.8081945180892944,0.8046081066131592,0.6983749866485596
2025-01-22 00:45:50,0.39240801334381104,0.6674687266349792,0.7462806105613708,0.7762858271598816,0.8065438270568848,0.8026409149169922,0.6974890828132629
2025-01-22 00:45:49,0.3927246928215027,0.6681004166603088,0.7469351291656494,0.7769721746444702,0.807321310043335,0.8030607104301453,0.6979042887687683
2025-01-22 00:45:48,0.3934948146343231,0.6686558723449707,0.7474126815795898,0.7774527072906494,0.8079540729522705,0.8037694096565247,0.6980540156364441
2025-01-22 00:45:47,0.3931640386581421,0.6682999134063721,0.7471199035644531,0.7773373126983643,0.807820200920105,0.803870439529419,0.6979981660842896
2025-01-22 00:45:46,0.39283329248428345,0.6679440140724182,0.7468271851539612,0.7772219181060791,0.8076863884925842,0.8039714097976685,0.697942316532135
2025-01-22 00:45:45,0.39281415939331055,0.667964518070221,0.746806800365448,0.7771875262260437,0.8075852394104004,0.8040576577186584,0.6980370879173279
2025-01-22 00:45:44,0.39279502630233765,0.6679850816726685,0.7467864751815796,0.7771530747413635,0.8074840307235718,0.8041439652442932,0.698131799697876
2025-01-22 00:45:43,0.39277589321136475,0.6680055856704712,0.7467660903930664,0.7771186828613281,0.8073828816413879,0.8042302131652832,0.6982265710830688
2025-01-22 00:45:42,0.39284616708755493,0.6681439280509949,0.747132420539856,0.7774943709373474,0.807698667049408,0.804349422454834,0.69833904504776
2025-01-22 00:45:41,0.3929164409637451,0.6682823300361633,0.7474987506866455,0.7778699994087219,0.8080143928527832,0.80446857213974,0.6984515190124512
2025-01-22 00:45:40,0.3929867148399353,0.668420672416687,0.7478650808334351,0.7782456874847412,0.8083301782608032,0.8045877814292908,0.6985639929771423
2025-01-22 00:45:39,0.3927372097969055,0.6679720878601074,0.7469391822814941,0.777267575263977,0.8077049255371094,0.8042132258415222,0.6982867121696472
2025-01-22 00:45:38,0.39264512062072754,0.6679651737213135,0.746868371963501,0.7773349285125732,0.8075351715087891,0.804031252861023,0.6982006430625916
2025-01-22 00:45:37,0.3925530016422272,0.6679583191871643,0.746797502040863,0.7774022221565247,0.8073654174804688,0.8038492798805237,0.6981145739555359
2025-01-22 00:45:36,0.3924837112426758,0.6677772998809814,0.7465574145317078,0.7769806981086731,0.8069456815719604,0.8036224246025085,0.6977859735488892
2025-01-22 00:45:35,0.3925222158432007,0.6678470969200134,0.7466242909431458,0.7769465446472168,0.8069838285446167,0.8034946918487549,0.6977244019508362
2025-01-22 00:45:34,0.392560750246048,0.6679168939590454,0.7466911673545837,0.7769123911857605,0.807021975517273,0.8033668994903564,0.6976628303527832
2025-01-22 00:45:33,0.39259928464889526,0.6679866909980774,0.7467580437660217,0.7768782377243042,0.8070600628852844,0.803239107131958,0.6976011991500854
2025-01-22 00:45:32,0.39263778924942017,0.6680564880371094,0.7468249201774597,0.7768440842628479,0.8070982098579407,0.8031113743782043,0.6975396275520325
2025-01-22 00:45:31,0.3920297920703888,0.6665471196174622,0.7451372146606445,0.7753288149833679,0.8057727813720703,0.8019822835922241,0.6969522833824158
2025-01-22 00:45:30,0.39256009459495544,0.6679347157478333,0.7466878294944763,0.7768856287002563,0.8073573708534241,0.8041166067123413,0.6980999112129211
2025-01-22 00:45:29,0.39285069704055786,0.6680331826210022,0.7471305727958679,0.7776998281478882,0.8077133893966675,0.8044242858886719,0.6984562873840332
2025-01-22 00:45:28,0.3926698863506317,0.6675193905830383,0.7461727261543274,0.7767031788825989,0.8065782189369202,0.8031197786331177,0.6976612210273743
2025-01-22 00:45:27,0.3925360143184662,0.6674720048904419,0.7463750243186951,0.7763891220092773,0.806684672832489,0.8032206296920776,0.6974782943725586
2025-01-22 00:45:26,0.3928077220916748,0.6678248643875122,0.7468467950820923,0.7770324945449829,0.8071926832199097,0.8036350011825562,0.6977574825286865
2025-01-22 00:45:25,0.39307940006256104,0.6681777834892273,0.7473185062408447,0.7776759266853333,0.8077006936073303,0.8040493130683899,0.6980366706848145
2025-01-22 00:45:24,0.3924438953399658,0.6674501895904541,0.7463340163230896,0.7766842842102051,0.806689977645874,0.8032823801040649,0.6975278258323669
2025-01-22 00:45:23,0.3929831087589264,0.6685603260993958,0.7473207712173462,0.7776048183441162,0.8076400756835938,0.8040418028831482,0.698135495185852
2025-01-22 00:45:22,0.39286231994628906,0.6683310270309448,0.7470943927764893,0.7774091958999634,0.8077964782714844,0.803969144821167,0.6979012489318848
2025-01-22 00:45:21,0.39274150133132935,0.6681017279624939,0.7468680739402771,0.7772135734558105,0.807952880859375,0.8038964867591858,0.6976670026779175
2025-01-22 00:45:20,0.39287060499191284,0.6682960391044617,0.747057318687439,0.777432918548584,0.8079698085784912,0.8040675520896912,0.6978608965873718
2025-01-22 00:45:19,0.39299970865249634,0.6684904098510742,0.7472466230392456,0.7776523232460022,0.8079867362976074,0.8042386174201965,0.6980547904968262
2025-01-22 00:45:18,0.39312878251075745,0.668684720993042,0.7474358677864075,0.7778716683387756,0.8080037236213684,0.8044096827507019,0.6982486248016357
2025-01-22 00:45:17,0.39325788617134094,0.6688790917396545,0.7476251721382141,0.7780910730361938,0.8080206513404846,0.8045807480812073,0.6984425187110901
2025-01-22 00:45:16,0.39338698983192444,0.6690734028816223,0.747814416885376,0.7783104181289673,0.8080375790596008,0.8047518134117126,0.6986364126205444
2025-01-22 00:45:15,0.39310792088508606,0.6684889793395996,0.7471804618835449,0.7775386571884155,0.8075936436653137,0.8040982484817505,0.6982516646385193
2025-01-22 00:45:14,0.39282888174057007,0.6679046154022217,0.7465464472770691,0.776766836643219,0.8071496486663818,0.8034446835517883,0.6978669762611389
2025-01-22 00:45:13,0.3925498127937317,0.667320191860199,0.745912492275238,0.7759950757026672,0.8067057132720947,0.8027911186218262,0.6974822282791138
2025-01-22 00:45:12,0.39266932010650635,0.6677778363227844,0.7464168071746826,0.7765138745307922,0.8068138360977173,0.803091824054718,0.6976170539855957
2025-01-22 00:45:11,0.3927887976169586,0.6682354807853699,0.746921181678772,0.7770326733589172,0.8069220185279846,0.8033925294876099,0.6977518796920776
2025-01-22 00:45:10,0.3941228985786438,0.6699810028076172,0.7486429214477539,0.7788931727409363,0.8091586232185364,0.8051884174346924,0.6989721059799194
2025-01-22 00:45:09,0.3937227427959442,0.6693692207336426,0.7480353116989136,0.7783464193344116,0.808704137802124,0.8047993779182434,0.6987061500549316
2025-01-22 00:45:08,0.39332258701324463,0.668757438659668,0.7474277019500732,0.7777997255325317,0.8082497119903564,0.8044103384017944,0.6984401941299438
2025-01-22 00:45:07,0.39292246103286743,0.6681456565856934,0.7468200325965881,0.7772530317306519,0.8077952861785889,0.8040212392807007,0.698174238204956
2025-01-22 00:45:06,0.39252230525016785,0.6675338745117188,0.7462124228477478,0.7767062783241272,0.8073408007621765,0.8036321997642517,0.6979082822799683
2025-01-22 00:45:05,0.39280208945274353,0.668186604976654,0.7467712163925171,0.7771186232566833,0.8074505925178528,0.803166925907135,0.6980046033859253
2025-01-22 00:45:04,0.39288198947906494,0.6681116819381714,0.7468231916427612,0.7770261764526367,0.8074241876602173,0.8035308718681335,0.6979594230651855
2025-01-22 00:45:03,0.39296188950538635,0.6680368185043335,0.7468752264976501,0.7769337892532349,0.8073977828025818,0.8038948178291321,0.697914183139801
2025-01-22 00:45:02,0.39288994669914246,0.6679389476776123,0.7467101812362671,0.7769086360931396,0.8072265982627869,0.803862452507019,0.6978600025177002
2025-01-22 00:45:01,0.39281800389289856,0.6678410172462463,0.7465450763702393,0.7768834829330444,0.8070554137229919,0.803830087184906,0.6978058815002441
2025-01-22 00:45:00,0.39286738634109497,0.6680350303649902,0.7467172145843506,0.7770659327507019,0.8073030114173889,0.8039608001708984,0.6980386972427368
2025-01-22 00:44:59,0.39291679859161377,0.6682289838790894,0.7468894124031067,0.7772483825683594,0.8075506091117859,0.8040915131568909,0.6982715725898743
2025-01-22 00:44:58,0.39288339018821716,0.6680303812026978,0.7468539476394653,0.7772858142852783,0.807616114616394,0.8040863275527954,0.6982161402702332
2025-01-22 00:44:57,0.39285001158714294,0.6678317189216614,0.746818482875824,0.7773231863975525,0.8076816201210022,0.8040810823440552,0.698160707950592
2025-01-22 00:44:56,0.39281660318374634,0.667797327041626,0.7466210126876831,0.7769671678543091,0.8073837161064148,0.8035613894462585,0.6979660987854004
2025-01-22 00:44:55,0.39278319478034973,0.6677628755569458,0.746423602104187,0.7766110897064209,0.8070858120918274,0.8030416965484619,0.6977714896202087
2025-01-22 00:44:54,0.3927498161792755,0.66780024766922,0.7464531064033508,0.7767654657363892,0.8069499135017395,0.8032475709915161,0.6976989507675171
2025-01-22 00:44:53,0.3927164077758789,0.6678376197814941,0.7464826107025146,0.7769199013710022,0.8068140149116516,0.8034533858299255,0.6976264119148254
2025-01-22 00:44:52,0.39407721161842346,0.6702448725700378,0.7489833235740662,0.7796165943145752,0.8097661733627319,0.8054922819137573,0.6991788744926453
2025-01-22 00:44:51,0.39393487572669983,0.6700131297111511,0.7487483620643616,0.7792513370513916,0.809258759021759,0.8052952289581299,0.6990705728530884
2025-01-22 00:44:50,0.3937925398349762,0.6697814464569092,0.7485133409500122,0.7788861393928528,0.8087512850761414,0.8050981760025024,0.6989623308181763
2025-01-22 00:44:49,0.39365020394325256,0.6695497035980225,0.7482783794403076,0.7785208821296692,0.8082438707351685,0.804901123046875,0.6988540291786194
2025-01-22 00:44:48,0.39306148886680603,0.668802797794342,0.7475206851959229,0.7783460021018982,0.8083642721176147,0.804889976978302,0.6987922787666321
2025-01-22 00:44:47,0.392912894487381,0.667973518371582,0.7469047904014587,0.7776848077774048,0.8080239295959473,0.8044257760047913,0.6984553933143616
2025-01-22 00:44:46,0.3929080665111542,0.667964518070221,0.7468342781066895,0.7774832248687744,0.8077971935272217,0.8042467832565308,0.6983844041824341
2025-01-22 00:44:45,0.39290326833724976,0.6679555177688599,0.7467637062072754,0.777281641960144,0.8075704574584961,0.8040677905082703,0.6983133554458618
2025-01-22 00:44:44,0.39289844036102295,0.6679465770721436,0.7466931343078613,0.7770800590515137,0.8073437213897705,0.8038887977600098,0.6982423663139343
2025-01-22 00:44:43,0.39289361238479614,0.6679375767707825,0.746622622013092,0.7768784761428833,0.8071169853210449,0.8037098050117493,0.6981713771820068
2025-01-22 00:44:42,0.3934426009654999,0.668838381767273,0.7475727796554565,0.777900218963623,0.8078082203865051,0.8043391704559326,0.6987568140029907
2025-01-22 00:44:41,0.39353200793266296,0.6692959070205688,0.7479740977287292,0.7784956097602844,0.8082935214042664,0.8051217198371887,0.699045717716217
2025-01-22 00:44:40,0.39303314685821533,0.6686150431632996,0.7472971677780151,0.7776630520820618,0.8077224493026733,0.8043832182884216,0.6986929178237915
2025-01-22 00:44:39,0.3925342857837677,0.6679341793060303,0.7466201782226562,0.7768304944038391,0.8071513175964355,0.8036447167396545,0.698340117931366
2025-01-22 00:44:38,0.3929643929004669,0.6682137250900269,0.746839702129364,0.7769728899002075,0.8066257238388062,0.8030902743339539,0.6972991824150085
2025-01-22 00:44:37,0.3931955099105835,0.668927013874054,0.7477084994316101,0.7781667709350586,0.8081216216087341,0.8046916723251343,0.699018120765686
2025-01-22 00:44:36,0.39276769757270813,0.6679062843322754,0.7466435432434082,0.7772717475891113,0.807647705078125,0.8041911125183105,0.6986069679260254
2025-01-22 00:44:35,0.39233988523483276,0.666885495185852,0.7455785870552063,0.7763767838478088,0.8071737289428711,0.8036906123161316,0.6981958150863647
2025-01-22 00:44:34,0.39245471358299255,0.667234480381012,0.7458763718605042,0.776600182056427,0.8073775172233582,0.8036317229270935,0.6980280876159668
2025-01-22 00:44:33,0.39265918731689453,0.6679775714874268,0.7466173768043518,0.7770218849182129,0.8071455955505371,0.8036522269248962,0.6977952718734741
2025-01-22 00:44:32,0.3928636908531189,0.6682943105697632,0.7469676733016968,0.7775958776473999,0.8077213168144226,0.8042532801628113,0.6987445950508118
2025-01-22 00:44:31,0.3928976356983185,0.6682477593421936,0.7469044923782349,0.7773911356925964,0.8075871467590332,0.8038928508758545,0.6982204914093018
2025-01-22 00:44:30,0.3929315507411957,0.668201208114624,0.746841311454773,0.777186393737793,0.807452917098999,0.8035324215888977,0.697696328163147
2025-01-22 00:44:29,0.39296549558639526,0.6683837175369263,0.7472828030586243,0.7775474190711975,0.808094322681427,0.8046953082084656,0.6984115242958069
2025-01-22 00:44:28,0.3929497003555298,0.6678855419158936,0.746620774269104,0.7769685983657837,0.8076715469360352,0.8040380477905273,0.698091983795166
2025-01-22 00:44:27,0.3929339051246643,0.6673874258995056,0.745958685874939,0.7763897180557251,0.8072487711906433,0.8033807873725891,0.6977723836898804
2025-01-22 00:44:26,0.3928372859954834,0.668047308921814,0.746772825717926,0.7772117853164673,0.8075376749038696,0.8036224246025085,0.6978064775466919
2025-01-22 00:44:25,0.3933521509170532,0.6688691973686218,0.7476573586463928,0.7780870199203491,0.8084038496017456,0.804357647895813,0.6982512474060059
2025-01-22 00:44:24,0.39386698603630066,0.6696910858154297,0.7485418915748596,0.7789623141288757,0.8092700839042664,0.8050928115844727,0.6986960172653198
2025-01-22 00:44:23,0.39332130551338196,0.6690853238105774,0.7478641271591187,0.7781714200973511,0.8082566857337952,0.8043069839477539,0.698161780834198
2025-01-22 00:44:22,0.3931770920753479,0.6686220765113831,0.7474653720855713,0.7778540253639221,0.8081503510475159,0.8042341470718384,0.6980669498443604
2025-01-22 00:44:21,0.39303290843963623,0.6681588292121887,0.7470666766166687,0.7775366902351379,0.8080440163612366,0.8041612505912781,0.6979721188545227
2025-01-22 00:44:20,0.3928886950016022,0.6676955819129944,0.7466679215431213,0.777219295501709,0.8079376816749573,0.8040884137153625,0.6978772878646851
2025-01-22 00:44:19,0.3922443091869354,0.6670250296592712,0.7459778189659119,0.7767999172210693,0.8070334792137146,0.8035776019096375,0.6975635886192322
2025-01-22 00:44:18,0.39289748668670654,0.6680364012718201,0.7467330098152161,0.7770500779151917,0.807209312915802,0.8039419054985046,0.6978874802589417
2025-01-22 00:44:17,0.39247754216194153,0.6676310300827026,0.7464103698730469,0.7767751216888428,0.8071964979171753,0.8037641644477844,0.6978212594985962
2025-01-22 00:44:16,0.3920575976371765,0.66722571849823,0.7460876703262329,0.7765002250671387,0.8071836829185486,0.8035864233970642,0.6977550983428955
2025-01-22 00:44:15,0.39223888516426086,0.6673190593719482,0.746192455291748,0.7765998244285583,0.8073070645332336,0.8036295771598816,0.6978307962417603
2025-01-22 00:44:14,0.3924202024936676,0.6674123406410217,0.7462971806526184,0.776699423789978,0.8074303865432739,0.8036727905273438,0.697906494140625
2025-01-22 00:44:13,0.39260149002075195,0.66750568151474,0.7464019656181335,0.7767990231513977,0.807553768157959,0.8037159442901611,0.6979821920394897
2025-01-22 00:44:12,0.3927828073501587,0.6675989627838135,0.7465066909790039,0.7768986225128174,0.8076770901679993,0.8037591576576233,0.6980578899383545
2025-01-22 00:44:11,0.39296409487724304,0.6676923036575317,0.746611475944519,0.7769982218742371,0.8078004717826843,0.8038023114204407,0.6981335878372192
2025-01-22 00:44:10,0.39306890964508057,0.6675918102264404,0.7463843822479248,0.7770978212356567,0.8073446154594421,0.8036916255950928,0.6976904273033142
2025-01-22 00:44:09,0.3926854133605957,0.667425811290741,0.7462671995162964,0.776913583278656,0.8071576356887817,0.8034586906433105,0.6976206302642822
2025-01-22 00:44:08,0.39230191707611084,0.6672598123550415,0.7461500763893127,0.7767293453216553,0.8069707155227661,0.8032257556915283,0.6975507736206055
2025-01-22 00:44:07,0.3919183909893036,0.6670938730239868,0.7460329532623291,0.7765450477600098,0.8067837953567505,0.8029927611351013,0.6974809169769287
2025-01-22 00:44:06,0.3915348947048187,0.6669278740882874,0.7459157705307007,0.776360809803009,0.8065968155860901,0.8027598261833191,0.6974111199378967
2025-01-22 00:44:05,0.39325541257858276,0.6679739952087402,0.7466748952865601,0.7768555283546448,0.8069700002670288,0.8029373288154602,0.6974549889564514
2025-01-22 00:44:04,0.3931199908256531,0.6683048009872437,0.7470654249191284,0.7774739265441895,0.8073707222938538,0.8033158779144287,0.6976637244224548
2025-01-22 00:44:03,0.39268675446510315,0.6678748726844788,0.7465717792510986,0.7768884897232056,0.8067740201950073,0.8027347326278687,0.6973018050193787
2025-01-22 00:44:02,0.3922535479068756,0.6674449443817139,0.7460780739784241,0.7763031125068665,0.8061773777008057,0.8021535277366638,0.6969398260116577
2025-01-22 00:44:01,0.3918203115463257,0.667015016078949,0.7455844283103943,0.7757176756858826,0.8055806756019592,0.8015723824501038,0.6965779066085815
2025-01-22 00:44:00,0.39251166582107544,0.6674494743347168,0.7462033033370972,0.7765042781829834,0.8064917325973511,0.8027206659317017,0.6972604990005493
2025-01-22 00:43:59,0.3932029902935028,0.6678838729858398,0.7468221187591553,0.7772908210754395,0.8074027895927429,0.8038690090179443,0.6979430913925171
2025-01-22 00:43:58,0.39313068985939026,0.6678949594497681,0.746819257736206,0.777251660823822,0.8074401021003723,0.8038431406021118,0.6979228258132935
2025-01-22 00:43:57,0.3930583894252777,0.6679061055183411,0.7468163967132568,0.7772125005722046,0.8074774146080017,0.8038172125816345,0.6979026198387146
2025-01-22 00:43:56,0.39298608899116516,0.6679171919822693,0.7468135356903076,0.7771733403205872,0.8075147271156311,0.803791344165802,0.697882354259491
2025-01-22 00:43:55,0.3929137885570526,0.6679282784461975,0.7468106746673584,0.7771341800689697,0.8075519800186157,0.8037654757499695,0.6978621482849121
2025-01-22 00:43:54,0.39284148812294006,0.6679393649101257,0.7468078136444092,0.7770950198173523,0.8075892925262451,0.803739607334137,0.6978418827056885
2025-01-22 00:43:53,0.3927691876888275,0.6679505109786987,0.74680495262146,0.7770558595657349,0.8076266050338745,0.8037136793136597,0.6978216767311096
2025-01-22 00:43:52,0.39269688725471497,0.667961597442627,0.7468020915985107,0.7770166993141174,0.8076639175415039,0.8036878108978271,0.697801411151886
2025-01-22 00:43:51,0.3927745521068573,0.6680168509483337,0.7468478679656982,0.7772042155265808,0.8077841997146606,0.8037936687469482,0.6978834867477417
2025-01-22 00:43:50,0.39285221695899963,0.6680721640586853,0.7468936443328857,0.7773917317390442,0.8079044818878174,0.8038995265960693,0.6979655623435974
2025-01-22 00:43:49,0.39292988181114197,0.6681274175643921,0.7469394207000732,0.7775792479515076,0.8080247640609741,0.8040053844451904,0.6980475783348083
2025-01-22 00:43:48,0.3930075466632843,0.6681827306747437,0.7469851970672607,0.777766764163971,0.8081450462341309,0.8041112422943115,0.6981296539306641
2025-01-22 00:43:47,0.39308521151542664,0.6682379841804504,0.7470309734344482,0.7779542803764343,0.8082653284072876,0.8042171001434326,0.6982117295265198
2025-01-22 00:43:46,0.39309510588645935,0.6683104038238525,0.7471650838851929,0.778020977973938,0.808361291885376,0.8042910099029541,0.6982054114341736
2025-01-22 00:43:45,0.39310500025749207,0.6683828234672546,0.7472991943359375,0.7780877351760864,0.8084572553634644,0.8043649196624756,0.6981990337371826
2025-01-22 00:43:44,0.39311492443084717,0.6684552431106567,0.7474333047866821,0.7781544327735901,0.808553159236908,0.8044387698173523,0.6981927156448364
2025-01-22 00:43:43,0.3931248188018799,0.6685276627540588,0.7475674152374268,0.7782211899757385,0.8086491227149963,0.8045126795768738,0.6981863379478455
2025-01-22 00:43:42,0.3931347131729126,0.6686000823974609,0.7477015256881714,0.7782878875732422,0.8087450861930847,0.8045865893363953,0.6981800198554993
2025-01-22 00:43:41,0.39307844638824463,0.668523371219635,0.747645378112793,0.7782300114631653,0.8087365031242371,0.8046104907989502,0.6982182860374451
2025-01-22 00:43:40,0.39302220940589905,0.6684466004371643,0.7475891709327698,0.7781721353530884,0.8087278604507446,0.8046343326568604,0.6982566118240356
2025-01-22 00:43:39,0.3929659426212311,0.6683698892593384,0.7475330233573914,0.7781142592430115,0.808719277381897,0.8046582341194153,0.6982948780059814
2025-01-22 00:43:38,0.3929096758365631,0.6682931780815125,0.7474768757820129,0.7780564427375793,0.8087106943130493,0.8046821355819702,0.6983331441879272
2025-01-22 00:43:37,0.39285340905189514,0.6682164669036865,0.7474207282066345,0.7779985666275024,0.8087021112442017,0.8047060370445251,0.698371410369873
2025-01-22 00:43:36,0.39279717206954956,0.6681396961212158,0.7473645210266113,0.7779406905174255,0.8086934685707092,0.8047298789024353,0.6984097361564636
2025-01-22 00:43:35,0.3927409052848816,0.6680629849433899,0.7473083734512329,0.7778828144073486,0.8086848855018616,0.8047537803649902,0.6984480023384094
2025-01-22 00:43:34,0.39271071553230286,0.6680064797401428,0.7472048401832581,0.7777542471885681,0.8085023164749146,0.8045806884765625,0.6983681321144104
2025-01-22 00:43:33,0.3926805257797241,0.6679499745368958,0.747101366519928,0.7776256799697876,0.8083197474479675,0.80440753698349,0.6982882618904114
2025-01-22 00:43:32,0.3926503360271454,0.6678934097290039,0.7469978332519531,0.7774971723556519,0.8081371784210205,0.8042343854904175,0.6982084512710571
2025-01-22 00:43:31,0.39262014627456665,0.6678369045257568,0.7468942999839783,0.7773686051368713,0.8079546093940735,0.8040612936019897,0.6981285810470581
2025-01-22 00:43:30,0.3925899565219879,0.6677803993225098,0.7467908263206482,0.7772400379180908,0.8077720403671265,0.803888201713562,0.6980487108230591
2025-01-22 00:43:29,0.3925597667694092,0.6677238941192627,0.7466872930526733,0.7771115303039551,0.8075895309448242,0.8037150502204895,0.6979688405990601
2025-01-22 00:43:28,0.39252954721450806,0.6676673889160156,0.7465837597846985,0.7769829630851746,0.8074069619178772,0.803541898727417,0.697888970375061
2025-01-22 00:43:27,0.3924993574619293,0.6676108837127686,0.7464802861213684,0.776854395866394,0.8072243928909302,0.8033688068389893,0.697809100151062
2025-01-22 00:43:26,0.3924691677093506,0.6675543785095215,0.7463767528533936,0.7767258286476135,0.8070418238639832,0.8031957149505615,0.697729229927063
2025-01-22 00:43:25,0.39243897795677185,0.6674978137016296,0.7462732195854187,0.776597261428833,0.8068592548370361,0.803022563457489,0.6976494193077087
2025-01-22 00:43:24,0.3924087882041931,0.6674413084983826,0.7461697459220886,0.7764687538146973,0.8066766858100891,0.8028494119644165,0.6975695490837097
2025-01-22 00:43:23,0.3923785984516144,0.6673848032951355,0.7460662126541138,0.7763401865959167,0.8064941167831421,0.8026763200759888,0.6974896788597107
2025-01-22 00:43:22,0.3924579620361328,0.6674425005912781,0.746120274066925,0.7763993144035339,0.8065623641014099,0.8027774095535278,0.6975023150444031
2025-01-22 00:43:21,0.39253729581832886,0.6675001978874207,0.7461743354797363,0.7764584422111511,0.8066306114196777,0.8028784990310669,0.6975150108337402
2025-01-22 00:43:20,0.3926166296005249,0.6675578951835632,0.7462283968925476,0.7765176296234131,0.8066988587379456,0.802979588508606,0.6975276470184326
2025-01-22 00:43:19,0.39269599318504333,0.6676155924797058,0.7462824583053589,0.7765767574310303,0.8067671060562134,0.803080677986145,0.697540283203125
2025-01-22 00:43:18,0.39277535676956177,0.6676732301712036,0.7463365197181702,0.7766358852386475,0.8068353533744812,0.8031817674636841,0.6975529193878174
2025-01-22 00:43:17,0.3928546905517578,0.6677309274673462,0.7463905811309814,0.7766950130462646,0.806903600692749,0.8032828569412231,0.6975656151771545
2025-01-22 00:43:16,0.39293402433395386,0.6677886247634888,0.7464446425437927,0.7767541408538818,0.8069718480110168,0.8033839464187622,0.6975782513618469
2025-01-22 00:43:15,0.3930133879184723,0.6678463220596313,0.746498703956604,0.7768133282661438,0.8070400953292847,0.8034850358963013,0.6975908875465393
2025-01-22 00:43:14,0.3930927515029907,0.6679040193557739,0.7465527653694153,0.776872456073761,0.8071083426475525,0.8035861253738403,0.6976035833358765
2025-01-22 00:43:13,0.39317208528518677,0.6679617166519165,0.7466068267822266,0.7769315838813782,0.8071765899658203,0.8036872148513794,0.6976162195205688
2025-01-22 00:43:12,0.39313021302223206,0.6679947376251221,0.7466568350791931,0.7769509553909302,0.8072059154510498,0.8036527633666992,0.6976932883262634
2025-01-22 00:43:11,0.39308831095695496,0.6680276989936829,0.7467068433761597,0.7769703269004822,0.8072353005409241,0.8036183714866638,0.697770357131958
2025-01-22 00:43:10,0.39304643869400024,0.6680607199668884,0.7467568516731262,0.7769896984100342,0.8072646856307983,0.8035839796066284,0.6978474855422974
2025-01-22 00:43:09,0.39300456643104553,0.668093740940094,0.7468068599700928,0.7770090699195862,0.8072940111160278,0.8035495281219482,0.6979245543479919
2025-01-22 00:43:08,0.39296266436576843,0.6681267023086548,0.7468568682670593,0.7770284414291382,0.8073233366012573,0.8035150766372681,0.6980016231536865
2025-01-22 00:43:07,0.3929207921028137,0.6681597232818604,0.7469068765640259,0.7770478129386902,0.8073527216911316,0.8034806847572327,0.6980786919593811
2025-01-22 00:43:06,0.3930329978466034,0.6683794260025024,0.7471698522567749,0.7773723602294922,0.8076791167259216,0.8037775754928589,0.6983001232147217
2025-01-22 00:43:05,0.39314520359039307,0.6685991287231445,0.7474328279495239,0.7776968479156494,0.8080055117607117,0.8040744066238403,0.698521614074707
2025-01-22 00:43:04,0.39325737953186035,0.6688187718391418,0.747695803642273,0.7780213356018066,0.8083319067955017,0.8043712377548218,0.6987430453300476
2025-01-22 00:43:03,0.39336958527565,0.6690384745597839,0.747958779335022,0.7783458828926086,0.8086583018302917,0.804668128490448,0.6989644765853882
2025-01-22 00:43:02,0.39315760135650635,0.6686068177223206,0.7477868795394897,0.7783331274986267,0.808555006980896,0.8043988943099976,0.6982061862945557
2025-01-22 00:43:01,0.39351609349250793,0.669574499130249,0.7486718893051147,0.7793794274330139,0.8095527291297913,0.8054481148719788,0.6991121768951416
2025-01-22 00:43:00,0.39267489314079285,0.6675599813461304,0.7463120818138123,0.7766864895820618,0.8068103790283203,0.8032506704330444,0.6974850296974182
2025-01-22 00:42:59,0.39341288805007935,0.6688830852508545,0.7477071285247803,0.7781323790550232,0.8079767227172852,0.8040602207183838,0.6981444954872131
2025-01-22 00:42:58,0.39298948645591736,0.6680489778518677,0.7468945980072021,0.7774280905723572,0.8076760768890381,0.8042240142822266,0.6980435848236084
2025-01-22 00:42:57,0.3923322856426239,0.6671838760375977,0.7458565831184387,0.7762104272842407,0.8065589070320129,0.8026900887489319,0.6973847150802612
2025-01-22 00:42:56,0.3930498957633972,0.6677271127700806,0.7466123104095459,0.7769572734832764,0.8069002032279968,0.8036630749702454,0.6978154182434082
2025-01-22 00:42:55,0.3933959901332855,0.6685516834259033,0.7475662231445312,0.7779712080955505,0.808681070804596,0.8048167824745178,0.6985229849815369
2025-01-22 00:42:54,0.39195650815963745,0.6673110127449036,0.7461646795272827,0.7761893272399902,0.8066759705543518,0.8033803105354309,0.6975991129875183
2025-01-22 00:42:53,0.3924693465232849,0.6677291989326477,0.7465991973876953,0.7766844630241394,0.8071414232254028,0.8038239479064941,0.6979840993881226
2025-01-22 00:42:52,0.39298221468925476,0.6681473851203918,0.7470337748527527,0.7771795988082886,0.8076068162918091,0.8042675852775574,0.6983690857887268
2025-01-22 00:42:51,0.39378058910369873,0.6694886088371277,0.7485947012901306,0.7787817120552063,0.8091151714324951,0.8054354786872864,0.699293315410614
2025-01-22 00:42:50,0.3939796984195709,0.6695653200149536,0.7485554218292236,0.7791070938110352,0.8097748160362244,0.8058639168739319,0.6997407078742981
2025-01-22 00:42:49,0.39351993799209595,0.6689959764480591,0.7480155229568481,0.7784696817398071,0.8090665340423584,0.8051354885101318,0.6994360685348511
2025-01-22 00:42:48,0.39306020736694336,0.6684265732765198,0.7474756240844727,0.7778322100639343,0.8083583116531372,0.8044071197509766,0.699131429195404
2025-01-22 00:42:47,0.39283666014671326,0.6679466962814331,0.7469571828842163,0.7773922681808472,0.8078673481941223,0.8039537668228149,0.6985776424407959
2025-01-22 00:42:46,0.39261311292648315,0.6674668788909912,0.7464386820793152,0.77695232629776,0.8073763847351074,0.8035004734992981,0.6980239152908325
2025-01-22 00:42:45,0.3927382230758667,0.6678800582885742,0.7467820644378662,0.777095377445221,0.8073029518127441,0.8036787509918213,0.6979067325592041
2025-01-22 00:42:44,0.39286330342292786,0.6682931780815125,0.7471253871917725,0.7772384285926819,0.8072295188903809,0.8038570880889893,0.6977894902229309
2025-01-22 00:42:43,0.3929370641708374,0.6683444976806641,0.7471885681152344,0.7772860527038574,0.8073318004608154,0.8038852214813232,0.6979007124900818
2025-01-22 00:42:42,0.39301079511642456,0.6683958768844604,0.7472517490386963,0.777333676815033,0.80743408203125,0.8039133548736572,0.6980118751525879
2025-01-22 00:42:41,0.3930845260620117,0.6684472560882568,0.747314989566803,0.7773813009262085,0.8075363039970398,0.8039414882659912,0.6981230974197388
2025-01-22 00:42:40,0.39315828680992126,0.6684985756874084,0.7473781704902649,0.777428925037384,0.8076385855674744,0.8039696216583252,0.6982343196868896
2025-01-22 00:42:39,0.39253920316696167,0.6676310896873474,0.7464485168457031,0.7768775224685669,0.8073592185974121,0.803662896156311,0.6979063749313354
2025-01-22 00:42:38,0.3925468325614929,0.6676923036575317,0.7465192079544067,0.7769641280174255,0.8073843717575073,0.8037105798721313,0.6978623270988464
2025-01-22 00:42:37,0.3925544321537018,0.6677535176277161,0.7465899586677551,0.777050793170929,0.8074095845222473,0.8037582635879517,0.6978182792663574
2025-01-22 00:42:36,0.39256203174591064,0.6678147315979004,0.7466606497764587,0.7771373987197876,0.8074347972869873,0.803805947303772,0.6977742314338684
2025-01-22 00:42:35,0.3925696611404419,0.6678759455680847,0.7467313408851624,0.7772240042686462,0.8074599504470825,0.8038536310195923,0.6977301836013794
2025-01-22 00:42:34,0.39257729053497314,0.667937159538269,0.7468020915985107,0.7773106694221497,0.8074851036071777,0.8039013147354126,0.6976861357688904
2025-01-22 00:42:33,0.392584890127182,0.6679983735084534,0.7468727827072144,0.7773972749710083,0.8075103163719177,0.8039489984512329,0.6976420879364014
2025-01-22 00:42:32,0.39271342754364014,0.6682074069976807,0.747055172920227,0.7775716781616211,0.8077599406242371,0.8041714429855347,0.6978079080581665
2025-01-22 00:42:31,0.3928419351577759,0.668416440486908,0.7472375631332397,0.7777460813522339,0.8080096244812012,0.8043938875198364,0.6979737877845764
2025-01-22 00:42:30,0.392970472574234,0.6686254739761353,0.7474200129508972,0.7779204249382019,0.8082592487335205,0.8046162724494934,0.6981396675109863
2025-01-22 00:42:29,0.39309900999069214,0.6688345074653625,0.7476024031639099,0.7780948281288147,0.8085088729858398,0.8048387169837952,0.6983054876327515
2025-01-22 00:42:28,0.39283961057662964,0.6680245399475098,0.7468756437301636,0.7773452997207642,0.8076660633087158,0.8039579391479492,0.6979106664657593
2025-01-22 00:42:27,0.39258021116256714,0.6672145128250122,0.7461488842964172,0.7765957117080688,0.8068233132362366,0.803077220916748,0.6975157856941223
2025-01-22 00:42:26,0.39261338114738464,0.6674852967262268,0.746327817440033,0.7767773270606995,0.8069426417350769,0.8032130002975464,0.6976348161697388
2025-01-22 00:42:25,0.39264652132987976,0.6677560210227966,0.7465067505836487,0.7769589424133301,0.807062029838562,0.8033487200737,0.6977537870407104
2025-01-22 00:42:24,0.39267969131469727,0.6680268049240112,0.7466856241226196,0.7771404981613159,0.8071813583374023,0.8034844994544983,0.6978728175163269
2025-01-22 00:42:23,0.3927128314971924,0.668297529220581,0.7468645572662354,0.7773221135139465,0.8073007464408875,0.8036202192306519,0.6979917883872986
2025-01-22 00:42:22,0.3927460014820099,0.6685683131217957,0.7470434904098511,0.7775037288665771,0.8074200749397278,0.8037559986114502,0.698110818862915
2025-01-22 00:42:21,0.39179420471191406,0.6663498282432556,0.7445967793464661,0.7752994894981384,0.8056663870811462,0.8019968867301941,0.6969975233078003
2025-01-22 00:42:20,0.3920133709907532,0.6667482256889343,0.7452443838119507,0.7758908867835999,0.8062832355499268,0.8025617599487305,0.697310209274292
2025-01-22 00:42:19,0.3922325670719147,0.667146623134613,0.7458919286727905,0.7764822840690613,0.8069000840187073,0.8031265735626221,0.6976229548454285
2025-01-22 00:42:18,0.3924517333507538,0.6675450205802917,0.7465394735336304,0.7770736813545227,0.8075169324874878,0.8036914467811584,0.6979357004165649
2025-01-22 00:42:17,0.3926709294319153,0.6679434180259705,0.747187077999115,0.7776650786399841,0.8081337809562683,0.8042563199996948,0.6982483863830566
2025-01-22 00:42:16,0.3928900957107544,0.6683418154716492,0.7469043731689453,0.777543306350708,0.8077043890953064,0.8037992715835571,0.6979268789291382
2025-01-22 00:42:15,0.3932585120201111,0.6688333749771118,0.7476189136505127,0.7782126069068909,0.808042585849762,0.8044115900993347,0.6984589099884033
2025-01-22 00:42:14,0.3931278884410858,0.6685947775840759,0.7473675012588501,0.7779300212860107,0.8078604340553284,0.8041470050811768,0.6982308626174927
2025-01-22 00:42:13,0.39299726486206055,0.66835618019104,0.7471160888671875,0.7776474952697754,0.80767822265625,0.8038824796676636,0.698002815246582
2025-01-22 00:42:12,0.3928666114807129,0.6681175231933594,0.7468647360801697,0.7773649096488953,0.8074960708618164,0.8036178946495056,0.6977747678756714
2025-01-22 00:42:11,0.3927359879016876,0.6678789258003235,0.7466133236885071,0.7770823240280151,0.8073139190673828,0.8033533096313477,0.6975467205047607
2025-01-22 00:42:10,0.3926444947719574,0.6676155924797058,0.7462733387947083,0.776701807975769,0.806861937046051,0.8030727505683899,0.6972276568412781
2025-01-22 00:42:09,0.3925530016422272,0.6673523187637329,0.7459332942962646,0.776321291923523,0.806410014629364,0.8027921915054321,0.6969085931777954
2025-01-22 00:42:08,0.39246147871017456,0.6670889854431152,0.7455933094024658,0.7759408354759216,0.8059580326080322,0.8025116324424744,0.6965895295143127
2025-01-22 00:42:07,0.39236998558044434,0.6668257117271423,0.7452532649040222,0.7755603194236755,0.8055061101913452,0.8022310733795166,0.6962704658508301
2025-01-22 00:42:06,0.3922784924507141,0.6665623784065247,0.7449132800102234,0.7751798033714294,0.8050541281700134,0.8019505143165588,0.6959514021873474
2025-01-22 00:42:05,0.39236021041870117,0.6668334603309631,0.7452031970024109,0.7754981517791748,0.8054177165031433,0.8021144866943359,0.6962348222732544
2025-01-22 00:42:04,0.39244192838668823,0.6671045422554016,0.7454931139945984,0.7758164405822754,0.8057813048362732,0.802278459072113,0.6965182423591614
2025-01-22 00:42:03,0.3925236761569977,0.6673755645751953,0.7457830905914307,0.7761347889900208,0.8061448335647583,0.8024424314498901,0.6968016624450684
2025-01-22 00:42:02,0.39260539412498474,0.6676466464996338,0.7460730075836182,0.7764530777931213,0.8065084218978882,0.8026064038276672,0.6970850825309753
2025-01-22 00:42:01,0.3926871120929718,0.6679177284240723,0.7463629245758057,0.7767714262008667,0.8068720102310181,0.8027703762054443,0.6973685026168823
2025-01-22 00:42:00,0.3927258551120758,0.6679904460906982,0.7464969158172607,0.7769237756729126,0.8070750832557678,0.8030527234077454,0.6975188851356506
2025-01-22 00:41:59,0.3927645683288574,0.668063223361969,0.7466309666633606,0.7770761251449585,0.8072781562805176,0.8033350706100464,0.6976692080497742
2025-01-22 00:41:58,0.3928033113479614,0.6681360006332397,0.7467649579048157,0.7772284746170044,0.8074811697006226,0.8036174774169922,0.6978195905685425
2025-01-22 00:41:57,0.39284205436706543,0.6682087182998657,0.7468989491462708,0.7773808836936951,0.8076842427253723,0.8038998246192932,0.6979699730873108
2025-01-22 00:41:56,0.39288076758384705,0.6682814359664917,0.7470329999923706,0.777533233165741,0.8078873157501221,0.8041821718215942,0.6981202960014343
2025-01-22 00:41:55,0.39291951060295105,0.6683542132377625,0.7471669912338257,0.7776855826377869,0.8080903887748718,0.8044645190238953,0.6982706785202026
2025-01-22 00:41:54,0.39284101128578186,0.6679595112800598,0.7469077110290527,0.7773470282554626,0.8073142170906067,0.8035808801651001,0.6978302001953125
2025-01-22 00:41:53,0.3927996754646301,0.667879581451416,0.7466102838516235,0.777062714099884,0.807029128074646,0.8032999038696289,0.69760662317276
2025-01-22 00:41:52,0.392758309841156,0.6677995920181274,0.7463128566741943,0.7767783999443054,0.8067440986633301,0.8030189275741577,0.6973830461502075
2025-01-22 00:41:51,0.3927169442176819,0.6677196025848389,0.7460154294967651,0.7764940857887268,0.8064590692520142,0.8027378916740417,0.697159469127655
2025-01-22 00:41:50,0.39267560839653015,0.6676396727561951,0.7457180023193359,0.7762097716331482,0.8061739802360535,0.8024569153785706,0.6969358921051025
2025-01-22 00:41:49,0.3930216133594513,0.6680681705474854,0.7468522787094116,0.7773215174674988,0.8073788285255432,0.8032795190811157,0.6977835297584534
2025-01-22 00:41:48,0.393462598323822,0.6695240139961243,0.7481368184089661,0.7785081267356873,0.8079866170883179,0.8042914867401123,0.6984944939613342
2025-01-22 00:41:47,0.39253780245780945,0.6675214171409607,0.7462347149848938,0.776683509349823,0.8070080280303955,0.8037140965461731,0.69771409034729
2025-01-22 00:41:46,0.3924984037876129,0.6673024892807007,0.7458089590072632,0.7762184143066406,0.8064465522766113,0.8029362559318542,0.6973304748535156
2025-01-22 00:41:45,0.3924590051174164,0.6670836210250854,0.7453832030296326,0.7757533192634583,0.8058850765228271,0.8021584153175354,0.696946918964386
2025-01-22 00:41:44,0.3925988972187042,0.6673228740692139,0.7457599639892578,0.7761383056640625,0.8061721324920654,0.8023213744163513,0.6970933079719543
2025-01-22 00:41:43,0.39273881912231445,0.6675621271133423,0.7461366653442383,0.7765232920646667,0.8064591288566589,0.8024843335151672,0.6972396969795227
2025-01-22 00:41:42,0.3928787112236023,0.6678013801574707,0.7465134263038635,0.776908278465271,0.8067461848258972,0.8026472926139832,0.6973860859870911
2025-01-22 00:41:41,0.39262890815734863,0.6677640080451965,0.7462571859359741,0.7765787243843079,0.8066796064376831,0.802818775177002,0.6975563764572144
2025-01-22 00:41:40,0.39287084341049194,0.6680920124053955,0.7466567754745483,0.7769591212272644,0.8069766163825989,0.8031731247901917,0.6977372765541077
2025-01-22 00:41:39,0.39311280846595764,0.6684200167655945,0.7470563054084778,0.777339518070221,0.8072736263275146,0.8035274744033813,0.697918176651001
2025-01-22 00:41:38,0.39290159940719604,0.6678147912025452,0.7464419603347778,0.7767454385757446,0.8069061636924744,0.803160548210144,0.6975586414337158
2025-01-22 00:41:37,0.39269042015075684,0.6672095060348511,0.7458276748657227,0.7761513590812683,0.8065386414527893,0.8027936220169067,0.6971990466117859
2025-01-22 00:41:36,0.39247921109199524,0.6666042804718018,0.7452133297920227,0.775557279586792,0.806171178817749,0.8024266958236694,0.6968395113945007
2025-01-22 00:41:35,0.392692506313324,0.6680284738540649,0.7463930249214172,0.7770513892173767,0.8070021867752075,0.8030065894126892,0.6976367235183716
2025-01-22 00:41:34,0.39206621050834656,0.6666095852851868,0.7451239824295044,0.775852382183075,0.8062258958816528,0.8024536967277527,0.6968048810958862
2025-01-22 00:41:33,0.3927221894264221,0.6678284406661987,0.7464920282363892,0.777198314666748,0.8076918125152588,0.8038550615310669,0.697781503200531
2025-01-22 00:41:32,0.39337819814682007,0.6690472960472107,0.7478600144386292,0.7785443067550659,0.8091577887535095,0.8052564859390259,0.6987581253051758
2025-01-22 00:41:31,0.3930361270904541,0.6683940887451172,0.7471001148223877,0.7777678966522217,0.8079283237457275,0.803945004940033,0.6981161832809448
2025-01-22 00:41:30,0.3926940858364105,0.6677408218383789,0.7463402152061462,0.7769914269447327,0.8066989183425903,0.80263352394104,0.6974741816520691
2025-01-22 00:41:29,0.39291828870773315,0.6680092811584473,0.7467505931854248,0.7770922183990479,0.8073139190673828,0.803567111492157,0.6977782249450684
2025-01-22 00:41:28,0.3927522897720337,0.6676998138427734,0.7462515830993652,0.7766841650009155,0.8069425225257874,0.8031245470046997,0.6975743770599365
2025-01-22 00:41:27,0.39258629083633423,0.6673902869224548,0.7457525134086609,0.7762761116027832,0.8065711259841919,0.8026819229125977,0.6973705887794495
2025-01-22 00:41:26,0.3926256000995636,0.6674214005470276,0.7461329102516174,0.7766299843788147,0.8068844079971313,0.8033714890480042,0.697465717792511
2025-01-22 00:41:25,0.3929344117641449,0.6680859923362732,0.7466208934783936,0.776896595954895,0.8068990707397461,0.803216278553009,0.6976010799407959
2025-01-22 00:41:24,0.3927066922187805,0.6676294803619385,0.746246874332428,0.7769647836685181,0.8069136738777161,0.80333411693573,0.6975365877151489
2025-01-22 00:41:23,0.392562597990036,0.6674418449401855,0.7460355758666992,0.7764842510223389,0.8066040277481079,0.8030824661254883,0.6972416639328003
2025-01-22 00:41:22,0.3924185037612915,0.6672542095184326,0.7458242177963257,0.7760037183761597,0.8062943816184998,0.8028308749198914,0.6969467997550964
2025-01-22 00:41:21,0.39253994822502136,0.6677709221839905,0.7463595271110535,0.7765896916389465,0.806751012802124,0.8032726645469666,0.697358250617981
2025-01-22 00:41:20,0.39266136288642883,0.6682875752449036,0.746894896030426,0.7771756052970886,0.8072075843811035,0.803714394569397,0.6977697610855103
2025-01-22 00:41:19,0.3927828073501587,0.6688042879104614,0.7474302053451538,0.7777615785598755,0.8076642155647278,0.8041561841964722,0.6981812119483948
2025-01-22 00:41:18,0.39286476373672485,0.6687561869621277,0.7473626136779785,0.777698814868927,0.807567298412323,0.8040653467178345,0.6981128454208374
2025-01-22 00:41:17,0.392946720123291,0.668708086013794,0.7472949624061584,0.7776360511779785,0.8074703216552734,0.803974449634552,0.6980444192886353
2025-01-22 00:41:16,0.3930286467075348,0.6686599850654602,0.7472273111343384,0.77757328748703,0.8073734045028687,0.8038835525512695,0.6979759931564331
2025-01-22 00:41:15,0.39311060309410095,0.6686118841171265,0.7471597194671631,0.7775105237960815,0.8072764873504639,0.8037927150726318,0.6979076266288757
2025-01-22 00:41:14,0.3930825889110565,0.6684597134590149,0.7470785975456238,0.7774558663368225,0.8071576356887817,0.8038285374641418,0.6979180574417114
2025-01-22 00:41:13,0.3930546045303345,0.6683074831962585,0.7469975352287292,0.7774011492729187,0.8070387244224548,0.8038643598556519,0.6979285478591919
2025-01-22 00:41:12,0.39302659034729004,0.668155312538147,0.7469164133071899,0.7773464918136597,0.8069198727607727,0.8039001822471619,0.6979389786720276
2025-01-22 00:41:11,0.3931015431880951,0.6683452129364014,0.7471274733543396,0.7775183916091919,0.8072765469551086,0.804011881351471,0.6980496048927307
2025-01-22 00:41:10,0.39317652583122253,0.6685351133346558,0.7473384737968445,0.7776902914047241,0.8076332211494446,0.8041236400604248,0.6981602907180786
2025-01-22 00:41:09,0.3932514786720276,0.6687250733375549,0.7475495338439941,0.7778621912002563,0.8079898357391357,0.8042353391647339,0.6982709169387817
2025-01-22 00:41:08,0.39332646131515503,0.6689149737358093,0.747760534286499,0.7780340909957886,0.8083465099334717,0.8043470978736877,0.6983816027641296
2025-01-22 00:41:07,0.3934014141559601,0.6691048741340637,0.7479715943336487,0.7782059907913208,0.8087031841278076,0.8044587969779968,0.6984922289848328
2025-01-22 00:41:06,0.3932744264602661,0.6688399314880371,0.7476851940155029,0.7779275178909302,0.8084158301353455,0.8043383359909058,0.6983311772346497
2025-01-22 00:41:05,0.39314740896224976,0.6685749292373657,0.747398853302002,0.7776490449905396,0.8081285357475281,0.8042178153991699,0.6981701254844666
2025-01-22 00:41:04,0.3930203914642334,0.6683099865913391,0.7471124529838562,0.7773705720901489,0.8078411817550659,0.8040973544120789,0.6980091333389282
2025-01-22 00:41:03,0.39289340376853943,0.6680450439453125,0.7468260526657104,0.7770921587944031,0.8075538277626038,0.8039768934249878,0.6978480815887451
2025-01-22 00:41:02,0.39276641607284546,0.6677800416946411,0.7465397119522095,0.7768136858940125,0.8072665333747864,0.803856372833252,0.697687029838562
2025-01-22 00:41:01,0.3926393985748291,0.6675150990486145,0.7462533116340637,0.7765352129936218,0.8069791793823242,0.8037359118461609,0.6975259780883789
2025-01-22 00:41:00,0.3926844894886017,0.6675863265991211,0.7461475133895874,0.7762969136238098,0.8064606785774231,0.8026632070541382,0.6971104145050049
2025-01-22 00:40:59,0.39307838678359985,0.6688500046730042,0.7476829886436462,0.7782104015350342,0.8083449006080627,0.804499626159668,0.6983981132507324
2025-01-22 00:40:58,0.39284300804138184,0.6681748032569885,0.746950089931488,0.7772303819656372,0.8073310256004333,0.8041080236434937,0.6977022886276245
2025-01-22 00:40:57,0.39283180236816406,0.6678639054298401,0.7466015219688416,0.7774506211280823,0.8071972131729126,0.8037164807319641,0.6976441740989685
2025-01-22 00:40:56,0.39288949966430664,0.6679785847663879,0.7468106150627136,0.7774103283882141,0.8078510165214539,0.8041242957115173,0.6979256868362427
2025-01-22 00:40:55,0.3928353488445282,0.6680513024330139,0.7468893527984619,0.7774237394332886,0.8076283931732178,0.8039772510528564,0.6978762149810791
2025-01-22 00:40:54,0.39278119802474976,0.6681240200996399,0.7469680905342102,0.7774372100830078,0.8074058294296265,0.8038302659988403,0.6978268027305603
2025-01-22 00:40:53,0.39289024472236633,0.6681879162788391,0.7470468282699585,0.7774109840393066,0.8073651194572449,0.8036832213401794,0.6976920962333679
2025-01-22 00:40:52,0.3929992914199829,0.6686016917228699,0.7471617460250854,0.7779703736305237,0.8076785802841187,0.8039056062698364,0.6981831192970276
2025-01-22 00:40:51,0.39301609992980957,0.6684461832046509,0.7472766637802124,0.7778264284133911,0.8077694177627563,0.8041279911994934,0.6981906890869141
2025-01-22 00:40:50,0.39303290843963623,0.6682906746864319,0.7473915815353394,0.7776824831962585,0.8078603148460388,0.8043503761291504,0.6981983184814453
2025-01-22 00:40:49,0.39292749762535095,0.6681262254714966,0.7471858263015747,0.777610182762146,0.8077100515365601,0.8040830492973328,0.6981136202812195
2025-01-22 00:40:48,0.3928220868110657,0.6679617166519165,0.7469800710678101,0.7775378823280334,0.8075597882270813,0.8038157224655151,0.6980289220809937
2025-01-22 00:40:47,0.3925730586051941,0.667651891708374,0.7465405464172363,0.7769735455513,0.8074091672897339,0.8037238717079163,0.697862982749939
2025-01-22 00:40:46,0.3923240005970001,0.6673421263694763,0.7461010813713074,0.7764092087745667,0.8072586059570312,0.8036320209503174,0.6976969838142395
2025-01-22 00:40:45,0.3926321566104889,0.6676833629608154,0.7465963959693909,0.7768714427947998,0.8074628114700317,0.803796112537384,0.6978119611740112
2025-01-22 00:40:44,0.39294031262397766,0.6680245995521545,0.7470917105674744,0.7773336172103882,0.807667076587677,0.8039602041244507,0.6979269981384277
2025-01-22 00:40:43,0.3929274082183838,0.6680033206939697,0.7470493912696838,0.7772952318191528,0.8074454069137573,0.8039367198944092,0.6980286836624146
2025-01-22 00:40:42,0.3929145038127899,0.6679819822311401,0.7470070719718933,0.7772569060325623,0.8072236776351929,0.8039131760597229,0.6981303095817566
2025-01-22 00:40:41,0.3928475081920624,0.6679177284240723,0.7469944953918457,0.7773807644844055,0.8075840473175049,0.804020881652832,0.6983377933502197
2025-01-22 00:40:40,0.39278051257133484,0.6678534746170044,0.7469819188117981,0.7775046229362488,0.8079444169998169,0.8041285872459412,0.6985452175140381
2025-01-22 00:40:39,0.393116295337677,0.6685835719108582,0.7475175261497498,0.7780306935310364,0.8082407712936401,0.803702175617218,0.698498010635376
2025-01-22 00:40:38,0.3933035433292389,0.6686711311340332,0.7476474046707153,0.777990460395813,0.808333694934845,0.803786039352417,0.6985335350036621
2025-01-22 00:40:37,0.3934907615184784,0.6687586307525635,0.7477773427963257,0.7779502272605896,0.808426558971405,0.8038698434829712,0.6985690593719482
2025-01-22 00:40:36,0.3936780095100403,0.6688461899757385,0.7479072213172913,0.7779099941253662,0.8085194826126099,0.8039537072181702,0.6986045837402344
2025-01-22 00:40:35,0.3930848240852356,0.6682615876197815,0.7472689151763916,0.7773157954216003,0.8077980279922485,0.8037537336349487,0.6981122493743896
2025-01-22 00:40:34,0.3924916088581085,0.6676769852638245,0.7466306090354919,0.7767215967178345,0.8070765137672424,0.8035538196563721,0.6976199150085449
2025-01-22 00:40:33,0.39294910430908203,0.6675459742546082,0.7464888095855713,0.7766404151916504,0.8071510791778564,0.803714394569397,0.6979984045028687
2025-01-22 00:40:32,0.39212891459465027,0.6669589877128601,0.7458047270774841,0.7758408784866333,0.8060899972915649,0.8022326827049255,0.6966438889503479
2025-01-22 00:40:31,0.3920876383781433,0.6670706272125244,0.7459192276000977,0.7759518027305603,0.8063610792160034,0.802476704120636,0.6968626379966736
2025-01-22 00:40:30,0.39204639196395874,0.6671823263168335,0.746033787727356,0.7760627269744873,0.8066322207450867,0.8027207255363464,0.6970813870429993
2025-01-22 00:40:29,0.3924387991428375,0.6676809191703796,0.7465947866439819,0.7766208052635193,0.8071064352989197,0.8031943440437317,0.6973921060562134
2025-01-22 00:40:28,0.3928312063217163,0.6681795120239258,0.7471557259559631,0.777178943157196,0.8075807094573975,0.8036679625511169,0.6977028846740723
2025-01-22 00:40:27,0.3932236135005951,0.6686781048774719,0.7477167248725891,0.777737021446228,0.8080549240112305,0.8041415810585022,0.6980136036872864
2025-01-22 00:40:26,0.39306071400642395,0.6682076454162598,0.7472366690635681,0.77740478515625,0.8076775074005127,0.8038790225982666,0.697964072227478
2025-01-22 00:40:25,0.3928978145122528,0.6677371263504028,0.7467566132545471,0.7770724892616272,0.8073000907897949,0.8036164045333862,0.6979144811630249
2025-01-22 00:40:24,0.39256900548934937,0.6678889989852905,0.7466006278991699,0.7767335176467896,0.8068044185638428,0.8033990859985352,0.6970868110656738
2025-01-22 00:40:23,0.3917742967605591,0.6669573783874512,0.7459208965301514,0.775924026966095,0.8063383102416992,0.8026037216186523,0.6968008279800415
2025-01-22 00:40:22,0.39279431104660034,0.6675432920455933,0.7463042736053467,0.7767452001571655,0.8062968254089355,0.8030704259872437,0.6968855261802673
2025-01-22 00:40:21,0.3928520977497101,0.6681032776832581,0.747121274471283,0.7771313786506653,0.8078334927558899,0.803735613822937,0.69760662317276
2025-01-22 00:40:20,0.39258110523223877,0.667585551738739,0.7464213371276855,0.7764189839363098,0.8070588111877441,0.8030483722686768,0.6970802545547485
2025-01-22 00:40:19,0.39231011271476746,0.66706782579422,0.7457213997840881,0.7757065892219543,0.8062841296195984,0.8023611903190613,0.6965538263320923
2025-01-22 00:40:18,0.3923627734184265,0.667144775390625,0.7459908723831177,0.7760671377182007,0.8065521717071533,0.8027255535125732,0.696877121925354
2025-01-22 00:40:17,0.39241543412208557,0.66722172498703,0.7462602853775024,0.776427686214447,0.8068202137947083,0.80308997631073,0.6972004175186157
2025-01-22 00:40:16,0.39246809482574463,0.6673663854598999,0.7463601231575012,0.7766501903533936,0.8066912293434143,0.8030136227607727,0.6970282793045044
2025-01-22 00:40:15,0.392322838306427,0.6672290563583374,0.7462003827095032,0.7765757441520691,0.8067348003387451,0.803020179271698,0.6971482038497925
2025-01-22 00:40:14,0.3921775817871094,0.6670917272567749,0.7460407018661499,0.7765012979507446,0.8067783713340759,0.8030266761779785,0.6972681283950806
2025-01-22 00:40:13,0.39203235507011414,0.6669544577598572,0.7458809614181519,0.7764268517494202,0.8068219423294067,0.8030332326889038,0.6973879933357239
2025-01-22 00:40:12,0.3918870985507965,0.6668171286582947,0.7457212209701538,0.7763524055480957,0.8068655133247375,0.8030397891998291,0.697507917881012
2025-01-22 00:40:11,0.3919287621974945,0.6667932271957397,0.7456651926040649,0.7763108015060425,0.8067940473556519,0.8029798865318298,0.6974560618400574
2025-01-22 00:40:10,0.3919704258441925,0.6667693257331848,0.7456091642379761,0.776269257068634,0.8067225813865662,0.8029199838638306,0.6974042057991028
2025-01-22 00:40:09,0.3920121192932129,0.6667454242706299,0.7455531358718872,0.7762276530265808,0.8066511154174805,0.8028600811958313,0.6973523497581482
2025-01-22 00:40:08,0.3920537829399109,0.666721522808075,0.7454971671104431,0.7761860489845276,0.8065796494483948,0.802800178527832,0.6973004937171936
2025-01-22 00:40:07,0.3920954465866089,0.66669762134552,0.7454411387443542,0.7761445045471191,0.8065081834793091,0.8027402758598328,0.697248637676239
2025-01-22 00:40:06,0.3921371102333069,0.6666737198829651,0.7453851103782654,0.7761029005050659,0.8064367175102234,0.8026803731918335,0.6971967816352844
2025-01-22 00:40:05,0.39250800013542175,0.6672815680503845,0.7459967136383057,0.7762970924377441,0.8065582513809204,0.8027903437614441,0.6972779035568237
2025-01-22 00:40:04,0.3928788900375366,0.667889416217804,0.746608316898346,0.7764912843704224,0.8066797852516174,0.8029003143310547,0.697359025478363
2025-01-22 00:40:03,0.39257386326789856,0.6675667762756348,0.7463322281837463,0.7765079736709595,0.8068833351135254,0.8029918670654297,0.6973352432250977
2025-01-22 00:40:02,0.3922688364982605,0.6672441363334656,0.7460561990737915,0.7765246033668518,0.8070868253707886,0.8030834197998047,0.6973114013671875
2025-01-22 00:40:01,0.39196380972862244,0.6669214963912964,0.7457801103591919,0.7765412926673889,0.8072903752326965,0.8031749725341797,0.6972876191139221
2025-01-22 00:40:00,0.39226239919662476,0.6671996116638184,0.746091902256012,0.7761362195014954,0.8065025210380554,0.803236722946167,0.6971408724784851
2025-01-22 00:39:59,0.3924618661403656,0.6674684882164001,0.746322512626648,0.7765392661094666,0.8067672252655029,0.8034031987190247,0.6973338723182678
2025-01-22 00:39:58,0.39266133308410645,0.6677374243736267,0.7465530633926392,0.776942253112793,0.8070319890975952,0.8035697340965271,0.6975268721580505
2025-01-22 00:39:57,0.3928608000278473,0.6680063009262085,0.7467836737632751,0.7773452997207642,0.8072966933250427,0.8037362098693848,0.6977198719978333
2025-01-22 00:39:56,0.3927392363548279,0.6676957011222839,0.7464914917945862,0.7769606113433838,0.8071024417877197,0.8035862445831299,0.6977323889732361
2025-01-22 00:39:55,0.39261767268180847,0.6673851013183594,0.746199369430542,0.7765758633613586,0.806908130645752,0.8034363389015198,0.6977449059486389
2025-01-22 00:39:54,0.39249610900878906,0.6670745015144348,0.745907187461853,0.7761911749839783,0.806713879108429,0.8032863736152649,0.6977574229240417
2025-01-22 00:39:53,0.3925429582595825,0.6672152280807495,0.7460277676582336,0.7763701677322388,0.8066584467887878,0.8033095598220825,0.6976340413093567
2025-01-22 00:39:52,0.39258983731269836,0.6673559546470642,0.746148407459259,0.776549220085144,0.8066030144691467,0.8033326864242554,0.6975106596946716
2025-01-22 00:39:51,0.3926366865634918,0.6674966812133789,0.7462689876556396,0.7767282128334045,0.8065475821495056,0.803355872631073,0.6973872780799866
2025-01-22 00:39:50,0.3927414119243622,0.6676038503646851,0.7464053630828857,0.7768796682357788,0.8066247701644897,0.8034036755561829,0.6973459124565125
2025-01-22 00:39:49,0.39284616708755493,0.6677110195159912,0.7465417385101318,0.7770310640335083,0.8067018985748291,0.803451418876648,0.6973044872283936
2025-01-22 00:39:48,0.3929508924484253,0.6678181886672974,0.7466781139373779,0.7771825194358826,0.8067790865898132,0.8034992218017578,0.6972631216049194
2025-01-22 00:39:47,0.3928779363632202,0.6679253578186035,0.7466647624969482,0.7772212028503418,0.8070926666259766,0.8034510612487793,0.697240948677063
2025-01-22 00:39:46,0.3928050100803375,0.6680325269699097,0.7466514110565186,0.7772598266601562,0.8074061870574951,0.8034029006958008,0.6972187757492065
2025-01-22 00:39:45,0.39282554388046265,0.668008029460907,0.7466291189193726,0.7771738171577454,0.8073031902313232,0.8033971786499023,0.6972128748893738
2025-01-22 00:39:44,0.39284610748291016,0.6679835319519043,0.7466067671775818,0.7770878076553345,0.8072001338005066,0.8033914566040039,0.697206974029541
2025-01-22 00:39:43,0.39286667108535767,0.6679589748382568,0.746584415435791,0.7770017981529236,0.8070970773696899,0.8033857941627502,0.6972010731697083
2025-01-22 00:39:42,0.3928872048854828,0.6679344773292542,0.746562123298645,0.7769157886505127,0.8069940805435181,0.8033800721168518,0.6971951723098755
2025-01-22 00:39:41,0.39294248819351196,0.6682965159416199,0.7468706965446472,0.777377724647522,0.8073729276657104,0.803583025932312,0.6974079012870789
2025-01-22 00:39:40,0.39238908886909485,0.6671959757804871,0.7457659840583801,0.7757635116577148,0.8057543039321899,0.8026120066642761,0.6965677738189697
2025-01-22 00:39:39,0.3924553096294403,0.6674122214317322,0.7459682822227478,0.7762451767921448,0.8064656853675842,0.8028162121772766,0.6967930793762207
2025-01-22 00:39:38,0.39256760478019714,0.6674584150314331,0.7460166215896606,0.7762832045555115,0.8068885803222656,0.8027254939079285,0.6969969868659973
2025-01-22 00:39:37,0.392667293548584,0.6675580143928528,0.7462037205696106,0.776459813117981,0.8067674040794373,0.8029369115829468,0.6974424123764038
2025-01-22 00:39:36,0.39280250668525696,0.6679308414459229,0.7465639710426331,0.7769201397895813,0.8071953058242798,0.8033498525619507,0.6976683139801025
2025-01-22 00:39:35,0.39293769001960754,0.6683036684989929,0.7469241619110107,0.7773804664611816,0.8076232075691223,0.8037627339363098,0.697894275188446
2025-01-22 00:39:34,0.3930729031562805,0.668676495552063,0.7472844123840332,0.777840793132782,0.8080511093139648,0.8041756749153137,0.6981201767921448
2025-01-22 00:39:33,0.3932080864906311,0.668985903263092,0.7476943731307983,0.7779865860939026,0.8082464933395386,0.8046091794967651,0.6984933018684387
2025-01-22 00:39:32,0.3933432996273041,0.6692953109741211,0.7481042742729187,0.7781323790550232,0.8084418773651123,0.8050426244735718,0.6988664269447327
2025-01-22 00:39:31,0.39330294728279114,0.6691675186157227,0.7480075359344482,0.7780740261077881,0.8083739280700684,0.8047327995300293,0.698563277721405
2025-01-22 00:39:30,0.3932625949382782,0.669039785861969,0.7479107975959778,0.7780156135559082,0.8083059191703796,0.8044229745864868,0.6982601284980774
2025-01-22 00:39:29,0.39307188987731934,0.6687137484550476,0.7476595044136047,0.7779991626739502,0.8081936836242676,0.8045812249183655,0.6985584497451782
2025-01-22 00:39:28,0.39288121461868286,0.6683877110481262,0.7474082112312317,0.7779827117919922,0.8080813884735107,0.8047394752502441,0.6988567113876343
2025-01-22 00:39:27,0.3923530876636505,0.6672112941741943,0.7460402846336365,0.7762870788574219,0.8070762157440186,0.8030493259429932,0.6980990767478943
2025-01-22 00:39:26,0.39276841282844543,0.6682252287864685,0.7469841241836548,0.7776557803153992,0.8080890774726868,0.8046342730522156,0.698462724685669
2025-01-22 00:39:25,0.39273667335510254,0.6679295301437378,0.7465813755989075,0.7769092321395874,0.8072883486747742,0.8037329316139221,0.6978194117546082
2025-01-22 00:39:24,0.39270490407943726,0.6676337718963623,0.7461786270141602,0.7761626839637756,0.8064876198768616,0.8028315901756287,0.6971760988235474
2025-01-22 00:39:23,0.39270928502082825,0.667641282081604,0.7461864948272705,0.7763144969940186,0.806662380695343,0.8030305504798889,0.6973627209663391
2025-01-22 00:39:22,0.39271366596221924,0.6676487922668457,0.7461943030357361,0.7764663100242615,0.8068371415138245,0.8032295107841492,0.6975494027137756
2025-01-22 00:39:21,0.39271804690361023,0.6676563024520874,0.7462021708488464,0.7766181230545044,0.8070119023323059,0.8034284710884094,0.6977360248565674
2025-01-22 00:39:20,0.3927224278450012,0.6675047874450684,0.7463610172271729,0.7765036821365356,0.8069230318069458,0.8031619787216187,0.6975517272949219
2025-01-22 00:39:19,0.3927268087863922,0.6673532724380493,0.7465198040008545,0.7763891816139221,0.8068341016769409,0.8028954863548279,0.6973674893379211
2025-01-22 00:39:18,0.3928149938583374,0.6676918268203735,0.7466877102851868,0.7769104838371277,0.8072539567947388,0.8033931255340576,0.69803786277771
2025-01-22 00:39:17,0.392903208732605,0.6680303812026978,0.746855616569519,0.7774317860603333,0.8076738715171814,0.8038908243179321,0.6987082958221436
2025-01-22 00:39:16,0.39318549633026123,0.6687330007553101,0.7478156089782715,0.7783451080322266,0.8088709115982056,0.8052204251289368,0.6993904709815979
2025-01-22 00:39:15,0.39314699172973633,0.6685605049133301,0.7475622892379761,0.7781853079795837,0.8086099624633789,0.8046828508377075,0.698841392993927
2025-01-22 00:39:14,0.3931084871292114,0.6683880090713501,0.7473090291023254,0.7780255079269409,0.808349072933197,0.8041452169418335,0.6982923150062561
2025-01-22 00:39:13,0.3929477334022522,0.6680965423583984,0.7470413446426392,0.7775207161903381,0.8075637221336365,0.8038180470466614,0.6978335976600647
2025-01-22 00:39:12,0.39278700947761536,0.667805016040802,0.7467736005783081,0.7770159244537354,0.8067783713340759,0.8034908771514893,0.6973748803138733
2025-01-22 00:39:11,0.3926834762096405,0.6676386594772339,0.7467225193977356,0.7770201563835144,0.8068336844444275,0.8035112619400024,0.697364091873169
2025-01-22 00:39:10,0.39257994294166565,0.667472243309021,0.7466714978218079,0.7770244479179382,0.8068890571594238,0.8035315871238708,0.6973533034324646
2025-01-22 00:39:09,0.3924764096736908,0.6673058867454529,0.7466204166412354,0.7770286798477173,0.8069443702697754,0.803551971912384,0.6973425149917603
2025-01-22 00:39:08,0.39245522022247314,0.6673158407211304,0.7464914917945862,0.7769662737846375,0.806943953037262,0.8034971952438354,0.6974003911018372
2025-01-22 00:39:07,0.3924340009689331,0.6673258543014526,0.7463626265525818,0.7769038677215576,0.8069435358047485,0.8034424185752869,0.6974582076072693
2025-01-22 00:39:06,0.39241281151771545,0.6673358082771301,0.7462337017059326,0.776841402053833,0.8069430589675903,0.8033875823020935,0.6975160837173462
2025-01-22 00:39:05,0.3923915922641754,0.6673458218574524,0.7461048364639282,0.7767789959907532,0.8069426417350769,0.8033328056335449,0.6975739002227783
2025-01-22 00:39:04,0.39237040281295776,0.6673557758331299,0.745975911617279,0.7767165899276733,0.8069422245025635,0.8032780289649963,0.6976317763328552
2025-01-22 00:39:03,0.3924705386161804,0.6674294471740723,0.7461796998977661,0.7768417596817017,0.8069913387298584,0.8033931255340576,0.6976470947265625
2025-01-22 00:39:02,0.39257070422172546,0.6675031781196594,0.7463834881782532,0.7769669890403748,0.8070403933525085,0.8035082221031189,0.6976624131202698
2025-01-22 00:39:01,0.39253100752830505,0.6676162481307983,0.7463343143463135,0.7768285274505615,0.8069571256637573,0.8032841086387634,0.6975528001785278
2025-01-22 00:39:00,0.39249131083488464,0.6677293181419373,0.746285080909729,0.7766901254653931,0.8068737983703613,0.803059995174408,0.6974431276321411
2025-01-22 00:38:59,0.39274048805236816,0.6678967475891113,0.7468870878219604,0.777119517326355,0.8073214292526245,0.8035529851913452,0.6977158784866333
2025-01-22 00:38:58,0.3929896950721741,0.6680641174316406,0.7474890947341919,0.7775489091873169,0.8077691197395325,0.8040459752082825,0.6979886293411255
2025-01-22 00:38:57,0.39186981320381165,0.6667258739471436,0.7454466819763184,0.7762097120285034,0.8066658973693848,0.8032044172286987,0.697195291519165
2025-01-22 00:38:56,0.39203354716300964,0.6669465899467468,0.7457087635993958,0.7763998508453369,0.8068899512290955,0.8033498525619507,0.6972476840019226
2025-01-22 00:38:55,0.39219725131988525,0.6671673059463501,0.7459708452224731,0.7765900492668152,0.8071139454841614,0.8034952878952026,0.697300136089325
2025-01-22 00:38:54,0.39236098527908325,0.6673880219459534,0.7462329268455505,0.7767801880836487,0.8073379993438721,0.8036407232284546,0.6973525285720825
2025-01-22 00:38:53,0.3925085663795471,0.6675044298171997,0.7463514804840088,0.7769043445587158,0.8073582649230957,0.8037281036376953,0.6974471211433411
2025-01-22 00:38:52,0.392656147480011,0.667620837688446,0.7464700937271118,0.777028501033783,0.8073785305023193,0.8038154244422913,0.6975416541099548
2025-01-22 00:38:51,0.39280372858047485,0.6677371859550476,0.7465886473655701,0.7771525979042053,0.8073988556861877,0.803902804851532,0.6976362466812134
2025-01-22 00:38:50,0.3929513096809387,0.667853593826294,0.7467072606086731,0.7772767543792725,0.8074191212654114,0.8039901256561279,0.6977307796478271
2025-01-22 00:38:49,0.3930988907814026,0.6679700016975403,0.7468258142471313,0.7774009108543396,0.807439386844635,0.8040775060653687,0.6978253722190857
2025-01-22 00:38:48,0.39288151264190674,0.6678324341773987,0.746715247631073,0.7772303819656372,0.8075193762779236,0.803957462310791,0.6978169679641724
2025-01-22 00:38:47,0.3926641643047333,0.6676948666572571,0.7466047406196594,0.7770599126815796,0.8075994253158569,0.8038374185562134,0.6978085041046143
2025-01-22 00:38:46,0.3924467861652374,0.6675572991371155,0.7464941740036011,0.7768893837928772,0.8076794147491455,0.8037173748016357,0.6978000998497009
2025-01-22 00:38:45,0.3923799991607666,0.6672424077987671,0.7461252212524414,0.7764814496040344,0.8072317838668823,0.8032444715499878,0.6975257396697998
2025-01-22 00:38:44,0.3923132121562958,0.6669275164604187,0.745756208896637,0.7760735154151917,0.8067842125892639,0.8027716279029846,0.6972513198852539
2025-01-22 00:38:43,0.3923860490322113,0.6671610474586487,0.7459253072738647,0.7762015461921692,0.8069495558738708,0.8030586838722229,0.6973849534988403
2025-01-22 00:38:42,0.39245888590812683,0.6673945784568787,0.7460943460464478,0.7763295769691467,0.8071148991584778,0.8033456802368164,0.6975185871124268
2025-01-22 00:38:41,0.39253172278404236,0.6676281094551086,0.7462634444236755,0.776457667350769,0.8072803020477295,0.8036327362060547,0.6976521611213684
2025-01-22 00:38:40,0.3926045596599579,0.6678616404533386,0.7464324831962585,0.7765856981277466,0.8074456453323364,0.8039197325706482,0.6977857947349548
2025-01-22 00:38:39,0.3926773965358734,0.6680951714515686,0.7466015815734863,0.7767137289047241,0.8076109886169434,0.8042067885398865,0.6979194283485413
2025-01-22 00:38:38,0.39261049032211304,0.6679148077964783,0.746488094329834,0.7766389846801758,0.8075194358825684,0.803982138633728,0.6978223919868469
2025-01-22 00:38:37,0.39254361391067505,0.6677345037460327,0.7463746070861816,0.7765642404556274,0.8074278831481934,0.8037574887275696,0.6977252960205078
2025-01-22 00:38:36,0.3924767076969147,0.6675541400909424,0.7462610602378845,0.7764894366264343,0.8073362708091736,0.8035328388214111,0.6976282596588135
2025-01-22 00:38:35,0.3924098014831543,0.667373776435852,0.7461475729942322,0.776414692401886,0.8072447180747986,0.8033081889152527,0.6975312232971191
2025-01-22 00:38:34,0.39253270626068115,0.6676720976829529,0.7464582324028015,0.7768347859382629,0.8075284957885742,0.8035082221031189,0.6977067589759827
2025-01-22 00:38:33,0.3926555812358856,0.6679703593254089,0.7467689514160156,0.7772548794746399,0.8078123331069946,0.8037082552909851,0.697882354259491
2025-01-22 00:38:32,0.3927784860134125,0.6682686805725098,0.747079610824585,0.7776749730110168,0.8080961108207703,0.8039082884788513,0.6980578899383545
2025-01-22 00:38:31,0.39256611466407776,0.6679986119270325,0.7469215989112854,0.7772967219352722,0.8073862791061401,0.803282618522644,0.697563886642456
2025-01-22 00:38:30,0.39316990971565247,0.6685655117034912,0.7477664351463318,0.7780277729034424,0.8082791566848755,0.8043861389160156,0.6982558369636536
2025-01-22 00:38:29,0.3937737047672272,0.6691324710845947,0.7486112713813782,0.7787588238716125,0.8091719746589661,0.8054895997047424,0.6989477872848511
2025-01-22 00:38:28,0.39350929856300354,0.6687893867492676,0.7481565475463867,0.7783698439598083,0.8086956739425659,0.8049842119216919,0.6986554861068726
2025-01-22 00:38:27,0.3932448625564575,0.6684463024139404,0.7477018237113953,0.7779808640480042,0.8082194328308105,0.8044788837432861,0.698363184928894
2025-01-22 00:38:26,0.3929804563522339,0.6681031584739685,0.747247040271759,0.7775919437408447,0.8077431321144104,0.8039734959602356,0.6980708241462708
2025-01-22 00:38:25,0.39271602034568787,0.6677600741386414,0.7467923164367676,0.7772029638290405,0.807266891002655,0.8034681677818298,0.6977785229682922
2025-01-22 00:38:24,0.39245161414146423,0.6674169898033142,0.7463375926017761,0.7768139839172363,0.8067905902862549,0.8029627799987793,0.6974862217903137
2025-01-22 00:38:23,0.39286550879478455,0.668389081954956,0.747427225112915,0.7776874899864197,0.8079990744590759,0.8040468096733093,0.6977760195732117
2025-01-22 00:38:22,0.3925741910934448,0.6671854257583618,0.745947003364563,0.7763153910636902,0.8065940737724304,0.8029928207397461,0.6972177028656006
2025-01-22 00:38:21,0.39263275265693665,0.66758131980896,0.7462982535362244,0.7767032384872437,0.8070919513702393,0.8033638000488281,0.697522759437561
2025-01-22 00:38:20,0.39269131422042847,0.6679772734642029,0.7466495037078857,0.7770910263061523,0.8075898289680481,0.8037347197532654,0.6978278160095215
2025-01-22 00:38:19,0.39283910393714905,0.6685603260993958,0.7474753260612488,0.7779092192649841,0.8084744215011597,0.8040822148323059,0.6980330944061279
2025-01-22 00:38:18,0.39267534017562866,0.6681957244873047,0.7471582889556885,0.7775620222091675,0.8079112768173218,0.8037603497505188,0.6978049874305725
2025-01-22 00:38:17,0.39251160621643066,0.6678311228752136,0.7468411922454834,0.7772148251533508,0.8073480725288391,0.8034384846687317,0.6975768804550171
2025-01-22 00:38:16,0.3924802839756012,0.6675357222557068,0.7464004158973694,0.7768736481666565,0.8071106672286987,0.8032029271125793,0.6974955201148987
2025-01-22 00:38:15,0.39244893193244934,0.6672403216362,0.7459595799446106,0.7765324711799622,0.8068733215332031,0.802967369556427,0.6974141597747803
2025-01-22 00:38:14,0.3924176096916199,0.6669449210166931,0.7455188035964966,0.7761912941932678,0.8066359162330627,0.8027318120002747,0.6973327994346619
2025-01-22 00:38:13,0.3921773433685303,0.666790246963501,0.7453513145446777,0.7759709358215332,0.8062095046043396,0.8025088310241699,0.6971486806869507
2025-01-22 00:38:12,0.39193710684776306,0.6666355133056641,0.7451838254928589,0.7757505774497986,0.8057830929756165,0.80228590965271,0.6969645023345947
2025-01-22 00:38:11,0.3923293948173523,0.6674103140830994,0.7460886240005493,0.7765446305274963,0.8068596124649048,0.8031265735626221,0.6975222826004028
2025-01-22 00:38:10,0.3927217125892639,0.6681851148605347,0.7469934225082397,0.7773386836051941,0.8079360723495483,0.8039671778678894,0.6980801224708557
2025-01-22 00:38:09,0.3926699161529541,0.6681040525436401,0.7468870878219604,0.7772922515869141,0.8078703880310059,0.8039359450340271,0.6980540752410889
2025-01-22 00:38:08,0.3926181197166443,0.6680230498313904,0.7467807531356812,0.7772457599639893,0.8078047037124634,0.80390465259552,0.6980280876159668
2025-01-22 00:38:07,0.3925662934780121,0.6679420471191406,0.7466744184494019,0.7771993279457092,0.8077390789985657,0.8038734197616577,0.6980020403862
2025-01-22 00:38:06,0.39251449704170227,0.6678609848022461,0.7465680837631226,0.7771528959274292,0.8076733946800232,0.8038421869277954,0.6979759931564331
2025-01-22 00:38:05,0.39263010025024414,0.6678866744041443,0.7466579675674438,0.7772085070610046,0.807533323764801,0.8038538098335266,0.697877824306488
2025-01-22 00:38:04,0.392745703458786,0.6679124236106873,0.7467477917671204,0.7772641777992249,0.8073931932449341,0.8038654923439026,0.697779655456543
2025-01-22 00:38:03,0.3928613066673279,0.6679381132125854,0.7468376755714417,0.7773197889328003,0.8072531223297119,0.8038771152496338,0.6976814866065979
2025-01-22 00:38:02,0.39274176955223083,0.6678349375724792,0.7464607954025269,0.7769966125488281,0.8070672154426575,0.8036857843399048,0.6977232098579407
2025-01-22 00:38:01,0.3926222324371338,0.6677317023277283,0.7464747428894043,0.7768477201461792,0.8069975972175598,0.8035286068916321,0.6975390911102295
2025-01-22 00:38:00,0.39250269532203674,0.6676285266876221,0.7464886903762817,0.776698887348175,0.8069279789924622,0.8033714294433594,0.6973549127578735
2025-01-22 00:37:59,0.39240413904190063,0.6676009893417358,0.7464235424995422,0.7767202854156494,0.8072919845581055,0.8037206530570984,0.6978623867034912
2025-01-22 00:37:58,0.3923056125640869,0.6675735116004944,0.7463583946228027,0.776741623878479,0.8076559901237488,0.8040698766708374,0.6983698010444641
2025-01-22 00:37:57,0.39258062839508057,0.6677131652832031,0.746618390083313,0.7769904732704163,0.8075845837593079,0.8039964437484741,0.6980718374252319
2025-01-22 00:37:56,0.39285561442375183,0.6678528189659119,0.7468783259391785,0.7772393226623535,0.8075131773948669,0.8039230704307556,0.697773814201355
2025-01-22 00:37:55,0.39233648777008057,0.6676462888717651,0.7463173270225525,0.7770236134529114,0.8070173859596252,0.803626298904419,0.6975783109664917
2025-01-22 00:37:54,0.3928714990615845,0.6679729223251343,0.746494710445404,0.7772654891014099,0.8074222207069397,0.803727924823761,0.6977627873420715
2025-01-22 00:37:53,0.3928261995315552,0.6680575013160706,0.7467942237854004,0.7772166728973389,0.8073357939720154,0.8038104772567749,0.6976764798164368
2025-01-22 00:37:52,0.39268699288368225,0.6679353713989258,0.7466493844985962,0.7770495414733887,0.8073239922523499,0.8037859797477722,0.6976455450057983
2025-01-22 00:37:51,0.3925478160381317,0.6678133010864258,0.746504545211792,0.7768823504447937,0.8073121309280396,0.8037614226341248,0.6976145505905151
2025-01-22 00:37:50,0.3924086093902588,0.667691171169281,0.7463597059249878,0.7767152190208435,0.807300329208374,0.8037369251251221,0.6975836157798767
2025-01-22 00:37:49,0.392848402261734,0.6683459281921387,0.7472643852233887,0.7775306701660156,0.807848334312439,0.8042335510253906,0.6979663372039795
2025-01-22 00:37:48,0.39328819513320923,0.6690006852149963,0.7481691241264343,0.7783461809158325,0.8083962798118591,0.8047301769256592,0.6983489990234375
2025-01-22 00:37:47,0.39312490820884705,0.668565571308136,0.7471628785133362,0.7780349254608154,0.808185875415802,0.8046398758888245,0.6981564164161682
2025-01-22 00:37:46,0.39307159185409546,0.6685730814933777,0.7472611665725708,0.7778893709182739,0.8082760572433472,0.8047101497650146,0.6982901096343994
2025-01-22 00:37:45,0.39301830530166626,0.6685806512832642,0.7473593950271606,0.7777438163757324,0.8083661794662476,0.8047804832458496,0.6984237432479858
2025-01-22 00:37:44,0.39296501874923706,0.6685881614685059,0.7474576234817505,0.7775982618331909,0.808456301689148,0.8048508167266846,0.698557436466217
2025-01-22 00:37:43,0.3929117023944855,0.6685956716537476,0.7475559115409851,0.7774527072906494,0.8085464835166931,0.8049210906028748,0.6986911296844482
2025-01-22 00:37:42,0.3918212950229645,0.6666964888572693,0.745599627494812,0.775800883769989,0.8065971732139587,0.8030046820640564,0.6974982023239136
2025-01-22 00:37:41,0.3925904929637909,0.6676429510116577,0.746525228023529,0.7766220569610596,0.8069995641708374,0.8033251762390137,0.6978580951690674
2025-01-22 00:37:40,0.3933596909046173,0.6685894131660461,0.7474508285522461,0.7774432897567749,0.8074020147323608,0.803645670413971,0.6982179880142212
2025-01-22 00:37:39,0.3933410048484802,0.6687660813331604,0.7476800680160522,0.7779257893562317,0.8079023957252502,0.8042290210723877,0.6986936330795288
2025-01-22 00:37:38,0.39332228899002075,0.6689427495002747,0.7479092478752136,0.7784082293510437,0.8084028363227844,0.8048123717308044,0.6991692781448364
2025-01-22 00:37:37,0.39330360293388367,0.6691194176673889,0.7481384873390198,0.7788907289505005,0.8089032173156738,0.8053957223892212,0.699644923210144
2025-01-22 00:37:36,0.39287909865379333,0.6679748892784119,0.746656596660614,0.7772887945175171,0.8069686889648438,0.8036196231842041,0.6984143853187561
2025-01-22 00:37:35,0.39285820722579956,0.6680092811584473,0.747247576713562,0.7779166102409363,0.8086876273155212,0.8045151829719543,0.6996129155158997
2025-01-22 00:37:34,0.3932686448097229,0.6687209606170654,0.7476842999458313,0.7782914638519287,0.8085945248603821,0.8046396374702454,0.6990218162536621
2025-01-22 00:37:33,0.39367911219596863,0.6694326996803284,0.7481210231781006,0.7786663174629211,0.8085014224052429,0.8047640919685364,0.6984307765960693
2025-01-22 00:37:32,0.3933636546134949,0.6676698923110962,0.7464783787727356,0.7773628234863281,0.8076167106628418,0.8041893839836121,0.6982042789459229
2025-01-22 00:37:31,0.39304816722869873,0.6676952838897705,0.7464382648468018,0.7770736217498779,0.8073410987854004,0.8038302659988403,0.6979333162307739
2025-01-22 00:37:30,0.392732709646225,0.6677206158638,0.7463980913162231,0.7767844796180725,0.807065486907959,0.8034710884094238,0.6976622939109802
2025-01-22 00:37:29,0.39264947175979614,0.6676504611968994,0.7463201284408569,0.7766783237457275,0.8069043159484863,0.8033027648925781,0.6976228952407837
2025-01-22 00:37:28,0.3925662338733673,0.6675803065299988,0.7462422251701355,0.7765721082687378,0.8067430853843689,0.8031344413757324,0.6975834965705872
2025-01-22 00:37:27,0.3924829661846161,0.6675100922584534,0.7461642622947693,0.7764659523963928,0.8065819144248962,0.8029661178588867,0.6975440979003906
2025-01-22 00:37:26,0.39239972829818726,0.6674399375915527,0.7460863590240479,0.7763597369194031,0.8064206838607788,0.802797794342041,0.6975046992301941
2025-01-22 00:37:25,0.3923164904117584,0.6673697829246521,0.7460083961486816,0.7762535810470581,0.8062595129013062,0.8026294708251953,0.6974653005599976
2025-01-22 00:37:24,0.3925284147262573,0.6679161787033081,0.74674391746521,0.777161180973053,0.807723879814148,0.804301917552948,0.698363721370697
2025-01-22 00:37:23,0.3928741216659546,0.6683124899864197,0.7471905946731567,0.7776332497596741,0.8081530928611755,0.8045544028282166,0.698704183101654
2025-01-22 00:37:22,0.39321982860565186,0.6687088012695312,0.7476372718811035,0.7781053781509399,0.8085823059082031,0.8048069477081299,0.6990447044372559
2025-01-22 00:37:21,0.39356550574302673,0.6691051125526428,0.7480840086936951,0.778577446937561,0.8090114593505859,0.8050594329833984,0.6993851661682129
2025-01-22 00:37:20,0.393911212682724,0.6695014238357544,0.7485306859016418,0.7790495157241821,0.8094406723976135,0.805311918258667,0.6997256278991699
2025-01-22 00:37:19,0.3939468562602997,0.669640302658081,0.7485561370849609,0.778977632522583,0.8090800642967224,0.8052152395248413,0.6992681622505188
2025-01-22 00:37:18,0.393982470035553,0.6697792410850525,0.7485816478729248,0.7789056897163391,0.8087193965911865,0.8051185607910156,0.6988107562065125
2025-01-22 00:37:17,0.39401811361312866,0.6699181199073792,0.7486070990562439,0.77883380651474,0.8083587884902954,0.8050218820571899,0.6983532905578613
2025-01-22 00:37:16,0.39260730147361755,0.6677029728889465,0.7464032173156738,0.7768365740776062,0.8068652749061584,0.8035230040550232,0.6975756883621216
2025-01-22 00:37:15,0.3928269147872925,0.6680212616920471,0.7467910647392273,0.7772630453109741,0.8073971271514893,0.8040227293968201,0.6978070139884949
2025-01-22 00:37:14,0.393046498298645,0.6683394908905029,0.7471789717674255,0.777689516544342,0.8079289197921753,0.8045223951339722,0.6980382800102234
2025-01-22 00:37:13,0.39326611161231995,0.6686577796936035,0.747566819190979,0.77811598777771,0.8084607720375061,0.805022120475769,0.6982696056365967
2025-01-22 00:37:12,0.39303115010261536,0.6679619550704956,0.7468425035476685,0.7774725556373596,0.8077858686447144,0.8043743968009949,0.6980557441711426
2025-01-22 00:37:11,0.39279618859291077,0.6672660708427429,0.7461181879043579,0.7768291234970093,0.8071109056472778,0.8037266731262207,0.6978418231010437
2025-01-22 00:37:10,0.39242398738861084,0.6673089265823364,0.7460777759552002,0.7767574191093445,0.8067024946212769,0.8032029867172241,0.6979014873504639
2025-01-22 00:37:09,0.3926966190338135,0.6675138473510742,0.7462459802627563,0.7768699526786804,0.8071697354316711,0.8033859133720398,0.6979573369026184
2025-01-22 00:37:08,0.3929692804813385,0.6677187085151672,0.7464141249656677,0.7769825458526611,0.8076370358467102,0.8035687804222107,0.6980131268501282
2025-01-22 00:37:07,0.39324191212654114,0.667923629283905,0.7465823292732239,0.7770950794219971,0.8081042766571045,0.8037517070770264,0.6980689764022827
2025-01-22 00:37:06,0.3925059139728546,0.6672465205192566,0.7459049224853516,0.7761421203613281,0.806232213973999,0.8025459051132202,0.697361409664154
2025-01-22 00:37:05,0.39226090908050537,0.6672194004058838,0.7459883093833923,0.7766811847686768,0.8068587779998779,0.8034117221832275,0.6980460286140442
2025-01-22 00:37:04,0.39303529262542725,0.6681993007659912,0.7469552755355835,0.7769321203231812,0.807157576084137,0.8032976984977722,0.6976804733276367
2025-01-22 00:37:03,0.3934282064437866,0.6690983176231384,0.7482197284698486,0.7783480882644653,0.8087931871414185,0.8048505783081055,0.6991338133811951
2025-01-22 00:37:02,0.39262154698371887,0.6678832769393921,0.7468229532241821,0.7771138548851013,0.807466983795166,0.8035709261894226,0.6982041597366333
2025-01-22 00:37:01,0.3918148875236511,0.6666682958602905,0.7454261779785156,0.7758796215057373,0.8061407208442688,0.8022912740707397,0.6972745060920715
2025-01-22 00:37:00,0.39226895570755005,0.6672928929328918,0.7459346055984497,0.7761690020561218,0.8063652515411377,0.8025193810462952,0.697074294090271
2025-01-22 00:36:59,0.3927229940891266,0.6679174900054932,0.746442973613739,0.7764583826065063,0.8065897822380066,0.8027474880218506,0.6968740820884705
2025-01-22 00:36:58,0.3926783502101898,0.6677828431129456,0.74630206823349,0.7764643430709839,0.8063700795173645,0.8025933504104614,0.696827232837677
2025-01-22 00:36:57,0.39263373613357544,0.6676481366157532,0.7461612224578857,0.7764703631401062,0.8061503171920776,0.8024391531944275,0.6967803239822388
2025-01-22 00:36:56,0.39258909225463867,0.6675134897232056,0.7460203170776367,0.7764763236045837,0.8059306144714355,0.8022850155830383,0.6967334747314453
2025-01-22 00:36:55,0.3924106955528259,0.6672587990760803,0.7458394169807434,0.7762974500656128,0.8062891960144043,0.8024744987487793,0.696813702583313
2025-01-22 00:36:54,0.3922322988510132,0.6670041084289551,0.7456585168838501,0.7761185169219971,0.806647777557373,0.8026639223098755,0.6968939900398254
2025-01-22 00:36:53,0.3920583128929138,0.6662881970405579,0.7448663115501404,0.7753726243972778,0.8061742186546326,0.8025707006454468,0.6967129707336426
2025-01-22 00:36:52,0.39236629009246826,0.6669743061065674,0.7456359267234802,0.7762758135795593,0.8065919280052185,0.8028631210327148,0.6970468163490295
2025-01-22 00:36:51,0.3923441469669342,0.6671022176742554,0.7457338571548462,0.7763059735298157,0.8066263794898987,0.8029044270515442,0.6971649527549744
2025-01-22 00:36:50,0.39232200384140015,0.6672301888465881,0.7458317279815674,0.7763361930847168,0.8066607713699341,0.8029457330703735,0.697283148765564
2025-01-22 00:36:49,0.3922998309135437,0.6673581600189209,0.7459295988082886,0.7763663530349731,0.8066952228546143,0.8029869794845581,0.6974012851715088
2025-01-22 00:36:48,0.39227768778800964,0.6674860715866089,0.7460275292396545,0.7763965129852295,0.8067296743392944,0.8030282855033875,0.6975194215774536
2025-01-22 00:36:47,0.39233192801475525,0.667519211769104,0.7460489273071289,0.7764045596122742,0.8066849112510681,0.8029358983039856,0.6974500417709351
2025-01-22 00:36:46,0.39238616824150085,0.6675523519515991,0.7460703253746033,0.7764125466346741,0.8066401481628418,0.8028435111045837,0.6973806619644165
2025-01-22 00:36:45,0.39244040846824646,0.6675854921340942,0.7460917830467224,0.7764205932617188,0.8065954446792603,0.8027511835098267,0.6973113417625427
2025-01-22 00:36:44,0.39249464869499207,0.6676186323165894,0.7461131811141968,0.7764285802841187,0.8065506815910339,0.8026587963104248,0.6972419619560242
2025-01-22 00:36:43,0.39254888892173767,0.6676517724990845,0.7461345791816711,0.7764366269111633,0.8065059185028076,0.802566409111023,0.6971725821495056
2025-01-22 00:36:42,0.3926750123500824,0.6678097248077393,0.7467715740203857,0.7773945927619934,0.8077273964881897,0.8028631210327148,0.6983106732368469
2025-01-22 00:36:41,0.39251402020454407,0.667712926864624,0.7466411590576172,0.7772225737571716,0.8076047301292419,0.8031598329544067,0.6980909109115601
2025-01-22 00:36:40,0.39235299825668335,0.667616069316864,0.7465107440948486,0.7770504951477051,0.8074820637702942,0.8034566044807434,0.6978711485862732
2025-01-22 00:36:39,0.392192006111145,0.6675192713737488,0.7463803291320801,0.7768784761428833,0.8073593974113464,0.8037533164024353,0.6976513862609863
2025-01-22 00:36:38,0.3919326066970825,0.6664410829544067,0.745473325252533,0.7757734060287476,0.806306779384613,0.8026189208030701,0.696630597114563
2025-01-22 00:36:37,0.3918861746788025,0.66640305519104,0.7452699542045593,0.7756948471069336,0.8062572479248047,0.8025175333023071,0.6966249942779541
2025-01-22 00:36:36,0.3918397128582001,0.6663650870323181,0.7450665831565857,0.7756162285804749,0.8062077760696411,0.8024160861968994,0.6966193914413452
2025-01-22 00:36:35,0.39190828800201416,0.6667128801345825,0.7454371452331543,0.7757537364959717,0.8063481450080872,0.8026062250137329,0.6966057419776917
2025-01-22 00:36:34,0.39197689294815063,0.6670606732368469,0.7458077073097229,0.7758911848068237,0.8064885139465332,0.8027964234352112,0.6965920925140381
2025-01-22 00:36:33,0.39193686842918396,0.6668379902839661,0.7455830574035645,0.7758139371871948,0.8064196705818176,0.8027676939964294,0.6967089772224426
2025-01-22 00:36:32,0.3918968141078949,0.66661536693573,0.7453584671020508,0.7757366299629211,0.806350827217102,0.8027390241622925,0.6968259215354919
2025-01-22 00:36:31,0.3918567895889282,0.6663926839828491,0.7451338171958923,0.7756593823432922,0.8062819838523865,0.8027102947235107,0.6969428062438965
2025-01-22 00:36:30,0.3917202353477478,0.6662861108779907,0.7451026439666748,0.7757166624069214,0.8063333034515381,0.8028250336647034,0.6971673965454102
2025-01-22 00:36:29,0.39158371090888977,0.6661794781684875,0.7450714707374573,0.7757738828659058,0.8063846826553345,0.802939772605896,0.697391927242279
2025-01-22 00:36:28,0.39111340045928955,0.6651536226272583,0.7438762187957764,0.7748619914054871,0.8055909872055054,0.8019983172416687,0.696592390537262
2025-01-22 00:36:27,0.39239901304244995,0.6670393943786621,0.7459207773208618,0.776685893535614,0.8068581819534302,0.8034194111824036,0.6975464224815369
2025-01-22 00:36:26,0.3918902277946472,0.6665469408035278,0.7453728914260864,0.7759160399436951,0.8063585758209229,0.8029376268386841,0.6973686218261719
2025-01-22 00:36:25,0.3913814127445221,0.6660544276237488,0.744825005531311,0.7751461863517761,0.8058590292930603,0.8024557828903198,0.6971908211708069
2025-01-22 00:36:24,0.3914395868778229,0.6660879254341125,0.7449635863304138,0.775347888469696,0.8061344027519226,0.8026676177978516,0.6972540616989136
2025-01-22 00:36:23,0.39149776101112366,0.6661214232444763,0.7451021075248718,0.7755496501922607,0.8064098358154297,0.8028794527053833,0.6973173022270203
2025-01-22 00:36:22,0.3915559649467468,0.6661549806594849,0.7452406883239746,0.7757513523101807,0.806685209274292,0.8030912280082703,0.6973806023597717
2025-01-22 00:36:21,0.3916141390800476,0.6661884784698486,0.7453792095184326,0.7759531140327454,0.8069606423377991,0.803303062915802,0.6974438428878784
2025-01-22 00:36:20,0.3916723132133484,0.6662219762802124,0.7455177903175354,0.7761548161506653,0.8072360157966614,0.8035148978233337,0.6975070834159851
2025-01-22 00:36:19,0.39188748598098755,0.6665053367614746,0.7456923723220825,0.7762800455093384,0.8070973753929138,0.8034214973449707,0.6975370049476624
2025-01-22 00:36:18,0.3921026587486267,0.6667886972427368,0.7458670139312744,0.7764052152633667,0.806958794593811,0.8033281564712524,0.6975668668746948
2025-01-22 00:36:17,0.39231783151626587,0.667072057723999,0.7460415959358215,0.7765304446220398,0.8068201541900635,0.8032348155975342,0.6975967884063721
2025-01-22 00:36:16,0.39253300428390503,0.6673554182052612,0.7462161779403687,0.7766556739807129,0.8066815137863159,0.8031414151191711,0.6976267099380493
2025-01-22 00:36:15,0.39245301485061646,0.667297899723053,0.7461464405059814,0.7765422463417053,0.8066153526306152,0.8031361699104309,0.6975587010383606
2025-01-22 00:36:14,0.39237305521965027,0.6672403812408447,0.7460767030715942,0.7764288187026978,0.8065491914749146,0.8031308650970459,0.6974906921386719
2025-01-22 00:36:13,0.3922930955886841,0.6671829223632812,0.7460070252418518,0.776315450668335,0.8064830899238586,0.8031256198883057,0.6974226832389832
2025-01-22 00:36:12,0.3922131061553955,0.667125403881073,0.7459372878074646,0.7762020230293274,0.806416928768158,0.8031203746795654,0.6973546743392944
2025-01-22 00:36:11,0.39207568764686584,0.66690993309021,0.7456939220428467,0.7759497165679932,0.8062012791633606,0.8029097318649292,0.6972375512123108
2025-01-22 00:36:10,0.3919382691383362,0.6666945219039917,0.745450496673584,0.7756974697113037,0.8059855699539185,0.8026990294456482,0.6971204280853271
2025-01-22 00:36:09,0.39180082082748413,0.6664790511131287,0.7452070713043213,0.7754452228546143,0.8057699203491211,0.8024883270263672,0.6970032453536987
2025-01-22 00:36:08,0.39166340231895447,0.6662635803222656,0.7449637055397034,0.77519291639328,0.8055542707443237,0.802277684211731,0.6968861222267151
2025-01-22 00:36:07,0.3922843039035797,0.6678705811500549,0.7466104030609131,0.7770488262176514,0.8071975111961365,0.803714394569397,0.6977139711380005
2025-01-22 00:36:06,0.3922499120235443,0.6671710014343262,0.7458837032318115,0.7762706875801086,0.806503176689148,0.8028311729431152,0.6974017024040222
2025-01-22 00:36:05,0.3920069932937622,0.6668136715888977,0.7454347014427185,0.7756525278091431,0.8061879277229309,0.802371621131897,0.6970788240432739
2025-01-22 00:36:04,0.39201730489730835,0.6670165061950684,0.7457233667373657,0.7760266661643982,0.806523323059082,0.8028832674026489,0.697272002696991
2025-01-22 00:36:03,0.3920275866985321,0.6672192811965942,0.7460120916366577,0.7764008045196533,0.8068587779998779,0.8033949136734009,0.697465181350708
2025-01-22 00:36:02,0.39174360036849976,0.6665756106376648,0.7452418804168701,0.775973916053772,0.8062610030174255,0.8023675084114075,0.6969935297966003
2025-01-22 00:36:01,0.39265361428260803,0.6678416132926941,0.7465031147003174,0.7767133712768555,0.8067718148231506,0.8027933239936829,0.6973273754119873
2025-01-22 00:36:00,0.3919844925403595,0.6663594841957092,0.7453107833862305,0.7756137251853943,0.8061549067497253,0.8023254871368408,0.6968960762023926
2025-01-22 00:35:59,0.39206263422966003,0.666653037071228,0.7455015182495117,0.7758320569992065,0.8063385486602783,0.8025965690612793,0.6970704793930054
2025-01-22 00:35:58,0.3921407461166382,0.6669466495513916,0.745692253112793,0.7760504484176636,0.8065221309661865,0.8028677105903625,0.6972448825836182
2025-01-22 00:35:57,0.3922188878059387,0.6672402024269104,0.7458829879760742,0.7762687802314758,0.8067057728767395,0.803138792514801,0.697419285774231
2025-01-22 00:35:56,0.3925609886646271,0.6677834987640381,0.7464369535446167,0.7769304513931274,0.8072283267974854,0.803725004196167,0.6977987289428711
2025-01-22 00:35:55,0.39290308952331543,0.6683267951011658,0.7469909191131592,0.7775921821594238,0.8077508807182312,0.8043112754821777,0.6981781125068665
2025-01-22 00:35:54,0.39166930317878723,0.6663438081741333,0.7451227903366089,0.7757021188735962,0.8063135743141174,0.803048312664032,0.6973835825920105
2025-01-22 00:35:53,0.3917599022388458,0.6663862466812134,0.7452988624572754,0.775809645652771,0.8063238263130188,0.8029032945632935,0.6972781419754028
2025-01-22 00:35:52,0.3918505012989044,0.6664286851882935,0.7454748749732971,0.775917112827301,0.8063340783119202,0.8027582168579102,0.6971727013587952
2025-01-22 00:35:51,0.39193063974380493,0.6666924953460693,0.7456763386726379,0.7762483358383179,0.80656898021698,0.8028779029846191,0.6975294351577759
2025-01-22 00:35:50,0.39201074838638306,0.66695636510849,0.745877742767334,0.7765794992446899,0.806803822517395,0.8029975295066833,0.6978861689567566
2025-01-22 00:35:49,0.39209088683128357,0.6672201752662659,0.7460792064666748,0.7769107222557068,0.8070387244224548,0.8031172156333923,0.6982429027557373
2025-01-22 00:35:48,0.3929620087146759,0.6682255268096924,0.7467073798179626,0.7768862843513489,0.8071578741073608,0.8032343983650208,0.6981173157691956
2025-01-22 00:35:47,0.3929101824760437,0.6681410074234009,0.7467119693756104,0.7769360542297363,0.8071774840354919,0.8033196330070496,0.6979734301567078
2025-01-22 00:35:46,0.3928583562374115,0.6680564880371094,0.7467165589332581,0.7769858241081238,0.807197093963623,0.8034049272537231,0.69782954454422
2025-01-22 00:35:45,0.3928065598011017,0.6679719090461731,0.7467211484909058,0.7770355343818665,0.8072167038917542,0.803490161895752,0.6976855993270874
2025-01-22 00:35:44,0.3927547335624695,0.6678873896598816,0.7467257380485535,0.7770853042602539,0.8072363138198853,0.8035754561424255,0.6975417137145996
2025-01-22 00:35:43,0.3927029073238373,0.6678028702735901,0.7467303276062012,0.7771350741386414,0.8072559237480164,0.8036606907844543,0.6973978281021118
2025-01-22 00:35:42,0.39245858788490295,0.6674357056617737,0.7464978098869324,0.7768070101737976,0.8067883253097534,0.8034170269966125,0.6972835063934326
2025-01-22 00:35:41,0.39245450496673584,0.6674558520317078,0.7464694976806641,0.7767062783241272,0.8066722750663757,0.8032352328300476,0.6972000598907471
2025-01-22 00:35:40,0.3924504518508911,0.6674759984016418,0.7464412450790405,0.7766055464744568,0.806556224822998,0.8030534982681274,0.6971166133880615
2025-01-22 00:35:39,0.392446368932724,0.6674961447715759,0.746412992477417,0.7765048146247864,0.8064401745796204,0.8028717041015625,0.6970332264900208
2025-01-22 00:35:38,0.3924422860145569,0.66751629114151,0.7463846802711487,0.776404082775116,0.8063241243362427,0.8026899099349976,0.6969497799873352
2025-01-22 00:35:37,0.39241379499435425,0.6674255132675171,0.7463143467903137,0.7763978838920593,0.8063467741012573,0.8028251528739929,0.6969341039657593
2025-01-22 00:35:36,0.3923853039741516,0.6673347353935242,0.746243953704834,0.7763916254043579,0.806369423866272,0.8029603958129883,0.6969184279441833
2025-01-22 00:35:35,0.3923567831516266,0.6672439575195312,0.746173620223999,0.7763854265213013,0.8063920736312866,0.8030955791473389,0.6969027519226074
2025-01-22 00:35:34,0.39232829213142395,0.6671531796455383,0.7461032867431641,0.7763792276382446,0.8064147233963013,0.8032308220863342,0.6968870759010315
2025-01-22 00:35:33,0.39267832040786743,0.6676559448242188,0.7465489506721497,0.7768638134002686,0.8070957064628601,0.8035165071487427,0.6971750259399414
2025-01-22 00:35:32,0.3930283784866333,0.6681586503982544,0.7469945549964905,0.7773483395576477,0.807776689529419,0.8038021326065063,0.6974629759788513
2025-01-22 00:35:31,0.3933784067630768,0.6686614155769348,0.7474402189254761,0.7778329253196716,0.8084576725959778,0.8040878176689148,0.6977509260177612
2025-01-22 00:35:30,0.39296483993530273,0.6678878664970398,0.7466024160385132,0.7771041393280029,0.807558536529541,0.8037108182907104,0.6973608136177063
2025-01-22 00:35:29,0.3925513029098511,0.6671143174171448,0.7457646727561951,0.776375412940979,0.8066594004631042,0.8033338785171509,0.6969707012176514
2025-01-22 00:35:28,0.3930945098400116,0.6683098077774048,0.7473750114440918,0.7775443196296692,0.8075566291809082,0.8034043908119202,0.6973869204521179
2025-01-22 00:35:27,0.3929641544818878,0.6681829690933228,0.7471448183059692,0.7774055004119873,0.8074054718017578,0.803498387336731,0.697461724281311
2025-01-22 00:35:26,0.39283379912376404,0.6680561900138855,0.7469146251678467,0.7772666811943054,0.8072543144226074,0.803592324256897,0.6975365877151489
2025-01-22 00:35:25,0.39281028509140015,0.6679993867874146,0.746826171875,0.777179479598999,0.8072133660316467,0.8036229610443115,0.6974760293960571
2025-01-22 00:35:24,0.39278680086135864,0.6679425835609436,0.7467377185821533,0.7770922183990479,0.807172417640686,0.8036535978317261,0.6974154710769653
2025-01-22 00:35:23,0.39165249466896057,0.6662970185279846,0.7448483109474182,0.775183916091919,0.8054066896438599,0.8018860816955566,0.6964501142501831
2025-01-22 00:35:22,0.39166128635406494,0.6663113832473755,0.7448684573173523,0.7751875519752502,0.8054115772247314,0.8018893599510193,0.6964476108551025
2025-01-22 00:35:21,0.3916700482368469,0.6663256883621216,0.7448886036872864,0.7751911878585815,0.8054165244102478,0.8018926382064819,0.696445107460022
2025-01-22 00:35:20,0.3916788399219513,0.6663400530815125,0.7449086904525757,0.7751948237419128,0.8054214119911194,0.8018959164619446,0.6964426040649414
2025-01-22 00:35:19,0.3916876018047333,0.6663543581962585,0.7449288368225098,0.7751984596252441,0.8054263591766357,0.8018991947174072,0.6964401006698608
2025-01-22 00:35:18,0.39169639348983765,0.6663687229156494,0.7449489831924438,0.7752020359039307,0.8054312467575073,0.8019024133682251,0.6964375972747803
2025-01-22 00:35:17,0.39170515537261963,0.6663830876350403,0.7449691295623779,0.775205671787262,0.8054361343383789,0.8019056916236877,0.6964350938796997
2025-01-22 00:35:16,0.391713947057724,0.6663973927497864,0.744989275932312,0.7752093076705933,0.8054410815238953,0.8019089698791504,0.6964325904846191
2025-01-22 00:35:15,0.391722708940506,0.6664117574691772,0.7450094223022461,0.7752129435539246,0.8054459691047668,0.801912248134613,0.6964300870895386
2025-01-22 00:35:14,0.39173150062561035,0.6664260625839233,0.7450295090675354,0.7752165794372559,0.8054509162902832,0.8019155263900757,0.6964276432991028
2025-01-22 00:35:13,0.39174026250839233,0.6664404273033142,0.7450496554374695,0.7752202153205872,0.8054558038711548,0.8019188046455383,0.6964251399040222
2025-01-22 00:35:12,0.3917490541934967,0.6664547324180603,0.7450698018074036,0.7752238512039185,0.8054607510566711,0.801922082901001,0.6964226365089417
2025-01-22 00:35:11,0.3917578160762787,0.6664690971374512,0.7450899481773376,0.7752274870872498,0.8054656386375427,0.8019253611564636,0.6964201331138611
2025-01-22 00:35:10,0.39176660776138306,0.666483461856842,0.7451100945472717,0.7752310633659363,0.8054705262184143,0.8019285798072815,0.6964176297187805
2025-01-22 00:35:09,0.39177536964416504,0.6664977669715881,0.7451302409172058,0.7752346992492676,0.8054754734039307,0.8019318580627441,0.6964151263237
2025-01-22 00:35:08,0.3917841613292694,0.666512131690979,0.7451503276824951,0.7752383351325989,0.8054803609848022,0.8019351363182068,0.6964126229286194
2025-01-22 00:35:07,0.3917929232120514,0.6665264368057251,0.7451704740524292,0.7752419710159302,0.8054853081703186,0.8019384145736694,0.6964101195335388
2025-01-22 00:35:06,0.39180171489715576,0.666540801525116,0.7451906204223633,0.7752456068992615,0.8054901957511902,0.8019416928291321,0.6964076161384583
2025-01-22 00:35:05,0.3919142484664917,0.6666752099990845,0.7453387975692749,0.7754307985305786,0.8056241869926453,0.8020982146263123,0.696508526802063
2025-01-22 00:35:04,0.39202678203582764,0.6668095588684082,0.7454869747161865,0.775615930557251,0.8057582378387451,0.8022546768188477,0.6966094970703125
2025-01-22 00:35:03,0.3921392858028412,0.6669439673423767,0.7456350922584534,0.7758011221885681,0.8058922290802002,0.8024111986160278,0.696710467338562
2025-01-22 00:35:02,0.3922518193721771,0.6670783758163452,0.745783269405365,0.7759862542152405,0.8060262203216553,0.8025676608085632,0.6968113780021667
2025-01-22 00:35:01,0.39236435294151306,0.667212724685669,0.7459314465522766,0.7761714458465576,0.8061602115631104,0.8027241826057434,0.6969122886657715
2025-01-22 00:35:00,0.392476886510849,0.6673471331596375,0.7460796236991882,0.7763566374778748,0.8062942624092102,0.8028807044029236,0.697013258934021
2025-01-22 00:34:59,0.39258942008018494,0.667481541633606,0.7462278008460999,0.7765417695045471,0.8064282536506653,0.803037166595459,0.6971142292022705
2025-01-22 00:34:58,0.3927019238471985,0.6676159501075745,0.7463759183883667,0.7767269611358643,0.8065622448921204,0.8031936883926392,0.6972151398658752
2025-01-22 00:34:57,0.3928144574165344,0.6677502989768982,0.7465240955352783,0.7769120931625366,0.8066962957382202,0.8033501505851746,0.69731605052948
2025-01-22 00:34:56,0.39292699098587036,0.6678847074508667,0.7466722726821899,0.7770972847938538,0.8068302869796753,0.8035066723823547,0.6974170207977295
2025-01-22 00:34:55,0.39263927936553955,0.6677032113075256,0.7463621497154236,0.7768558263778687,0.806673526763916,0.803417980670929,0.6973450183868408
2025-01-22 00:34:54,0.39235159754753113,0.6675217151641846,0.7460520267486572,0.7766144275665283,0.8065168261528015,0.8033292889595032,0.6972730755805969
2025-01-22 00:34:53,0.39220350980758667,0.6670518517494202,0.7456313371658325,0.7761186361312866,0.8057972192764282,0.8023408651351929,0.6966701745986938
2025-01-22 00:34:52,0.3920553922653198,0.6665819883346558,0.7452107071876526,0.7756229043006897,0.8050776124000549,0.8013523817062378,0.696067214012146
2025-01-22 00:34:51,0.3920659124851227,0.6672720909118652,0.7459189891815186,0.7763667702674866,0.8066172003746033,0.803189218044281,0.6970226764678955
2025-01-22 00:34:50,0.39200499653816223,0.6663439869880676,0.7451624870300293,0.7755839824676514,0.8058593273162842,0.8024513721466064,0.6963409185409546
2025-01-22 00:34:49,0.3917583227157593,0.6659401059150696,0.7446483969688416,0.7751208543777466,0.8053273558616638,0.8019067049026489,0.6960017085075378
2025-01-22 00:34:48,0.3915116488933563,0.6655362844467163,0.7441343069076538,0.7746577262878418,0.8047953844070435,0.8013620972633362,0.6956624984741211
2025-01-22 00:34:47,0.39126497507095337,0.6651324033737183,0.7436202764511108,0.7741946578025818,0.8042633533477783,0.8008174896240234,0.6953232884407043
2025-01-22 00:34:46,0.3910183012485504,0.6647285223007202,0.7431061863899231,0.773731529712677,0.803731381893158,0.8002728223800659,0.6949840784072876
2025-01-22 00:34:45,0.3914061486721039,0.6653544902801514,0.7438223361968994,0.7743031978607178,0.8043246865272522,0.8009071350097656,0.6954511404037476
2025-01-22 00:34:44,0.39179399609565735,0.6659803986549377,0.7445384860038757,0.7748748660087585,0.8049179911613464,0.8015414476394653,0.6959182024002075
2025-01-22 00:34:43,0.3921818435192108,0.6666063070297241,0.745254635810852,0.7754465341567993,0.8055112957954407,0.802175760269165,0.6963853240013123
2025-01-22 00:34:42,0.3925696909427643,0.6672322750091553,0.7459707856178284,0.7760182023048401,0.8061046004295349,0.8028100728988647,0.6968523859977722
2025-01-22 00:34:41,0.39231380820274353,0.6670620441436768,0.7458019852638245,0.7759233117103577,0.8060067296028137,0.8027198910713196,0.6967390179634094
2025-01-22 00:34:40,0.3920578956604004,0.6668918132781982,0.7456331253051758,0.7758283615112305,0.8059087991714478,0.8026297688484192,0.6966255903244019
2025-01-22 00:34:39,0.39180201292037964,0.6667215824127197,0.7454643249511719,0.775733470916748,0.8058109283447266,0.802539587020874,0.6965122222900391
2025-01-22 00:34:38,0.39232155680656433,0.6670660376548767,0.7457563877105713,0.7761111259460449,0.8062272667884827,0.8026106953620911,0.6968104839324951
2025-01-22 00:34:37,0.392841100692749,0.6674104928970337,0.7460485100746155,0.776488721370697,0.8066436052322388,0.8026818037033081,0.697108805179596
2025-01-22 00:34:36,0.3926265239715576,0.6672527194023132,0.7459108233451843,0.7762606143951416,0.8064135313034058,0.8025347590446472,0.6970245838165283
2025-01-22 00:34:35,0.3924119472503662,0.6670949459075928,0.7457731366157532,0.7760325074195862,0.8061834573745728,0.8023877143859863,0.6969404220581055
2025-01-22 00:34:34,0.3921973407268524,0.6669371724128723,0.7456353902816772,0.775804340839386,0.805953323841095,0.8022406697273254,0.6968562006950378
2025-01-22 00:34:33,0.391982764005661,0.6667793989181519,0.7454977035522461,0.7755762338638306,0.805723249912262,0.8020936250686646,0.696772038936615
2025-01-22 00:34:32,0.3917681872844696,0.6666216254234314,0.7453600168228149,0.7753481268882751,0.805493175983429,0.8019465804100037,0.6966878175735474
2025-01-22 00:34:31,0.39187678694725037,0.6668195128440857,0.745732307434082,0.7758975028991699,0.8066455125808716,0.8021352291107178,0.6969903707504272
2025-01-22 00:34:30,0.3912400007247925,0.6663939952850342,0.7449632883071899,0.7750058770179749,0.8050801157951355,0.8014808893203735,0.6964557766914368
2025-01-22 00:34:29,0.39134275913238525,0.6662994623184204,0.7450382709503174,0.7751283645629883,0.8053521513938904,0.8017117977142334,0.6964617967605591
2025-01-22 00:34:28,0.39144548773765564,0.6662049889564514,0.7451131939888,0.7752509117126465,0.8056241869926453,0.8019427061080933,0.6964678168296814
2025-01-22 00:34:27,0.3919628858566284,0.6665985584259033,0.7454406023025513,0.7757675647735596,0.8061373233795166,0.8024676442146301,0.6967569589614868
2025-01-22 00:34:26,0.3924803137779236,0.6669921875,0.7457680106163025,0.7762842178344727,0.8066504001617432,0.802992582321167,0.6970461010932922
2025-01-22 00:34:25,0.39274945855140686,0.6674761772155762,0.74608314037323,0.7766239643096924,0.8070425391197205,0.8031151294708252,0.6972702145576477
2025-01-22 00:34:24,0.39301860332489014,0.6679601073265076,0.7463982105255127,0.7769637703895569,0.8074346780776978,0.8032376766204834,0.6974943280220032
2025-01-22 00:34:23,0.3929799795150757,0.6678403615951538,0.7462711930274963,0.77680903673172,0.8072308897972107,0.803099513053894,0.6973500847816467
2025-01-22 00:34:22,0.39294135570526123,0.6677205562591553,0.7461442351341248,0.7766543030738831,0.8070271015167236,0.8029612898826599,0.6972058415412903
2025-01-22 00:34:21,0.3929027318954468,0.6676008105278015,0.7460172176361084,0.7764996290206909,0.8068232536315918,0.8028230667114258,0.6970615386962891
2025-01-22 00:34:20,0.3928641378879547,0.6674810647964478,0.745890200138092,0.776344895362854,0.8066194653511047,0.8026849031448364,0.6969172954559326
2025-01-22 00:34:19,0.39282551407814026,0.6673612594604492,0.7457632422447205,0.7761901617050171,0.8064156770706177,0.8025467395782471,0.6967730522155762
2025-01-22 00:34:18,0.3927868902683258,0.6672415137290955,0.7456362247467041,0.7760354280471802,0.8062118887901306,0.8024085164070129,0.6966288089752197
2025-01-22 00:34:17,0.39253732562065125,0.667003333568573,0.7454048991203308,0.7757264971733093,0.8059183955192566,0.8021532297134399,0.6964528560638428
2025-01-22 00:34:16,0.3922877311706543,0.6667651534080505,0.7451735734939575,0.7754175662994385,0.8056249618530273,0.8018980026245117,0.6962769031524658
2025-01-22 00:34:15,0.39203816652297974,0.6665269732475281,0.744942307472229,0.7751086354255676,0.8053314685821533,0.8016427159309387,0.6961009502410889
2025-01-22 00:34:14,0.3917886018753052,0.6662887930870056,0.7447109818458557,0.7747997045516968,0.8050379753112793,0.8013874292373657,0.6959249973297119
2025-01-22 00:34:13,0.39203494787216187,0.6666990518569946,0.7451704740524292,0.7752776741981506,0.805449903011322,0.801794707775116,0.6962335705757141
2025-01-22 00:34:12,0.39228132367134094,0.6671093106269836,0.7456299662590027,0.7757556438446045,0.8058618307113647,0.8022019863128662,0.6965421438217163
2025-01-22 00:34:11,0.39252766966819763,0.6675195097923279,0.7460893988609314,0.7762336730957031,0.8062738180160522,0.8026092648506165,0.6968506574630737
2025-01-22 00:34:10,0.3927740454673767,0.6679297685623169,0.7465488910675049,0.776711642742157,0.806685745716095,0.8030165433883667,0.6971592307090759
2025-01-22 00:34:09,0.3930203914642334,0.6683400273323059,0.7470083832740784,0.7771896123886108,0.8070976734161377,0.8034238219261169,0.6974678039550781
2025-01-22 00:34:08,0.39282453060150146,0.6680200099945068,0.7467230558395386,0.7769114971160889,0.8070239424705505,0.8033477663993835,0.6974916458129883
2025-01-22 00:34:07,0.3926286995410919,0.6677000522613525,0.746437668800354,0.7766334414482117,0.8069502115249634,0.8032717108726501,0.6975155472755432
2025-01-22 00:34:06,0.3924328684806824,0.6673800945281982,0.7461523413658142,0.7763553857803345,0.8068764209747314,0.8031956553459167,0.6975394487380981
2025-01-22 00:34:05,0.39223700761795044,0.6670600771903992,0.7458670139312744,0.7760772705078125,0.8068026900291443,0.8031195998191833,0.6975632905960083
2025-01-22 00:34:04,0.3921571373939514,0.6668544411659241,0.7458195686340332,0.7761407494544983,0.8065931797027588,0.8029449582099915,0.6970546245574951
2025-01-22 00:34:03,0.3920772969722748,0.666648805141449,0.7457721829414368,0.7762042284011841,0.8063836097717285,0.8027703166007996,0.6965460181236267
2025-01-22 00:34:02,0.3922465443611145,0.6668990850448608,0.74588942527771,0.7763648629188538,0.8064104318618774,0.8028430342674255,0.6966272592544556
2025-01-22 00:34:01,0.3924157917499542,0.6671494245529175,0.7460067272186279,0.7765254974365234,0.8064373135566711,0.8029156923294067,0.6967084407806396
2025-01-22 00:34:00,0.39258503913879395,0.6673997044563293,0.7461240291595459,0.7766861915588379,0.8064641952514648,0.8029884099960327,0.6967896819114685
2025-01-22 00:33:59,0.39275428652763367,0.6676499843597412,0.7462412714958191,0.7768468260765076,0.8064910173416138,0.8030611276626587,0.6968709230422974
2025-01-22 00:33:58,0.3928142488002777,0.6677590608596802,0.7463924884796143,0.7767990231513977,0.8067969083786011,0.8031489253044128,0.6971539258956909
2025-01-22 00:33:57,0.39287421107292175,0.6678680777549744,0.7465437054634094,0.7767512202262878,0.8071027994155884,0.803236722946167,0.6974369287490845
2025-01-22 00:33:56,0.3929162919521332,0.6679295897483826,0.7463389039039612,0.7769837975502014,0.8071314096450806,0.8033081889152527,0.6976172924041748
2025-01-22 00:33:55,0.3915450870990753,0.6670070886611938,0.7450529932975769,0.7754107117652893,0.8057703971862793,0.8023598790168762,0.6970975995063782
2025-01-22 00:33:54,0.39146679639816284,0.6660845279693604,0.7449362277984619,0.7750275135040283,0.8054155111312866,0.8020787239074707,0.6959264874458313
2025-01-22 00:33:53,0.39296090602874756,0.6681030988693237,0.7469437718391418,0.7772681713104248,0.8072003126144409,0.8034350275993347,0.6973652243614197
2025-01-22 00:33:52,0.39269381761550903,0.6677119135856628,0.7464911937713623,0.7767958641052246,0.8066458702087402,0.8030901551246643,0.6971248984336853
2025-01-22 00:33:51,0.3924266993999481,0.667320728302002,0.7460386157035828,0.7763234972953796,0.8060914278030396,0.8027452826499939,0.6968845725059509
2025-01-22 00:33:50,0.39206328988075256,0.6663321256637573,0.7450699210166931,0.7756643891334534,0.8055837154388428,0.8022841215133667,0.6967645287513733
2025-01-22 00:33:49,0.3915516138076782,0.6661837100982666,0.7449318766593933,0.7755323052406311,0.8053563833236694,0.802103579044342,0.6971250176429749
2025-01-22 00:33:48,0.3920051157474518,0.6669546961784363,0.7458251714706421,0.776443362236023,0.806326150894165,0.8027815818786621,0.697513222694397
2025-01-22 00:33:47,0.39245858788490295,0.6677256226539612,0.7467185258865356,0.7773544192314148,0.8072959184646606,0.8034595251083374,0.6979013681411743
2025-01-22 00:33:46,0.3929120898246765,0.6684966087341309,0.7476118206977844,0.7782654762268066,0.8082656860351562,0.8041375279426575,0.6982895731925964
2025-01-22 00:33:45,0.39274096488952637,0.6681411266326904,0.7471224069595337,0.7777611017227173,0.807794988155365,0.8038089275360107,0.6979169845581055
2025-01-22 00:33:44,0.3925698399543762,0.6677857041358948,0.7466330528259277,0.7772567272186279,0.8073242902755737,0.8034803867340088,0.6975443959236145
2025-01-22 00:33:43,0.3923987150192261,0.6674302816390991,0.746143639087677,0.7767523527145386,0.8068535923957825,0.8031517863273621,0.6971718072891235
2025-01-22 00:33:42,0.3922275900840759,0.6670747995376587,0.7456542253494263,0.7762479782104492,0.8063828945159912,0.8028231859207153,0.6967992186546326
2025-01-22 00:33:41,0.3929468095302582,0.6677460074424744,0.7463918924331665,0.7771912813186646,0.8068755865097046,0.8033270835876465,0.6975556015968323
2025-01-22 00:33:40,0.392849862575531,0.6676971912384033,0.7462553381919861,0.7769580483436584,0.8068121671676636,0.8032857775688171,0.697257936000824
2025-01-22 00:33:39,0.39275288581848145,0.6676483154296875,0.7461187839508057,0.7767248153686523,0.8067488074302673,0.8032444715499878,0.6969602704048157
2025-01-22 00:33:38,0.3921513855457306,0.6666408181190491,0.7456815838813782,0.7756490707397461,0.8062347173690796,0.802740216255188,0.6964725255966187
2025-01-22 00:33:37,0.3921915590763092,0.666652500629425,0.7456955313682556,0.7758399248123169,0.8063424825668335,0.8028194904327393,0.696672797203064
2025-01-22 00:33:36,0.3922317326068878,0.6666641235351562,0.7457095384597778,0.7760307192802429,0.8064501881599426,0.8028987050056458,0.6968730092048645
2025-01-22 00:33:35,0.39227187633514404,0.6666758060455322,0.7457234859466553,0.7762215733528137,0.8065579533576965,0.8029779195785522,0.697073221206665
2025-01-22 00:33:34,0.39231204986572266,0.6666874885559082,0.7457374334335327,0.7764124274253845,0.8066657185554504,0.8030571937561035,0.6972734928131104
2025-01-22 00:33:33,0.39235222339630127,0.6666991114616394,0.7457514405250549,0.7766032218933105,0.8067734241485596,0.8031364679336548,0.6974737644195557
2025-01-22 00:33:32,0.3923923969268799,0.6667107939720154,0.7457653880119324,0.7767940759658813,0.8068811893463135,0.8032156825065613,0.6976739764213562
2025-01-22 00:33:31,0.3917582929134369,0.6665434837341309,0.7455111145973206,0.7763497233390808,0.8062682747840881,0.8028056025505066,0.697332501411438
2025-01-22 00:33:30,0.39209169149398804,0.6668733954429626,0.7454859018325806,0.7759143710136414,0.8057839870452881,0.8027005195617676,0.6968131065368652
2025-01-22 00:33:29,0.3921397030353546,0.6667777895927429,0.7453876733779907,0.7759348750114441,0.805819034576416,0.8025954365730286,0.6967778205871582
2025-01-22 00:33:28,0.3921876847743988,0.6666821837425232,0.7452895045280457,0.775955319404602,0.8058541417121887,0.8024903535842896,0.6967424750328064
2025-01-22 00:33:27,0.3922356963157654,0.6665865778923035,0.7451912760734558,0.7759758234024048,0.8058891892433167,0.8023852705955505,0.6967071890830994
2025-01-22 00:33:26,0.3923429250717163,0.6668176651000977,0.7455084919929504,0.7761743068695068,0.8062018156051636,0.8026630282402039,0.6969130039215088
2025-01-22 00:33:25,0.3924501836299896,0.6670487523078918,0.7458257675170898,0.7763727903366089,0.8065143823623657,0.8029407858848572,0.697118878364563
2025-01-22 00:33:24,0.39255741238594055,0.667279839515686,0.7461429834365845,0.7765712141990662,0.8068270087242126,0.8032186031341553,0.6973246932029724
2025-01-22 00:33:23,0.39266467094421387,0.6675109267234802,0.7464602589607239,0.7767696976661682,0.8071395754814148,0.8034963607788086,0.6975305676460266
2025-01-22 00:33:22,0.3927718997001648,0.6677420139312744,0.7467774748802185,0.7769681811332703,0.8074522018432617,0.8037741184234619,0.697736382484436
2025-01-22 00:33:21,0.3927406966686249,0.6677253842353821,0.746719241142273,0.776884138584137,0.8072654008865356,0.8035688400268555,0.697634756565094
2025-01-22 00:33:20,0.39270949363708496,0.667708694934845,0.7466609477996826,0.7768000960350037,0.8070786595344543,0.803363561630249,0.697533130645752
2025-01-22 00:33:19,0.39267832040786743,0.6676920652389526,0.7466026544570923,0.7767161130905151,0.806891918182373,0.8031582832336426,0.6974315643310547
2025-01-22 00:33:18,0.3926471173763275,0.6676754355430603,0.7465444207191467,0.7766320705413818,0.806705117225647,0.8029529452323914,0.6973299384117126
2025-01-22 00:33:17,0.3926159143447876,0.6676587462425232,0.7464861869812012,0.7765480279922485,0.8065183162689209,0.8027476668357849,0.6972283124923706
2025-01-22 00:33:16,0.3925847113132477,0.6676421165466309,0.7464278936386108,0.7764639854431152,0.8063315749168396,0.8025423884391785,0.6971266865730286
2025-01-22 00:33:15,0.3921778202056885,0.666912317276001,0.7456607818603516,0.7759145498275757,0.8060334324836731,0.802330732345581,0.6968625783920288
2025-01-22 00:33:14,0.3917708992958069,0.6661825180053711,0.7448936104774475,0.7753651738166809,0.8057352900505066,0.8021190762519836,0.6965984106063843
2025-01-22 00:33:13,0.3916645050048828,0.66606205701828,0.7447578310966492,0.7752315998077393,0.8056604862213135,0.8020582795143127,0.6965256929397583
2025-01-22 00:33:12,0.39155811071395874,0.665941596031189,0.7446220517158508,0.7750979661941528,0.8055856823921204,0.8019974827766418,0.6964529752731323
2025-01-22 00:33:11,0.3914516866207123,0.6658211350440979,0.7444863319396973,0.7749643921852112,0.8055108785629272,0.801936686038971,0.6963803172111511
2025-01-22 00:33:10,0.3913452923297882,0.6657006740570068,0.7443505525588989,0.7748307585716248,0.8054360747337341,0.8018758893013,0.6963075995445251
2025-01-22 00:33:09,0.39123889803886414,0.6655802130699158,0.7442147731781006,0.7746971845626831,0.805361270904541,0.8018150925636292,0.6962348818778992
2025-01-22 00:33:08,0.39223068952560425,0.6672781109809875,0.7457733154296875,0.7765111923217773,0.8065631985664368,0.8028512001037598,0.696829080581665
2025-01-22 00:33:07,0.39211681485176086,0.6670961976051331,0.7455700635910034,0.7760854959487915,0.8062043190002441,0.8024845123291016,0.6965357065200806
2025-01-22 00:33:06,0.39200296998023987,0.6669142246246338,0.7453668713569641,0.7756597995758057,0.8058453798294067,0.8021177649497986,0.6962423920631409
2025-01-22 00:33:05,0.3918890953063965,0.6667323112487793,0.74516361951828,0.7752341032028198,0.8054865002632141,0.8017510771751404,0.6959490180015564
2025-01-22 00:33:04,0.3921056389808655,0.6672639846801758,0.745908796787262,0.7760341167449951,0.8060742616653442,0.8023333549499512,0.6967545747756958
2025-01-22 00:33:03,0.39232221245765686,0.6677955985069275,0.7466539740562439,0.7768340706825256,0.8066620230674744,0.8029155731201172,0.6975600719451904
2025-01-22 00:33:02,0.3924994468688965,0.6678846478462219,0.746740460395813,0.7769207954406738,0.8067619204521179,0.8029612302780151,0.6975718140602112
2025-01-22 00:33:01,0.3926766514778137,0.6679736375808716,0.7468270063400269,0.7770074605941772,0.8068618774414062,0.8030068278312683,0.6975835561752319
2025-01-22 00:33:00,0.39285388588905334,0.668062686920166,0.746913492679596,0.7770941853523254,0.8069617748260498,0.8030524253845215,0.6975952982902527
2025-01-22 00:32:59,0.39213600754737854,0.6674414873123169,0.7462248802185059,0.7766005992889404,0.8068513870239258,0.8030980825424194,0.6971548795700073
2025-01-22 00:32:58,0.3929676115512848,0.6680669784545898,0.746896505355835,0.7777326703071594,0.8073757290840149,0.8037669062614441,0.6976106762886047
2025-01-22 00:32:57,0.3927438259124756,0.6679556369781494,0.7467237114906311,0.7772125005722046,0.8072120547294617,0.8035582304000854,0.6973129510879517
2025-01-22 00:32:56,0.392520010471344,0.667844295501709,0.7465509176254272,0.776692271232605,0.8070483803749084,0.803349494934082,0.6970152258872986
2025-01-22 00:32:55,0.3919540047645569,0.6665139198303223,0.74517822265625,0.7757089138031006,0.8062899112701416,0.8027493953704834,0.6963708996772766
2025-01-22 00:32:54,0.39220449328422546,0.6667600274085999,0.7455072999000549,0.7759709358215332,0.8063004612922668,0.8027334213256836,0.696505606174469
2025-01-22 00:32:53,0.39245501160621643,0.6670060753822327,0.7458363175392151,0.7762329578399658,0.8063110709190369,0.8027174472808838,0.6966403126716614
2025-01-22 00:32:52,0.392705500125885,0.6672521829605103,0.74616539478302,0.7764949798583984,0.8063216209411621,0.802701473236084,0.6967750191688538
2025-01-22 00:32:51,0.3917587101459503,0.6663461923599243,0.7451673150062561,0.7754694819450378,0.8062736988067627,0.8024041056632996,0.6968008279800415
2025-01-22 00:32:50,0.3919120132923126,0.6670233011245728,0.7459350824356079,0.7762337923049927,0.8063300251960754,0.8025913238525391,0.6971077919006348
2025-01-22 00:32:49,0.3929206132888794,0.6674811840057373,0.7464771270751953,0.7769622802734375,0.8066167235374451,0.8029646873474121,0.6973528861999512
2025-01-22 00:32:48,0.39256489276885986,0.6678674817085266,0.7469413876533508,0.7772790193557739,0.8072782158851624,0.8035504221916199,0.6976485848426819
2025-01-22 00:32:47,0.3926462233066559,0.6678518056869507,0.7468414306640625,0.7770796418190002,0.807183027267456,0.8034637570381165,0.6974475383758545
2025-01-22 00:32:46,0.3927275836467743,0.6678361892700195,0.7467414736747742,0.7768802046775818,0.8070878982543945,0.8033771514892578,0.6972464323043823
2025-01-22 00:32:45,0.3928089141845703,0.6678205132484436,0.7466415166854858,0.7766808271408081,0.8069927096366882,0.8032904863357544,0.6970453858375549
2025-01-22 00:32:44,0.392962783575058,0.6681286692619324,0.7470108270645142,0.7773163318634033,0.8076443672180176,0.8039124608039856,0.6977723836898804
2025-01-22 00:32:43,0.39311662316322327,0.6684367656707764,0.7473801970481873,0.7779517769813538,0.8082959651947021,0.8045344352722168,0.698499321937561
2025-01-22 00:32:42,0.39327049255371094,0.6687449216842651,0.7477495074272156,0.778587281703949,0.8089476227760315,0.805156409740448,0.6992263197898865
2025-01-22 00:32:41,0.3933731019496918,0.6686529517173767,0.747549831867218,0.7782955169677734,0.8084526658058167,0.8046965599060059,0.698689341545105
2025-01-22 00:32:40,0.3934756815433502,0.6685609817504883,0.7473501563072205,0.7780037522315979,0.807957649230957,0.8042367696762085,0.6981523036956787
2025-01-22 00:32:39,0.39357829093933105,0.6684690117835999,0.7471504807472229,0.7777119874954224,0.8074626922607422,0.8037769198417664,0.6976153254508972
2025-01-22 00:32:38,0.3920443058013916,0.6667414903640747,0.7454776167869568,0.7758054137229919,0.8063632249832153,0.8029975891113281,0.6965150833129883
2025-01-22 00:32:37,0.39211151003837585,0.666967511177063,0.7462226748466492,0.7764378786087036,0.8067544102668762,0.8031172156333923,0.6973659992218018
2025-01-22 00:32:36,0.39190611243247986,0.6665691137313843,0.7459529042243958,0.7763299942016602,0.8068156242370605,0.803237795829773,0.6977187991142273
2025-01-22 00:32:35,0.3926757872104645,0.667711079120636,0.7467253804206848,0.7769762277603149,0.807166576385498,0.8034356236457825,0.6977525949478149
2025-01-22 00:32:34,0.39238280057907104,0.6672790050506592,0.7463213205337524,0.7767221927642822,0.8068881034851074,0.8032055497169495,0.6974788904190063
2025-01-22 00:32:33,0.3920898139476776,0.6668469905853271,0.7459173202514648,0.7764682173728943,0.806609570980072,0.8029754757881165,0.6972051858901978
2025-01-22 00:32:32,0.3916851878166199,0.6659454703330994,0.7444195747375488,0.7749887704849243,0.8045874834060669,0.8017172813415527,0.6958637833595276
2025-01-22 00:32:31,0.3928352892398834,0.6679062247276306,0.7465929985046387,0.7769938707351685,0.8070859909057617,0.8033992052078247,0.6975759267807007
2025-01-22 00:32:30,0.3919650912284851,0.6668516993522644,0.7459200024604797,0.7764371037483215,0.8063933849334717,0.8028640151023865,0.6973819136619568
2025-01-22 00:32:29,0.3922826051712036,0.6674777269363403,0.7462422251701355,0.7760035991668701,0.8064755797386169,0.8027269840240479,0.6968609094619751
2025-01-22 00:32:28,0.3936172127723694,0.6693226099014282,0.748153805732727,0.7788702249526978,0.808583676815033,0.804800271987915,0.698676586151123
2025-01-22 00:32:27,0.3932991623878479,0.6687526106834412,0.7475613951683044,0.7782300710678101,0.8081716299057007,0.8044294714927673,0.6984140872955322
2025-01-22 00:32:26,0.3929811120033264,0.6681826114654541,0.7469689846038818,0.7775899767875671,0.8077595233917236,0.8040586709976196,0.6981515288352966
2025-01-22 00:32:25,0.3925740122795105,0.6678909063339233,0.7467861771583557,0.7772498726844788,0.8074154257774353,0.8036786913871765,0.6979054808616638
2025-01-22 00:32:24,0.39269089698791504,0.6684861183166504,0.7470405101776123,0.7778279781341553,0.8073508143424988,0.8038700819015503,0.6983773708343506
2025-01-22 00:32:23,0.39276450872421265,0.6684585809707642,0.747194766998291,0.7778650522232056,0.8075966835021973,0.8040048480033875,0.6985008716583252
2025-01-22 00:32:22,0.39283809065818787,0.6684309840202332,0.7473490238189697,0.7779021859169006,0.807842493057251,0.8041396141052246,0.6986243724822998
2025-01-22 00:32:21,0.39222240447998047,0.6669448018074036,0.745621383190155,0.7758135795593262,0.8061450719833374,0.8024415969848633,0.6969627737998962
2025-01-22 00:32:20,0.39252719283103943,0.6676822900772095,0.7463806867599487,0.776870608329773,0.8072298169136047,0.8034573793411255,0.6976304054260254
2025-01-22 00:32:19,0.392328143119812,0.667314350605011,0.7461313009262085,0.7768014669418335,0.8072453737258911,0.8034248352050781,0.6977462768554688
2025-01-22 00:32:18,0.3921290934085846,0.6669464111328125,0.7458819150924683,0.776732325553894,0.8072608709335327,0.8033922910690308,0.6978620886802673
2025-01-22 00:32:17,0.3920157551765442,0.6665651798248291,0.7453135251998901,0.7758344411849976,0.8061307668685913,0.8025708198547363,0.6969612836837769
2025-01-22 00:32:16,0.3919023871421814,0.6661840081214905,0.7447450757026672,0.7749366164207458,0.8050007224082947,0.8017492890357971,0.6960604786872864
2025-01-22 00:32:15,0.3920362889766693,0.6666634678840637,0.7453856468200684,0.775750458240509,0.8059027194976807,0.8025362491607666,0.6967033743858337
2025-01-22 00:32:14,0.3921701908111572,0.6671428680419922,0.7460262179374695,0.776564359664917,0.8068047165870667,0.8033232688903809,0.6973463296890259
2025-01-22 00:32:13,0.39230409264564514,0.6676223278045654,0.7466667890548706,0.7773782014846802,0.8077067136764526,0.8041102290153503,0.6979892253875732
2025-01-22 00:32:12,0.3922845721244812,0.6676002144813538,0.746547520160675,0.7771192789077759,0.8074260950088501,0.8038790822029114,0.6978715658187866
2025-01-22 00:32:11,0.39226505160331726,0.6675781011581421,0.7464282512664795,0.7768602967262268,0.8071454167366028,0.8036478757858276,0.69775390625
2025-01-22 00:32:10,0.3922455310821533,0.6675559878349304,0.7463090419769287,0.7766013145446777,0.8068647384643555,0.8034167289733887,0.6976362466812134
2025-01-22 00:32:09,0.3922260105609894,0.6675338745117188,0.7461897730827332,0.7763423919677734,0.8065841197967529,0.8031855821609497,0.6975185871124268
2025-01-22 00:32:08,0.39236798882484436,0.667589008808136,0.7462127208709717,0.7764277458190918,0.8066609501838684,0.80324786901474,0.6975418329238892
2025-01-22 00:32:07,0.39250993728637695,0.6676441431045532,0.746235728263855,0.7765130996704102,0.8067377805709839,0.8033101558685303,0.6975650787353516
2025-01-22 00:32:06,0.39265191555023193,0.6676993370056152,0.7462586760520935,0.7765984535217285,0.8068145513534546,0.8033725023269653,0.697588324546814
2025-01-22 00:32:05,0.3927938938140869,0.6677544713020325,0.746281623840332,0.7766838073730469,0.8068913817405701,0.8034347891807556,0.6976115703582764
2025-01-22 00:32:04,0.3927069902420044,0.6676383018493652,0.7462637424468994,0.7766289710998535,0.8068856000900269,0.8034235239028931,0.6975830793380737
2025-01-22 00:32:03,0.3926200866699219,0.6675220727920532,0.746245801448822,0.7765741348266602,0.8068798780441284,0.8034121990203857,0.6975546479225159
2025-01-22 00:32:02,0.39253321290016174,0.6674058437347412,0.7462278604507446,0.7765193581581116,0.8068740963935852,0.8034008741378784,0.697526216506958
2025-01-22 00:32:01,0.3924463093280792,0.667289674282074,0.746209979057312,0.7764645218849182,0.806868314743042,0.8033896088600159,0.6974977254867554
2025-01-22 00:32:00,0.39244544506073,0.667290985584259,0.7461979389190674,0.7764638066291809,0.8068473935127258,0.8033705949783325,0.6974924206733704
2025-01-22 00:31:59,0.39244455099105835,0.6672923564910889,0.7461858987808228,0.7764630913734436,0.8068264722824097,0.8033515810966492,0.6974871158599854
2025-01-22 00:31:58,0.3924436867237091,0.6672936677932739,0.7461738586425781,0.7764623761177063,0.8068055510520935,0.8033325672149658,0.6974818110466003
2025-01-22 00:31:57,0.39244282245635986,0.667294979095459,0.7461618185043335,0.776461660861969,0.8067846298217773,0.8033136129379272,0.6974765062332153
2025-01-22 00:31:56,0.39244192838668823,0.6672963500022888,0.7461497783660889,0.7764609456062317,0.8067637085914612,0.8032945990562439,0.6974712610244751
2025-01-22 00:31:55,0.392441064119339,0.6672976613044739,0.7461377382278442,0.7764602899551392,0.806742787361145,0.8032755851745605,0.6974659562110901
2025-01-22 00:31:54,0.39244017004966736,0.6672989726066589,0.7461256980895996,0.7764595746994019,0.8067218661308289,0.8032565712928772,0.6974606513977051
2025-01-22 00:31:53,0.3924393057823181,0.6673003435134888,0.746113657951355,0.7764588594436646,0.8067009449005127,0.8032375574111938,0.6974553465843201
2025-01-22 00:31:52,0.39243844151496887,0.6673016548156738,0.7461016178131104,0.7764581441879272,0.8066800236701965,0.8032186031341553,0.6974500417709351
2025-01-22 00:31:51,0.39243754744529724,0.6673029661178589,0.7460895776748657,0.7764574289321899,0.8066591024398804,0.8031995892524719,0.69744473695755
2025-01-22 00:31:50,0.392436683177948,0.6673043370246887,0.7460775375366211,0.7764567136764526,0.8066381812095642,0.8031805753707886,0.697439432144165
2025-01-22 00:31:49,0.39243578910827637,0.6673056483268738,0.7460654973983765,0.7764559984207153,0.806617259979248,0.8031615614891052,0.6974341869354248
2025-01-22 00:31:48,0.3924349248409271,0.6673069596290588,0.7460534572601318,0.776455283164978,0.8065963387489319,0.8031425476074219,0.6974288821220398
2025-01-22 00:31:47,0.3924340605735779,0.6673083305358887,0.7460414171218872,0.7764545679092407,0.8065754175186157,0.8031235337257385,0.6974235773086548
2025-01-22 00:31:46,0.39243316650390625,0.6673096418380737,0.7460293769836426,0.7764538526535034,0.8065544962882996,0.8031045198440552,0.6974182724952698
2025-01-22 00:31:45,0.392432302236557,0.6673109531402588,0.746017336845398,0.7764531373977661,0.8065335750579834,0.8030855655670166,0.6974129676818848
2025-01-22 00:31:44,0.39243143796920776,0.6673123240470886,0.7460052967071533,0.7764524221420288,0.8065126538276672,0.8030665516853333,0.6974076628684998
2025-01-22 00:31:43,0.39243054389953613,0.6673136353492737,0.7459932565689087,0.7764517068862915,0.8064917325973511,0.8030475378036499,0.6974023580551147
2025-01-22 00:31:42,0.3924296796321869,0.6673149466514587,0.7459812164306641,0.776451051235199,0.8064708113670349,0.8030285239219666,0.6973970532417297
2025-01-22 00:31:41,0.39242881536483765,0.6673163175582886,0.7459691762924194,0.7764503359794617,0.8064498901367188,0.8030095100402832,0.6973917484283447
2025-01-22 00:31:40,0.392427921295166,0.6673176288604736,0.7459571361541748,0.7764496207237244,0.8064289689064026,0.8029905557632446,0.6973865032196045
2025-01-22 00:31:39,0.3924270570278168,0.6673189401626587,0.7459450960159302,0.7764489054679871,0.8064080476760864,0.8029715418815613,0.6973811984062195
2025-01-22 00:31:38,0.39242616295814514,0.6673203110694885,0.7459330558776855,0.7764481902122498,0.8063871264457703,0.8029525279998779,0.6973758935928345
2025-01-22 00:31:37,0.3924252986907959,0.6673216223716736,0.7459210157394409,0.7764474749565125,0.8063662052154541,0.8029335141181946,0.6973705887794495
2025-01-22 00:31:36,0.392605185508728,0.6676905751228333,0.7463809251785278,0.776973307132721,0.8071508407592773,0.8035150170326233,0.6976795792579651
2025-01-22 00:31:35,0.39278510212898254,0.6680595278739929,0.74684077501297,0.7774991393089294,0.8079355359077454,0.8040965795516968,0.6979885101318359
2025-01-22 00:31:34,0.3929649889469147,0.6684284806251526,0.7473006844520569,0.7780249714851379,0.8087201714515686,0.8046780824661255,0.6982975006103516
2025-01-22 00:31:33,0.39264848828315735,0.6679837703704834,0.7468208074569702,0.7773814797401428,0.8078224658966064,0.803925096988678,0.6979801058769226
2025-01-22 00:31:32,0.3923319876194,0.667539119720459,0.7463408708572388,0.7767379879951477,0.8069248199462891,0.8031721115112305,0.6976627111434937
2025-01-22 00:31:31,0.3920154869556427,0.6670944094657898,0.7458609938621521,0.7760944962501526,0.8060271143913269,0.802419126033783,0.6973453164100647
2025-01-22 00:31:30,0.39141830801963806,0.6661111116409302,0.7451624274253845,0.7754065990447998,0.8062633275985718,0.8028358817100525,0.6970975995063782
2025-01-22 00:31:29,0.39210501313209534,0.666943371295929,0.7458261847496033,0.776583194732666,0.8067123293876648,0.803183376789093,0.6973897814750671
2025-01-22 00:31:28,0.3924315869808197,0.6671680808067322,0.7459632754325867,0.7766926288604736,0.8066927790641785,0.8030223846435547,0.6974713802337646
2025-01-22 00:31:27,0.3927256464958191,0.6675350666046143,0.7464485764503479,0.7769140601158142,0.8071861267089844,0.8033791780471802,0.6975923776626587
2025-01-22 00:31:26,0.3930197060108185,0.6679019927978516,0.7469338774681091,0.7771354913711548,0.8076794147491455,0.8037359714508057,0.697713315486908
2025-01-22 00:31:25,0.39292070269584656,0.6674094796180725,0.7463247179985046,0.7769120931625366,0.8067808747291565,0.8034409880638123,0.697425127029419
2025-01-22 00:31:24,0.39297929406166077,0.6682111024856567,0.7470690011978149,0.7771558165550232,0.8076167106628418,0.8038421273231506,0.6977785229682922
2025-01-22 00:31:23,0.39302948117256165,0.6682022213935852,0.7471078038215637,0.777248203754425,0.8076719641685486,0.8038489818572998,0.697727620601654
2025-01-22 00:31:22,0.39307963848114014,0.6681933403015137,0.7471466064453125,0.7773406505584717,0.8077272176742554,0.8038557767868042,0.6976767182350159
2025-01-22 00:31:21,0.393129825592041,0.6681843996047974,0.7471854090690613,0.7774330377578735,0.8077824711799622,0.8038626313209534,0.6976258158683777
2025-01-22 00:31:20,0.3931800127029419,0.6681755185127258,0.7472242116928101,0.7775254249572754,0.807837724685669,0.8038694858551025,0.6975749135017395
2025-01-22 00:31:19,0.39319300651550293,0.6681555509567261,0.7470672130584717,0.7774870991706848,0.8078598976135254,0.803846538066864,0.6976374387741089
2025-01-22 00:31:18,0.39320600032806396,0.6681355237960815,0.7469102144241333,0.7774487733840942,0.8078820109367371,0.8038235902786255,0.697700023651123
2025-01-22 00:31:17,0.39317646622657776,0.6680199503898621,0.7468332648277283,0.7773149013519287,0.8077602386474609,0.8037323355674744,0.6977604031562805
2025-01-22 00:31:16,0.39314693212509155,0.6679043769836426,0.7467563152313232,0.777181088924408,0.8076385259628296,0.8036410808563232,0.697820782661438
2025-01-22 00:31:15,0.39311742782592773,0.6677887439727783,0.746679425239563,0.7770472764968872,0.8075167536735535,0.8035498261451721,0.6978811025619507
2025-01-22 00:31:14,0.39308789372444153,0.6676731705665588,0.746602475643158,0.7769134044647217,0.8073949813842773,0.803458571434021,0.6979414820671082
2025-01-22 00:31:13,0.3928682804107666,0.6675288081169128,0.746303379535675,0.7767028212547302,0.8070958256721497,0.8033466339111328,0.697723388671875
2025-01-22 00:31:12,0.3926486372947693,0.6673844456672668,0.7460042834281921,0.7764922380447388,0.806796669960022,0.8032346963882446,0.6975053548812866
2025-01-22 00:31:11,0.39242902398109436,0.6672400832176208,0.7457051873207092,0.7762815952301025,0.8064975738525391,0.8031228184700012,0.6972873210906982
2025-01-22 00:31:10,0.39220941066741943,0.6670957207679749,0.7454060912132263,0.7760710120201111,0.8061984181404114,0.803010880947113,0.6970692276954651
2025-01-22 00:31:09,0.3924311101436615,0.667401909828186,0.7459532022476196,0.7764678001403809,0.8066609501838684,0.8032435178756714,0.6971980929374695
2025-01-22 00:31:08,0.39265280961990356,0.6677080392837524,0.7465003728866577,0.7768645286560059,0.8071235418319702,0.8034761548042297,0.6973269581794739
2025-01-22 00:31:07,0.39287450909614563,0.6680142283439636,0.747047483921051,0.7772613167762756,0.8075860738754272,0.8037087917327881,0.6974558234214783
2025-01-22 00:31:06,0.3927720785140991,0.6678259372711182,0.7468109726905823,0.7770443558692932,0.8075543642044067,0.8036214113235474,0.6975170969963074
2025-01-22 00:31:05,0.3926696479320526,0.6676375865936279,0.7465744018554688,0.776827335357666,0.8075225949287415,0.8035340905189514,0.6975783705711365
2025-01-22 00:31:04,0.3925672173500061,0.6674492955207825,0.746337890625,0.7766103744506836,0.8074908256530762,0.8034467697143555,0.6976396441459656
2025-01-22 00:31:03,0.3924647867679596,0.667261004447937,0.7461013793945312,0.7763934135437012,0.8074591159820557,0.8033593893051147,0.6977009177207947
2025-01-22 00:31:02,0.3919830918312073,0.66695237159729,0.7456958293914795,0.7759284973144531,0.8060770034790039,0.8027856945991516,0.6969152092933655
2025-01-22 00:31:01,0.3925989866256714,0.6677495837211609,0.7464224696159363,0.7769506573677063,0.8071466684341431,0.8037694692611694,0.6977939605712891
2025-01-22 00:31:00,0.3932149112224579,0.6685467958450317,0.7471491098403931,0.7779728174209595,0.8082162737846375,0.804753303527832,0.6986727118492126
2025-01-22 00:30:59,0.3933992087841034,0.6688847541809082,0.7475536465644836,0.7782471179962158,0.8084077835083008,0.8049547076225281,0.6988512873649597
2025-01-22 00:30:58,0.3935835063457489,0.6692227125167847,0.7479581832885742,0.7785213589668274,0.8085993528366089,0.8051561117172241,0.6990299224853516
2025-01-22 00:30:57,0.3937678039073944,0.6695607304573059,0.74836266040802,0.778795599937439,0.8087908625602722,0.8053575754165649,0.6992084980010986
2025-01-22 00:30:56,0.3939521014690399,0.6698986887931824,0.7487671971321106,0.7790699005126953,0.8089823722839355,0.805558979511261,0.6993870735168457
2025-01-22 00:30:55,0.3921678960323334,0.6674870252609253,0.7461950778961182,0.7766628861427307,0.8076087832450867,0.803763210773468,0.6983901858329773
2025-01-22 00:30:54,0.3922100067138672,0.667598307132721,0.7465404272079468,0.7770528793334961,0.8076476454734802,0.8040108680725098,0.6984325647354126
2025-01-22 00:30:53,0.3922520875930786,0.6677095890045166,0.7468857765197754,0.7774428129196167,0.8076865077018738,0.8042585849761963,0.6984750032424927
2025-01-22 00:30:52,0.3922812342643738,0.6676674485206604,0.746766209602356,0.7773213386535645,0.8075867891311646,0.8040527701377869,0.6984668374061584
2025-01-22 00:30:51,0.39231035113334656,0.6676253080368042,0.7466467022895813,0.7771998643875122,0.8074870109558105,0.8038469552993774,0.6984586715698242
2025-01-22 00:30:50,0.39233946800231934,0.6675832271575928,0.7465271949768066,0.7770784497261047,0.8073872327804565,0.8036412000656128,0.6984504461288452
2025-01-22 00:30:49,0.3923686146736145,0.6675410866737366,0.7464076280593872,0.7769569754600525,0.8072875142097473,0.8034353852272034,0.698442280292511
2025-01-22 00:30:48,0.3920360207557678,0.6668936014175415,0.7455058693885803,0.7759525775909424,0.8063719272613525,0.8029005527496338,0.69759202003479
2025-01-22 00:30:47,0.39170339703559875,0.6662461161613464,0.7446041107177734,0.7749481201171875,0.805456280708313,0.8023657202720642,0.6967418193817139
2025-01-22 00:30:46,0.39183568954467773,0.6665499210357666,0.745079517364502,0.7754631042480469,0.8057667016983032,0.8025674819946289,0.6970087289810181
2025-01-22 00:30:45,0.3919680118560791,0.6668537259101868,0.7455549240112305,0.7759780287742615,0.8060771226882935,0.8027691841125488,0.6972755789756775
2025-01-22 00:30:44,0.3930417001247406,0.6682050228118896,0.7470657825469971,0.7775092720985413,0.8075557947158813,0.8035910129547119,0.6982480883598328
2025-01-22 00:30:43,0.39284056425094604,0.6679909229278564,0.7468481063842773,0.7774094939231873,0.8074756860733032,0.8035796284675598,0.698229193687439
2025-01-22 00:30:42,0.3926393985748291,0.6677767634391785,0.7466304898262024,0.7773097157478333,0.8073956370353699,0.8035682439804077,0.6982103586196899
2025-01-22 00:30:41,0.39243823289871216,0.6675626039505005,0.7464128732681274,0.7772099375724792,0.8073155879974365,0.8035567998886108,0.6981915235519409
2025-01-22 00:30:40,0.3922370970249176,0.6673485040664673,0.7461951971054077,0.7771101593971252,0.8072354793548584,0.8035454154014587,0.6981726288795471
2025-01-22 00:30:39,0.3922649025917053,0.6673375964164734,0.7462676763534546,0.7770103812217712,0.8073318004608154,0.8035570383071899,0.6981508135795593
2025-01-22 00:30:38,0.39229270815849304,0.6673266291618347,0.7463402152061462,0.7769106030464172,0.8074281811714172,0.8035686612129211,0.6981289386749268
2025-01-22 00:30:37,0.39232051372528076,0.6673157215118408,0.7464126944541931,0.7768108248710632,0.8075245022773743,0.8035802841186523,0.698107123374939
2025-01-22 00:30:36,0.391838014125824,0.6663774847984314,0.7446833252906799,0.7746022939682007,0.8052415251731873,0.8021082878112793,0.6967486143112183
2025-01-22 00:30:35,0.3938041031360626,0.668946385383606,0.7480629086494446,0.7782651782035828,0.8083158135414124,0.8044340014457703,0.6987063884735107
2025-01-22 00:30:34,0.39376816153526306,0.6689133048057556,0.7480072975158691,0.7782278656959534,0.808271050453186,0.8044029474258423,0.6986616253852844
2025-01-22 00:30:33,0.3937321901321411,0.66888028383255,0.7479516863822937,0.778190553188324,0.8082262873649597,0.8043718338012695,0.6986168622970581
2025-01-22 00:30:32,0.39369624853134155,0.6688472032546997,0.747896134853363,0.7781532406806946,0.8081815242767334,0.8043407797813416,0.6985720992088318
2025-01-22 00:30:31,0.3936602771282196,0.6688141822814941,0.7478405237197876,0.7781158685684204,0.8081367611885071,0.8043097257614136,0.6985272765159607
2025-01-22 00:30:30,0.39362433552742004,0.6687811017036438,0.7477849125862122,0.778078556060791,0.8080920577049255,0.8042786121368408,0.6984825134277344
2025-01-22 00:30:29,0.3935883641242981,0.6687480807304382,0.7477293014526367,0.7780412435531616,0.8080472946166992,0.8042475581169128,0.6984377503395081
2025-01-22 00:30:28,0.39355242252349854,0.6687150001525879,0.7476736903190613,0.7780039310455322,0.8080025315284729,0.8042164444923401,0.6983929872512817
2025-01-22 00:30:27,0.3935164511203766,0.6686819791793823,0.7476181387901306,0.7779666185379028,0.8079577684402466,0.8041853904724121,0.6983482241630554
2025-01-22 00:30:26,0.393480509519577,0.668648898601532,0.7475625276565552,0.7779293060302734,0.8079130053520203,0.8041543364524841,0.6983034610748291
2025-01-22 00:30:25,0.3934445381164551,0.6686158776283264,0.7475069165229797,0.7778919339179993,0.807868242263794,0.8041232228279114,0.698258638381958
2025-01-22 00:30:24,0.3934085965156555,0.6685827970504761,0.7474513053894043,0.7778546214103699,0.8078234791755676,0.8040921688079834,0.6982138752937317
2025-01-22 00:30:23,0.39337262511253357,0.6685497760772705,0.7473956942558289,0.7778173089027405,0.8077787160873413,0.8040611147880554,0.6981691122055054
2025-01-22 00:30:22,0.393336683511734,0.6685166954994202,0.7473401427268982,0.7777799963951111,0.8077340126037598,0.8040300011634827,0.698124349117279
2025-01-22 00:30:21,0.39330071210861206,0.6684836745262146,0.7472845315933228,0.7777426838874817,0.8076892495155334,0.8039989471435547,0.6980795860290527
2025-01-22 00:30:20,0.3932647705078125,0.6684505939483643,0.7472289204597473,0.7777053713798523,0.8076444864273071,0.8039678931236267,0.6980348229408264
2025-01-22 00:30:19,0.39322879910469055,0.6684175729751587,0.7471733093261719,0.7776679992675781,0.8075997233390808,0.803936779499054,0.6979900002479553
2025-01-22 00:30:18,0.393192857503891,0.6683844923973083,0.7471176981925964,0.7776306867599487,0.8075549602508545,0.803905725479126,0.697945237159729
2025-01-22 00:30:17,0.39315688610076904,0.6683514714241028,0.7470621466636658,0.7775933742523193,0.8075101971626282,0.803874671459198,0.6979004740715027
2025-01-22 00:30:16,0.3931209444999695,0.6683183908462524,0.7470065355300903,0.7775560617446899,0.8074654340744019,0.8038435578346252,0.6978557109832764
2025-01-22 00:30:15,0.39308497309684753,0.6682853698730469,0.7469509243965149,0.7775187492370605,0.8074206709861755,0.8038125038146973,0.69781094789505
2025-01-22 00:30:14,0.393049031496048,0.6682522892951965,0.7468953132629395,0.7774814367294312,0.807375967502594,0.8037813901901245,0.6977661848068237
2025-01-22 00:30:13,0.393013060092926,0.668219268321991,0.746839702129364,0.777444064617157,0.8073312044143677,0.8037503361701965,0.6977213621139526
2025-01-22 00:30:12,0.39297711849212646,0.6681861877441406,0.7467841506004333,0.7774067521095276,0.8072864413261414,0.8037192821502686,0.6976765990257263
2025-01-22 00:30:11,0.3929411470890045,0.6681531667709351,0.7467285394668579,0.7773694396018982,0.807241678237915,0.8036881685256958,0.6976318359375
2025-01-22 00:30:10,0.39290520548820496,0.6681200861930847,0.7466729283332825,0.7773321270942688,0.8071969151496887,0.8036571145057678,0.6975870728492737
2025-01-22 00:30:09,0.3913252055644989,0.6665899157524109,0.7453129291534424,0.7757353782653809,0.8065481781959534,0.8028696775436401,0.6976944804191589
2025-01-22 00:30:08,0.3916550874710083,0.6669689416885376,0.7456364035606384,0.7761663794517517,0.8068400621414185,0.8032454252243042,0.6978379487991333
2025-01-22 00:30:07,0.3919849395751953,0.6673480272293091,0.7459598779678345,0.7765973806381226,0.8071319460868835,0.803621232509613,0.6979814767837524
2025-01-22 00:30:06,0.3923148214817047,0.6677270531654358,0.7462834119796753,0.7770283222198486,0.8074238300323486,0.8039970397949219,0.6981250047683716
2025-01-22 00:30:05,0.3926447033882141,0.6681060791015625,0.7466068863868713,0.7774593234062195,0.8077157139778137,0.8043727874755859,0.698268473148346
2025-01-22 00:30:04,0.39232873916625977,0.6674840450286865,0.746411919593811,0.7769798040390015,0.8074530363082886,0.8039952516555786,0.6980996131896973
2025-01-22 00:30:03,0.3920128047466278,0.6668620705604553,0.7462170124053955,0.7765002250671387,0.8071902990341187,0.8036177158355713,0.6979308128356934
2025-01-22 00:30:02,0.392735093832016,0.6682140231132507,0.7472742795944214,0.7776970267295837,0.8080611824989319,0.804039716720581,0.6980454921722412
2025-01-22 00:30:01,0.3926917612552643,0.6680231094360352,0.7470999956130981,0.7775812745094299,0.8080552220344543,0.804186999797821,0.6981601715087891
2025-01-22 00:30:00,0.3926484286785126,0.6678321957588196,0.7469257116317749,0.7774654626846313,0.8080492615699768,0.8043343424797058,0.6982747912406921
2025-01-22 00:29:59,0.39260509610176086,0.667641282081604,0.7467514276504517,0.7773497104644775,0.8080433011054993,0.8044816255569458,0.69838947057724
2025-01-22 00:29:58,0.39268195629119873,0.6678496599197388,0.7466362714767456,0.7771456241607666,0.8077629804611206,0.8040598034858704,0.6982870101928711
2025-01-22 00:29:57,0.3927587866783142,0.6680580973625183,0.7465211153030396,0.7769415974617004,0.8074827194213867,0.8036379814147949,0.6981844902038574
2025-01-22 00:29:56,0.3922158181667328,0.6674599647521973,0.746098518371582,0.7764409780502319,0.8069762587547302,0.8032005429267883,0.6979405879974365
2025-01-22 00:29:55,0.39167287945747375,0.6668618321418762,0.7456759810447693,0.7759402990341187,0.806469738483429,0.802763044834137,0.6976966261863708
2025-01-22 00:29:54,0.39112991094589233,0.6662636995315552,0.7452533841133118,0.7754396796226501,0.8059632778167725,0.8023256063461304,0.69745272397995
2025-01-22 00:29:53,0.39268559217453003,0.6676009893417358,0.7460700273513794,0.7765483260154724,0.8069667816162109,0.8031885027885437,0.6979923248291016
2025-01-22 00:29:52,0.39236894249916077,0.6670774221420288,0.7458965182304382,0.7764480710029602,0.806955099105835,0.8031257390975952,0.6978827714920044
2025-01-22 00:29:51,0.3920522928237915,0.6665539145469666,0.7457230091094971,0.776347815990448,0.806943416595459,0.8030629754066467,0.697773277759552
2025-01-22 00:29:50,0.39210590720176697,0.6670740246772766,0.7457457184791565,0.7757712006568909,0.8064677715301514,0.8025947213172913,0.697525680065155
2025-01-22 00:29:49,0.3930380046367645,0.6686267256736755,0.7477459907531738,0.7781656980514526,0.8079128861427307,0.8045982718467712,0.6986308097839355
2025-01-22 00:29:48,0.3926387429237366,0.6678743362426758,0.746680736541748,0.7772968411445618,0.8074900507926941,0.8042554259300232,0.6982107162475586
2025-01-22 00:29:47,0.392239511013031,0.6671218872070312,0.7456154227256775,0.7764279842376709,0.8070672154426575,0.8039125800132751,0.6977906227111816
2025-01-22 00:29:46,0.39331549406051636,0.6688761115074158,0.747775673866272,0.7785184979438782,0.8088948726654053,0.805310070514679,0.698990523815155
2025-01-22 00:29:45,0.392522394657135,0.6679934859275818,0.7472339272499084,0.7775158882141113,0.8085898756980896,0.8045244812965393,0.6985641121864319
2025-01-22 00:29:44,0.39222368597984314,0.6668416261672974,0.7457988262176514,0.7760000824928284,0.8069911003112793,0.8035349249839783,0.697746217250824
2025-01-22 00:29:43,0.392373651266098,0.6671562790870667,0.7461212277412415,0.7764491438865662,0.807295560836792,0.803743302822113,0.6979038119316101
2025-01-22 00:29:42,0.3925236165523529,0.6674709916114807,0.7464436292648315,0.776898205280304,0.8075999617576599,0.803951621055603,0.6980613470077515
2025-01-22 00:29:41,0.3926735818386078,0.66778564453125,0.7467660903930664,0.7773472666740417,0.8079044222831726,0.8041599988937378,0.6982189416885376
2025-01-22 00:29:40,0.39282354712486267,0.6681003570556641,0.7470884919166565,0.7777963280677795,0.8082088232040405,0.8043683171272278,0.698376476764679
2025-01-22 00:29:39,0.39297351241111755,0.6684150099754333,0.7474108934402466,0.7782453894615173,0.8085132837295532,0.8045766949653625,0.6985340714454651
2025-01-22 00:29:38,0.39279261231422424,0.6682047843933105,0.7470681071281433,0.7773579955101013,0.8075553774833679,0.8043692111968994,0.6982839703559875
2025-01-22 00:29:37,0.3925844430923462,0.6676599979400635,0.7464374899864197,0.7768080234527588,0.8071815371513367,0.8039236664772034,0.6979697942733765
2025-01-22 00:29:36,0.39237627387046814,0.6671152114868164,0.7458069324493408,0.7762580513954163,0.8068077564239502,0.8034781217575073,0.6976555585861206
2025-01-22 00:29:35,0.3921681046485901,0.6665704250335693,0.7451763153076172,0.7757080793380737,0.806433916091919,0.8030325770378113,0.6973413825035095
2025-01-22 00:29:34,0.3922347128391266,0.6671301126480103,0.7455484867095947,0.775960385799408,0.8061739802360535,0.8024241924285889,0.6974009275436401
2025-01-22 00:29:33,0.3923807442188263,0.6673782467842102,0.7459571957588196,0.7763239145278931,0.8065775632858276,0.8029637336730957,0.6975943446159363
2025-01-22 00:29:32,0.392526775598526,0.6676264405250549,0.7463659644126892,0.7766873836517334,0.8069812059402466,0.8035032749176025,0.6977877616882324
2025-01-22 00:29:31,0.3926728069782257,0.6678745746612549,0.7467746734619141,0.7770509123802185,0.8073847889900208,0.8040428161621094,0.6979811787605286
2025-01-22 00:29:30,0.39232760667800903,0.667306125164032,0.7464283108711243,0.7766894102096558,0.8076198101043701,0.8037356734275818,0.6978257894515991
2025-01-22 00:29:29,0.39231550693511963,0.66718989610672,0.7459220886230469,0.7763829231262207,0.8068289756774902,0.8034409880638123,0.6972947120666504
2025-01-22 00:29:28,0.3923034071922302,0.6671714782714844,0.7461719512939453,0.776502251625061,0.8071417808532715,0.8039302825927734,0.6978928446769714
2025-01-22 00:29:27,0.3922913074493408,0.6671531200408936,0.7464218735694885,0.7766215205192566,0.807454526424408,0.8044195175170898,0.6984909772872925
2025-01-22 00:29:26,0.3928016126155853,0.6678866147994995,0.746290385723114,0.7767587900161743,0.8071746230125427,0.8035439252853394,0.6972963213920593
2025-01-22 00:29:25,0.3926319479942322,0.667548418045044,0.7460829615592957,0.776561975479126,0.8070790767669678,0.8035157322883606,0.6975160241127014
2025-01-22 00:29:24,0.39246225357055664,0.6672102212905884,0.7458755373954773,0.7763651013374329,0.806983470916748,0.8034875988960266,0.6977357268333435
2025-01-22 00:29:23,0.3922925889492035,0.6668720245361328,0.7456681132316589,0.7761682868003845,0.8068879246711731,0.8034594058990479,0.6979554295539856
2025-01-22 00:29:22,0.3922145366668701,0.6669480800628662,0.7457849979400635,0.7762881517410278,0.8069690465927124,0.8035002946853638,0.6979809999465942
2025-01-22 00:29:21,0.39213651418685913,0.6670241951942444,0.745901882648468,0.7764080166816711,0.8070501089096069,0.8035411834716797,0.6980065107345581
2025-01-22 00:29:20,0.39208829402923584,0.6665676832199097,0.7452502250671387,0.7757856845855713,0.8064619898796082,0.802479088306427,0.6968157887458801
2025-01-22 00:29:19,0.39208200573921204,0.6666785478591919,0.7454115152359009,0.7759556174278259,0.806607186794281,0.8026329874992371,0.6970599293708801
2025-01-22 00:29:18,0.39207568764686584,0.6667894124984741,0.7455728054046631,0.7761255502700806,0.8067523837089539,0.8027868866920471,0.6973040103912354
2025-01-22 00:29:17,0.39206939935684204,0.6669002771377563,0.7457340359687805,0.7762954235076904,0.8068975806236267,0.8029407262802124,0.6975481510162354
2025-01-22 00:29:16,0.39206308126449585,0.6670111417770386,0.7458953261375427,0.7764653563499451,0.8070427775382996,0.8030946254730225,0.6977922320365906
2025-01-22 00:29:15,0.39205679297447205,0.6671220064163208,0.7460566163063049,0.7766352891921997,0.8071879744529724,0.8032485246658325,0.6980363726615906
2025-01-22 00:29:14,0.3925092816352844,0.6675421595573425,0.7464953064918518,0.7769611477851868,0.8073388934135437,0.8035222291946411,0.6981886625289917
2025-01-22 00:29:13,0.3929618000984192,0.667962372303009,0.7469339370727539,0.777286946773529,0.8074898719787598,0.8037958741188049,0.698340892791748
2025-01-22 00:29:12,0.39341428875923157,0.6683825254440308,0.7473726272583008,0.7776128053665161,0.807640790939331,0.8040695786476135,0.6984931826591492
2025-01-22 00:29:11,0.393450528383255,0.6685041785240173,0.7475642561912537,0.7778492569923401,0.8078818321228027,0.8042321801185608,0.6985845565795898
2025-01-22 00:29:10,0.39348676800727844,0.6686258316040039,0.7477559447288513,0.7780856490135193,0.8081229329109192,0.8043947815895081,0.6986759305000305
2025-01-22 00:29:09,0.3935230076313019,0.6687474846839905,0.7479475736618042,0.7783221006393433,0.8083639740943909,0.8045573830604553,0.6987673044204712
2025-01-22 00:29:08,0.39193108677864075,0.6668664813041687,0.7458255290985107,0.7765457034111023,0.8071051239967346,0.8037605285644531,0.6979464292526245
2025-01-22 00:29:07,0.39299529790878296,0.6679338216781616,0.7471312880516052,0.7774962186813354,0.8083416819572449,0.8042643070220947,0.6981484293937683
2025-01-22 00:29:06,0.39170101284980774,0.666632890701294,0.7455046772956848,0.7761585116386414,0.8065829873085022,0.8034707903862,0.697422981262207
2025-01-22 00:29:05,0.39269259572029114,0.6676809787750244,0.7463995218276978,0.7769709229469299,0.8072046041488647,0.8037865161895752,0.6977412104606628
2025-01-22 00:29:04,0.3924314081668854,0.6674947142601013,0.7464991807937622,0.7768474817276001,0.8075724244117737,0.8036295771598816,0.6977733969688416
2025-01-22 00:29:03,0.392272412776947,0.6673131585121155,0.7462530732154846,0.776581883430481,0.807335615158081,0.8035759925842285,0.6977166533470154
2025-01-22 00:29:02,0.39211344718933105,0.6671316027641296,0.746006965637207,0.7763163447380066,0.8070987462997437,0.8035223484039307,0.6976599097251892
2025-01-22 00:29:01,0.3919544816017151,0.6669500470161438,0.7457609176635742,0.7760508060455322,0.806861937046051,0.8034687042236328,0.697603166103363
2025-01-22 00:29:00,0.39179548621177673,0.666768491268158,0.7455148100852966,0.7757852077484131,0.8066251277923584,0.8034151196479797,0.6975464224815369
2025-01-22 00:28:59,0.3926740884780884,0.6677929759025574,0.7466052770614624,0.7769408822059631,0.8072124123573303,0.8037571907043457,0.6978592276573181
2025-01-22 00:28:58,0.39183509349823,0.6668605208396912,0.7457147836685181,0.7763007879257202,0.8073698878288269,0.8033949136734009,0.698297381401062
2025-01-22 00:28:57,0.392219603061676,0.6674051284790039,0.7463374137878418,0.7768478989601135,0.8077644109725952,0.8038764595985413,0.6984421610832214
2025-01-22 00:28:56,0.3926040828227997,0.6679496765136719,0.7469600439071655,0.7773950099945068,0.8081589937210083,0.8043580651283264,0.6985870003700256
2025-01-22 00:28:55,0.3929885923862457,0.6684942841529846,0.7475826740264893,0.7779421210289001,0.8085535168647766,0.8048396110534668,0.6987317800521851
2025-01-22 00:28:54,0.39168399572372437,0.666537880897522,0.7454109191894531,0.7760056853294373,0.8064278960227966,0.8030173182487488,0.6976717710494995
2025-01-22 00:28:53,0.39220041036605835,0.667366623878479,0.7461981773376465,0.7763975262641907,0.8068141937255859,0.8031483292579651,0.697777271270752
2025-01-22 00:28:52,0.39246201515197754,0.667467474937439,0.7464303970336914,0.7768738269805908,0.8072299957275391,0.8038032650947571,0.6981919407844543
2025-01-22 00:28:51,0.39272359013557434,0.6675683259963989,0.7466626167297363,0.777350127696991,0.8076457977294922,0.8044582009315491,0.6986066102981567
2025-01-22 00:28:50,0.39317411184310913,0.6683896780014038,0.7473866939544678,0.778009295463562,0.8084148168563843,0.8051866888999939,0.6991615295410156
2025-01-22 00:28:49,0.39298731088638306,0.6680892705917358,0.7470311522483826,0.7775435447692871,0.8080111742019653,0.8045620322227478,0.6987869143486023
2025-01-22 00:28:48,0.392800509929657,0.6677889227867126,0.7466755509376526,0.7770777344703674,0.8076075315475464,0.8039374351501465,0.698412299156189
2025-01-22 00:28:47,0.3926137089729309,0.6674885153770447,0.7463200092315674,0.7766119837760925,0.8072038888931274,0.8033127784729004,0.6980376839637756
2025-01-22 00:28:46,0.39274364709854126,0.6680101156234741,0.7468708753585815,0.777153730392456,0.8073728084564209,0.8035751581192017,0.6982405185699463
2025-01-22 00:28:45,0.3928735852241516,0.6685317158699036,0.7474216818809509,0.7776954770088196,0.8075417280197144,0.8038374781608582,0.6984434127807617
2025-01-22 00:28:44,0.392736554145813,0.6681638360023499,0.7471467852592468,0.7775318622589111,0.8076563477516174,0.8039867877960205,0.6984902024269104
2025-01-22 00:28:43,0.39259952306747437,0.6677959561347961,0.7468718886375427,0.7773683071136475,0.8077709078788757,0.8041360974311829,0.6985369920730591
2025-01-22 00:28:42,0.39246249198913574,0.6674280762672424,0.7465969920158386,0.777204692363739,0.8078855276107788,0.8042854070663452,0.6985837817192078
2025-01-22 00:28:41,0.39256909489631653,0.667618453502655,0.7467344999313354,0.7774073481559753,0.8078129887580872,0.80424964427948,0.6985169649124146
2025-01-22 00:28:40,0.3926756978034973,0.6678088307380676,0.7468720078468323,0.7776100635528564,0.8077404499053955,0.8042138814926147,0.6984500885009766
2025-01-22 00:28:39,0.3927823007106781,0.6679992079734802,0.7470095157623291,0.7778127193450928,0.8076679110527039,0.8041781187057495,0.6983832716941833
2025-01-22 00:28:38,0.3928317129611969,0.6678395867347717,0.7464113831520081,0.7768092155456543,0.807092010974884,0.8036664724349976,0.6981179118156433
2025-01-22 00:28:37,0.39311128854751587,0.6693906188011169,0.7480822801589966,0.7785283923149109,0.8087241053581238,0.805128812789917,0.6991804838180542
2025-01-22 00:28:36,0.39240801334381104,0.6676151156425476,0.7464550137519836,0.7769650220870972,0.8074049949645996,0.8038861751556396,0.6982470750808716
2025-01-22 00:28:35,0.39253711700439453,0.6675922870635986,0.7465812563896179,0.7769194841384888,0.8074703216552734,0.8039738535881042,0.6982800960540771
2025-01-22 00:28:34,0.39266619086265564,0.6675695180892944,0.7467074990272522,0.7768738865852356,0.807535707950592,0.8040615320205688,0.6983131766319275
2025-01-22 00:28:33,0.3925749659538269,0.6675952672958374,0.7466439604759216,0.7770286798477173,0.8076447248458862,0.8041492104530334,0.6984003782272339
2025-01-22 00:28:32,0.3924837112426758,0.6676210165023804,0.7465804219245911,0.777183473110199,0.8077536821365356,0.804236888885498,0.6984875798225403
2025-01-22 00:28:31,0.3927229046821594,0.6679167747497559,0.746855616569519,0.7775270938873291,0.8082488775253296,0.8046655654907227,0.6987192630767822
2025-01-22 00:28:30,0.39296209812164307,0.6682124733924866,0.7471308708190918,0.7778707146644592,0.8087440729141235,0.8050941824913025,0.6989508867263794
2025-01-22 00:28:29,0.39292699098587036,0.6681069135665894,0.7470629215240479,0.7777077555656433,0.8085119724273682,0.8049315810203552,0.6988228559494019
2025-01-22 00:28:28,0.39289185404777527,0.6680012941360474,0.7469949722290039,0.7775447964668274,0.8082798719406128,0.8047689199447632,0.6986948251724243
2025-01-22 00:28:27,0.3928567171096802,0.6678957343101501,0.7469269633293152,0.7773818373680115,0.8080477118492126,0.8046063184738159,0.6985668540000916
2025-01-22 00:28:26,0.39282160997390747,0.6677901744842529,0.7468590140342712,0.7772188782691956,0.8078156113624573,0.8044437170028687,0.698438823223114
2025-01-22 00:28:25,0.39298340678215027,0.6685633063316345,0.7472686767578125,0.7779945731163025,0.808433473110199,0.8048288226127625,0.698867678642273
2025-01-22 00:28:24,0.39225640892982483,0.6677402853965759,0.7466874122619629,0.7769070267677307,0.807597279548645,0.8042231202125549,0.6986759305000305
2025-01-22 00:28:23,0.39248913526535034,0.6677476167678833,0.74665766954422,0.7768415212631226,0.8076867461204529,0.8042068481445312,0.6984841227531433
2025-01-22 00:28:22,0.39272189140319824,0.6677548885345459,0.746627926826477,0.7767760157585144,0.8077762126922607,0.8041905164718628,0.6982923746109009
2025-01-22 00:28:21,0.3927984833717346,0.6678429841995239,0.746837854385376,0.7770019769668579,0.807833194732666,0.8042470216751099,0.6983737349510193
2025-01-22 00:28:20,0.3928751051425934,0.667931079864502,0.7470477819442749,0.7772278785705566,0.8078901767730713,0.8043035864830017,0.6984550952911377
2025-01-22 00:28:19,0.392795205116272,0.668070912361145,0.7471681237220764,0.7776579260826111,0.8081700801849365,0.8048961758613586,0.6987934112548828
2025-01-22 00:28:18,0.393013060092926,0.6685150861740112,0.7476616501808167,0.778110921382904,0.8084874153137207,0.805010974407196,0.6989119648933411
2025-01-22 00:28:17,0.3932308852672577,0.6689593195915222,0.7481551766395569,0.778563916683197,0.8088048100471497,0.8051257729530334,0.6990305185317993
2025-01-22 00:28:16,0.3931204378604889,0.6687408089637756,0.7478911280632019,0.7782842516899109,0.8086462020874023,0.805037260055542,0.6989426612854004
2025-01-22 00:28:15,0.3930100202560425,0.6685223579406738,0.7476270794868469,0.7780045866966248,0.808487594127655,0.8049486875534058,0.6988548040390015
2025-01-22 00:28:14,0.3928995728492737,0.6683038473129272,0.7473630905151367,0.7777249217033386,0.8083289861679077,0.8048601746559143,0.6987668871879578
2025-01-22 00:28:13,0.39278915524482727,0.6680853962898254,0.7470990419387817,0.7774452567100525,0.8081703782081604,0.8047716021537781,0.6986790299415588
2025-01-22 00:28:12,0.39267870783805847,0.6678668856620789,0.7468349933624268,0.7771655917167664,0.8080117702484131,0.8046830892562866,0.6985911726951599
2025-01-22 00:28:11,0.3929240107536316,0.6681466102600098,0.7471943497657776,0.7777970433235168,0.8083423376083374,0.8049813508987427,0.6988327503204346
2025-01-22 00:28:10,0.3931693136692047,0.6684262752532959,0.7475537061691284,0.7784284949302673,0.8086729049682617,0.8052796721458435,0.699074387550354
2025-01-22 00:28:09,0.39310336112976074,0.6682636737823486,0.7474005222320557,0.7780754566192627,0.8084914088249207,0.8051199913024902,0.6989192366600037
2025-01-22 00:28:08,0.39303743839263916,0.6681010127067566,0.7472473978996277,0.7777223587036133,0.8083099126815796,0.804960310459137,0.6987640261650085
2025-01-22 00:28:07,0.3929714858531952,0.6679384112358093,0.7470942139625549,0.7773693203926086,0.8081284165382385,0.8048006296157837,0.6986088752746582
2025-01-22 00:28:06,0.3930017948150635,0.6682063937187195,0.7473021149635315,0.777564287185669,0.8082674741744995,0.8048319816589355,0.6987168192863464
2025-01-22 00:28:05,0.39348331093788147,0.6685057282447815,0.7477443814277649,0.7784603238105774,0.8087831139564514,0.8056572079658508,0.6991435885429382
2025-01-22 00:28:04,0.3929368853569031,0.6680026054382324,0.7470710277557373,0.7775505781173706,0.8084983825683594,0.8051009774208069,0.6989337205886841
2025-01-22 00:28:03,0.3925563097000122,0.6674745082855225,0.746598482131958,0.7776138186454773,0.8081815838813782,0.8049247860908508,0.6987711787223816
2025-01-22 00:28:02,0.39269769191741943,0.667819082736969,0.7464239001274109,0.7773352861404419,0.8074176907539368,0.8035833835601807,0.698151171207428
2025-01-22 00:28:01,0.3926366865634918,0.66749107837677,0.7465078234672546,0.7770568132400513,0.8072059154510498,0.803998589515686,0.6985208988189697
2025-01-22 00:28:00,0.39283156394958496,0.6679109930992126,0.7468793988227844,0.7774392366409302,0.8075064420700073,0.8042717576026917,0.698677659034729
2025-01-22 00:27:59,0.3930264115333557,0.6683309078216553,0.7472509741783142,0.7778217196464539,0.8078070282936096,0.8045449256896973,0.6988344788551331
2025-01-22 00:27:58,0.39241451025009155,0.6675012707710266,0.7464376091957092,0.7770289778709412,0.8075147867202759,0.8042811155319214,0.6985182166099548
2025-01-22 00:27:57,0.3930540978908539,0.668225884437561,0.7470241189002991,0.7776288986206055,0.808009684085846,0.8041279911994934,0.6986497044563293
2025-01-22 00:27:56,0.3918558955192566,0.6668148040771484,0.7458639740943909,0.7763519883155823,0.8070880770683289,0.8040316104888916,0.6982843279838562
2025-01-22 00:27:55,0.39301490783691406,0.6681305766105652,0.7473244071006775,0.7778562903404236,0.8083201050758362,0.8047184944152832,0.698908805847168
2025-01-22 00:27:54,0.39262962341308594,0.6675281524658203,0.7466269731521606,0.7770228981971741,0.807613730430603,0.804124653339386,0.6984050273895264
2025-01-22 00:27:53,0.3922443091869354,0.6669257283210754,0.745929479598999,0.7761895060539246,0.8069074153900146,0.8035308122634888,0.6979013085365295
2025-01-22 00:27:52,0.39232251048088074,0.6676017045974731,0.7463359236717224,0.7769479751586914,0.8077061772346497,0.8044229745864868,0.6983752250671387
2025-01-22 00:27:51,0.3925949037075043,0.6678600311279297,0.7467246055603027,0.7773817777633667,0.808129072189331,0.804685115814209,0.6986491680145264
2025-01-22 00:27:50,0.3928672969341278,0.668118417263031,0.7471132278442383,0.7778155207633972,0.8085520267486572,0.8049473166465759,0.6989231109619141
2025-01-22 00:27:49,0.39321368932724,0.6683120131492615,0.7475314140319824,0.7781881093978882,0.808482825756073,0.8048738241195679,0.6990147233009338
2025-01-22 00:27:48,0.39277881383895874,0.6677101254463196,0.7462903261184692,0.7769919037818909,0.8078252077102661,0.8046059012413025,0.6988245248794556
2025-01-22 00:27:47,0.3928234875202179,0.6677927374839783,0.7464438676834106,0.7770047187805176,0.8077915906906128,0.8044878840446472,0.6987833976745605
2025-01-22 00:27:46,0.39286816120147705,0.6678754091262817,0.7465973496437073,0.7770175337791443,0.8077580332756042,0.8043699264526367,0.6987422108650208
2025-01-22 00:27:45,0.3929128646850586,0.6679580211639404,0.7467508316040039,0.777030348777771,0.8077244162559509,0.8042519092559814,0.698701024055481
2025-01-22 00:27:44,0.39295753836631775,0.6680406332015991,0.7469043731689453,0.7770431637763977,0.8076907992362976,0.8041338920593262,0.6986598968505859
2025-01-22 00:27:43,0.3930022120475769,0.6681233048439026,0.7470579147338867,0.7770559787750244,0.8076572418212891,0.8040159344673157,0.6986187696456909
2025-01-22 00:27:42,0.39304688572883606,0.6682059168815613,0.7472113966941833,0.7770687937736511,0.8076236248016357,0.8038979172706604,0.6985775828361511
2025-01-22 00:27:41,0.3931260406970978,0.6683986783027649,0.7473359704017639,0.7773195505142212,0.8078238368034363,0.804122269153595,0.6986829042434692
2025-01-22 00:27:40,0.3932051956653595,0.6685914397239685,0.7474605441093445,0.7775702476501465,0.8080241084098816,0.8043466210365295,0.6987882256507874
2025-01-22 00:27:39,0.39328432083129883,0.6687841415405273,0.7475850582122803,0.7778210043907166,0.8082243204116821,0.8045709729194641,0.6988935470581055
2025-01-22 00:27:38,0.39336347579956055,0.668976902961731,0.7477096319198608,0.7780717611312866,0.8084245324134827,0.8047953248023987,0.6989988684654236
2025-01-22 00:27:37,0.39344263076782227,0.6691696643829346,0.7478342056274414,0.7783224582672119,0.808624804019928,0.8050196766853333,0.6991041898727417
2025-01-22 00:27:36,0.393521785736084,0.6693624258041382,0.747958779335022,0.778573215007782,0.8088250160217285,0.8052440285682678,0.6992095112800598
2025-01-22 00:27:35,0.39318767189979553,0.6688336730003357,0.747557520866394,0.7782216668128967,0.8085567951202393,0.8049858212471008,0.6989821195602417
2025-01-22 00:27:34,0.3928535580635071,0.6683049201965332,0.7471562623977661,0.7778701186180115,0.80828857421875,0.8047276139259338,0.6987547874450684
2025-01-22 00:27:33,0.39251941442489624,0.6677762269973755,0.7467549443244934,0.7775185704231262,0.808020293712616,0.8044694066047668,0.6985273957252502
2025-01-22 00:27:32,0.3921853005886078,0.667247474193573,0.7463536858558655,0.777167022228241,0.8077520728111267,0.8042111992835999,0.6983000040054321
2025-01-22 00:27:31,0.39248934388160706,0.6674187779426575,0.7464504241943359,0.7769971489906311,0.8076726198196411,0.8040701150894165,0.6981130838394165
2025-01-22 00:27:30,0.3927933871746063,0.6675900816917419,0.7465472221374512,0.7768272757530212,0.8075932264328003,0.8039290904998779,0.6979262232780457
2025-01-22 00:27:29,0.3927338421344757,0.667550802230835,0.7464964985847473,0.7768213152885437,0.8074980974197388,0.8038751482963562,0.6979156732559204
2025-01-22 00:27:28,0.3926743268966675,0.6675115823745728,0.7464457750320435,0.7768152952194214,0.8074029684066772,0.8038212060928345,0.6979051232337952
2025-01-22 00:27:27,0.39261478185653687,0.6674723029136658,0.7463950514793396,0.7768093347549438,0.8073078989982605,0.8037673234939575,0.6978945732116699
2025-01-22 00:27:26,0.39255523681640625,0.6674330234527588,0.7463443279266357,0.7768033742904663,0.807212769985199,0.8037133812904358,0.6978840827941895
2025-01-22 00:27:25,0.39249569177627563,0.6673938035964966,0.7462935447692871,0.776797354221344,0.8071176409721375,0.8036594390869141,0.6978735327720642
2025-01-22 00:27:24,0.392436146736145,0.6673545241355896,0.7462428212165833,0.7767913937568665,0.8070225715637207,0.8036055564880371,0.697862982749939
2025-01-22 00:27:23,0.3923766314983368,0.6673153042793274,0.7461920976638794,0.7767853736877441,0.8069274425506592,0.8035516142845154,0.6978524327278137
2025-01-22 00:27:22,0.3923170864582062,0.6672760248184204,0.7461413741111755,0.7767794132232666,0.8068323135375977,0.8034976720809937,0.6978418827056885
2025-01-22 00:27:21,0.3925701379776001,0.6674319505691528,0.7463050484657288,0.7771209478378296,0.8074121475219727,0.8039951920509338,0.6981884837150574
2025-01-22 00:27:20,0.392823189496994,0.6675878763198853,0.746468722820282,0.7774624228477478,0.8079919219017029,0.804492712020874,0.6985350847244263
2025-01-22 00:27:19,0.3928023874759674,0.667538583278656,0.7464067339897156,0.7773758769035339,0.8079212307929993,0.804456353187561,0.6984977722167969
2025-01-22 00:27:18,0.3927816152572632,0.667489230632782,0.7463447451591492,0.7772893905639648,0.8078505396842957,0.8044200539588928,0.6984605193138123
2025-01-22 00:27:17,0.3927608132362366,0.6674399375915527,0.7462827563285828,0.777202844619751,0.807779848575592,0.8043836951255798,0.6984232068061829
2025-01-22 00:27:16,0.39274004101753235,0.6673905849456787,0.7462207674980164,0.7771162986755371,0.8077091574668884,0.8043473958969116,0.6983859539031982
2025-01-22 00:27:15,0.39271923899650574,0.6673412919044495,0.7461588382720947,0.777029812335968,0.8076384663581848,0.8043110370635986,0.6983486413955688
2025-01-22 00:27:14,0.3926984667778015,0.6672919392585754,0.7460968494415283,0.7769432663917542,0.8075677752494812,0.8042747378349304,0.6983113884925842
2025-01-22 00:27:13,0.3926776647567749,0.6672426462173462,0.7460348606109619,0.7768567204475403,0.8074970841407776,0.8042383790016174,0.6982740759849548
2025-01-22 00:27:12,0.3926568925380707,0.6671932935714722,0.7459728717803955,0.7767702341079712,0.807426393032074,0.8042020797729492,0.6982368230819702
2025-01-22 00:27:11,0.39263609051704407,0.6671440005302429,0.7459108829498291,0.7766836881637573,0.8073557019233704,0.8041657209396362,0.6981995105743408
2025-01-22 00:27:10,0.3926594853401184,0.667661190032959,0.7466057538986206,0.7772815823554993,0.8078640699386597,0.8046006560325623,0.6985442638397217
2025-01-22 00:27:09,0.39268290996551514,0.6681783199310303,0.7473006248474121,0.7778794765472412,0.8083724975585938,0.8050355911254883,0.6988890171051025
2025-01-22 00:27:08,0.3927704691886902,0.6683585047721863,0.7474510669708252,0.7781345844268799,0.8085545897483826,0.8051778078079224,0.6990218758583069
2025-01-22 00:27:07,0.39285799860954285,0.6685386896133423,0.7476015090942383,0.7783896923065186,0.8087366819381714,0.8053200244903564,0.6991547346115112
2025-01-22 00:27:06,0.3929455280303955,0.6687189340591431,0.7477519512176514,0.7786448001861572,0.808918833732605,0.8054623007774353,0.6992876529693604
2025-01-22 00:27:05,0.39303308725357056,0.6688991189002991,0.7479023933410645,0.7788999080657959,0.8091009259223938,0.8056045174598694,0.6994205117225647
2025-01-22 00:27:04,0.39290931820869446,0.6686388850212097,0.7476316094398499,0.7785612940788269,0.8087445497512817,0.8052858710289001,0.6992577910423279
2025-01-22 00:27:03,0.39278557896614075,0.6683786511421204,0.74736088514328,0.7782226800918579,0.8083881139755249,0.8049672245979309,0.6990951299667358
2025-01-22 00:27:02,0.39266180992126465,0.668118417263031,0.7470901012420654,0.7778840661048889,0.8080317378044128,0.8046485781669617,0.698932409286499
2025-01-22 00:27:01,0.39253807067871094,0.6678581833839417,0.7468193769454956,0.7775454521179199,0.8076753616333008,0.8043299317359924,0.6987696886062622
2025-01-22 00:27:00,0.39241430163383484,0.6675979495048523,0.746548593044281,0.7772068381309509,0.8073189854621887,0.8040112853050232,0.6986069679260254
2025-01-22 00:26:59,0.39229056239128113,0.6673377156257629,0.7462778687477112,0.7768682241439819,0.8069625496864319,0.803692638874054,0.6984443068504333
2025-01-22 00:26:58,0.39216679334640503,0.6670774817466736,0.7460070848464966,0.7765296101570129,0.8066061735153198,0.8033739924430847,0.6982815861701965
2025-01-22 00:26:57,0.39237910509109497,0.667222261428833,0.7461409568786621,0.7767593860626221,0.806969404220581,0.8037108182907104,0.6983888745307922
2025-01-22 00:26:56,0.3925914168357849,0.6673669815063477,0.7462748885154724,0.776989221572876,0.8073326945304871,0.8040476441383362,0.6984961032867432
2025-01-22 00:26:55,0.39280369877815247,0.6675117015838623,0.7464088201522827,0.7772189974784851,0.8076959848403931,0.8043844699859619,0.6986033916473389
2025-01-22 00:26:54,0.3930160105228424,0.6676564812660217,0.7465426921844482,0.7774487733840942,0.8080592155456543,0.8047212958335876,0.6987106800079346
2025-01-22 00:26:53,0.3928499221801758,0.6679040193557739,0.746851921081543,0.7776246070861816,0.808118999004364,0.8045394420623779,0.6987908482551575
2025-01-22 00:26:52,0.39268380403518677,0.6681516170501709,0.7471610903739929,0.7778005003929138,0.8081787824630737,0.8043575882911682,0.6988710165023804
2025-01-22 00:26:51,0.3927456736564636,0.6681728959083557,0.7471844553947449,0.777802586555481,0.8081575036048889,0.8043760061264038,0.6988640427589417
2025-01-22 00:26:50,0.39280757308006287,0.6681941747665405,0.7472078800201416,0.7778046727180481,0.8081362247467041,0.8043944239616394,0.6988570690155029
2025-01-22 00:26:49,0.3928694427013397,0.6682154536247253,0.7472312450408936,0.7778066992759705,0.8081149458885193,0.804412841796875,0.6988500952720642
2025-01-22 00:26:48,0.3929313123226166,0.6682367324829102,0.7472546100616455,0.7778087854385376,0.8080936670303345,0.8044312596321106,0.6988431215286255
2025-01-22 00:26:47,0.39299318194389343,0.668258011341095,0.7472780346870422,0.7778108716011047,0.8080723881721497,0.8044496774673462,0.6988361477851868
2025-01-22 00:26:46,0.3930550813674927,0.6682792901992798,0.7473013997077942,0.7778129577636719,0.8080511093139648,0.8044680953025818,0.698829174041748
2025-01-22 00:26:45,0.39311695098876953,0.6683005690574646,0.7473248243331909,0.7778149843215942,0.8080297708511353,0.8044865131378174,0.6988222002983093
2025-01-22 00:26:44,0.3931788206100464,0.6683218479156494,0.7473481893539429,0.7778170704841614,0.8080084919929504,0.8045048713684082,0.6988152265548706
2025-01-22 00:26:43,0.39324072003364563,0.6683431267738342,0.7473715543746948,0.7778191566467285,0.8079872131347656,0.8045232892036438,0.6988082528114319
2025-01-22 00:26:42,0.3933025896549225,0.668364405632019,0.7473949790000916,0.7778212428092957,0.8079659342765808,0.8045417070388794,0.6988012790679932
2025-01-22 00:26:41,0.39336445927619934,0.6683856844902039,0.7474183440208435,0.7778233289718628,0.807944655418396,0.804560124874115,0.6987943053245544
2025-01-22 00:26:40,0.3934263288974762,0.6684069633483887,0.7474417090415955,0.7778253555297852,0.8079233765602112,0.8045785427093506,0.6987873315811157
2025-01-22 00:26:39,0.39348822832107544,0.6684282422065735,0.7474651336669922,0.7778274416923523,0.8079020977020264,0.8045969605445862,0.698780357837677
2025-01-22 00:26:38,0.3935500979423523,0.6684495210647583,0.7474884986877441,0.7778295278549194,0.8078808188438416,0.8046153783798218,0.6987733840942383
2025-01-22 00:26:37,0.39314156770706177,0.6681498885154724,0.7471900582313538,0.7777373790740967,0.808085024356842,0.8047919273376465,0.6988080143928528
2025-01-22 00:26:36,0.39273303747177124,0.6678503155708313,0.7468915581703186,0.7776451706886292,0.8082892894744873,0.8049684762954712,0.6988425850868225
2025-01-22 00:26:35,0.3923245072364807,0.6675506830215454,0.7465931177139282,0.7775530219078064,0.8084934949874878,0.8051450252532959,0.698877215385437
2025-01-22 00:26:34,0.39238324761390686,0.6676127314567566,0.7466028928756714,0.7775878310203552,0.8084144592285156,0.8049880266189575,0.6989369988441467
2025-01-22 00:26:33,0.392441987991333,0.6676747798919678,0.7466127276420593,0.777622640132904,0.8083354234695435,0.8048310279846191,0.6989967823028564
2025-01-22 00:26:32,0.39250072836875916,0.667736828327179,0.7466225028038025,0.7776575088500977,0.8082564473152161,0.804673969745636,0.6990566253662109
2025-01-22 00:26:31,0.3925594687461853,0.6677988767623901,0.7466323375701904,0.7776923179626465,0.8081774115562439,0.8045169711112976,0.6991164088249207
2025-01-22 00:26:30,0.39261820912361145,0.6678609251976013,0.7466421127319336,0.7777271270751953,0.8080983757972717,0.8043599724769592,0.6991761922836304
2025-01-22 00:26:29,0.3926157057285309,0.6678553223609924,0.7466449737548828,0.7777218818664551,0.8081038594245911,0.8043691515922546,0.6991673111915588
2025-01-22 00:26:28,0.3926132321357727,0.6678497195243835,0.746647834777832,0.7777166366577148,0.8081094026565552,0.80437833070755,0.6991584300994873
2025-01-22 00:26:27,0.39261072874069214,0.6678441762924194,0.7466506958007812,0.7777113318443298,0.8081148862838745,0.8043875098228455,0.6991495490074158
2025-01-22 00:26:26,0.3926082253456116,0.6678385734558105,0.7466535568237305,0.7777060866355896,0.8081203699111938,0.8043967485427856,0.6991406679153442
2025-01-22 00:26:25,0.3926057517528534,0.6678329706192017,0.7466564178466797,0.7777008414268494,0.808125913143158,0.804405927658081,0.6991317272186279
2025-01-22 00:26:24,0.3926032483577728,0.6678273677825928,0.7466592788696289,0.7776955962181091,0.8081313967704773,0.8044151067733765,0.6991228461265564
2025-01-22 00:26:23,0.39260074496269226,0.6678217649459839,0.7466621398925781,0.7776903510093689,0.8081368803977966,0.8044242858886719,0.6991139650344849
2025-01-22 00:26:22,0.3925982415676117,0.6678162217140198,0.7466650009155273,0.7776851058006287,0.8081424236297607,0.8044334650039673,0.6991050839424133
2025-01-22 00:26:21,0.3925957679748535,0.6678106188774109,0.7466678619384766,0.7776798009872437,0.8081479072570801,0.8044426441192627,0.6990962028503418
2025-01-22 00:26:20,0.39259326457977295,0.667805016040802,0.7466707229614258,0.7776745557785034,0.8081533908843994,0.8044518828392029,0.6990873217582703
2025-01-22 00:26:19,0.3925907611846924,0.6677994132041931,0.746673583984375,0.7776693105697632,0.8081589341163635,0.8044610619544983,0.6990784406661987
2025-01-22 00:26:18,0.3925882875919342,0.6677938103675842,0.7466764450073242,0.777664065361023,0.8081644177436829,0.8044702410697937,0.6990695595741272
2025-01-22 00:26:17,0.39258578419685364,0.6677882671356201,0.7466792464256287,0.7776588201522827,0.808169960975647,0.8044794201850891,0.6990606784820557
2025-01-22 00:26:16,0.39258328080177307,0.6677826642990112,0.7466821074485779,0.7776535153388977,0.8081754446029663,0.8044885993003845,0.6990517973899841
2025-01-22 00:26:15,0.3925808072090149,0.6677770614624023,0.7466849684715271,0.7776482701301575,0.8081809282302856,0.8044977784156799,0.6990428566932678
2025-01-22 00:26:14,0.3925783038139343,0.6677714586257935,0.7466878294944763,0.7776430249214172,0.8081864714622498,0.8045070171356201,0.6990339756011963
2025-01-22 00:26:13,0.39257580041885376,0.6677658557891846,0.7466906905174255,0.777637779712677,0.8081919550895691,0.8045161962509155,0.6990250945091248
2025-01-22 00:26:12,0.3925733268260956,0.6677603125572205,0.7466935515403748,0.7776325345039368,0.8081974387168884,0.8045253753662109,0.6990162134170532
2025-01-22 00:26:11,0.392570823431015,0.6677547097206116,0.746696412563324,0.7776272892951965,0.8082029819488525,0.8045345544815063,0.6990073323249817
2025-01-22 00:26:10,0.39256832003593445,0.6677491068840027,0.7466992735862732,0.7776219844818115,0.8082084655761719,0.8045437335968018,0.6989984512329102
2025-01-22 00:26:09,0.3925658166408539,0.6677435040473938,0.7467021346092224,0.7776167392730713,0.8082139492034912,0.8045529127120972,0.6989895701408386
2025-01-22 00:26:08,0.3925633430480957,0.6677379012107849,0.7467049956321716,0.777611494064331,0.8082194924354553,0.8045621514320374,0.6989806890487671
2025-01-22 00:26:07,0.39256083965301514,0.6677323579788208,0.7467078566551208,0.7776062488555908,0.8082249760627747,0.8045713305473328,0.6989718079566956
2025-01-22 00:26:06,0.39255833625793457,0.6677267551422119,0.7467107176780701,0.7776010036468506,0.808230459690094,0.8045805096626282,0.698962926864624
2025-01-22 00:26:05,0.3925558626651764,0.667721152305603,0.7467135787010193,0.7775956988334656,0.8082360029220581,0.8045896887779236,0.6989539861679077
2025-01-22 00:26:04,0.3925533592700958,0.6677155494689941,0.7467164397239685,0.7775904536247253,0.8082414865493774,0.804598867893219,0.6989451050758362
2025-01-22 00:26:03,0.39255085587501526,0.66771000623703,0.7467193007469177,0.7775852084159851,0.8082469701766968,0.8046080470085144,0.6989362239837646
2025-01-22 00:26:02,0.3925483822822571,0.6677044034004211,0.7467221617698669,0.7775799632072449,0.8082525134086609,0.8046172857284546,0.6989273428916931
2025-01-22 00:26:01,0.3925458788871765,0.6676988005638123,0.7467250227928162,0.7775747179985046,0.8082579970359802,0.80462646484375,0.6989184617996216
2025-01-22 00:26:00,0.39254337549209595,0.6676931977272034,0.7467278838157654,0.7775694131851196,0.8082634806632996,0.8046356439590454,0.69890958070755
2025-01-22 00:25:59,0.3925408720970154,0.6676875948905945,0.7467307448387146,0.7775641679763794,0.8082690238952637,0.8046448230743408,0.6989006996154785
2025-01-22 00:25:58,0.3925383985042572,0.6676820516586304,0.7467336058616638,0.7775589227676392,0.808274507522583,0.8046540021896362,0.698891818523407
2025-01-22 00:25:57,0.39253589510917664,0.6676764488220215,0.746736466884613,0.7775536775588989,0.8082799911499023,0.8046631813049316,0.6988829374313354
2025-01-22 00:25:56,0.39253339171409607,0.6676708459854126,0.7467393279075623,0.7775484323501587,0.8082855343818665,0.8046724200248718,0.6988740563392639
2025-01-22 00:25:55,0.3925309181213379,0.6676652431488037,0.7467421889305115,0.7775431871414185,0.8082910180091858,0.8046815991401672,0.6988651156425476
2025-01-22 00:25:54,0.3925284147262573,0.6676596403121948,0.7467450499534607,0.7775378823280334,0.8082965016365051,0.8046907782554626,0.6988562345504761
2025-01-22 00:25:53,0.39252591133117676,0.6676540970802307,0.7467478513717651,0.7775326371192932,0.8083020448684692,0.8046999573707581,0.6988473534584045
2025-01-22 00:25:52,0.3925234377384186,0.6676484942436218,0.7467507123947144,0.777527391910553,0.8083075284957886,0.8047091364860535,0.698838472366333
2025-01-22 00:25:51,0.392520934343338,0.6676428914070129,0.7467535734176636,0.7775221467018127,0.8083130717277527,0.8047183156013489,0.6988295912742615
2025-01-22 00:25:50,0.39251843094825745,0.667637288570404,0.7467564344406128,0.7775169014930725,0.808318555355072,0.8047275543212891,0.6988207101821899
2025-01-22 00:25:49,0.39251595735549927,0.6676316857337952,0.746759295463562,0.7775115966796875,0.8083240389823914,0.8047367334365845,0.6988118290901184
2025-01-22 00:25:48,0.3925134539604187,0.667626142501831,0.7467621564865112,0.7775063514709473,0.8083295822143555,0.8047459125518799,0.6988029479980469
2025-01-22 00:25:47,0.39251095056533813,0.6676205396652222,0.7467650175094604,0.777501106262207,0.8083350658416748,0.8047550916671753,0.6987940669059753
2025-01-22 00:25:46,0.39250844717025757,0.6676149368286133,0.7467678785324097,0.7774958610534668,0.8083405494689941,0.8047642707824707,0.6987851858139038
2025-01-22 00:25:45,0.3925059735774994,0.6676093339920044,0.7467707395553589,0.7774906158447266,0.8083460927009583,0.8047734498977661,0.6987762451171875
2025-01-22 00:25:44,0.3925034701824188,0.6676037311553955,0.7467736005783081,0.7774853706359863,0.8083515763282776,0.8047826886177063,0.698767364025116
2025-01-22 00:25:43,0.39250096678733826,0.6675981879234314,0.7467764616012573,0.7774800658226013,0.8083570599555969,0.8047918677330017,0.6987584829330444
2025-01-22 00:25:42,0.3924984931945801,0.6675925850868225,0.7467793226242065,0.7774748206138611,0.808362603187561,0.8048010468482971,0.6987496018409729
2025-01-22 00:25:41,0.3924959897994995,0.6675869822502136,0.7467821836471558,0.7774695754051208,0.8083680868148804,0.8048102259635925,0.6987407207489014
2025-01-22 00:25:40,0.392439603805542,0.6674994230270386,0.7466088533401489,0.7772808074951172,0.8081426024436951,0.8046061992645264,0.6985763311386108
2025-01-22 00:25:39,0.3923831880092621,0.6674118638038635,0.7464354634284973,0.7770920991897583,0.807917058467865,0.8044021129608154,0.6984118819236755
2025-01-22 00:25:38,0.39232680201530457,0.6673243045806885,0.7462621331214905,0.7769033312797546,0.8076915740966797,0.8041980862617493,0.698247492313385
2025-01-22 00:25:37,0.39227038621902466,0.6672368049621582,0.7460887432098389,0.7767146229743958,0.8074660897254944,0.8039940595626831,0.6980831027030945
2025-01-22 00:25:36,0.39221400022506714,0.6671492457389832,0.745915412902832,0.7765258550643921,0.8072406053543091,0.8037900328636169,0.697918713092804
2025-01-22 00:25:35,0.39215758442878723,0.6670616865158081,0.7457420229911804,0.7763371467590332,0.807015061378479,0.803585946559906,0.6977542638778687
2025-01-22 00:25:34,0.3921011984348297,0.6669741272926331,0.7455686926841736,0.7761483788490295,0.8067895770072937,0.8033819198608398,0.6975898742675781
2025-01-22 00:25:33,0.39203259348869324,0.6668683290481567,0.7454997301101685,0.7760785222053528,0.8067784309387207,0.8033373355865479,0.697620689868927
2025-01-22 00:25:32,0.39196398854255676,0.6667625308036804,0.7454307675361633,0.7760087251663208,0.8067672848701477,0.8032926917076111,0.6976515650749207
2025-01-22 00:25:31,0.3918954133987427,0.6666566729545593,0.7453618049621582,0.775938868522644,0.8067561984062195,0.8032481074333191,0.6976823806762695
2025-01-22 00:25:30,0.3918268084526062,0.666550874710083,0.7452928423881531,0.7758690714836121,0.8067450523376465,0.8032034635543823,0.6977132558822632
2025-01-22 00:25:29,0.3917582035064697,0.6664450764656067,0.745223879814148,0.7757992148399353,0.8067339062690735,0.8031588792800903,0.6977440714836121
2025-01-22 00:25:28,0.39186716079711914,0.6666581630706787,0.7454457879066467,0.7760298252105713,0.8066202402114868,0.8029892444610596,0.6977628469467163
2025-01-22 00:25:27,0.39197608828544617,0.666871190071106,0.7456676959991455,0.7762603759765625,0.8065065145492554,0.8028196096420288,0.6977816224098206
2025-01-22 00:25:26,0.3918790817260742,0.6668306589126587,0.7457030415534973,0.7762090563774109,0.8065980672836304,0.8030524253845215,0.6978535652160645
2025-01-22 00:25:25,0.39178210496902466,0.6667901277542114,0.7457384467124939,0.7761577367782593,0.8066896200180054,0.8032853007316589,0.6979254484176636
2025-01-22 00:25:24,0.3916850984096527,0.6667495965957642,0.7457737922668457,0.7761064171791077,0.8067811727523804,0.8035181164741516,0.6979973912239075
2025-01-22 00:25:23,0.3920693099498749,0.6671038269996643,0.7458880543708801,0.7766585946083069,0.8062847256660461,0.8028935194015503,0.6981329917907715
2025-01-22 00:25:22,0.3921694755554199,0.6670276522636414,0.7460023164749146,0.7766939401626587,0.8069123029708862,0.8034631013870239,0.6981592178344727
2025-01-22 00:25:21,0.3922696113586426,0.6669514775276184,0.746116578578949,0.7767292261123657,0.8075398802757263,0.8040326237678528,0.698185384273529
2025-01-22 00:25:20,0.3915727138519287,0.6661887764930725,0.7448257803916931,0.7753527760505676,0.805878221988678,0.8027576804161072,0.6974331736564636
2025-01-22 00:25:19,0.3923662006855011,0.6670274138450623,0.7459450960159302,0.7764825224876404,0.8073799014091492,0.8038867115974426,0.6979022026062012
2025-01-22 00:25:18,0.3927004039287567,0.6676396727561951,0.7462273240089417,0.7769892811775208,0.8076143264770508,0.8044251799583435,0.6984689831733704
2025-01-22 00:25:17,0.39292100071907043,0.6676961183547974,0.7465158104896545,0.7771053910255432,0.8078488111495972,0.8043357729911804,0.6984866261482239
2025-01-22 00:25:16,0.3928043842315674,0.6674824953079224,0.746311604976654,0.7769564390182495,0.8075885772705078,0.8041000366210938,0.698264479637146
2025-01-22 00:25:15,0.39268773794174194,0.6672688722610474,0.7461073398590088,0.7768075466156006,0.8073283433914185,0.8038642406463623,0.6980422735214233
2025-01-22 00:25:14,0.3925711214542389,0.6670553088188171,0.7459031343460083,0.7766586542129517,0.8070680499076843,0.8036284446716309,0.6978201270103455
2025-01-22 00:25:13,0.39245450496673584,0.6668416857719421,0.7456989288330078,0.776509702205658,0.806807816028595,0.8033927083015442,0.6975979804992676
2025-01-22 00:25:12,0.3925464153289795,0.6670887470245361,0.7459119558334351,0.7766613364219666,0.8069400191307068,0.8035171031951904,0.6976682543754578
2025-01-22 00:25:11,0.39263832569122314,0.6673358678817749,0.7461250424385071,0.7768129706382751,0.8070722222328186,0.8036414980888367,0.697738528251648
2025-01-22 00:25:10,0.3927302658557892,0.6675829291343689,0.7463380694389343,0.776964545249939,0.8072044849395752,0.8037658333778381,0.6978087425231934
2025-01-22 00:25:09,0.39282217621803284,0.6678300499916077,0.7465511560440063,0.7771161794662476,0.807336688041687,0.8038902282714844,0.6978790163993835
2025-01-22 00:25:08,0.3929140865802765,0.6680771112442017,0.7467641830444336,0.7772678136825562,0.8074688911437988,0.8040146231651306,0.6979492902755737
2025-01-22 00:25:07,0.39297449588775635,0.6683925986289978,0.7475572228431702,0.7783569097518921,0.808935821056366,0.8048557043075562,0.698763370513916
2025-01-22 00:25:06,0.3914496898651123,0.6663026213645935,0.7452257871627808,0.7757933139801025,0.806230902671814,0.8030257225036621,0.6974723935127258
2025-01-22 00:25:05,0.39219120144844055,0.6665360927581787,0.7452654242515564,0.7762640714645386,0.8067489862442017,0.8034198880195618,0.6977223753929138
2025-01-22 00:25:04,0.39313629269599915,0.6688299179077148,0.7479490041732788,0.7790355086326599,0.8091527819633484,0.8056275248527527,0.6995313763618469
2025-01-22 00:25:03,0.39269155263900757,0.668095588684082,0.7470427751541138,0.7779669761657715,0.8082094192504883,0.8047178983688354,0.6987411975860596
2025-01-22 00:25:02,0.392246812582016,0.667361319065094,0.7461366057395935,0.7768985033035278,0.807266116142273,0.8038082718849182,0.6979510188102722
2025-01-22 00:25:01,0.39231812953948975,0.6674669981002808,0.7461823225021362,0.7768493294715881,0.807245671749115,0.8038167357444763,0.6979830265045166
2025-01-22 00:25:00,0.3923894762992859,0.6675726175308228,0.7462280988693237,0.7768000960350037,0.807225227355957,0.8038252592086792,0.6980150938034058
2025-01-22 00:24:59,0.39246079325675964,0.6676782965660095,0.7462738156318665,0.776750922203064,0.8072047829627991,0.8038337230682373,0.6980471014976501
2025-01-22 00:24:58,0.39265018701553345,0.6680082082748413,0.746907114982605,0.7774916887283325,0.8081781268119812,0.8044121265411377,0.6985506415367126
2025-01-22 00:24:57,0.39283961057662964,0.6683381199836731,0.7475404739379883,0.7782325148582458,0.8091514706611633,0.8049904704093933,0.6990541815757751
2025-01-22 00:24:56,0.3925774097442627,0.6676430106163025,0.7466531991958618,0.7771751880645752,0.8076344728469849,0.8040481805801392,0.6982033252716064
2025-01-22 00:24:55,0.39269590377807617,0.6677073240280151,0.7463914752006531,0.7771133780479431,0.8072000741958618,0.8039340972900391,0.6980624794960022
2025-01-22 00:24:54,0.3925478160381317,0.6674059629440308,0.7462246417999268,0.7769786715507507,0.8072913885116577,0.8039608597755432,0.6981215476989746
2025-01-22 00:24:53,0.39239969849586487,0.6671046614646912,0.7460577487945557,0.7768440246582031,0.8073827624320984,0.8039875626564026,0.698180615901947
2025-01-22 00:24:52,0.3922516107559204,0.6668033003807068,0.7458909153938293,0.7767093181610107,0.8074740767478943,0.8040143251419067,0.6982396841049194
2025-01-22 00:24:51,0.3925713896751404,0.66740882396698,0.7465795874595642,0.7773692011833191,0.8084322214126587,0.8046563863754272,0.6987658143043518
2025-01-22 00:24:50,0.3925863206386566,0.6675670146942139,0.7467305660247803,0.7774146199226379,0.8083543181419373,0.8046464323997498,0.6987083554267883
2025-01-22 00:24:49,0.39260128140449524,0.6677252054214478,0.7468816041946411,0.7774600386619568,0.8082764744758606,0.8046364784240723,0.6986508965492249
2025-01-22 00:24:48,0.3926162123680115,0.6678833365440369,0.7470325827598572,0.7775054574012756,0.8081985712051392,0.8046265840530396,0.6985934376716614
2025-01-22 00:24:47,0.3926311731338501,0.6680415272712708,0.747183620929718,0.7775508761405945,0.8081207275390625,0.8046166300773621,0.6985359787940979
2025-01-22 00:24:46,0.39264610409736633,0.6681997179985046,0.7473345994949341,0.7775962948799133,0.8080428242683411,0.8046066761016846,0.6984785199165344
2025-01-22 00:24:45,0.39252597093582153,0.6678367257118225,0.7470176219940186,0.7774636149406433,0.8079044222831726,0.804511308670044,0.698426365852356
2025-01-22 00:24:44,0.39240583777427673,0.6674736738204956,0.7467005848884583,0.7773308753967285,0.8077660202980042,0.8044158816337585,0.6983741521835327
2025-01-22 00:24:43,0.39228570461273193,0.6671106815338135,0.7463836073875427,0.7771981954574585,0.8076276183128357,0.8043205142021179,0.6983219981193542
2025-01-22 00:24:42,0.39230743050575256,0.6671343445777893,0.7463181614875793,0.7770629525184631,0.8075101375579834,0.8041926026344299,0.6981924176216125
2025-01-22 00:24:41,0.3923291862010956,0.6671579480171204,0.7462527751922607,0.7769277691841125,0.8073925971984863,0.8040646910667419,0.6980627775192261
2025-01-22 00:24:40,0.3923509120941162,0.6671816110610962,0.7461873292922974,0.7767925262451172,0.807275116443634,0.803936779499054,0.6979331970214844
2025-01-22 00:24:39,0.39255958795547485,0.6676636338233948,0.746760368347168,0.7774850726127625,0.8081995844841003,0.8047069907188416,0.698469340801239
2025-01-22 00:24:38,0.3927682340145111,0.6681456565856934,0.7473334670066833,0.7781776785850525,0.8091241121292114,0.8054772615432739,0.6990054845809937
2025-01-22 00:24:37,0.39297690987586975,0.6686276793479919,0.747906506061554,0.7788702249526978,0.8100485801696777,0.8062474727630615,0.6995416283607483
2025-01-22 00:24:36,0.39296093583106995,0.6685417294502258,0.7477690577507019,0.7785061001777649,0.8095116019248962,0.805782675743103,0.6993407011032104
2025-01-22 00:24:35,0.39294496178627014,0.6684558391571045,0.7476316690444946,0.7781420350074768,0.8089746832847595,0.8053178787231445,0.6991397142410278
2025-01-22 00:24:34,0.39292898774147034,0.6683698892593384,0.7474942207336426,0.777777910232544,0.808437705039978,0.804853081703186,0.69893878698349
2025-01-22 00:24:33,0.39306604862213135,0.668311357498169,0.7473945617675781,0.777715265750885,0.808269739151001,0.8048310279846191,0.6987830400466919
2025-01-22 00:24:32,0.39320310950279236,0.6682528853416443,0.7472949028015137,0.7776526212692261,0.8081017136573792,0.8048089146614075,0.6986272931098938
2025-01-22 00:24:31,0.3926716446876526,0.6675336360931396,0.7464748620986938,0.7767841815948486,0.807388186454773,0.8039963245391846,0.69828200340271
2025-01-22 00:24:30,0.3921402096748352,0.6668143272399902,0.745654821395874,0.7759156823158264,0.806674599647522,0.8031836748123169,0.6979367733001709
2025-01-22 00:24:29,0.39218786358833313,0.6669039130210876,0.7457523345947266,0.7760133147239685,0.8067534565925598,0.8032667636871338,0.6979615092277527
2025-01-22 00:24:28,0.39223551750183105,0.6669934988021851,0.7458498477935791,0.7761109471321106,0.8068323731422424,0.8033498525619507,0.6979861855506897
2025-01-22 00:24:27,0.392283171415329,0.6670830845832825,0.7459473609924316,0.7762085795402527,0.8069112300872803,0.8034329414367676,0.6980109214782715
2025-01-22 00:24:26,0.3923308253288269,0.6671726703643799,0.7460448741912842,0.7763062715530396,0.8069901466369629,0.8035160899162292,0.6980356574058533
2025-01-22 00:24:25,0.39237847924232483,0.6672622561454773,0.7461423873901367,0.7764039039611816,0.8070690035820007,0.8035991787910461,0.6980603337287903
2025-01-22 00:24:24,0.39242613315582275,0.6673518419265747,0.7462399005889893,0.7765015363693237,0.8071479201316833,0.803682267665863,0.6980850696563721
2025-01-22 00:24:23,0.3924737870693207,0.6674414277076721,0.7463374137878418,0.7765991687774658,0.8072267770767212,0.8037653565406799,0.6981098055839539
2025-01-22 00:24:22,0.3925214111804962,0.6675310134887695,0.7464349865913391,0.7766968011856079,0.8073056936264038,0.8038484454154968,0.6981344819068909
2025-01-22 00:24:21,0.39256906509399414,0.6676205992698669,0.7465324997901917,0.77679443359375,0.8073845505714417,0.8039315342903137,0.6981592178344727
2025-01-22 00:24:20,0.39261671900749207,0.6677101850509644,0.7466300129890442,0.7768920660018921,0.8074634671211243,0.8040146231651306,0.6981839537620544
2025-01-22 00:24:19,0.39266437292099,0.6677997708320618,0.7467275261878967,0.7769896984100342,0.8075423240661621,0.8040977120399475,0.6982086300849915
2025-01-22 00:24:18,0.3927120268344879,0.6678893566131592,0.7468250393867493,0.777087390422821,0.8076212406158447,0.8041808605194092,0.6982333660125732
2025-01-22 00:24:17,0.39275968074798584,0.6679789423942566,0.7469225525856018,0.7771850228309631,0.8077000975608826,0.8042639493942261,0.698258101940155
2025-01-22 00:24:16,0.39280733466148376,0.668068528175354,0.7470200657844543,0.7772826552391052,0.8077790141105652,0.804347038269043,0.698282778263092
2025-01-22 00:24:15,0.3928549885749817,0.6681581139564514,0.7471175789833069,0.7773802876472473,0.807857871055603,0.8044301271438599,0.6983075141906738
2025-01-22 00:24:14,0.39242780208587646,0.6682317852973938,0.7473024129867554,0.7777085900306702,0.8083422183990479,0.8046882748603821,0.6986548900604248
2025-01-22 00:24:13,0.39237502217292786,0.6681708693504333,0.7471061944961548,0.7775775194168091,0.808201253414154,0.8046005964279175,0.6985446214675903
2025-01-22 00:24:12,0.39232224225997925,0.6681099534034729,0.7469099760055542,0.7774463891983032,0.8080602884292603,0.8045128583908081,0.6984342932701111
2025-01-22 00:24:11,0.392269492149353,0.6680490374565125,0.7467138171195984,0.7773152589797974,0.8079193830490112,0.8044251799583435,0.6983239650726318
2025-01-22 00:24:10,0.3922167122364044,0.667988121509552,0.7465175986289978,0.7771841883659363,0.8077784180641174,0.8043375015258789,0.6982136964797974
2025-01-22 00:24:09,0.3921999931335449,0.6677482724189758,0.7462739944458008,0.7768612504005432,0.8073655962944031,0.8038767576217651,0.6980277299880981
2025-01-22 00:24:08,0.3921833038330078,0.6675084233283997,0.7460303902626038,0.7765383124351501,0.8069527745246887,0.8034160137176514,0.6978418231010437
2025-01-22 00:24:07,0.39201781153678894,0.6666945815086365,0.7454317212104797,0.7758129835128784,0.8064324259757996,0.8029462099075317,0.6972330212593079
2025-01-22 00:24:06,0.3926512897014618,0.6677132248878479,0.7467659115791321,0.7772219181060791,0.8076667785644531,0.8042160272598267,0.6981468200683594
2025-01-22 00:24:05,0.39205071330070496,0.6668819189071655,0.7454789280891418,0.7759423851966858,0.8061059713363647,0.8028581738471985,0.6972227096557617
2025-01-22 00:24:04,0.3923238515853882,0.6673129200935364,0.7460721731185913,0.7766602039337158,0.8067657947540283,0.8034335374832153,0.697568953037262
2025-01-22 00:24:03,0.392596960067749,0.6677439212799072,0.7466654777526855,0.7773780822753906,0.8074255585670471,0.8040088415145874,0.697915256023407
2025-01-22 00:24:02,0.39287009835243225,0.6681749224662781,0.747258722782135,0.7780959010124207,0.8080853819847107,0.8045842051506042,0.6982614994049072
2025-01-22 00:24:01,0.39229080080986023,0.666847825050354,0.7455117702484131,0.7759944796562195,0.8061792850494385,0.8029649257659912,0.6972196102142334
2025-01-22 00:24:00,0.3921838104724884,0.6672919988632202,0.7464324831962585,0.7770270109176636,0.8075277805328369,0.8040592074394226,0.6978484988212585
2025-01-22 00:23:59,0.3923027515411377,0.6674056053161621,0.746200680732727,0.7769126892089844,0.807296633720398,0.803861141204834,0.6976487040519714
2025-01-22 00:23:58,0.392421692609787,0.667519211769104,0.7459688186645508,0.77679842710495,0.8070654273033142,0.8036630749702454,0.6974489092826843
2025-01-22 00:23:57,0.3923167288303375,0.6667935252189636,0.7453088760375977,0.7758541703224182,0.8061323761940002,0.8030971884727478,0.6966971158981323
2025-01-22 00:23:56,0.3922117352485657,0.6675397753715515,0.7462844848632812,0.7767431139945984,0.8078140020370483,0.8040488958358765,0.6982387900352478
2025-01-22 00:23:55,0.3921067714691162,0.6675029993057251,0.7463648915290833,0.7767375707626343,0.8074116110801697,0.8037653565406799,0.6982176303863525
2025-01-22 00:23:54,0.39200180768966675,0.6674662232398987,0.7464452981948853,0.7767320275306702,0.807009220123291,0.8034818172454834,0.6981964111328125
2025-01-22 00:23:53,0.39195066690444946,0.6673529744148254,0.7462164163589478,0.7765542268753052,0.8069561719894409,0.8034254312515259,0.6981233954429626
2025-01-22 00:23:52,0.3918995261192322,0.6672397255897522,0.7459875345230103,0.7763763666152954,0.8069031238555908,0.8033690452575684,0.6980503797531128
2025-01-22 00:23:51,0.3918483555316925,0.667126476764679,0.7457586526870728,0.7761985063552856,0.8068501353263855,0.8033126592636108,0.6979773044586182
2025-01-22 00:23:50,0.3917972147464752,0.6670132279396057,0.7455297708511353,0.7760207056999207,0.8067970871925354,0.8032562732696533,0.6979042887687683
2025-01-22 00:23:49,0.39203083515167236,0.6671385765075684,0.7458513379096985,0.7764816284179688,0.8072593808174133,0.8036587238311768,0.698151707649231
2025-01-22 00:23:48,0.3922644853591919,0.667263925075531,0.7461728453636169,0.7769425511360168,0.807721734046936,0.804061233997345,0.6983990669250488
2025-01-22 00:23:47,0.39249810576438904,0.6673892736434937,0.7464944124221802,0.7774034738540649,0.808184027671814,0.8044636845588684,0.6986464858055115
2025-01-22 00:23:46,0.3922029137611389,0.6669488549232483,0.7459585070610046,0.7767226696014404,0.8073571920394897,0.8037018179893494,0.6982138156890869
2025-01-22 00:23:45,0.3919076919555664,0.6665084362030029,0.7454226016998291,0.7760419249534607,0.8065304160118103,0.8029398918151855,0.6977810859680176
2025-01-22 00:23:44,0.3916124999523163,0.6660680174827576,0.7448866963386536,0.7753611207008362,0.8057035803794861,0.8021780252456665,0.697348415851593
2025-01-22 00:23:43,0.391892671585083,0.6665919423103333,0.7455250024795532,0.7761152982711792,0.8065786957740784,0.8029413819313049,0.6978448629379272
2025-01-22 00:23:42,0.39217284321784973,0.6671158671379089,0.7461633682250977,0.7768694162368774,0.8074537515640259,0.8037047386169434,0.6983413100242615
2025-01-22 00:23:41,0.39245301485061646,0.6676397919654846,0.7468016743659973,0.7776235938072205,0.8083288669586182,0.8044681549072266,0.6988377571105957
2025-01-22 00:23:40,0.3927331864833832,0.6681637167930603,0.747439980506897,0.7783777713775635,0.8092039823532104,0.805231511592865,0.6993342041969299
2025-01-22 00:23:39,0.39260774850845337,0.6679271459579468,0.7471305131912231,0.7780100107192993,0.8087538480758667,0.8048858642578125,0.6991032958030701
2025-01-22 00:23:38,0.39248231053352356,0.6676905751228333,0.7468209862709045,0.7776422500610352,0.808303713798523,0.80454021692276,0.698872447013855
2025-01-22 00:23:37,0.39235687255859375,0.6674540638923645,0.7465115189552307,0.7772744297981262,0.807853639125824,0.8041945099830627,0.6986415386199951
2025-01-22 00:23:36,0.39223143458366394,0.667217493057251,0.7462019920349121,0.7769066691398621,0.8074035048484802,0.8038488626480103,0.69841068983078
2025-01-22 00:23:35,0.39210599660873413,0.6669809222221375,0.7458925247192383,0.7765389084815979,0.8069533705711365,0.8035032153129578,0.6981797814369202
2025-01-22 00:23:34,0.39216506481170654,0.666917622089386,0.7457422614097595,0.7763574123382568,0.8067803978919983,0.8032512664794922,0.698072075843811
2025-01-22 00:23:33,0.39222413301467896,0.6668543815612793,0.745591938495636,0.7761759757995605,0.8066073656082153,0.8029993772506714,0.6979643106460571
2025-01-22 00:23:32,0.39228320121765137,0.6667910814285278,0.7454416751861572,0.7759944796562195,0.8064343929290771,0.8027474284172058,0.697856605052948
2025-01-22 00:23:31,0.3923031985759735,0.6671041250228882,0.7459422945976257,0.7766841650009155,0.8071922063827515,0.8036561012268066,0.6982749104499817
2025-01-22 00:23:30,0.39232319593429565,0.6674172282218933,0.7464429140090942,0.7773739099502563,0.8079500794410706,0.8045647144317627,0.6986932158470154
2025-01-22 00:23:29,0.392441987991333,0.6673827767372131,0.7457485198974609,0.7761278748512268,0.806713879108429,0.8029834032058716,0.6979398727416992
2025-01-22 00:23:28,0.3925693929195404,0.6677315831184387,0.7465317249298096,0.7770857810974121,0.8078250288963318,0.8041539192199707,0.6982250809669495
2025-01-22 00:23:27,0.3920033872127533,0.6666306257247925,0.7455981969833374,0.7760112881660461,0.8072217702865601,0.8038011789321899,0.6980276107788086
2025-01-22 00:23:26,0.3924914002418518,0.667865514755249,0.7465680837631226,0.7773360013961792,0.8078845143318176,0.8042696118354797,0.6984713077545166
2025-01-22 00:23:25,0.3928687870502472,0.6679643988609314,0.7467635869979858,0.7773938775062561,0.8078398108482361,0.8046637177467346,0.6983894109725952
2025-01-22 00:23:24,0.3924942910671234,0.6677790284156799,0.7467178702354431,0.7777665257453918,0.8083304762840271,0.804629921913147,0.6986210942268372
2025-01-22 00:23:23,0.39232000708580017,0.667172372341156,0.7460926175117493,0.7767416834831238,0.8072940111160278,0.8039134740829468,0.6981077194213867
2025-01-22 00:23:22,0.3921666145324707,0.6667159199714661,0.7457528710365295,0.7763447165489197,0.8072227239608765,0.8037341833114624,0.6978875994682312
2025-01-22 00:23:21,0.39257970452308655,0.667656421661377,0.7465956211090088,0.777192234992981,0.8077979683876038,0.804320752620697,0.698499858379364
2025-01-22 00:23:20,0.3929927945137024,0.6685969233512878,0.747438371181488,0.778039813041687,0.808373212814331,0.8049073219299316,0.6991121172904968
2025-01-22 00:23:19,0.3924626111984253,0.6678832173347473,0.7469291090965271,0.7776257991790771,0.808238685131073,0.8045306205749512,0.6984499096870422
2025-01-22 00:23:18,0.3925654888153076,0.6678106784820557,0.7466694712638855,0.7773069143295288,0.808066189289093,0.804404616355896,0.6985458731651306
2025-01-22 00:23:17,0.3938189148902893,0.6697769165039062,0.7485929131507874,0.7793012857437134,0.8093783855438232,0.8055300712585449,0.6994093060493469
2025-01-22 00:23:16,0.3934883773326874,0.6692434549331665,0.7480524778366089,0.7786605954170227,0.8087515830993652,0.805024266242981,0.6990566253662109
2025-01-22 00:23:15,0.39315783977508545,0.6687100529670715,0.7475121021270752,0.778019905090332,0.8081247806549072,0.8045185208320618,0.6987038850784302
2025-01-22 00:23:14,0.3928273320198059,0.6681766510009766,0.7469717264175415,0.7773792147636414,0.8074979186058044,0.8040127754211426,0.6983512043952942
2025-01-22 00:23:13,0.392496794462204,0.6676431894302368,0.746431291103363,0.7767385244369507,0.8068711161613464,0.8035069704055786,0.6979985237121582
2025-01-22 00:23:12,0.39248406887054443,0.6675757169723511,0.7464659810066223,0.7769274115562439,0.8074160814285278,0.8038725852966309,0.6981538534164429
2025-01-22 00:23:11,0.3924713134765625,0.6675081849098206,0.7465006709098816,0.7771162986755371,0.8079609870910645,0.8042382001876831,0.6983091235160828
2025-01-22 00:23:10,0.39187660813331604,0.6665856838226318,0.7451515793800354,0.7760031819343567,0.8071810007095337,0.8037632703781128,0.6978251934051514
2025-01-22 00:23:09,0.3917818069458008,0.6664291024208069,0.7451058030128479,0.7758181095123291,0.8071575164794922,0.8036214709281921,0.6978130340576172
2025-01-22 00:23:08,0.3916870057582855,0.6662725210189819,0.7450600266456604,0.7756330966949463,0.8071340918540955,0.8034796714782715,0.697800874710083
2025-01-22 00:23:07,0.3919733166694641,0.6668734550476074,0.7456196546554565,0.7762808799743652,0.8074805736541748,0.8039126992225647,0.6982580423355103
2025-01-22 00:23:06,0.3922595977783203,0.6674743890762329,0.7461793422698975,0.7769286632537842,0.8078269958496094,0.8043457269668579,0.6987152099609375
2025-01-22 00:23:05,0.3925458788871765,0.6680753827095032,0.7467389702796936,0.7775763869285583,0.808173418045044,0.8047787547111511,0.69917231798172
2025-01-22 00:23:04,0.3928321897983551,0.6686763167381287,0.7472985982894897,0.7782241702079773,0.8085198998451233,0.8052117824554443,0.6996294856071472
2025-01-22 00:23:03,0.3925122916698456,0.668003499507904,0.7469655871391296,0.777689516544342,0.8081799745559692,0.8046470880508423,0.6988999843597412
2025-01-22 00:23:02,0.3924444019794464,0.6678410768508911,0.7468063831329346,0.7775091528892517,0.8080065846443176,0.8044867515563965,0.6987146139144897
2025-01-22 00:23:01,0.39237648248672485,0.667678713798523,0.7466471195220947,0.7773287296295166,0.807833194732666,0.8043263554573059,0.6985293030738831
2025-01-22 00:23:00,0.3923085927963257,0.6675163507461548,0.7464879155158997,0.7771483659744263,0.8076598048210144,0.8041659593582153,0.6983439922332764
2025-01-22 00:22:59,0.3922407031059265,0.6673539280891418,0.7463287115097046,0.7769680023193359,0.8074864149093628,0.8040056228637695,0.6981586217880249
2025-01-22 00:22:58,0.39237701892852783,0.6676368713378906,0.7467211484909058,0.7774258852005005,0.8079696893692017,0.8044465780258179,0.6986427307128906
2025-01-22 00:22:57,0.39251330494880676,0.6679197549819946,0.7471136450767517,0.777883768081665,0.8084529042243958,0.8048874735832214,0.6991268992424011
2025-01-22 00:22:56,0.3926495909690857,0.6682026386260986,0.7475061416625977,0.7783417105674744,0.8089361190795898,0.805328369140625,0.6996110677719116
2025-01-22 00:22:55,0.392785906791687,0.6684855818748474,0.7478985786437988,0.7787995934486389,0.8094193935394287,0.8057693243026733,0.7000951766967773
2025-01-22 00:22:54,0.3928337097167969,0.6684253215789795,0.7473804950714111,0.7781417965888977,0.808407187461853,0.8046268224716187,0.6988554000854492
2025-01-22 00:22:53,0.39269641041755676,0.668140709400177,0.7471094727516174,0.7778437733650208,0.8082682490348816,0.8046045899391174,0.6988680958747864
2025-01-22 00:22:52,0.39255911111831665,0.6678560972213745,0.7468384504318237,0.7775458097457886,0.8081293106079102,0.8045823574066162,0.6988807320594788
2025-01-22 00:22:51,0.39242181181907654,0.667571485042572,0.74656742811203,0.7772477865219116,0.8079903721809387,0.804560124874115,0.6988934278488159
2025-01-22 00:22:50,0.3924226462841034,0.6675249338150024,0.746513307094574,0.7772079110145569,0.8079314827919006,0.8045230507850647,0.6988325715065002
2025-01-22 00:22:49,0.39242348074913025,0.6674783229827881,0.7464591860771179,0.7771679759025574,0.8078725934028625,0.8044859170913696,0.6987716555595398
2025-01-22 00:22:48,0.3924243152141571,0.6674317717552185,0.7464050054550171,0.7771281003952026,0.8078137040138245,0.8044488430023193,0.6987107992172241
2025-01-22 00:22:47,0.39242514967918396,0.6673852205276489,0.746350884437561,0.7770882248878479,0.8077548146247864,0.8044117093086243,0.6986499428749084
2025-01-22 00:22:46,0.3924259841442108,0.6673386096954346,0.746296763420105,0.7770482897758484,0.8076959252357483,0.804374635219574,0.6985890865325928
2025-01-22 00:22:45,0.39242681860923767,0.667292058467865,0.7462426424026489,0.7770084142684937,0.8076369762420654,0.8043375015258789,0.6985281705856323
2025-01-22 00:22:44,0.3924276530742645,0.6672454476356506,0.7461885213851929,0.7769684791564941,0.8075780868530273,0.8043004274368286,0.6984673142433167
2025-01-22 00:22:43,0.3924284875392914,0.667198896408081,0.7461344003677368,0.7769286036491394,0.8075191974639893,0.8042632937431335,0.698406457901001
2025-01-22 00:22:42,0.39242932200431824,0.6671523451805115,0.746080219745636,0.7768887281417847,0.8074603080749512,0.8042262196540833,0.6983456015586853
2025-01-22 00:22:41,0.3924301564693451,0.6671057343482971,0.7460260987281799,0.7768487930297852,0.8074014186859131,0.8041890859603882,0.6982846856117249
2025-01-22 00:22:40,0.39243099093437195,0.6670591831207275,0.7459719777107239,0.7768089175224304,0.807342529296875,0.8041520118713379,0.6982238292694092
2025-01-22 00:22:39,0.39248791337013245,0.6673070788383484,0.7464575171470642,0.7771959900856018,0.8074768781661987,0.8041890263557434,0.6983144283294678
2025-01-22 00:22:38,0.3928096890449524,0.667460560798645,0.7467092275619507,0.7774579524993896,0.8076086044311523,0.8043149709701538,0.6984995007514954
2025-01-22 00:22:37,0.3931314945220947,0.6676139831542969,0.7469608783721924,0.7777199745178223,0.8077403903007507,0.8044409155845642,0.698684573173523
2025-01-22 00:22:36,0.39294707775115967,0.6674807667732239,0.7468157410621643,0.7775048613548279,0.8076852560043335,0.8043664693832397,0.6985787153244019
2025-01-22 00:22:35,0.3927626609802246,0.6673474907875061,0.7466706037521362,0.7772896885871887,0.807630181312561,0.8042920231819153,0.6984728574752808
2025-01-22 00:22:34,0.39257824420928955,0.6672142744064331,0.7465254664421082,0.7770745754241943,0.8075750470161438,0.804217517375946,0.6983669996261597
2025-01-22 00:22:33,0.3923938274383545,0.6670809984207153,0.7463803291320801,0.7768594026565552,0.8075199723243713,0.8041430711746216,0.6982611417770386
2025-01-22 00:22:32,0.39220941066741943,0.6669477820396423,0.746235191822052,0.7766442894935608,0.8074648380279541,0.8040686249732971,0.6981552839279175
2025-01-22 00:22:31,0.3921205997467041,0.6669831275939941,0.7461578249931335,0.7765942811965942,0.8074097633361816,0.8040207028388977,0.6981000304222107
2025-01-22 00:22:30,0.3920317590236664,0.6670185327529907,0.7460805177688599,0.7765443325042725,0.8073546290397644,0.8039727210998535,0.6980447769165039
2025-01-22 00:22:29,0.39194291830062866,0.6670539379119873,0.7460031509399414,0.7764943838119507,0.8072995543479919,0.8039247989654541,0.6979894638061523
2025-01-22 00:22:28,0.39185410737991333,0.6670892834663391,0.745925784111023,0.7764443755149841,0.8072444200515747,0.8038768768310547,0.6979342103004456
2025-01-22 00:22:27,0.39200153946876526,0.6672163009643555,0.7460766434669495,0.7765982747077942,0.8072910904884338,0.8038964867591858,0.6979575157165527
2025-01-22 00:22:26,0.3921490013599396,0.6673433780670166,0.7462275624275208,0.776752233505249,0.8073377013206482,0.8039160370826721,0.6979808807373047
2025-01-22 00:22:25,0.3922964334487915,0.667470395565033,0.7463784217834473,0.7769061326980591,0.8073843717575073,0.8039356470108032,0.6980041861534119
2025-01-22 00:22:24,0.39244386553764343,0.6675974130630493,0.7465293407440186,0.7770600318908691,0.8074310421943665,0.8039552569389343,0.6980275511741638
2025-01-22 00:22:23,0.39259129762649536,0.6677244305610657,0.7466802000999451,0.7772139310836792,0.8074777126312256,0.8039748668670654,0.698050856590271
2025-01-22 00:22:22,0.3927387595176697,0.6678515076637268,0.7468311190605164,0.777367889881134,0.8075243234634399,0.8039944171905518,0.698074221611023
2025-01-22 00:22:21,0.3928861916065216,0.6679785251617432,0.7469819784164429,0.7775217890739441,0.8075709939002991,0.8040140271186829,0.6980975270271301
2025-01-22 00:22:20,0.3934131860733032,0.6682618856430054,0.7479888200759888,0.778448224067688,0.8087890148162842,0.8054056763648987,0.6999170184135437
2025-01-22 00:22:19,0.39304110407829285,0.667972207069397,0.7474541068077087,0.7779645919799805,0.808341383934021,0.8049780130386353,0.6993893980979919
2025-01-22 00:22:18,0.39266902208328247,0.6676825284957886,0.7469193935394287,0.7774809002876282,0.8078938126564026,0.8045504093170166,0.698861837387085
2025-01-22 00:22:17,0.3922969698905945,0.6673927903175354,0.7463846206665039,0.7769972085952759,0.8074462413787842,0.8041227459907532,0.6983342170715332
2025-01-22 00:22:16,0.3919248878955841,0.667103111743927,0.7458499073982239,0.7765135765075684,0.806998610496521,0.8036950826644897,0.6978065967559814
2025-01-22 00:22:15,0.39183664321899414,0.6668598651885986,0.7456148862838745,0.7763052582740784,0.8069100379943848,0.8035868406295776,0.6977512836456299
2025-01-22 00:22:14,0.3917483687400818,0.6666166186332703,0.7453799247741699,0.7760969400405884,0.8068214058876038,0.8034785985946655,0.6976959109306335
2025-01-22 00:22:13,0.3916601240634918,0.6663733124732971,0.7451449036598206,0.7758885622024536,0.8067328333854675,0.8033702969551086,0.697640597820282
2025-01-22 00:22:12,0.39157184958457947,0.6661300659179688,0.744909942150116,0.7756802439689636,0.8066442012786865,0.8032620549201965,0.6975852251052856
2025-01-22 00:22:11,0.3914836049079895,0.6658868193626404,0.7446749210357666,0.7754719257354736,0.8065556287765503,0.8031538128852844,0.6975299119949341
2025-01-22 00:22:10,0.3915529251098633,0.666044294834137,0.7448630332946777,0.7755210399627686,0.806426465511322,0.803095817565918,0.6975014805793762
2025-01-22 00:22:09,0.39162224531173706,0.6662018299102783,0.7450511455535889,0.7755701541900635,0.8062973022460938,0.8030377626419067,0.6974730491638184
2025-01-22 00:22:08,0.39169156551361084,0.6663593053817749,0.7452393174171448,0.7756192684173584,0.8061681389808655,0.8029797673225403,0.6974446177482605
2025-01-22 00:22:07,0.3917608857154846,0.6665167808532715,0.7454274296760559,0.7756683826446533,0.8060389757156372,0.8029217720031738,0.6974161863327026
2025-01-22 00:22:06,0.39199164509773254,0.6667906045913696,0.7457196116447449,0.7760563492774963,0.8065032362937927,0.8033339977264404,0.6977906823158264
2025-01-22 00:22:05,0.39222240447998047,0.6670644283294678,0.7460117340087891,0.7764443159103394,0.8069674968719482,0.803746223449707,0.6981651782989502
2025-01-22 00:22:04,0.392453134059906,0.6673382520675659,0.746303915977478,0.7768322229385376,0.8074317574501038,0.8041583895683289,0.698539674282074
2025-01-22 00:22:03,0.39268389344215393,0.6676120758056641,0.746596097946167,0.7772201895713806,0.8078960180282593,0.8045706152915955,0.6989141702651978
2025-01-22 00:22:02,0.39243805408477783,0.6674360036849976,0.7464159727096558,0.7769370675086975,0.8077173233032227,0.8044475317001343,0.6988041996955872
2025-01-22 00:22:01,0.3921922445297241,0.6672598719596863,0.7462358474731445,0.7766540050506592,0.8075386881828308,0.8043245077133179,0.6986942887306213
2025-01-22 00:22:00,0.391946405172348,0.6670837998390198,0.7460557222366333,0.7763708829879761,0.8073599934577942,0.8042014241218567,0.6985843181610107
2025-01-22 00:21:59,0.39155951142311096,0.6666926741600037,0.7452365756034851,0.7757962942123413,0.806544303894043,0.802842915058136,0.6980072855949402
2025-01-22 00:21:58,0.3919009864330292,0.6670706272125244,0.745682954788208,0.7763639688491821,0.8070680499076843,0.8034055829048157,0.6982280015945435
2025-01-22 00:21:57,0.392242431640625,0.6674485206604004,0.7461293935775757,0.776931643486023,0.8075917363166809,0.8039682507514954,0.698448657989502
2025-01-22 00:21:56,0.3925839066505432,0.6678264737129211,0.7465757727622986,0.7774993181228638,0.8081154823303223,0.804530918598175,0.6986693739891052
2025-01-22 00:21:55,0.39265716075897217,0.6679109334945679,0.7467675805091858,0.7776870727539062,0.8082147836685181,0.8046333193778992,0.6987912058830261
2025-01-22 00:21:54,0.3927304446697235,0.6679954528808594,0.746959388256073,0.777874767780304,0.8083140254020691,0.8047357797622681,0.6989129781723022
2025-01-22 00:21:53,0.39280369877815247,0.6680799126625061,0.7471511960029602,0.7780625224113464,0.8084133267402649,0.8048381805419922,0.6990348100662231
2025-01-22 00:21:52,0.3927851915359497,0.6680512428283691,0.7469748258590698,0.7778269052505493,0.8084471225738525,0.8047962784767151,0.6989034414291382
2025-01-22 00:21:51,0.39276671409606934,0.6680225729942322,0.7467985153198242,0.7775912880897522,0.808480978012085,0.804754376411438,0.6987720131874084
2025-01-22 00:21:50,0.3928226828575134,0.6681824326515198,0.7469581961631775,0.7777870893478394,0.8087862133979797,0.805212676525116,0.6990822553634644
2025-01-22 00:21:49,0.39287862181663513,0.6683423519134521,0.747117817401886,0.7779828906059265,0.8090914487838745,0.805670976638794,0.6993924379348755
2025-01-22 00:21:48,0.3929345905780792,0.6685022115707397,0.7472774982452393,0.7781786918640137,0.8093966841697693,0.8061292767524719,0.6997026801109314
2025-01-22 00:21:47,0.3927379250526428,0.6681689023971558,0.7470476627349854,0.7777842283248901,0.8088793754577637,0.8055185079574585,0.6993834376335144
2025-01-22 00:21:46,0.3925412893295288,0.6678356528282166,0.7468178272247314,0.7773897051811218,0.8083621263504028,0.8049077987670898,0.6990641951560974
2025-01-22 00:21:45,0.3923446536064148,0.6675024032592773,0.7465880513191223,0.7769951820373535,0.8078448176383972,0.8042970895767212,0.6987449526786804
2025-01-22 00:21:44,0.3921479880809784,0.6671690940856934,0.7463582158088684,0.77660071849823,0.8073275089263916,0.8036863207817078,0.6984257102012634
2025-01-22 00:21:43,0.3924635946750641,0.667918860912323,0.7472646236419678,0.7776949405670166,0.8083454370498657,0.8047279715538025,0.6989701986312866
2025-01-22 00:21:42,0.3927792012691498,0.6686686277389526,0.7481709718704224,0.778789222240448,0.8093633055686951,0.8057696223258972,0.699514627456665
2025-01-22 00:21:41,0.39279016852378845,0.6686264872550964,0.7481368184089661,0.7787455916404724,0.8093050718307495,0.805736780166626,0.6995142698287964
2025-01-22 00:21:40,0.39280110597610474,0.6685843467712402,0.7481026649475098,0.7787020206451416,0.8092468976974487,0.8057039976119995,0.6995139122009277
2025-01-22 00:21:39,0.3928120732307434,0.6685421466827393,0.7480685114860535,0.778658390045166,0.8091886639595032,0.8056711554527283,0.6995135545730591
2025-01-22 00:21:38,0.3928230106830597,0.6685000061988831,0.7480343580245972,0.7786147594451904,0.8091304302215576,0.805638313293457,0.6995131969451904
2025-01-22 00:21:37,0.39283397793769836,0.6684578657150269,0.7480002641677856,0.7785711884498596,0.8090722560882568,0.8056054711341858,0.6995128393173218
2025-01-22 00:21:36,0.39284491539001465,0.6684157252311707,0.7479661107063293,0.778527557849884,0.8090140223503113,0.8055726885795593,0.6995124816894531
2025-01-22 00:21:35,0.3928558826446533,0.6683735847473145,0.747931957244873,0.7784839272499084,0.8089557886123657,0.8055398464202881,0.6995121240615845
2025-01-22 00:21:34,0.3928668200969696,0.6683313846588135,0.7478978037834167,0.7784403562545776,0.8088976144790649,0.8055070042610168,0.6995117664337158
2025-01-22 00:21:33,0.3928777873516083,0.6682892441749573,0.7478636503219604,0.778396725654602,0.8088393807411194,0.8054741621017456,0.6995114088058472
2025-01-22 00:21:32,0.39288872480392456,0.6682471036911011,0.7478294968605042,0.7783530950546265,0.8087811470031738,0.8054413795471191,0.6995111107826233
2025-01-22 00:21:31,0.39289969205856323,0.6682049632072449,0.7477953433990479,0.7783094644546509,0.8087229132652283,0.8054085373878479,0.6995107531547546
2025-01-22 00:21:30,0.3929106295108795,0.6681627631187439,0.7477611899375916,0.7782658934593201,0.8086647391319275,0.8053756952285767,0.699510395526886
2025-01-22 00:21:29,0.3929215967655182,0.6681206226348877,0.7477270364761353,0.7782222628593445,0.8086065053939819,0.8053428530693054,0.6995100378990173
2025-01-22 00:21:28,0.3929325342178345,0.6680784821510315,0.747692883014679,0.7781786322593689,0.8085482716560364,0.805310070514679,0.6995096802711487
2025-01-22 00:21:27,0.39294350147247314,0.6680363416671753,0.7476587891578674,0.7781350612640381,0.8084900975227356,0.8052772283554077,0.69950932264328
2025-01-22 00:21:26,0.39295443892478943,0.6679942011833191,0.7476246356964111,0.7780914306640625,0.80843186378479,0.8052443861961365,0.6995089650154114
2025-01-22 00:21:25,0.3929654061794281,0.6679520010948181,0.7475904822349548,0.7780478000640869,0.8083736300468445,0.8052115440368652,0.6995086073875427
2025-01-22 00:21:24,0.3929763436317444,0.6679098606109619,0.7475563287734985,0.7780042290687561,0.8083154559135437,0.8051787614822388,0.6995082497596741
2025-01-22 00:21:23,0.39298731088638306,0.6678677201271057,0.7475221753120422,0.7779605984687805,0.8082572221755981,0.8051459193229675,0.6995078921318054
2025-01-22 00:21:22,0.39323511719703674,0.6683915257453918,0.7478076219558716,0.7783045172691345,0.8085507154464722,0.8053173422813416,0.6996224522590637
2025-01-22 00:21:21,0.39348289370536804,0.6689152717590332,0.7480930685997009,0.7786483764648438,0.8088442087173462,0.8054887056350708,0.6997369527816772
2025-01-22 00:21:20,0.39373070001602173,0.6694390773773193,0.7483785152435303,0.7789922952651978,0.8091377019882202,0.8056601285934448,0.6998515129089355
2025-01-22 00:21:19,0.39352330565452576,0.6691119074821472,0.7480438947677612,0.7787163257598877,0.8089039325714111,0.8055456280708313,0.6996595859527588
2025-01-22 00:21:18,0.3933159112930298,0.6687846779823303,0.7477092742919922,0.7784402966499329,0.808670163154602,0.8054311275482178,0.699467658996582
2025-01-22 00:21:17,0.3931084871292114,0.6684575080871582,0.7473746538162231,0.7781643271446228,0.8084364533424377,0.8053166270256042,0.6992757320404053
2025-01-22 00:21:16,0.39290109276771545,0.6681302785873413,0.7470400333404541,0.777888298034668,0.8082026839256287,0.8052021265029907,0.6990838050842285
2025-01-22 00:21:15,0.3926936984062195,0.6678031086921692,0.7467054128646851,0.7776123285293579,0.8079689145088196,0.8050876259803772,0.6988918781280518
2025-01-22 00:21:14,0.3927760720252991,0.6679732799530029,0.7468934059143066,0.7778206467628479,0.8081786036491394,0.805185079574585,0.6990454196929932
2025-01-22 00:21:13,0.39285844564437866,0.6681433916091919,0.7470813393592834,0.7780289053916931,0.8083882927894592,0.8052825331687927,0.6991989612579346
2025-01-22 00:21:12,0.39294081926345825,0.6683135628700256,0.7472692728042603,0.7782372236251831,0.8085979223251343,0.8053799867630005,0.699352502822876
2025-01-22 00:21:11,0.39302316308021545,0.6684837341308594,0.7474572658538818,0.7784455418586731,0.8088076114654541,0.805477499961853,0.6995061039924622
2025-01-22 00:21:10,0.39310553669929504,0.6686538457870483,0.7476452589035034,0.7786538004875183,0.8090173006057739,0.8055749535560608,0.6996596455574036
2025-01-22 00:21:09,0.39318791031837463,0.6688240170478821,0.7478331923484802,0.7788621187210083,0.8092269897460938,0.8056724071502686,0.699813187122345
2025-01-22 00:21:08,0.3931431770324707,0.6686702966690063,0.7477028965950012,0.7786768674850464,0.8091787099838257,0.8055790662765503,0.699733555316925
2025-01-22 00:21:07,0.3930984139442444,0.6685165166854858,0.7475726008415222,0.7784916162490845,0.8091303706169128,0.8054857850074768,0.6996539235115051
2025-01-22 00:21:06,0.3934653103351593,0.6692048907279968,0.7482100129127502,0.7788379788398743,0.8092581033706665,0.8057327270507812,0.7002025842666626
2025-01-22 00:21:05,0.3928593099117279,0.6678897738456726,0.7468683123588562,0.7777335047721863,0.8078290820121765,0.80482017993927,0.6986153721809387
2025-01-22 00:21:04,0.39182451367378235,0.6668645739555359,0.7459930181503296,0.7766714096069336,0.8073949813842773,0.8041961193084717,0.6990364193916321
2025-01-22 00:21:03,0.3920869827270508,0.6672297716140747,0.7462936043739319,0.7769559621810913,0.8076885342597961,0.8043673038482666,0.6990240216255188
2025-01-22 00:21:02,0.3923494219779968,0.6675950288772583,0.7465941905975342,0.7772405743598938,0.8079821467399597,0.8045384287834167,0.6990116238594055
2025-01-22 00:21:01,0.39261189103126526,0.6679602265357971,0.7468947768211365,0.7775251269340515,0.8082756996154785,0.8047096133232117,0.6989992260932922
2025-01-22 00:21:00,0.3935641944408417,0.6695716977119446,0.748708188533783,0.7795078158378601,0.8098946809768677,0.8061076998710632,0.7000393867492676
2025-01-22 00:20:59,0.3920356035232544,0.6671127080917358,0.7460957169532776,0.7772226929664612,0.807482898235321,0.8047205805778503,0.6985726952552795
2025-01-22 00:20:58,0.39205825328826904,0.6670986413955688,0.7460960745811462,0.7771791219711304,0.8074100017547607,0.8045380115509033,0.6984993815422058
2025-01-22 00:20:57,0.3920809328556061,0.6670845746994019,0.7460963726043701,0.7771354913711548,0.8073371052742004,0.8043554425239563,0.6984260678291321
2025-01-22 00:20:56,0.3921035826206207,0.6670704483985901,0.7460967302322388,0.777091920375824,0.8072642683982849,0.8041728138923645,0.6983528137207031
2025-01-22 00:20:55,0.39212626218795776,0.6670563817024231,0.7460970282554626,0.7770482897758484,0.8071913719177246,0.8039902448654175,0.6982795000076294
2025-01-22 00:20:54,0.3921489119529724,0.6670423150062561,0.7460973858833313,0.7770047187805176,0.8071184754371643,0.8038076758384705,0.6982061862945557
2025-01-22 00:20:53,0.3920545279979706,0.6669372320175171,0.7458945512771606,0.7767617702484131,0.8069891929626465,0.8036191463470459,0.6981111764907837
2025-01-22 00:20:52,0.39196014404296875,0.6668321490287781,0.7456916570663452,0.7765188217163086,0.8068598508834839,0.8034306764602661,0.6980161070823669
2025-01-22 00:20:51,0.3918657898902893,0.6667270660400391,0.7454888224601746,0.7762758731842041,0.8067305684089661,0.8032422065734863,0.6979210376739502
2025-01-22 00:20:50,0.3917714059352875,0.6666219830513,0.7452859878540039,0.7760329246520996,0.8066012859344482,0.8030536770820618,0.6978260278701782
2025-01-22 00:20:49,0.3919816315174103,0.6668681502342224,0.7456340193748474,0.7764497399330139,0.8068948984146118,0.8035237789154053,0.6980141401290894
2025-01-22 00:20:48,0.39219188690185547,0.6671143174171448,0.7459819912910461,0.7768665552139282,0.8071885704994202,0.803993821144104,0.6982023119926453
2025-01-22 00:20:47,0.39240211248397827,0.6673604846000671,0.7463300228118896,0.7772833704948425,0.8074821829795837,0.8044639229774475,0.6983904242515564
2025-01-22 00:20:46,0.3921414911746979,0.666904866695404,0.7459290623664856,0.7768866419792175,0.8072169423103333,0.8041709661483765,0.6982018351554871
2025-01-22 00:20:45,0.3918808698654175,0.666449248790741,0.7455281019210815,0.7764899134635925,0.8069517612457275,0.8038780093193054,0.6980132460594177
2025-01-22 00:20:44,0.3916202485561371,0.6659936308860779,0.7451271414756775,0.7760931849479675,0.806686520576477,0.8035849928855896,0.6978246569633484
2025-01-22 00:20:43,0.3913596272468567,0.6655380129814148,0.7447261810302734,0.7756964564323425,0.8064213395118713,0.8032920360565186,0.697636067867279
2025-01-22 00:20:42,0.3910990059375763,0.6650823950767517,0.7443252205848694,0.7752997279167175,0.8061560988426208,0.8029990792274475,0.6974474787712097
2025-01-22 00:20:41,0.39204540848731995,0.6665533781051636,0.7460014820098877,0.7766320109367371,0.8069155216217041,0.8035097718238831,0.6977689266204834
2025-01-22 00:20:40,0.3915846049785614,0.6662682890892029,0.7453995943069458,0.776281476020813,0.8068946003913879,0.8038302063941956,0.6979259848594666
2025-01-22 00:20:39,0.3926596939563751,0.6677647829055786,0.7469295263290405,0.7775847911834717,0.808422327041626,0.804579496383667,0.6984018087387085
2025-01-22 00:20:38,0.39173761010169983,0.6662781238555908,0.7456936836242676,0.7766603827476501,0.8073515892028809,0.8039389848709106,0.6983782052993774
2025-01-22 00:20:37,0.39224478602409363,0.6675848960876465,0.7466462254524231,0.7767741084098816,0.8071411848068237,0.8040776252746582,0.698077380657196
2025-01-22 00:20:36,0.3923585116863251,0.6669945120811462,0.7462155222892761,0.7773650288581848,0.8082761764526367,0.8046193718910217,0.6986181735992432
2025-01-22 00:20:35,0.3916553854942322,0.6664040088653564,0.7454320192337036,0.7760475277900696,0.8068463206291199,0.803354799747467,0.6977803111076355
2025-01-22 00:20:34,0.39204418659210205,0.6665812730789185,0.7455881834030151,0.7762743830680847,0.8066390752792358,0.803802490234375,0.697445273399353
2025-01-22 00:20:33,0.39244937896728516,0.6670353412628174,0.7460011839866638,0.7765893340110779,0.8068921566009521,0.8038103580474854,0.697655200958252
2025-01-22 00:20:32,0.39285460114479065,0.6674894094467163,0.7464141845703125,0.776904284954071,0.8071451783180237,0.8038182258605957,0.6978651285171509
2025-01-22 00:20:31,0.39271649718284607,0.667187511920929,0.7461813688278198,0.7767046093940735,0.807153046131134,0.8038002252578735,0.6979495286941528
2025-01-22 00:20:30,0.3925783932209015,0.6668856143951416,0.7459485530853271,0.7765049338340759,0.8071609735488892,0.8037822246551514,0.6980339288711548
2025-01-22 00:20:29,0.3924402892589569,0.6665837168693542,0.7457157969474792,0.7763052582740784,0.8071688413619995,0.8037642240524292,0.6981183886528015
2025-01-22 00:20:28,0.3923022150993347,0.6662818193435669,0.7454829812049866,0.7761055827140808,0.8071767091751099,0.803746223449707,0.6982027888298035
2025-01-22 00:20:27,0.39216411113739014,0.6663841009140015,0.745471179485321,0.7759943008422852,0.8069241642951965,0.8036290407180786,0.6980561017990112
2025-01-22 00:20:26,0.39202600717544556,0.6664863228797913,0.7454593181610107,0.7758830785751343,0.8066716194152832,0.803511917591095,0.6979093551635742
2025-01-22 00:20:25,0.391887903213501,0.666588544845581,0.7454475164413452,0.7757717967033386,0.8064191341400146,0.8033947944641113,0.697762668132782
2025-01-22 00:20:24,0.3917497992515564,0.6666908264160156,0.7454357147216797,0.775660514831543,0.8061665892601013,0.8032776117324829,0.6976159811019897
2025-01-22 00:20:23,0.39215087890625,0.6670379042625427,0.7457323670387268,0.7760400176048279,0.8066199421882629,0.8033885955810547,0.697942852973938
2025-01-22 00:20:22,0.392551988363266,0.6673849821090698,0.7460290193557739,0.7764195203781128,0.8070732951164246,0.8034995198249817,0.698269784450531
2025-01-22 00:20:21,0.39232489466667175,0.6671332120895386,0.7458290457725525,0.7763453722000122,0.8071134090423584,0.8035808205604553,0.6983094811439514
2025-01-22 00:20:20,0.3920978009700775,0.6668813824653625,0.745629072189331,0.7762712240219116,0.8071535229682922,0.803662121295929,0.6983491778373718
2025-01-22 00:20:19,0.39225131273269653,0.66703200340271,0.7457634806632996,0.776573121547699,0.8073428869247437,0.8037325739860535,0.6985400915145874
2025-01-22 00:20:18,0.39240479469299316,0.6671826839447021,0.7458978891372681,0.7768750190734863,0.8075323104858398,0.803803026676178,0.698731005191803
2025-01-22 00:20:17,0.3923395872116089,0.6671268939971924,0.7458149194717407,0.7768293619155884,0.8073898553848267,0.8038881421089172,0.6985949277877808
2025-01-22 00:20:16,0.392274409532547,0.6670711636543274,0.7457318902015686,0.7767837643623352,0.8072474598884583,0.8039731979370117,0.6984587907791138
2025-01-22 00:20:15,0.3922092020511627,0.6670153737068176,0.7456489205360413,0.7767381072044373,0.8071050047874451,0.804058313369751,0.6983227133750916
2025-01-22 00:20:14,0.39222607016563416,0.667312741279602,0.7460391521453857,0.7769172787666321,0.8073896765708923,0.8043455481529236,0.6985392570495605
2025-01-22 00:20:13,0.3922429382801056,0.6676100492477417,0.746429443359375,0.7770964503288269,0.8076744079589844,0.8046327829360962,0.6987557411193848
2025-01-22 00:20:12,0.392259806394577,0.6679074168205261,0.7468196749687195,0.7772756218910217,0.8079590797424316,0.8049200177192688,0.6989722847938538
2025-01-22 00:20:11,0.3920154571533203,0.6672166585922241,0.7460900545120239,0.7767587304115295,0.8075342774391174,0.8046613931655884,0.6985327005386353
2025-01-22 00:20:10,0.391771137714386,0.6665259599685669,0.7453604936599731,0.7762417793273926,0.8071094155311584,0.804402768611908,0.698093056678772
2025-01-22 00:20:09,0.3915267884731293,0.6658352017402649,0.7446308732032776,0.7757248878479004,0.8066846132278442,0.8041441440582275,0.6976534724235535
2025-01-22 00:20:08,0.39169740676879883,0.6663225293159485,0.7450892925262451,0.7758932709693909,0.8067672848701477,0.8038855195045471,0.6976786255836487
2025-01-22 00:20:07,0.391867995262146,0.6668097972869873,0.7455476522445679,0.7760615944862366,0.8068499565124512,0.8036268949508667,0.6977037191390991
2025-01-22 00:20:06,0.39203861355781555,0.6672971248626709,0.7460060715675354,0.776229977607727,0.8069326281547546,0.8033682703971863,0.6977288722991943
2025-01-22 00:20:05,0.3923698961734772,0.6675017476081848,0.7463249564170837,0.7767550945281982,0.8072595596313477,0.8036943674087524,0.6978375315666199
2025-01-22 00:20:04,0.3927012085914612,0.6677063703536987,0.7466438412666321,0.7772802114486694,0.8075864911079407,0.8040204048156738,0.6979461312294006
2025-01-22 00:20:03,0.3930324912071228,0.6679109930992126,0.7469627261161804,0.7778053283691406,0.8079134225845337,0.80434650182724,0.6980547904968262
2025-01-22 00:20:02,0.3929136395454407,0.6677730679512024,0.7467811703681946,0.777583122253418,0.8077669143676758,0.8041779398918152,0.6980631351470947
2025-01-22 00:20:01,0.39279478788375854,0.6676352024078369,0.7465996146202087,0.7773608565330505,0.8076204061508179,0.8040094375610352,0.6980715394020081
2025-01-22 00:20:00,0.3926759362220764,0.6674972772598267,0.7464180588722229,0.7771386504173279,0.8074739575386047,0.8038408756256104,0.6980798840522766
2025-01-22 00:19:59,0.3925570845603943,0.6673593521118164,0.7462364435195923,0.7769163846969604,0.8073274493217468,0.8036723136901855,0.6980882883071899
2025-01-22 00:19:58,0.39243826270103455,0.6672214269638062,0.7460548877716064,0.7766941785812378,0.8071809411048889,0.8035037517547607,0.6980966329574585
2025-01-22 00:19:57,0.3923194110393524,0.6670835018157959,0.7458733320236206,0.7764719724655151,0.8070344924926758,0.8033351898193359,0.698104977607727
2025-01-22 00:19:56,0.3922005593776703,0.6669456362724304,0.7456917762756348,0.7762497067451477,0.8068879842758179,0.8031666874885559,0.6981133818626404
2025-01-22 00:19:55,0.39208170771598816,0.6668077111244202,0.7455102205276489,0.776027500629425,0.80674147605896,0.8029981255531311,0.6981217265129089
2025-01-22 00:19:54,0.3928622901439667,0.6680697798728943,0.747158408164978,0.7776420712471008,0.8088812828063965,0.8052650094032288,0.6991621255874634
2025-01-22 00:19:53,0.3923448324203491,0.6672672033309937,0.7461296319961548,0.7766376733779907,0.8076266050338745,0.8042094707489014,0.6984677314758301
2025-01-22 00:19:52,0.39182740449905396,0.666464626789093,0.7451009154319763,0.7756332755088806,0.8063719272613525,0.8031538724899292,0.697773277759552
2025-01-22 00:19:51,0.39193370938301086,0.6667678356170654,0.7454559803009033,0.7760639190673828,0.8067399263381958,0.8036866784095764,0.6979995369911194
2025-01-22 00:19:50,0.3920400142669678,0.6670709848403931,0.7458111047744751,0.7764946222305298,0.8071079254150391,0.8042194843292236,0.6982257962226868
2025-01-22 00:19:49,0.3923957943916321,0.6673973798751831,0.7462757229804993,0.7771081924438477,0.8080028891563416,0.8043286204338074,0.6983016133308411
2025-01-22 00:19:48,0.39252588152885437,0.6675339341163635,0.7464360594749451,0.7772189378738403,0.8080783486366272,0.8044271469116211,0.6984682679176331
2025-01-22 00:19:47,0.39265596866607666,0.667670488357544,0.7465964555740356,0.777329683303833,0.8081538081169128,0.8045257329940796,0.6986348628997803
2025-01-22 00:19:46,0.39278602600097656,0.6678070425987244,0.7467567920684814,0.7774404287338257,0.8082292675971985,0.8046242594718933,0.6988015174865723
2025-01-22 00:19:45,0.39291611313819885,0.6679435968399048,0.7469171285629272,0.7775511741638184,0.8083047270774841,0.804722785949707,0.6989681720733643
2025-01-22 00:19:44,0.39284709095954895,0.6681249737739563,0.7472571730613708,0.7782285213470459,0.8088151216506958,0.8053954243659973,0.6994873285293579
2025-01-22 00:19:43,0.3925870358943939,0.667790412902832,0.7467871904373169,0.7777479887008667,0.8082823753356934,0.8050500750541687,0.6991242170333862
2025-01-22 00:19:42,0.3923270106315613,0.667455792427063,0.7463172674179077,0.7772673964500427,0.8077495694160461,0.8047047853469849,0.6987611055374146
2025-01-22 00:19:41,0.39206695556640625,0.667121171951294,0.7458472847938538,0.7767868041992188,0.8072167634963989,0.8043594360351562,0.6983979344367981
2025-01-22 00:19:40,0.3918069005012512,0.6667866110801697,0.7453773021697998,0.7763062715530396,0.8066840171813965,0.8040140867233276,0.6980348229408264
2025-01-22 00:19:39,0.3927074074745178,0.6678482294082642,0.7470300197601318,0.7772194743156433,0.8077499270439148,0.804722785949707,0.6987686157226562
2025-01-22 00:19:38,0.3929259181022644,0.6681365966796875,0.7472350001335144,0.7776894569396973,0.8083131313323975,0.8048536777496338,0.6990082263946533
2025-01-22 00:19:37,0.3931443989276886,0.6684249043464661,0.747439980506897,0.778159499168396,0.8088762760162354,0.8049846291542053,0.6992478966712952
2025-01-22 00:19:36,0.39271265268325806,0.6678401231765747,0.7468473315238953,0.7773886919021606,0.8083415031433105,0.8046436309814453,0.6989787817001343
2025-01-22 00:19:35,0.3922809064388275,0.6672552824020386,0.7462546825408936,0.7766178250312805,0.807806670665741,0.8043026924133301,0.6987097263336182
2025-01-22 00:19:34,0.39316651225090027,0.6680421829223633,0.7473161220550537,0.7778503894805908,0.8081218004226685,0.8048239946365356,0.6989380717277527
2025-01-22 00:19:33,0.3930422067642212,0.6679853200912476,0.7472115755081177,0.777830958366394,0.8084524869918823,0.8051474094390869,0.6993129253387451
2025-01-22 00:19:32,0.3929179012775421,0.6679285168647766,0.7471070885658264,0.7778115272521973,0.8087831735610962,0.8054708242416382,0.6996877789497375
2025-01-22 00:19:31,0.39251846075057983,0.6676446199417114,0.7470130920410156,0.7774999737739563,0.808343768119812,0.8050224184989929,0.6991659998893738
2025-01-22 00:19:30,0.39211899042129517,0.6673607230186462,0.7469190955162048,0.7771884202957153,0.8079044222831726,0.8045740127563477,0.69864422082901
2025-01-22 00:19:29,0.39216482639312744,0.6673069596290588,0.746769905090332,0.7772153615951538,0.8079570531845093,0.8045666217803955,0.6986746191978455
2025-01-22 00:19:28,0.3922106623649597,0.6672532558441162,0.7466206550598145,0.7772423624992371,0.8080097436904907,0.8045591711997986,0.6987050771713257
2025-01-22 00:19:27,0.3922564685344696,0.6671994924545288,0.7464714050292969,0.7772693634033203,0.8080623745918274,0.8045517206192017,0.6987354755401611
2025-01-22 00:19:26,0.3923023045063019,0.6671457290649414,0.7463222146034241,0.7772963047027588,0.8081150054931641,0.8045443296432495,0.6987658739089966
2025-01-22 00:19:25,0.3920668959617615,0.6669309735298157,0.7462031245231628,0.77688068151474,0.8079552054405212,0.8042417168617249,0.6984192132949829
2025-01-22 00:19:24,0.3928394019603729,0.6680505871772766,0.7471718788146973,0.7780833840370178,0.8089560866355896,0.8054115772247314,0.6996557712554932
2025-01-22 00:19:23,0.3932136297225952,0.668753981590271,0.7477786540985107,0.7786545753479004,0.8093519806861877,0.8058833479881287,0.7000017762184143
2025-01-22 00:19:22,0.3935878872871399,0.6694573163986206,0.748385488986969,0.7792257070541382,0.8097478747367859,0.8063551187515259,0.7003477811813354
2025-01-22 00:19:21,0.3928787410259247,0.6684355735778809,0.7472584843635559,0.7782002687454224,0.8086559772491455,0.8054537773132324,0.6994538903236389
2025-01-22 00:19:20,0.3921695947647095,0.6674138903617859,0.7461314797401428,0.7771747708320618,0.8075640201568604,0.8045523762702942,0.6985599994659424
2025-01-22 00:19:19,0.39327341318130493,0.6686025857925415,0.7478591799736023,0.7786077857017517,0.8094689249992371,0.8057593107223511,0.6995980143547058
2025-01-22 00:19:18,0.39269301295280457,0.66741943359375,0.7464980483055115,0.7772937417030334,0.8081213235855103,0.8046680688858032,0.6987869739532471
2025-01-22 00:19:17,0.3921126127243042,0.6662362217903137,0.7451369166374207,0.7759796977043152,0.8067737817764282,0.8035768270492554,0.6979759931564331
2025-01-22 00:19:16,0.39212730526924133,0.6674759984016418,0.7464517951011658,0.7772368788719177,0.8077660202980042,0.8048790097236633,0.6987919211387634
2025-01-22 00:19:15,0.39224204421043396,0.6675316691398621,0.7464708685874939,0.7772582769393921,0.8079283833503723,0.8048630952835083,0.6988058090209961
2025-01-22 00:19:14,0.3923567533493042,0.6675873398780823,0.746489942073822,0.7772796750068665,0.8080907464027405,0.804847240447998,0.698819637298584
2025-01-22 00:19:13,0.3924714922904968,0.6676430106163025,0.7465090155601501,0.7773010730743408,0.8082531094551086,0.804831326007843,0.6988335251808167
2025-01-22 00:19:12,0.3930131793022156,0.6684936285018921,0.7474874258041382,0.7783538103103638,0.809328019618988,0.8056706190109253,0.6997042894363403
2025-01-22 00:19:11,0.3935548961162567,0.6693443059921265,0.7484657764434814,0.7794066071510315,0.8104029297828674,0.8065099716186523,0.7005751132965088
2025-01-22 00:19:10,0.3936164975166321,0.6693492531776428,0.7483792304992676,0.7792462110519409,0.810201108455658,0.8063863515853882,0.7003971934318542
2025-01-22 00:19:09,0.39367809891700745,0.6693542003631592,0.7482926845550537,0.7790858745574951,0.8099993467330933,0.806262731552124,0.7002192735671997
2025-01-22 00:19:08,0.3937397003173828,0.6693591475486755,0.7482061386108398,0.7789254784584045,0.8097975254058838,0.8061391115188599,0.7000414133071899
2025-01-22 00:19:07,0.3938013017177582,0.6693640947341919,0.748119592666626,0.778765082359314,0.8095957040786743,0.8060154914855957,0.6998634934425354
2025-01-22 00:19:06,0.3935599625110626,0.6689204573631287,0.7477893233299255,0.7785434126853943,0.8094497323036194,0.8058702349662781,0.6996839046478271
2025-01-22 00:19:05,0.39331865310668945,0.6684767603874207,0.7474589943885803,0.7783216834068298,0.8093037009239197,0.8057249784469604,0.6995043158531189
2025-01-22 00:19:04,0.3930773138999939,0.6680331230163574,0.7471287250518799,0.7781000137329102,0.8091577291488647,0.8055797219276428,0.6993247270584106
2025-01-22 00:19:03,0.3931591808795929,0.6684711575508118,0.7476508021354675,0.7784309983253479,0.8093631267547607,0.805845320224762,0.6997332572937012
2025-01-22 00:19:02,0.3932410478591919,0.6689092516899109,0.7481728196144104,0.7787620425224304,0.8095685243606567,0.8061109781265259,0.7001417875289917
2025-01-22 00:19:01,0.3933229148387909,0.6693472862243652,0.748694896697998,0.7790930271148682,0.8097739219665527,0.806376576423645,0.7005503177642822
2025-01-22 00:19:00,0.39322078227996826,0.6691008806228638,0.748331606388092,0.7787756323814392,0.8094367384910583,0.8060359954833984,0.7001327872276306
2025-01-22 00:18:59,0.393118679523468,0.6688545346260071,0.747968316078186,0.778458297252655,0.8090996146202087,0.8056954145431519,0.699715256690979
2025-01-22 00:18:58,0.3930165469646454,0.6686081290245056,0.7476049661636353,0.7781409025192261,0.8087624311447144,0.8053548336029053,0.6992976665496826
2025-01-22 00:18:57,0.39291444420814514,0.6683617830276489,0.7472416758537292,0.7778235673904419,0.8084253072738647,0.8050142526626587,0.698880136013031
2025-01-22 00:18:56,0.3928123116493225,0.6681153774261475,0.7468783855438232,0.7775061726570129,0.8080881237983704,0.8046736717224121,0.6984626054763794
2025-01-22 00:18:55,0.3923461139202118,0.6677088141441345,0.7464479804039001,0.7771958112716675,0.807551383972168,0.8047283887863159,0.6984866857528687
2025-01-22 00:18:54,0.3922639489173889,0.6675717830657959,0.7463150024414062,0.7770617604255676,0.8075723648071289,0.8045925498008728,0.6984706521034241
2025-01-22 00:18:53,0.39218175411224365,0.6674347519874573,0.7461819648742676,0.776927649974823,0.8075934052467346,0.8044566512107849,0.6984546184539795
2025-01-22 00:18:52,0.3920995891094208,0.6672977209091187,0.7460489869117737,0.7767935991287231,0.8076143860816956,0.8043208122253418,0.6984385848045349
2025-01-22 00:18:51,0.3924052119255066,0.6673697829246521,0.7464863061904907,0.7771990895271301,0.8079537153244019,0.8050007820129395,0.6985338926315308
2025-01-22 00:18:50,0.39230018854141235,0.6672414541244507,0.7461448907852173,0.7767191529273987,0.8074874877929688,0.8044414520263672,0.6982759237289429
2025-01-22 00:18:49,0.3921951949596405,0.667113184928894,0.7458034157752991,0.7762392163276672,0.8070212006568909,0.8038821816444397,0.6980180144309998
2025-01-22 00:18:48,0.39241358637809753,0.667635977268219,0.7466133832931519,0.7773206233978271,0.8084282875061035,0.8053305745124817,0.698769211769104
2025-01-22 00:18:47,0.3921557664871216,0.6673005223274231,0.746224582195282,0.7770312428474426,0.8080811500549316,0.8049262762069702,0.6986018419265747
2025-01-22 00:18:46,0.39189794659614563,0.666965126991272,0.7458357810974121,0.7767418622970581,0.807733952999115,0.8045219779014587,0.6984345316886902
2025-01-22 00:18:45,0.3916401267051697,0.6666296720504761,0.7454469203948975,0.7764525413513184,0.8073868155479431,0.8041176795959473,0.6982671618461609
2025-01-22 00:18:44,0.3913823068141937,0.666294276714325,0.7450581192970276,0.7761631608009338,0.8070396184921265,0.8037133812904358,0.6980998516082764
2025-01-22 00:18:43,0.3911244869232178,0.665958821773529,0.7446693181991577,0.7758737802505493,0.8066924810409546,0.8033090829849243,0.6979324817657471
2025-01-22 00:18:42,0.39133256673812866,0.6661964058876038,0.7449377775192261,0.7760595083236694,0.8068544268608093,0.8035266995429993,0.6980469226837158
2025-01-22 00:18:41,0.39154061675071716,0.6664339303970337,0.7452062368392944,0.7762452960014343,0.8070163130760193,0.803744375705719,0.6981613039970398
2025-01-22 00:18:40,0.39174869656562805,0.6666715145111084,0.7454746961593628,0.7764310240745544,0.807178258895874,0.803961992263794,0.6982757449150085
2025-01-22 00:18:39,0.39195677638053894,0.6669090986251831,0.7457432150840759,0.7766167521476746,0.807340145111084,0.8041796684265137,0.6983901262283325
2025-01-22 00:18:38,0.39216485619544983,0.6671466827392578,0.7460116744041443,0.7768024802207947,0.8075020909309387,0.8043972849845886,0.6985045671463013
2025-01-22 00:18:37,0.39237290620803833,0.6673842072486877,0.7462801337242126,0.7769882678985596,0.8076639771461487,0.8046149611473083,0.6986189484596252
2025-01-22 00:18:36,0.3925809860229492,0.6676217913627625,0.746548593044281,0.7771739959716797,0.8078259229660034,0.8048325777053833,0.698733389377594
2025-01-22 00:18:35,0.39256536960601807,0.6675810217857361,0.7464833855628967,0.7771631479263306,0.807731032371521,0.80463707447052,0.6986559629440308
2025-01-22 00:18:34,0.3925497531890869,0.6675402522087097,0.7464181780815125,0.7771523594856262,0.8076362013816833,0.8044416308403015,0.6985785365104675
2025-01-22 00:18:33,0.39253413677215576,0.6674994230270386,0.746353030204773,0.7771415114402771,0.8075413107872009,0.8042461276054382,0.6985010504722595
2025-01-22 00:18:32,0.3925185203552246,0.6674586534500122,0.7462878227233887,0.7771307229995728,0.8074464797973633,0.8040506839752197,0.6984236240386963
2025-01-22 00:18:31,0.39250290393829346,0.6674178838729858,0.7462226152420044,0.7771198749542236,0.8073515892028809,0.8038551807403564,0.6983461976051331
2025-01-22 00:18:30,0.39213061332702637,0.6668803095817566,0.7456693053245544,0.7765469551086426,0.8069186210632324,0.8035258650779724,0.6980911493301392
2025-01-22 00:18:29,0.39175835251808167,0.6663427352905273,0.7451159954071045,0.7759740352630615,0.8064855933189392,0.8031965494155884,0.6978360414505005
2025-01-22 00:18:28,0.39138609170913696,0.6658051013946533,0.7445626258850098,0.7754011154174805,0.806052565574646,0.8028672933578491,0.6975809335708618
2025-01-22 00:18:27,0.3910138010978699,0.6652675271034241,0.7440093159675598,0.7748281955718994,0.8056195974349976,0.8025379776954651,0.6973258852958679
2025-01-22 00:18:26,0.39141470193862915,0.6659267544746399,0.7446345686912537,0.7754433751106262,0.8062947392463684,0.8031774163246155,0.6976428627967834
2025-01-22 00:18:25,0.3918156027793884,0.6665859818458557,0.7452597618103027,0.7760586142539978,0.8069698810577393,0.8038168549537659,0.697959840297699
2025-01-22 00:18:24,0.3922165036201477,0.6672452092170715,0.7458850145339966,0.7766737937927246,0.8076450228691101,0.8044562935829163,0.6982768177986145
2025-01-22 00:18:23,0.39217427372932434,0.6669456958770752,0.7455838322639465,0.7763574123382568,0.8072742223739624,0.8038874268531799,0.698046088218689
2025-01-22 00:18:22,0.392132043838501,0.6666461229324341,0.7452827095985413,0.7760410904884338,0.8069034814834595,0.8033185601234436,0.6978154182434082
2025-01-22 00:18:21,0.3920898139476776,0.6663466095924377,0.7449815273284912,0.7757247090339661,0.8065326809883118,0.8027496933937073,0.6975846886634827
2025-01-22 00:18:20,0.392192006111145,0.6674243807792664,0.7466328144073486,0.7776172161102295,0.808247983455658,0.8050584197044373,0.6986008286476135
2025-01-22 00:18:19,0.3920586109161377,0.6670095324516296,0.7460849285125732,0.77703857421875,0.8077009916305542,0.8043843507766724,0.698250949382782
2025-01-22 00:18:18,0.39192521572113037,0.6665946841239929,0.7455371022224426,0.7764599323272705,0.8071539998054504,0.8037102222442627,0.6979010701179504
2025-01-22 00:18:17,0.39179179072380066,0.6661798357963562,0.744989275932312,0.7758812308311462,0.8066070079803467,0.803036093711853,0.6975511908531189
2025-01-22 00:18:16,0.39165839552879333,0.6657649874687195,0.7444413900375366,0.7753025889396667,0.8060600161552429,0.8023620247840881,0.6972013115882874
2025-01-22 00:18:15,0.3918355107307434,0.6666877269744873,0.7454162836074829,0.7758479714393616,0.8066326975822449,0.803709089756012,0.6975212097167969
2025-01-22 00:18:14,0.39179664850234985,0.6666203737258911,0.7454062700271606,0.7758181691169739,0.8065693378448486,0.8036098480224609,0.6975283622741699
2025-01-22 00:18:13,0.3917578160762787,0.6665530204772949,0.7453962564468384,0.7757883667945862,0.8065059781074524,0.8035105466842651,0.697535514831543
2025-01-22 00:18:12,0.39171895384788513,0.666485607624054,0.7453862428665161,0.7757585644721985,0.8064426183700562,0.8034112453460693,0.6975426077842712
2025-01-22 00:18:11,0.39168012142181396,0.6664182543754578,0.7453762292861938,0.7757288217544556,0.8063792586326599,0.8033120036125183,0.6975497603416443
2025-01-22 00:18:10,0.3916412591934204,0.6663509011268616,0.7453662157058716,0.7756990194320679,0.8063158988952637,0.8032127618789673,0.6975569128990173
2025-01-22 00:18:09,0.39160239696502686,0.6662834882736206,0.7453562021255493,0.7756692171096802,0.8062525391578674,0.8031134605407715,0.6975640058517456
2025-01-22 00:18:08,0.3915635645389557,0.6662161350250244,0.745346188545227,0.7756394147872925,0.8061891794204712,0.8030141592025757,0.6975711584091187
2025-01-22 00:18:07,0.39152470231056213,0.6661487817764282,0.7453361749649048,0.7756096124649048,0.806125819683075,0.8029149174690247,0.6975783109664917
2025-01-22 00:18:06,0.3918474316596985,0.6666575074195862,0.7457754611968994,0.7761474847793579,0.8065991401672363,0.8032076954841614,0.6979053616523743
2025-01-22 00:18:05,0.39217016100883484,0.6671661734580994,0.7462148070335388,0.776685357093811,0.8070724606513977,0.8035005331039429,0.6982324719429016
2025-01-22 00:18:04,0.3924928903579712,0.6676748991012573,0.7466540932655334,0.7772232294082642,0.8075457811355591,0.8037933111190796,0.6985595226287842
2025-01-22 00:18:03,0.39236605167388916,0.6674095392227173,0.7464167475700378,0.7770386934280396,0.8076155781745911,0.8041954636573792,0.6986325979232788
2025-01-22 00:18:02,0.39223921298980713,0.6671441793441772,0.7461794018745422,0.7768542170524597,0.807685375213623,0.8045976161956787,0.6987056732177734
2025-01-22 00:18:01,0.39227354526519775,0.6671260595321655,0.7460862398147583,0.7767958045005798,0.807486891746521,0.8043903708457947,0.6985729336738586
2025-01-22 00:18:00,0.3923078775405884,0.667107880115509,0.7459930181503296,0.7767374515533447,0.807288408279419,0.8041831254959106,0.6984401941299438
2025-01-22 00:17:59,0.3923421800136566,0.6670897006988525,0.7458998560905457,0.7766790390014648,0.8070898652076721,0.8039758205413818,0.698307454586029
2025-01-22 00:17:58,0.39237651228904724,0.6670715808868408,0.7458066940307617,0.776620626449585,0.8068913817405701,0.8037685751914978,0.6981747150421143
2025-01-22 00:17:57,0.3924520015716553,0.6671960353851318,0.7460888028144836,0.7767455577850342,0.8071911334991455,0.8040449619293213,0.6983044147491455
2025-01-22 00:17:56,0.3925274908542633,0.6673204898834229,0.7463709115982056,0.7768704295158386,0.8074908256530762,0.8043212890625,0.6984341144561768
2025-01-22 00:17:55,0.3925045430660248,0.6673083305358887,0.7463592290878296,0.7768654823303223,0.8075186014175415,0.8043308258056641,0.6984478235244751
2025-01-22 00:17:54,0.39248159527778625,0.6672962307929993,0.7463474869728088,0.7768605351448059,0.8075463771820068,0.8043403625488281,0.6984615325927734
2025-01-22 00:17:53,0.39245864748954773,0.6672840714454651,0.7463358044624329,0.7768555879592896,0.8075741529464722,0.8043498992919922,0.6984753012657166
2025-01-22 00:17:52,0.3924356997013092,0.6672719120979309,0.7463241219520569,0.7768506407737732,0.8076019287109375,0.8043594360351562,0.6984890103340149
2025-01-22 00:17:51,0.3924127519130707,0.6672598123550415,0.7463123798370361,0.7768456935882568,0.8076297044754028,0.8043689727783203,0.6985027194023132
2025-01-22 00:17:50,0.39238977432250977,0.6672476530075073,0.7463006973266602,0.7768408060073853,0.8076574802398682,0.8043785095214844,0.6985164880752563
2025-01-22 00:17:49,0.39236682653427124,0.6672354936599731,0.7462890148162842,0.7768358588218689,0.8076851963996887,0.8043879866600037,0.6985301971435547
2025-01-22 00:17:48,0.3923438787460327,0.6672233939170837,0.7462772727012634,0.7768309116363525,0.807712972164154,0.8043975234031677,0.698543906211853
2025-01-22 00:17:47,0.3923209309577942,0.6672112345695496,0.7462655901908875,0.7768259644508362,0.8077407479286194,0.8044070601463318,0.6985576152801514
2025-01-22 00:17:46,0.39229798316955566,0.6671990752220154,0.7462539076805115,0.7768210172653198,0.8077685236930847,0.8044165968894958,0.6985713243484497
2025-01-22 00:17:45,0.39227503538131714,0.667186975479126,0.7462421655654907,0.7768160700798035,0.80779629945755,0.8044261336326599,0.6985850930213928
2025-01-22 00:17:44,0.3922520875930786,0.6671748161315918,0.7462304830551147,0.7768111228942871,0.8078240752220154,0.804435670375824,0.6985988020896912
2025-01-22 00:17:43,0.3922416567802429,0.6671087145805359,0.7461272478103638,0.776757001876831,0.8077393174171448,0.8043653964996338,0.6986034512519836
2025-01-22 00:17:42,0.3922312557697296,0.6670426726341248,0.7460240125656128,0.7767028212547302,0.8076545596122742,0.8042951226234436,0.6986081600189209
2025-01-22 00:17:41,0.3922208547592163,0.6669765710830688,0.7459207773208618,0.7766487002372742,0.8075698614120483,0.8042248487472534,0.6986128091812134
2025-01-22 00:17:40,0.3922104239463806,0.6669104695320129,0.7458174824714661,0.7765945792198181,0.8074851036071777,0.804154634475708,0.6986174583435059
2025-01-22 00:17:39,0.3921999931335449,0.6668444275856018,0.7457142472267151,0.7765403985977173,0.8074003458023071,0.8040843605995178,0.6986221671104431
2025-01-22 00:17:38,0.3921895921230316,0.6667783260345459,0.7456110119819641,0.7764862775802612,0.8073155879974365,0.8040140867233276,0.6986268162727356
2025-01-22 00:17:37,0.39222559332847595,0.6668318510055542,0.7457000613212585,0.77657151222229,0.8073925971984863,0.804080069065094,0.6986812353134155
2025-01-22 00:17:36,0.3922615945339203,0.6668853759765625,0.745789110660553,0.7766568064689636,0.8074696660041809,0.8041461110115051,0.6987356543540955
2025-01-22 00:17:35,0.3922975957393646,0.6669389605522156,0.7458781599998474,0.7767420411109924,0.8075466752052307,0.8042120933532715,0.6987900137901306
2025-01-22 00:17:34,0.39233359694480896,0.6669924855232239,0.7459672689437866,0.776827335357666,0.8076236844062805,0.8042781352996826,0.6988444328308105
2025-01-22 00:17:33,0.3923695981502533,0.6670460104942322,0.746056318283081,0.7769125699996948,0.8077007532119751,0.804344117641449,0.6988988518714905
2025-01-22 00:17:32,0.39240559935569763,0.6670995354652405,0.7461453676223755,0.7769978642463684,0.8077777624130249,0.8044101595878601,0.6989532709121704
2025-01-22 00:17:31,0.39244160056114197,0.6671531200408936,0.7462344169616699,0.7770830988883972,0.8078547716140747,0.8044761419296265,0.6990076899528503
2025-01-22 00:17:30,0.3924776017665863,0.6672066450119019,0.7463234663009644,0.777168333530426,0.8079318404197693,0.8045421242713928,0.6990621089935303
2025-01-22 00:17:29,0.39251360297203064,0.6672601699829102,0.7464125156402588,0.7772536277770996,0.8080088496208191,0.804608166217804,0.6991164684295654
2025-01-22 00:17:28,0.392549604177475,0.6673136949539185,0.7465015649795532,0.7773388624191284,0.8080858588218689,0.8046741485595703,0.6991708874702454
2025-01-22 00:17:27,0.3925856053829193,0.6673672199249268,0.7465906143188477,0.777424156665802,0.8081629276275635,0.8047401905059814,0.6992253065109253
2025-01-22 00:17:26,0.39262157678604126,0.6674208045005798,0.7466797232627869,0.7775093913078308,0.8082399368286133,0.8048061728477478,0.6992797255516052
2025-01-22 00:17:25,0.3926575779914856,0.6674743294715881,0.7467687726020813,0.7775946855545044,0.8083170056343079,0.8048722147941589,0.6993341445922852
2025-01-22 00:17:24,0.39269357919692993,0.6675278544425964,0.7468578219413757,0.7776799201965332,0.8083940148353577,0.8049381971359253,0.6993885636329651
2025-01-22 00:17:23,0.39272958040237427,0.6675813794136047,0.7469468712806702,0.7777652144432068,0.8084710240364075,0.8050042390823364,0.6994429230690002
2025-01-22 00:17:22,0.3927655816078186,0.667634904384613,0.7470359206199646,0.7778504490852356,0.808548092842102,0.8050702214241028,0.6994973421096802
2025-01-22 00:17:21,0.39280158281326294,0.6676884889602661,0.747124969959259,0.7779356837272644,0.8086251020431519,0.8051362037658691,0.6995517611503601
2025-01-22 00:17:20,0.3928375840187073,0.6677420139312744,0.7472140192985535,0.778020977973938,0.8087021112442017,0.8052022457122803,0.69960618019104
2025-01-22 00:17:19,0.3928735852241516,0.6677955389022827,0.7473030686378479,0.7781062126159668,0.8087791800498962,0.8052682280540466,0.69966059923172
2025-01-22 00:17:18,0.39290958642959595,0.667849063873291,0.7473921775817871,0.7781915068626404,0.808856189250946,0.8053342700004578,0.6997150182723999
2025-01-22 00:17:17,0.3929455876350403,0.6679026484489441,0.7474812269210815,0.7782767415046692,0.8089331984519958,0.8054002523422241,0.6997693777084351
2025-01-22 00:17:16,0.3929815888404846,0.6679561734199524,0.747570276260376,0.7783620357513428,0.8090102672576904,0.8054662942886353,0.699823796749115
2025-01-22 00:17:15,0.39301759004592896,0.6680096983909607,0.7476593255996704,0.7784472703933716,0.8090872764587402,0.8055322766304016,0.6998782157897949
2025-01-22 00:17:14,0.39299798011779785,0.6680690050125122,0.747503936290741,0.7782406210899353,0.8088589906692505,0.805343747138977,0.6996759176254272
2025-01-22 00:17:13,0.39297839999198914,0.6681283116340637,0.7473485469818115,0.778033971786499,0.8086307048797607,0.8051552772521973,0.6994736194610596
2025-01-22 00:17:12,0.3929588198661804,0.6681876182556152,0.7471930980682373,0.7778273224830627,0.8084024786949158,0.8049667477607727,0.6992713809013367
2025-01-22 00:17:11,0.3929392099380493,0.6682469248771667,0.7470377087593079,0.7776206731796265,0.808174192905426,0.8047782182693481,0.699069082736969
2025-01-22 00:17:10,0.3920535147190094,0.6666880249977112,0.7453650236129761,0.7761074900627136,0.8068224787712097,0.8038942813873291,0.6979969143867493
2025-01-22 00:17:09,0.39223963022232056,0.6671693921089172,0.7461549639701843,0.7768402099609375,0.807518482208252,0.8044245839118958,0.6983795166015625
2025-01-22 00:17:08,0.3924257755279541,0.6676508188247681,0.7469448447227478,0.7775728702545166,0.8082144856452942,0.8049548864364624,0.6987621784210205
2025-01-22 00:17:07,0.39261189103126526,0.6681321859359741,0.747734785079956,0.7783055901527405,0.8089104890823364,0.805485188961029,0.6991447806358337
2025-01-22 00:17:06,0.392523854970932,0.6678325533866882,0.7471948266029358,0.77762371301651,0.8083255887031555,0.8049027323722839,0.6988057494163513
2025-01-22 00:17:05,0.39243584871292114,0.6675329208374023,0.7466548681259155,0.7769418954849243,0.8077406287193298,0.8043202757835388,0.6984667181968689
2025-01-22 00:17:04,0.3923478126525879,0.6672332882881165,0.7461149096488953,0.7762600183486938,0.8071557283401489,0.8037378191947937,0.6981276869773865
2025-01-22 00:17:03,0.392234206199646,0.6670131087303162,0.7460799217224121,0.7761284112930298,0.8064255118370056,0.8032854795455933,0.6979166269302368
2025-01-22 00:17:02,0.39300501346588135,0.6681572198867798,0.7471258044242859,0.7777048945426941,0.8075610995292664,0.8039903044700623,0.6986029148101807
2025-01-22 00:17:01,0.39234021306037903,0.6679227352142334,0.7464067935943604,0.7768402099609375,0.8073682188987732,0.8043205738067627,0.6985027194023132
2025-01-22 00:17:00,0.39237791299819946,0.6676883101463318,0.74642413854599,0.7769008874893188,0.8074252009391785,0.8043848276138306,0.6984025835990906
2025-01-22 00:16:59,0.3924156129360199,0.6674538254737854,0.7464414834976196,0.776961624622345,0.8074821829795837,0.8044490218162537,0.6983023881912231
2025-01-22 00:16:58,0.392459511756897,0.6676676273345947,0.7466170787811279,0.7773389220237732,0.8078790903091431,0.8049919009208679,0.6983857154846191
2025-01-22 00:16:57,0.3929072916507721,0.6684001088142395,0.7471572160720825,0.7783597111701965,0.8087031841278076,0.8055574893951416,0.6989604234695435
2025-01-22 00:16:56,0.39245501160621643,0.6673647165298462,0.7465673089027405,0.7769116759300232,0.8075187802314758,0.8040304780006409,0.6984177827835083
2025-01-22 00:16:55,0.39246681332588196,0.6671062707901001,0.7466070055961609,0.7771785855293274,0.807434618473053,0.8037288784980774,0.6983519792556763
2025-01-22 00:16:54,0.3921186029911041,0.6668639183044434,0.7461369037628174,0.7767699956893921,0.807192862033844,0.8036235570907593,0.6982957720756531
2025-01-22 00:16:53,0.3917704224586487,0.6666215658187866,0.7456668019294739,0.7763614654541016,0.8069511651992798,0.8035182356834412,0.6982395052909851
2025-01-22 00:16:52,0.39142221212387085,0.6663792133331299,0.7451967000961304,0.7759528756141663,0.8067094087600708,0.803412914276123,0.6981832981109619
2025-01-22 00:16:51,0.3916226029396057,0.6663545370101929,0.7452266812324524,0.7759409546852112,0.8065609335899353,0.803285539150238,0.698037326335907
2025-01-22 00:16:50,0.39182302355766296,0.6663298010826111,0.7452566027641296,0.7759290933609009,0.8064124584197998,0.803158164024353,0.697891354560852
2025-01-22 00:16:49,0.3920234143733978,0.6663051247596741,0.7452865839004517,0.7759171724319458,0.8062639832496643,0.803030788898468,0.6977453827857971
2025-01-22 00:16:48,0.3923720717430115,0.6671593189239502,0.7461445331573486,0.7767616510391235,0.8071815371513367,0.8037393093109131,0.6981220841407776
2025-01-22 00:16:47,0.39272069931030273,0.6680135130882263,0.7470024228096008,0.7776061296463013,0.808099091053009,0.8044478297233582,0.6984987854957581
2025-01-22 00:16:46,0.39264535903930664,0.6677376627922058,0.7465938329696655,0.7773914337158203,0.807729959487915,0.8041207790374756,0.6983072757720947
2025-01-22 00:16:45,0.39256998896598816,0.6674618124961853,0.7461851835250854,0.7771766781806946,0.8073608875274658,0.803793728351593,0.6981157064437866
2025-01-22 00:16:44,0.3922109007835388,0.667076051235199,0.745776891708374,0.7767779231071472,0.8071759939193726,0.8037353157997131,0.6979877948760986
2025-01-22 00:16:43,0.39185184240341187,0.6666903495788574,0.7453685998916626,0.7763792276382446,0.8069911003112793,0.8036769032478333,0.6978599429130554
2025-01-22 00:16:42,0.3914927840232849,0.6663045883178711,0.744960367679596,0.7759804725646973,0.8068062663078308,0.8036184906959534,0.6977320909500122
2025-01-22 00:16:41,0.39113369584083557,0.6659188270568848,0.7445520758628845,0.7755817174911499,0.8066213726997375,0.8035600781440735,0.6976041793823242
2025-01-22 00:16:40,0.39126405119895935,0.666014552116394,0.7447076439857483,0.7757309675216675,0.8067789673805237,0.8036252856254578,0.6977406144142151
2025-01-22 00:16:39,0.39139440655708313,0.6661103367805481,0.7448632121086121,0.7758802771568298,0.806936502456665,0.803690493106842,0.697877049446106
2025-01-22 00:16:38,0.3915247619152069,0.6662060618400574,0.7450187802314758,0.7760295271873474,0.8070940971374512,0.8037557005882263,0.6980134844779968
2025-01-22 00:16:37,0.3916551470756531,0.6663017868995667,0.7451742887496948,0.776178777217865,0.8072516918182373,0.8038208484649658,0.6981499791145325
2025-01-22 00:16:36,0.39178550243377686,0.6663975119590759,0.7453298568725586,0.7763280272483826,0.8074092864990234,0.8038860559463501,0.6982864141464233
2025-01-22 00:16:35,0.39191585779190063,0.66649329662323,0.7454854249954224,0.7764773368835449,0.8075668215751648,0.8039512634277344,0.6984228491783142
2025-01-22 00:16:34,0.3920462131500244,0.6665890216827393,0.7456409931182861,0.7766265869140625,0.8077244162559509,0.8040164709091187,0.6985592842102051
2025-01-22 00:16:33,0.3919045627117157,0.666602373123169,0.7454508543014526,0.7766097784042358,0.8076977729797363,0.8039840459823608,0.6984847784042358
2025-01-22 00:16:32,0.391762912273407,0.6666157841682434,0.7452607750892639,0.7765929102897644,0.8076711893081665,0.8039516806602478,0.6984102725982666
2025-01-22 00:16:31,0.39192140102386475,0.6668534874916077,0.745680570602417,0.776792585849762,0.8075971007347107,0.8042433261871338,0.6984521150588989
2025-01-22 00:16:30,0.3918702006340027,0.6667316555976868,0.7455779910087585,0.7766403555870056,0.8074741363525391,0.804122805595398,0.698380172252655
2025-01-22 00:16:29,0.3918190002441406,0.6666098833084106,0.7454754710197449,0.7764881253242493,0.8073511123657227,0.8040022850036621,0.6983081698417664
2025-01-22 00:16:28,0.39176779985427856,0.6664880514144897,0.7453728914260864,0.7763359546661377,0.807228147983551,0.8038817048072815,0.6982362270355225
2025-01-22 00:16:27,0.3917165994644165,0.6663662195205688,0.745270311832428,0.7761837244033813,0.8071051836013794,0.8037611842155457,0.6981642842292786
2025-01-22 00:16:26,0.39166539907455444,0.6662444472312927,0.7451677322387695,0.776031494140625,0.8069822192192078,0.8036406636238098,0.6980922818183899
2025-01-22 00:16:25,0.3916141986846924,0.6661226153373718,0.7450652122497559,0.7758792638778687,0.8068591952323914,0.803520143032074,0.698020339012146
2025-01-22 00:16:24,0.3915629982948303,0.6660008430480957,0.7449626326560974,0.7757270336151123,0.8067362308502197,0.8033996224403381,0.6979483366012573
2025-01-22 00:16:23,0.39151179790496826,0.6658790111541748,0.744860053062439,0.775574803352356,0.8066132664680481,0.8032791018486023,0.6978763937950134
2025-01-22 00:16:22,0.3914605975151062,0.6657571792602539,0.7447574734687805,0.7754226326942444,0.8064903020858765,0.8031585216522217,0.6978044509887695
2025-01-22 00:16:21,0.39140939712524414,0.6656354069709778,0.7446549534797668,0.775270402431488,0.8063672780990601,0.8030380010604858,0.6977324485778809
2025-01-22 00:16:20,0.3913581967353821,0.6655135750770569,0.7445523738861084,0.7751181721687317,0.8062443137168884,0.80291748046875,0.697660505771637
2025-01-22 00:16:19,0.3917481601238251,0.6660659909248352,0.7451329231262207,0.7757441997528076,0.8065922856330872,0.8033168911933899,0.6979371905326843
2025-01-22 00:16:18,0.39213812351226807,0.6666184067726135,0.745713472366333,0.7763702273368835,0.8069403171539307,0.8037163019180298,0.6982138752937317
2025-01-22 00:16:17,0.39252808690071106,0.6671707630157471,0.7462940812110901,0.7769962549209595,0.8072882890701294,0.8041157722473145,0.6984906196594238
2025-01-22 00:16:16,0.39291805028915405,0.6677231788635254,0.7468746304512024,0.7776222825050354,0.8076363205909729,0.8045151829719543,0.6987673044204712
2025-01-22 00:16:15,0.39330801367759705,0.6682755947113037,0.7474551796913147,0.7782483100891113,0.8079842925071716,0.8049145936965942,0.6990439891815186
2025-01-22 00:16:14,0.3918411135673523,0.6664717793464661,0.7455459833145142,0.7763106822967529,0.8071470260620117,0.8043559193611145,0.6983513236045837
2025-01-22 00:16:13,0.3919752538204193,0.6667170524597168,0.7458357810974121,0.7765641212463379,0.8072437047958374,0.8043340444564819,0.6983243227005005
2025-01-22 00:16:12,0.39210939407348633,0.6669623255729675,0.7461255192756653,0.7768176198005676,0.8073403835296631,0.8043122291564941,0.698297381401062
2025-01-22 00:16:11,0.3923870921134949,0.6672468185424805,0.7465221285820007,0.7770619988441467,0.8079410791397095,0.8044074177742004,0.698520302772522
2025-01-22 00:16:10,0.3927859961986542,0.6681975722312927,0.7474008202552795,0.7777354717254639,0.8085662126541138,0.8050482869148254,0.6988791823387146
2025-01-22 00:16:09,0.3927171528339386,0.6679365634918213,0.7471491694450378,0.777511715888977,0.8081862926483154,0.8047736287117004,0.6986477375030518
2025-01-22 00:16:08,0.39264827966690063,0.6676754951477051,0.7468975186347961,0.7772879600524902,0.8078063726425171,0.8044989109039307,0.6984162926673889
2025-01-22 00:16:07,0.39257943630218506,0.6674144864082336,0.7466458678245544,0.7770642638206482,0.807426393032074,0.8042242527008057,0.6981848478317261
2025-01-22 00:16:06,0.3925105929374695,0.6671534776687622,0.7463942170143127,0.7768405079841614,0.8070464730262756,0.8039495944976807,0.6979534029960632
2025-01-22 00:16:05,0.3923557996749878,0.6677231788635254,0.7464472055435181,0.7774286270141602,0.8082187175750732,0.8046755790710449,0.6995047926902771
2025-01-22 00:16:04,0.3930966854095459,0.6684365272521973,0.7473723888397217,0.7780876755714417,0.8088191151618958,0.8050518035888672,0.6992782950401306
2025-01-22 00:16:03,0.39318668842315674,0.6685205101966858,0.7476338148117065,0.7784122824668884,0.8090506196022034,0.8055130243301392,0.6994557976722717
2025-01-22 00:16:02,0.39261409640312195,0.6678280830383301,0.747005820274353,0.777906596660614,0.8086565136909485,0.8054522275924683,0.6996023058891296
2025-01-22 00:16:01,0.3920348882675171,0.6665673851966858,0.7452561855316162,0.7757524847984314,0.8067036867141724,0.8037179112434387,0.6978142261505127
2025-01-22 00:16:00,0.3927468955516815,0.6681599020957947,0.7470688223838806,0.7779725193977356,0.8089404702186584,0.8049877285957336,0.6990125179290771
2025-01-22 00:15:59,0.39224329590797424,0.6666942834854126,0.7459517121315002,0.7764959931373596,0.8067579865455627,0.8039926290512085,0.697894811630249
2025-01-22 00:15:58,0.3922227919101715,0.6668869256973267,0.7457212805747986,0.7764790058135986,0.8076307773590088,0.8044279217720032,0.6984078288078308
2025-01-22 00:15:57,0.3923870921134949,0.6678274273872375,0.7465372085571289,0.7776004076004028,0.8085085153579712,0.8050585985183716,0.6995028853416443
2025-01-22 00:15:56,0.39233630895614624,0.6668416261672974,0.746136486530304,0.7768800854682922,0.8080741763114929,0.8046743273735046,0.6992872953414917
2025-01-22 00:15:55,0.3924056887626648,0.6676645874977112,0.7466356158256531,0.7774013876914978,0.8076820969581604,0.8045269846916199,0.6986706256866455
2025-01-22 00:15:54,0.39241960644721985,0.6671261787414551,0.7457600831985474,0.7766870260238647,0.807476818561554,0.8043406009674072,0.698248028755188
2025-01-22 00:15:53,0.39229652285575867,0.6669439673423767,0.7456619143486023,0.7765757441520691,0.8074179887771606,0.804228663444519,0.6983450055122375
2025-01-22 00:15:52,0.3921734690666199,0.6667616963386536,0.7455636858940125,0.7764644026756287,0.8073591589927673,0.8041167259216309,0.6984420418739319
2025-01-22 00:15:51,0.3920503854751587,0.6665794849395752,0.7454655170440674,0.776353120803833,0.807300329208374,0.8040047883987427,0.6985390186309814
2025-01-22 00:15:50,0.3922964930534363,0.6670867204666138,0.7459473013877869,0.7766454219818115,0.8074991703033447,0.8045284152030945,0.6986656188964844
2025-01-22 00:15:49,0.3923147916793823,0.6671907305717468,0.7460698485374451,0.776816189289093,0.8075714707374573,0.8045603632926941,0.6986727714538574
2025-01-22 00:15:48,0.392333060503006,0.6672947406768799,0.746192455291748,0.7769868969917297,0.8076437711715698,0.8045923709869385,0.6986799240112305
2025-01-22 00:15:47,0.39235132932662964,0.6673987507820129,0.7463150024414062,0.7771576642990112,0.8077160716056824,0.8046243190765381,0.6986870765686035
2025-01-22 00:15:46,0.3923696279525757,0.667502760887146,0.7464375495910645,0.7773284316062927,0.8077883720397949,0.8046562671661377,0.6986941695213318
2025-01-22 00:15:45,0.39238792657852173,0.667606770992279,0.7465601563453674,0.7774991393089294,0.8078606724739075,0.8046882748603821,0.6987013220787048
2025-01-22 00:15:44,0.3924061954021454,0.6677107810974121,0.7466827034950256,0.7776699066162109,0.80793297290802,0.8047202229499817,0.6987084746360779
2025-01-22 00:15:43,0.39245131611824036,0.6676855683326721,0.7466419339179993,0.7776017189025879,0.807931661605835,0.8047204613685608,0.6987321972846985
2025-01-22 00:15:42,0.3924964368343353,0.6676604151725769,0.7466011643409729,0.7775335311889648,0.8079302906990051,0.8047207593917847,0.6987558603286743
2025-01-22 00:15:41,0.3925415277481079,0.6676352024078369,0.7465603351593018,0.7774653434753418,0.8079289793968201,0.8047209978103638,0.6987795829772949
2025-01-22 00:15:40,0.3925866484642029,0.6676099896430969,0.7465195655822754,0.777397096157074,0.807927668094635,0.8047212362289429,0.6988033056259155
2025-01-22 00:15:39,0.39263176918029785,0.6675848364830017,0.746478796005249,0.7773289084434509,0.8079262971878052,0.8047215342521667,0.6988269686698914
2025-01-22 00:15:38,0.3926768898963928,0.6675596237182617,0.7464380264282227,0.7772607207298279,0.8079249858856201,0.8047217726707458,0.698850691318512
2025-01-22 00:15:37,0.3930414915084839,0.6683036088943481,0.74770188331604,0.7780433297157288,0.8085501194000244,0.805459201335907,0.6993703246116638
2025-01-22 00:15:36,0.3928714394569397,0.6679936647415161,0.74724280834198,0.7777026295661926,0.8083633780479431,0.805159330368042,0.6992849111557007
2025-01-22 00:15:35,0.3927013576030731,0.6676836609840393,0.7467836737632751,0.7773619294166565,0.8081766366958618,0.804859459400177,0.6991994380950928
2025-01-22 00:15:34,0.39253130555152893,0.6673737168312073,0.7463245987892151,0.7770212292671204,0.8079898953437805,0.804559588432312,0.6991140246391296
2025-01-22 00:15:33,0.392446905374527,0.6672251224517822,0.746090292930603,0.776511549949646,0.8075181245803833,0.8039885759353638,0.6987778544425964
2025-01-22 00:15:32,0.392362505197525,0.6670765280723572,0.7458559274673462,0.7760018706321716,0.8070462942123413,0.8034175038337708,0.6984416842460632
2025-01-22 00:15:31,0.3934114873409271,0.6694231033325195,0.7483872175216675,0.7791308760643005,0.809529721736908,0.8061479926109314,0.7003077864646912
2025-01-22 00:15:30,0.3932303786277771,0.6689444780349731,0.7478667497634888,0.7785905003547668,0.8090855479240417,0.8056501150131226,0.6999096870422363
2025-01-22 00:15:29,0.39304929971694946,0.6684659123420715,0.7473462820053101,0.7780500650405884,0.8086413741111755,0.8051522970199585,0.6995115280151367
2025-01-22 00:15:28,0.39286819100379944,0.6679872870445251,0.7468258142471313,0.7775096893310547,0.8081972002983093,0.8046544194221497,0.6991134285926819
2025-01-22 00:15:27,0.392161101102829,0.667099118232727,0.7461327910423279,0.7767196297645569,0.8074902296066284,0.8043711185455322,0.6989855170249939
2025-01-22 00:15:26,0.3921707570552826,0.66718590259552,0.7461633682250977,0.7768893241882324,0.8075504302978516,0.8044192790985107,0.6987172961235046
2025-01-22 00:15:25,0.3921804130077362,0.6672726273536682,0.7461940050125122,0.777059018611908,0.8076105713844299,0.804467499256134,0.6984490752220154
2025-01-22 00:15:24,0.39207765460014343,0.6670758724212646,0.7459258437156677,0.7767088413238525,0.8072881698608398,0.8039894104003906,0.6982905268669128
2025-01-22 00:15:23,0.39197489619255066,0.6668791174888611,0.7456576824188232,0.7763587236404419,0.8069658279418945,0.803511381149292,0.6981319785118103
2025-01-22 00:15:22,0.39232081174850464,0.6674458980560303,0.7461875677108765,0.7769366502761841,0.8074809312820435,0.8040329217910767,0.6984279155731201
2025-01-22 00:15:21,0.39266669750213623,0.6680126190185547,0.7467174530029297,0.7775145769119263,0.8079959750175476,0.8045544624328613,0.6987239122390747
2025-01-22 00:15:20,0.3930125832557678,0.6685793399810791,0.7472473382949829,0.7780925631523132,0.8085110187530518,0.8050760626792908,0.6990198493003845
2025-01-22 00:15:19,0.3933584988117218,0.6691461205482483,0.7477772235870361,0.7786704897880554,0.8090261220932007,0.8055976033210754,0.6993157863616943
2025-01-22 00:15:18,0.39321836829185486,0.6689558625221252,0.7475720047950745,0.778489351272583,0.8088768124580383,0.8054572343826294,0.6992300748825073
2025-01-22 00:15:17,0.3930782675743103,0.6687656044960022,0.7473668456077576,0.7783082723617554,0.808727502822876,0.8053168654441833,0.6991444230079651
2025-01-22 00:15:16,0.39293813705444336,0.6685753464698792,0.7471616268157959,0.778127133846283,0.8085781931877136,0.8051764965057373,0.6990587711334229
2025-01-22 00:15:15,0.3927980363368988,0.6683850884437561,0.746956467628479,0.7779460549354553,0.8084288835525513,0.8050361275672913,0.6989730596542358
2025-01-22 00:15:14,0.39265790581703186,0.6681948304176331,0.7467512488365173,0.7777649164199829,0.8082795739173889,0.8048957586288452,0.6988873481750488
2025-01-22 00:15:13,0.3925178050994873,0.66800457239151,0.7465460300445557,0.7775838375091553,0.8081302642822266,0.8047553896903992,0.6988016963005066
2025-01-22 00:15:12,0.39237767457962036,0.667814314365387,0.7463408708572388,0.7774026989936829,0.8079809546470642,0.8046150207519531,0.6987160444259644
2025-01-22 00:15:11,0.3922375738620758,0.6676240563392639,0.7461356520652771,0.7772216200828552,0.8078316450119019,0.8044746518135071,0.6986303329467773
2025-01-22 00:15:10,0.39209744334220886,0.6674337983131409,0.7459304332733154,0.7770404815673828,0.8076823949813843,0.804334282875061,0.6985446214675903
2025-01-22 00:15:09,0.3919573128223419,0.6672435402870178,0.7457252740859985,0.7768593430519104,0.8075330853462219,0.8041939735412598,0.6984589695930481
2025-01-22 00:15:08,0.39181721210479736,0.6670532822608948,0.7455200552940369,0.7766782641410828,0.8073837757110596,0.8040536046028137,0.6983733177185059
2025-01-22 00:15:07,0.3916770815849304,0.6668630242347717,0.74531489610672,0.7764971256256104,0.8072344660758972,0.8039132356643677,0.6982876062393188
2025-01-22 00:15:06,0.39153698086738586,0.6666727662086487,0.7451096773147583,0.7763160467147827,0.8070851564407349,0.8037728667259216,0.6982018947601318
2025-01-22 00:15:05,0.3913968503475189,0.6664825081825256,0.7449044585227966,0.7761349081993103,0.8069358468055725,0.8036324977874756,0.6981162428855896
2025-01-22 00:15:04,0.39125674962997437,0.6662922501564026,0.7446992993354797,0.7759538292884827,0.8067865371704102,0.8034921288490295,0.6980305910110474
2025-01-22 00:15:03,0.3911166191101074,0.6661019921302795,0.7444940805435181,0.7757726907730103,0.8066372275352478,0.8033517599105835,0.6979448795318604
2025-01-22 00:15:02,0.39097651839256287,0.6659117341041565,0.7442889213562012,0.7755916118621826,0.8064879179000854,0.8032113909721375,0.6978591680526733
2025-01-22 00:15:01,0.3908363878726959,0.6657214760780334,0.7440837025642395,0.7754104733467102,0.8063386082649231,0.8030710220336914,0.6977735161781311
2025-01-22 00:15:00,0.39207491278648376,0.6664078831672668,0.7454844117164612,0.776006817817688,0.8067548274993896,0.8029081225395203,0.698031485080719
2025-01-22 00:14:59,0.3923119008541107,0.667137861251831,0.7462937831878662,0.7770240306854248,0.8075847625732422,0.8040907979011536,0.6985753774642944
2025-01-22 00:14:58,0.39254888892173767,0.6678677797317505,0.747103214263916,0.7780411839485168,0.8084146976470947,0.8052734732627869,0.6991192102432251
2025-01-22 00:14:57,0.39085128903388977,0.6656811237335205,0.7442243099212646,0.7753251791000366,0.8066735863685608,0.8036319017410278,0.69773930311203
2025-01-22 00:14:56,0.3916124105453491,0.6652886867523193,0.7445927262306213,0.7754930853843689,0.8056724071502686,0.8025472164154053,0.6973788738250732
2025-01-22 00:14:55,0.39157289266586304,0.6656737923622131,0.7448718547821045,0.7757918834686279,0.8063758015632629,0.8032079935073853,0.6975318193435669
2025-01-22 00:14:54,0.39153340458869934,0.6660588979721069,0.7451509237289429,0.7760906219482422,0.8070791959762573,0.8038687109947205,0.6976848244667053
2025-01-22 00:14:53,0.3919084668159485,0.6667523384094238,0.745812177658081,0.776638388633728,0.8075137138366699,0.8042055368423462,0.6979767680168152
2025-01-22 00:14:52,0.39228349924087524,0.667445719242096,0.7464733719825745,0.7771862149238586,0.8079481720924377,0.8045424222946167,0.698268711566925
2025-01-22 00:14:51,0.3917275071144104,0.6663293838500977,0.7454094290733337,0.7760716080665588,0.8068528771400452,0.8036506175994873,0.6975806951522827
2025-01-22 00:14:50,0.39117148518562317,0.6652129888534546,0.744345486164093,0.774957001209259,0.8057575821876526,0.8027588129043579,0.6968926191329956
2025-01-22 00:14:49,0.3915395140647888,0.6659787893295288,0.7448769211769104,0.7757462859153748,0.8065845966339111,0.8032364249229431,0.6971315145492554
2025-01-22 00:14:48,0.39158639311790466,0.6660565733909607,0.7449750900268555,0.7758095860481262,0.8066439032554626,0.8033145666122437,0.697276771068573
2025-01-22 00:14:47,0.3916332721710205,0.6661343574523926,0.7450733184814453,0.7758728861808777,0.8067032098770142,0.8033926486968994,0.6974220275878906
2025-01-22 00:14:46,0.39168018102645874,0.6662121415138245,0.7451714873313904,0.7759361863136292,0.8067625164985657,0.8034707903862,0.6975672841072083
2025-01-22 00:14:45,0.3917270600795746,0.6662899255752563,0.7452696561813354,0.7759994864463806,0.8068218231201172,0.8035489320755005,0.6977125406265259
2025-01-22 00:14:44,0.39177393913269043,0.666367769241333,0.7453678250312805,0.7760627865791321,0.8068811893463135,0.8036270141601562,0.6978578567504883
2025-01-22 00:14:43,0.39182084798812866,0.6664455533027649,0.7454659938812256,0.7761260867118835,0.806940495967865,0.8037051558494568,0.6980031132698059
2025-01-22 00:14:42,0.3918677270412445,0.6665233373641968,0.7455642223358154,0.776189386844635,0.8069998025894165,0.8037832379341125,0.6981483697891235
2025-01-22 00:14:41,0.39191460609436035,0.6666011214256287,0.7456623911857605,0.7762526869773865,0.807059109210968,0.8038613796234131,0.6982936263084412
2025-01-22 00:14:40,0.3912990093231201,0.6657940745353699,0.7453294992446899,0.7758039832115173,0.8065453767776489,0.8035491704940796,0.6977220773696899
2025-01-22 00:14:39,0.3913652300834656,0.6659321784973145,0.745295524597168,0.7758630514144897,0.806576669216156,0.8035650253295898,0.6977421045303345
2025-01-22 00:14:38,0.3914314806461334,0.6660702228546143,0.7452616095542908,0.7759221792221069,0.8066079020500183,0.8035809397697449,0.6977621912956238
2025-01-22 00:14:37,0.3914977014064789,0.6662083268165588,0.7452276349067688,0.7759812474250793,0.8066391944885254,0.8035967946052551,0.6977822780609131
2025-01-22 00:14:36,0.39156392216682434,0.6663464307785034,0.7451936602592468,0.7760403156280518,0.8066704869270325,0.8036126494407654,0.6978023052215576
2025-01-22 00:14:35,0.3916301727294922,0.6664844751358032,0.7451597452163696,0.776099443435669,0.8067017197608948,0.8036285638809204,0.6978223323822021
2025-01-22 00:14:34,0.39169639348983765,0.6666225790977478,0.7451257705688477,0.7761585116386414,0.8067330121994019,0.8036444187164307,0.6978424191474915
2025-01-22 00:14:33,0.39181822538375854,0.6664109826087952,0.7450941801071167,0.7759075164794922,0.8064591884613037,0.8032010793685913,0.697759747505188
2025-01-22 00:14:32,0.39194008708000183,0.6661993861198425,0.7450625896453857,0.775656521320343,0.8061853051185608,0.8027577996253967,0.6976770162582397
2025-01-22 00:14:31,0.392042338848114,0.6665686368942261,0.7454246878623962,0.7760018110275269,0.8067011833190918,0.8033528923988342,0.6980983018875122
2025-01-22 00:14:30,0.3921445906162262,0.6669378280639648,0.7457867860794067,0.7763471007347107,0.8072171211242676,0.8039479851722717,0.6985195875167847
2025-01-22 00:14:29,0.3921869993209839,0.6672158241271973,0.7463387250900269,0.7774056196212769,0.8080520033836365,0.8046262264251709,0.6990423202514648
2025-01-22 00:14:28,0.3919576108455658,0.6663404703140259,0.7456613779067993,0.7763199806213379,0.8075442910194397,0.8043658137321472,0.6985713839530945
2025-01-22 00:14:27,0.3919841945171356,0.6673359870910645,0.7459496259689331,0.7767118215560913,0.8075700998306274,0.8045110702514648,0.6986988186836243
2025-01-22 00:14:26,0.39192450046539307,0.6669998168945312,0.7457507848739624,0.7767453193664551,0.8074728846549988,0.8041723966598511,0.6986575126647949
2025-01-22 00:14:25,0.39194899797439575,0.6669631600379944,0.7456790208816528,0.7767831683158875,0.8074202537536621,0.8042781949043274,0.6985818147659302
2025-01-22 00:14:24,0.39197349548339844,0.6669265031814575,0.7456071972846985,0.7768210172653198,0.8073676228523254,0.8043839931488037,0.6985061168670654
2025-01-22 00:14:23,0.3924092650413513,0.667210578918457,0.746296763420105,0.7770331501960754,0.8076314926147461,0.8045323491096497,0.6985902190208435
2025-01-22 00:14:22,0.3928450047969818,0.6674947142601013,0.7469863295555115,0.777245283126831,0.807895302772522,0.8046807050704956,0.6986743211746216
2025-01-22 00:14:21,0.3921990990638733,0.6673610806465149,0.7463098168373108,0.7770835757255554,0.8081784844398499,0.8045734763145447,0.6986076831817627
2025-01-22 00:14:20,0.3931972086429596,0.6686781048774719,0.7473018765449524,0.7781153917312622,0.8086767196655273,0.8052095770835876,0.6993141770362854
2025-01-22 00:14:19,0.39298880100250244,0.6684852242469788,0.74771648645401,0.7783961892127991,0.8088827729225159,0.8053572177886963,0.699465811252594
2025-01-22 00:14:18,0.3926829397678375,0.6679629683494568,0.7471404075622559,0.7778270244598389,0.8084701299667358,0.8050792217254639,0.6991540789604187
2025-01-22 00:14:17,0.3923770785331726,0.6674407124519348,0.7465642690658569,0.7772578001022339,0.8080575466156006,0.8048012256622314,0.6988422870635986
2025-01-22 00:14:16,0.3920712471008301,0.6669184565544128,0.7459881901741028,0.7766885757446289,0.8076449632644653,0.8045232892036438,0.6985305547714233
2025-01-22 00:14:15,0.39176538586616516,0.6663962006568909,0.7454121112823486,0.7761194109916687,0.8072323203086853,0.8042452931404114,0.698218822479248
2025-01-22 00:14:14,0.39184507727622986,0.6665685176849365,0.7455435395240784,0.7762446999549866,0.8073325157165527,0.8042761087417603,0.6982808113098145
2025-01-22 00:14:13,0.39192476868629456,0.6667408347129822,0.7456749677658081,0.7763700485229492,0.8074327111244202,0.8043069243431091,0.6983428001403809
2025-01-22 00:14:12,0.39200446009635925,0.6669131517410278,0.7458063960075378,0.7764953374862671,0.8075329065322876,0.804337739944458,0.6984047293663025
2025-01-22 00:14:11,0.39208412170410156,0.6670854091644287,0.7459378242492676,0.776620626449585,0.8076330423355103,0.8043685555458069,0.6984667181968689
2025-01-22 00:14:10,0.39216381311416626,0.6672577261924744,0.7460691928863525,0.7767459750175476,0.8077332377433777,0.8043993711471558,0.6985287070274353
2025-01-22 00:14:09,0.39224350452423096,0.66743004322052,0.7462006211280823,0.7768712639808655,0.8078334331512451,0.8044301867485046,0.6985906362533569
2025-01-22 00:14:08,0.39232319593429565,0.6676023602485657,0.746332049369812,0.7769966125488281,0.8079336285591125,0.8044610023498535,0.6986526250839233
2025-01-22 00:14:07,0.39240288734436035,0.6677746772766113,0.7464634776115417,0.777121901512146,0.80803382396698,0.8044918179512024,0.6987146139144897
2025-01-22 00:14:06,0.3924746513366699,0.6679284572601318,0.746803879737854,0.7775315046310425,0.8083776235580444,0.8049364686012268,0.6989867687225342
2025-01-22 00:14:05,0.3925464451313019,0.6680822968482971,0.7471442222595215,0.777941107749939,0.8087214827537537,0.8053810596466064,0.6992589235305786
2025-01-22 00:14:04,0.39261820912361145,0.6682360768318176,0.7474846243858337,0.7783507108688354,0.8090652823448181,0.8058257102966309,0.699531078338623
2025-01-22 00:14:03,0.39254871010780334,0.6679980754852295,0.747208833694458,0.7780730724334717,0.8088626861572266,0.8056060075759888,0.6994460821151733
2025-01-22 00:14:02,0.39247921109199524,0.6677600741386414,0.746933102607727,0.7777954339981079,0.8086601495742798,0.8053863644599915,0.6993611454963684
2025-01-22 00:14:01,0.39240968227386475,0.6675220727920532,0.7466573119163513,0.7775177955627441,0.808457612991333,0.8051666617393494,0.6992762088775635
2025-01-22 00:14:00,0.39234018325805664,0.6672840118408203,0.7463815212249756,0.7772400975227356,0.8082550168037415,0.8049469590187073,0.6991912126541138
2025-01-22 00:13:59,0.39227068424224854,0.6670460104942322,0.7461057901382446,0.7769624590873718,0.8080524206161499,0.80472731590271,0.6991062164306641
2025-01-22 00:13:58,0.39220118522644043,0.666808009147644,0.7458299994468689,0.7766848206520081,0.8078498840332031,0.8045076131820679,0.6990212798118591
2025-01-22 00:13:57,0.3929096460342407,0.6679043769836426,0.7470892071723938,0.7777220010757446,0.8085201978683472,0.8051479458808899,0.6993856430053711
2025-01-22 00:13:56,0.393618106842041,0.6690008044242859,0.7483484148979187,0.7787591814994812,0.809190571308136,0.8057882785797119,0.6997500061988831
2025-01-22 00:13:55,0.393113911151886,0.6687208414077759,0.747815728187561,0.7785630822181702,0.8092055916786194,0.8060034513473511,0.6999363899230957
2025-01-22 00:13:54,0.39260968565940857,0.6684408783912659,0.7472831010818481,0.7783669829368591,0.8092206120491028,0.806218683719635,0.7001227140426636
2025-01-22 00:13:53,0.3926336467266083,0.668009340763092,0.7468592524528503,0.7778398990631104,0.8085030913352966,0.8053510189056396,0.6994346380233765
2025-01-22 00:13:52,0.392657607793808,0.6675778031349182,0.7464354038238525,0.7773128747940063,0.8077855706214905,0.8044834136962891,0.6987465023994446
2025-01-22 00:13:51,0.3924315869808197,0.6673017144203186,0.7460132241249084,0.7769802212715149,0.807800829410553,0.8048474788665771,0.6987817287445068
2025-01-22 00:13:50,0.39222413301467896,0.6670434474945068,0.7460042238235474,0.77683424949646,0.8075149655342102,0.8044853806495667,0.6986813545227051
2025-01-22 00:13:49,0.3920167088508606,0.6667851209640503,0.7459952235221863,0.776688277721405,0.8072291016578674,0.8041232824325562,0.6985809206962585
2025-01-22 00:13:48,0.39246127009391785,0.667550802230835,0.7467595934867859,0.7776021361351013,0.8080981969833374,0.8048297166824341,0.6992445588111877
2025-01-22 00:13:47,0.3929058313369751,0.6683164238929749,0.7475239038467407,0.7785159349441528,0.8089672923088074,0.8055360913276672,0.6999081373214722
2025-01-22 00:13:46,0.39335039258003235,0.6690821051597595,0.7482882738113403,0.7794297933578491,0.8098363876342773,0.8062425255775452,0.7005717754364014
2025-01-22 00:13:45,0.39272522926330566,0.6681857109069824,0.7473884224891663,0.7783799171447754,0.8087801337242126,0.8054661750793457,0.699627697467804
2025-01-22 00:13:44,0.39210009574890137,0.6672893762588501,0.7464885711669922,0.7773299813270569,0.807723879814148,0.8046898245811462,0.6986836194992065
2025-01-22 00:13:43,0.3922329843044281,0.6674050688743591,0.7466556429862976,0.777391791343689,0.8078479766845703,0.8047999739646912,0.6986945867538452
2025-01-22 00:13:42,0.3923659026622772,0.6675207018852234,0.7468226552009583,0.777453601360321,0.8079720139503479,0.8049101233482361,0.6987055540084839
2025-01-22 00:13:41,0.39249879121780396,0.6676363945007324,0.7469897270202637,0.7775154113769531,0.8080961108207703,0.805020272731781,0.6987165212631226
2025-01-22 00:13:40,0.39206328988075256,0.6670109033584595,0.7463755011558533,0.7773321866989136,0.8080732226371765,0.8050097227096558,0.698903501033783
2025-01-22 00:13:39,0.3931792974472046,0.6685950756072998,0.7478026151657104,0.7785642147064209,0.808933675289154,0.805637001991272,0.6992300152778625
2025-01-22 00:13:38,0.3926123082637787,0.6676681041717529,0.7468047738075256,0.7777624130249023,0.8081688284873962,0.804955780506134,0.6987712979316711
2025-01-22 00:13:37,0.3933976888656616,0.6682376265525818,0.7469348907470703,0.77834552526474,0.8081064224243164,0.804760217666626,0.6990460157394409
2025-01-22 00:13:36,0.39332401752471924,0.6682798266410828,0.747065007686615,0.7783125638961792,0.8083537817001343,0.8049930930137634,0.699109673500061
2025-01-22 00:13:35,0.39325034618377686,0.6683220267295837,0.7471951842308044,0.7782796621322632,0.8086011409759521,0.8052259683609009,0.6991733312606812
2025-01-22 00:13:34,0.3931766748428345,0.6683642268180847,0.7473253011703491,0.7782467603683472,0.8088485598564148,0.8054589033126831,0.6992369294166565
2025-01-22 00:13:33,0.3931030035018921,0.6684064269065857,0.7474554181098938,0.7782137989997864,0.8090959191322327,0.8056917786598206,0.6993005871772766
2025-01-22 00:13:32,0.3925405740737915,0.6677794456481934,0.7469437718391418,0.7778769135475159,0.8088284134864807,0.8054291009902954,0.6992212533950806
2025-01-22 00:13:31,0.39197811484336853,0.6671525239944458,0.7464321255683899,0.7775400280952454,0.8085609078407288,0.805166482925415,0.6991419792175293
2025-01-22 00:13:30,0.39216846227645874,0.6670385003089905,0.7461642622947693,0.7770073413848877,0.8077734112739563,0.8044489026069641,0.6987770795822144
2025-01-22 00:13:29,0.39235880970954895,0.6669244766235352,0.7458963990211487,0.7764745950698853,0.8069859147071838,0.8037313222885132,0.6984121203422546
2025-01-22 00:13:28,0.3927260637283325,0.6677833795547485,0.7468435764312744,0.7775161266326904,0.8080427646636963,0.804466724395752,0.6990559697151184
2025-01-22 00:13:27,0.3930932879447937,0.6686422824859619,0.7477906942367554,0.7785577178001404,0.8090996146202087,0.8052021861076355,0.6996998190879822
2025-01-22 00:13:26,0.3929177522659302,0.6683639287948608,0.7474439144134521,0.7781000137329102,0.8087304830551147,0.8049551248550415,0.6993474364280701
2025-01-22 00:13:25,0.39274224638938904,0.6680855751037598,0.7470971345901489,0.7776423096656799,0.808361291885376,0.8047080039978027,0.698995053768158
2025-01-22 00:13:24,0.3925667405128479,0.6678072810173035,0.7467503547668457,0.7771846055984497,0.807992160320282,0.8044609427452087,0.6986426711082458
2025-01-22 00:13:23,0.3923912048339844,0.6675289273262024,0.7464035749435425,0.7767269015312195,0.807623028755188,0.8042138814926147,0.6982902884483337
2025-01-22 00:13:22,0.3923678398132324,0.6674709916114807,0.7463592886924744,0.7767031788825989,0.8075587153434753,0.8041754364967346,0.6982524394989014
2025-01-22 00:13:21,0.39234450459480286,0.6674129962921143,0.7463150024414062,0.776679515838623,0.8074944615364075,0.8041369915008545,0.698214590549469
2025-01-22 00:13:20,0.3923211693763733,0.6673550605773926,0.7462706565856934,0.7766557931900024,0.8074301481246948,0.8040985465049744,0.6981766819953918
2025-01-22 00:13:19,0.39229780435562134,0.6672971248626709,0.7462263703346252,0.7766320705413818,0.807365894317627,0.804060161113739,0.6981388330459595
2025-01-22 00:13:18,0.3922744393348694,0.6672391295433044,0.7461820840835571,0.7766083478927612,0.8073015809059143,0.8040217161178589,0.6981009840965271
2025-01-22 00:13:17,0.3922511041164398,0.6671811938285828,0.746137797832489,0.7765846848487854,0.8072373270988464,0.8039832711219788,0.6980631351470947
2025-01-22 00:13:16,0.39222776889801025,0.6671231985092163,0.7460935115814209,0.7765609622001648,0.8071730136871338,0.8039448261260986,0.6980252265930176
2025-01-22 00:13:15,0.3922044038772583,0.6670652627944946,0.746049165725708,0.7765372395515442,0.8071087002754211,0.8039063811302185,0.6979873776435852
2025-01-22 00:13:14,0.39218103885650635,0.667007327079773,0.7460048794746399,0.7765135765075684,0.8070444464683533,0.8038679361343384,0.6979495286941528
2025-01-22 00:13:13,0.3921577036380768,0.6669493317604065,0.7459605932235718,0.7764898538589478,0.8069801330566406,0.8038294911384583,0.6979116797447205
2025-01-22 00:13:12,0.3921343684196472,0.6668913960456848,0.7459163069725037,0.7764661312103271,0.8069158792495728,0.8037911057472229,0.6978738307952881
2025-01-22 00:13:11,0.39211100339889526,0.6668334603309631,0.7458719611167908,0.7764424085617065,0.8068515658378601,0.8037526607513428,0.6978359222412109
2025-01-22 00:13:10,0.3920876383781433,0.6667754650115967,0.7458276748657227,0.7764187455177307,0.8067873120307922,0.8037142157554626,0.6977980732917786
2025-01-22 00:13:09,0.39206430315971375,0.666717529296875,0.7457833886146545,0.7763950228691101,0.8067229986190796,0.8036757707595825,0.6977602243423462
2025-01-22 00:13:08,0.39222291111946106,0.6670228838920593,0.7460789084434509,0.7766863703727722,0.8070622086524963,0.8039260506629944,0.6979578137397766
2025-01-22 00:13:07,0.3923815190792084,0.6673281788825989,0.7463744282722473,0.7769777178764343,0.8074013590812683,0.804176390171051,0.6981554627418518
2025-01-22 00:13:06,0.3925400972366333,0.6676335334777832,0.7466699481010437,0.7772691249847412,0.8077405691146851,0.8044266700744629,0.6983530521392822
2025-01-22 00:13:05,0.3926987051963806,0.6679388284683228,0.7469654679298401,0.7775604724884033,0.808079719543457,0.8046770095825195,0.6985507011413574
2025-01-22 00:13:04,0.39285731315612793,0.6682441830635071,0.7472609877586365,0.7778518199920654,0.8084189295768738,0.8049272894859314,0.6987482905387878
2025-01-22 00:13:03,0.39231225848197937,0.6673932075500488,0.7465036511421204,0.7771410942077637,0.8079642057418823,0.8046076893806458,0.6986179351806641
2025-01-22 00:13:02,0.3917672038078308,0.6665422916412354,0.7457463145256042,0.7764303088188171,0.8075094819068909,0.8042880892753601,0.6984875798225403
2025-01-22 00:13:01,0.3930306136608124,0.6682301163673401,0.74711012840271,0.7779027819633484,0.8084660768508911,0.8051077723503113,0.6993427276611328
2025-01-22 00:13:00,0.39247047901153564,0.66740882396698,0.7464674115180969,0.7772823572158813,0.8078490495681763,0.8046438694000244,0.6985561847686768
2025-01-22 00:12:59,0.3919103145599365,0.6665875911712646,0.7458246946334839,0.7766618728637695,0.8072320222854614,0.8041800260543823,0.6977695822715759
2025-01-22 00:12:58,0.39229071140289307,0.6668738126754761,0.7463858127593994,0.7769417762756348,0.8078814148902893,0.8045458793640137,0.6987919211387634
2025-01-22 00:12:57,0.39180728793144226,0.6662973761558533,0.7455610036849976,0.776193380355835,0.8066543936729431,0.8037716746330261,0.6984769105911255
2025-01-22 00:12:56,0.39160069823265076,0.6662347316741943,0.7451688051223755,0.775808572769165,0.8062818050384521,0.8034340143203735,0.6978299021720886
2025-01-22 00:12:55,0.39139410853385925,0.6661720275878906,0.7447766065597534,0.7754238247871399,0.805909276008606,0.8030962944030762,0.6971828937530518
2025-01-22 00:12:54,0.39149045944213867,0.666284441947937,0.744928777217865,0.7756276726722717,0.8061524629592896,0.8032605051994324,0.6973472833633423
2025-01-22 00:12:53,0.3915868401527405,0.6663968563079834,0.7450808882713318,0.7758315801620483,0.8063957095146179,0.8034247756004333,0.6975116729736328
2025-01-22 00:12:52,0.3916831910610199,0.6665093302726746,0.7452330589294434,0.7760354280471802,0.8066388964653015,0.8035889863967896,0.6976761221885681
2025-01-22 00:12:51,0.3917795419692993,0.666621744632721,0.7453851699829102,0.776239275932312,0.8068820834159851,0.8037531971931458,0.6978405117988586
2025-01-22 00:12:50,0.3918759226799011,0.6667341589927673,0.7455373406410217,0.7764431834220886,0.8071252703666687,0.803917407989502,0.6980049014091492
2025-01-22 00:12:49,0.39197227358818054,0.6668465733528137,0.7456894516944885,0.7766470313072205,0.8073685169219971,0.8040816783905029,0.6981692910194397
2025-01-22 00:12:48,0.39206865429878235,0.6669589877128601,0.7458416223526001,0.7768509387969971,0.8076117038726807,0.8042458891868591,0.6983336806297302
2025-01-22 00:12:47,0.39216500520706177,0.6670714020729065,0.7459937334060669,0.7770547866821289,0.8078548908233643,0.8044100999832153,0.6984980702400208
2025-01-22 00:12:46,0.3922613561153412,0.6671838760375977,0.7461459040641785,0.7772586345672607,0.8080980777740479,0.8045743107795715,0.698662519454956
2025-01-22 00:12:45,0.392357736825943,0.667296290397644,0.7462980151176453,0.7774625420570374,0.8083413243293762,0.8047385811805725,0.6988269090652466
2025-01-22 00:12:44,0.3924540877342224,0.6674087047576904,0.7464501857757568,0.7776663899421692,0.8085845112800598,0.8049027919769287,0.6989912986755371
2025-01-22 00:12:43,0.3923707902431488,0.6671007871627808,0.7462722063064575,0.7773323059082031,0.8082292675971985,0.8048361539840698,0.698784589767456
2025-01-22 00:12:42,0.3922874927520752,0.6667928099632263,0.7460942268371582,0.7769982814788818,0.8078740239143372,0.8047695755958557,0.698577880859375
2025-01-22 00:12:41,0.3921732008457184,0.6666619777679443,0.7459538578987122,0.7767599821090698,0.8076159954071045,0.804594874382019,0.6985670328140259
2025-01-22 00:12:40,0.3920589089393616,0.6665312051773071,0.7458134889602661,0.7765216827392578,0.8073580265045166,0.8044201731681824,0.6985561847686768
2025-01-22 00:12:39,0.39212775230407715,0.6667946577072144,0.7459332942962646,0.776735782623291,0.807564377784729,0.8045146465301514,0.6986450552940369
2025-01-22 00:12:38,0.3921965956687927,0.6670581102371216,0.7460530996322632,0.7769498825073242,0.8077706694602966,0.8046091794967651,0.698733925819397
2025-01-22 00:12:37,0.3922654688358307,0.6673215627670288,0.7461729049682617,0.7771639227867126,0.8079769611358643,0.8047036528587341,0.6988228559494019
2025-01-22 00:12:36,0.39233431220054626,0.667585015296936,0.7462927103042603,0.7773780226707458,0.8081833124160767,0.8047981262207031,0.698911726474762
2025-01-22 00:12:35,0.3916415870189667,0.6665002107620239,0.745276927947998,0.7762696146965027,0.807013213634491,0.8036233186721802,0.698236882686615
2025-01-22 00:12:34,0.3918338716030121,0.6666562557220459,0.7454875111579895,0.776441216468811,0.8070653676986694,0.803765594959259,0.6982947587966919
2025-01-22 00:12:33,0.3920261263847351,0.6668123602867126,0.745698094367981,0.7766128182411194,0.8071174621582031,0.8039079308509827,0.6983526945114136
2025-01-22 00:12:32,0.3922184109687805,0.6669684052467346,0.7459086775779724,0.7767844200134277,0.8071696162223816,0.8040502071380615,0.6984105706214905
2025-01-22 00:12:31,0.39223283529281616,0.6670859456062317,0.7457997798919678,0.7766783237457275,0.807071328163147,0.8040288686752319,0.6984697580337524
2025-01-22 00:12:30,0.3922472894191742,0.6672034859657288,0.7456908822059631,0.7765722274780273,0.8069729804992676,0.8040075898170471,0.6985288858413696
2025-01-22 00:12:29,0.3920114040374756,0.6666787266731262,0.7457119226455688,0.77651047706604,0.8070052266120911,0.803710401058197,0.6983160972595215
2025-01-22 00:12:28,0.39218419790267944,0.6668720841407776,0.7455896735191345,0.7763038277626038,0.8073620796203613,0.8040279150009155,0.6984270811080933
2025-01-22 00:12:27,0.3919321894645691,0.6665323972702026,0.745328426361084,0.7759271264076233,0.8066397905349731,0.8032811284065247,0.6979892253875732
2025-01-22 00:12:26,0.3918190598487854,0.6664285659790039,0.7451748847961426,0.7758259177207947,0.8065602779388428,0.8031721711158752,0.6979274749755859
2025-01-22 00:12:25,0.3917059302330017,0.6663247346878052,0.7450213432312012,0.7757247686386108,0.8064807653427124,0.803063154220581,0.6978657841682434
2025-01-22 00:12:24,0.39159277081489563,0.6662208437919617,0.7448678016662598,0.7756235599517822,0.8064013123512268,0.8029541969299316,0.6978040337562561
2025-01-22 00:12:23,0.39147964119911194,0.6661170125007629,0.7447142601013184,0.7755224108695984,0.8063217997550964,0.8028451800346375,0.6977423429489136
2025-01-22 00:12:22,0.39136651158332825,0.6660131812095642,0.744560718536377,0.7754212021827698,0.8062422871589661,0.802736222743988,0.6976805925369263
2025-01-22 00:12:21,0.39180245995521545,0.66664719581604,0.7451910972595215,0.7761112451553345,0.8067892789840698,0.8033638000488281,0.6980209350585938
2025-01-22 00:12:20,0.39223840832710266,0.6672812104225159,0.7458214163780212,0.7768012285232544,0.8073362112045288,0.8039913773536682,0.6983612775802612
2025-01-22 00:12:19,0.3922848105430603,0.6672633290290833,0.746711015701294,0.7777156829833984,0.8084778785705566,0.8049038052558899,0.6992231011390686
2025-01-22 00:12:18,0.39217549562454224,0.6665725111961365,0.7453848719596863,0.7762631773948669,0.8063843846321106,0.8032283782958984,0.697943925857544
2025-01-22 00:12:17,0.39234641194343567,0.6673073768615723,0.7458248734474182,0.776748776435852,0.8074352145195007,0.8043739199638367,0.6985160708427429
2025-01-22 00:12:16,0.39242279529571533,0.6677094101905823,0.7468783259391785,0.7773321866989136,0.8084015846252441,0.8049842715263367,0.6989216208457947
2025-01-22 00:12:15,0.3924279808998108,0.6677926778793335,0.7467764616012573,0.7773197889328003,0.8084903359413147,0.8051002025604248,0.6989566087722778
2025-01-22 00:12:14,0.39243319630622864,0.6678760051727295,0.7466745972633362,0.777307391166687,0.8085790872573853,0.8052161931991577,0.698991596698761
2025-01-22 00:12:13,0.3924084007740021,0.66744065284729,0.7462766170501709,0.7769985198974609,0.8078835010528564,0.8048326373100281,0.6987813711166382
2025-01-22 00:12:12,0.3923836052417755,0.6670053005218506,0.7458785772323608,0.7766895890235901,0.8071879148483276,0.8044490814208984,0.6985710859298706
2025-01-22 00:12:11,0.3920285105705261,0.6666526198387146,0.7456244230270386,0.7763857245445251,0.807614803314209,0.8046991229057312,0.6983950138092041
2025-01-22 00:12:10,0.3923783004283905,0.6673811674118042,0.7465550899505615,0.7773648500442505,0.8083764314651489,0.80531907081604,0.698814868927002
2025-01-22 00:12:09,0.3927280902862549,0.6681097745895386,0.7474858164787292,0.7783439755439758,0.8091380000114441,0.8059390783309937,0.6992347240447998
2025-01-22 00:12:08,0.3936612904071808,0.6692150831222534,0.7486786842346191,0.7794644236564636,0.809866726398468,0.8065780997276306,0.6998801827430725
2025-01-22 00:12:07,0.392126202583313,0.6668397784233093,0.7460777163505554,0.7766870260238647,0.8074936270713806,0.8041303157806396,0.698582112789154
2025-01-22 00:12:06,0.3922433853149414,0.6669347286224365,0.7462831139564514,0.7769625782966614,0.8076115846633911,0.8042408227920532,0.698631227016449
2025-01-22 00:12:05,0.39254334568977356,0.6674941778182983,0.7467054128646851,0.7773605585098267,0.8079481720924377,0.8045418858528137,0.6989339590072632
2025-01-22 00:12:04,0.3928433358669281,0.6680535674095154,0.7471277117729187,0.7777585983276367,0.8082848191261292,0.8048429489135742,0.6992367506027222
2025-01-22 00:12:03,0.39314329624176025,0.6686130166053772,0.7475500106811523,0.778156578540802,0.8086214065551758,0.8051440119743347,0.6995394825935364
2025-01-22 00:12:02,0.3928276002407074,0.668231725692749,0.7471994161605835,0.7780287265777588,0.8088499903678894,0.8054311275482178,0.6996577978134155
2025-01-22 00:12:01,0.39251190423965454,0.6678503751754761,0.7468488216400146,0.7779008746147156,0.809078574180603,0.805718183517456,0.6997761130332947
2025-01-22 00:12:00,0.3919874131679535,0.666879415512085,0.7457708120346069,0.7761316895484924,0.8071582913398743,0.8041766285896301,0.698760986328125
2025-01-22 00:11:59,0.39327189326286316,0.6680064797401428,0.7473574280738831,0.7781068086624146,0.8087266087532043,0.805138111114502,0.6997054815292358
2025-01-22 00:11:58,0.39293429255485535,0.668207585811615,0.7472109198570251,0.7780556082725525,0.8085036873817444,0.8049435019493103,0.6997315883636475
2025-01-22 00:11:57,0.3917410969734192,0.6667938232421875,0.7456368803977966,0.7762436270713806,0.8069484233856201,0.8039618730545044,0.6982520222663879
2025-01-22 00:11:56,0.392328679561615,0.6675825715065002,0.7465224266052246,0.7771799564361572,0.8078271746635437,0.8046574592590332,0.6990019083023071
2025-01-22 00:11:55,0.3929162919521332,0.668371319770813,0.7474079728126526,0.7781162261962891,0.8087059259414673,0.8053531050682068,0.6997517943382263
2025-01-22 00:11:54,0.3926258981227875,0.6680736541748047,0.746975302696228,0.7779127359390259,0.8088024258613586,0.8054316639900208,0.6997887492179871
2025-01-22 00:11:53,0.3923355042934418,0.6677759289741516,0.7465426921844482,0.7777091860771179,0.80889892578125,0.8055102229118347,0.6998257040977478
2025-01-22 00:11:52,0.3921046853065491,0.667556881904602,0.7462577223777771,0.7770025134086609,0.8074185252189636,0.804262101650238,0.6987931728363037
2025-01-22 00:11:51,0.39203423261642456,0.6672030091285706,0.7459421753883362,0.7767941355705261,0.8073013424873352,0.8040679097175598,0.6986525654792786
2025-01-22 00:11:50,0.39196375012397766,0.6668491959571838,0.7456266283988953,0.7765856981277466,0.8071841597557068,0.8038737177848816,0.6985118985176086
2025-01-22 00:11:49,0.39189329743385315,0.6664953231811523,0.7453110814094543,0.7763773202896118,0.8070669770240784,0.8036795258522034,0.6983712911605835
2025-01-22 00:11:48,0.39194026589393616,0.6665482521057129,0.7452970147132874,0.7763005495071411,0.8069864511489868,0.8037064075469971,0.6983484029769897
2025-01-22 00:11:47,0.39198726415634155,0.6666011810302734,0.7452830076217651,0.7762237787246704,0.8069058656692505,0.8037333488464355,0.698325514793396
2025-01-22 00:11:46,0.39203423261642456,0.6666540503501892,0.7452689409255981,0.7761469483375549,0.8068253397941589,0.803760290145874,0.6983025670051575
2025-01-22 00:11:45,0.39208120107650757,0.6667069792747498,0.7452548742294312,0.7760701775550842,0.8067448139190674,0.8037871718406677,0.6982796788215637
2025-01-22 00:11:44,0.39211928844451904,0.6667557954788208,0.7453915476799011,0.7762614488601685,0.8069115877151489,0.8039029836654663,0.6983227133750916
2025-01-22 00:11:43,0.3921574056148529,0.6668046712875366,0.7455281615257263,0.7764527797698975,0.8070783615112305,0.8040188550949097,0.6983657479286194
2025-01-22 00:11:42,0.3921954929828644,0.6668534874916077,0.7456648349761963,0.7766440510749817,0.807245135307312,0.8041346669197083,0.6984087824821472
2025-01-22 00:11:41,0.39223361015319824,0.6669023036956787,0.7458014488220215,0.7768353223800659,0.8074119091033936,0.8042505383491516,0.6984518766403198
2025-01-22 00:11:40,0.3922716975212097,0.6669511198997498,0.7459381222724915,0.7770266532897949,0.8075786828994751,0.8043663501739502,0.6984949111938477
2025-01-22 00:11:39,0.3923097848892212,0.6669999361038208,0.7460747957229614,0.7772179245948792,0.8077454566955566,0.8044822216033936,0.6985379457473755
2025-01-22 00:11:38,0.39234790205955505,0.6670488119125366,0.7462114095687866,0.7774092555046082,0.8079122304916382,0.8045980334281921,0.6985809803009033
2025-01-22 00:11:37,0.39238598942756653,0.6670976281166077,0.7463480830192566,0.7776005268096924,0.8080790042877197,0.8047139048576355,0.6986240148544312
2025-01-22 00:11:36,0.39247560501098633,0.6675416231155396,0.7468525171279907,0.7778738141059875,0.8082160949707031,0.8048297166824341,0.6988906264305115
2025-01-22 00:11:35,0.39218440651893616,0.6669893860816956,0.7456101179122925,0.7768399715423584,0.8074718713760376,0.8042140007019043,0.6984527111053467
2025-01-22 00:11:34,0.3921329379081726,0.6668084263801575,0.745489776134491,0.7766051888465881,0.8072584867477417,0.8040603399276733,0.6983424425125122
2025-01-22 00:11:33,0.39208143949508667,0.6666274070739746,0.7453694343566895,0.7763704061508179,0.807045042514801,0.8039066791534424,0.698232114315033
2025-01-22 00:11:32,0.3920299708843231,0.6664464473724365,0.7452491521835327,0.7761355638504028,0.8068315982818604,0.8037530779838562,0.6981217861175537
2025-01-22 00:11:31,0.39197850227355957,0.6662654876708984,0.7451288104057312,0.7759007811546326,0.8066182136535645,0.8035994172096252,0.6980115175247192
2025-01-22 00:11:30,0.39196521043777466,0.6662662625312805,0.7451214790344238,0.775905430316925,0.8066093921661377,0.8036095499992371,0.6980262398719788
2025-01-22 00:11:29,0.39195188879966736,0.6662670969963074,0.7451141476631165,0.7759100794792175,0.8066005706787109,0.8036196827888489,0.6980410218238831
2025-01-22 00:11:28,0.39193859696388245,0.6662678718566895,0.7451068758964539,0.77591472864151,0.806591808795929,0.8036298155784607,0.6980557441711426
2025-01-22 00:11:27,0.39192527532577515,0.6662687063217163,0.7450995445251465,0.7759193181991577,0.8065829873085022,0.8036398887634277,0.6980704665184021
2025-01-22 00:11:26,0.39191198348999023,0.6662694811820984,0.7450922131538391,0.7759239673614502,0.8065741658210754,0.8036500215530396,0.6980851888656616
2025-01-22 00:11:25,0.39189866185188293,0.6662703156471252,0.7450848817825317,0.7759286165237427,0.8065654039382935,0.8036601543426514,0.6980999708175659
2025-01-22 00:11:24,0.391885370016098,0.6662710905075073,0.7450775504112244,0.7759332656860352,0.8065565824508667,0.8036702871322632,0.6981146931648254
2025-01-22 00:11:23,0.3918720483779907,0.6662719249725342,0.7450702786445618,0.7759379148483276,0.8065477609634399,0.803680419921875,0.698129415512085
2025-01-22 00:11:22,0.3918587565422058,0.6662726998329163,0.7450629472732544,0.7759425640106201,0.8065389394760132,0.8036905527114868,0.6981441974639893
2025-01-22 00:11:21,0.3918454647064209,0.6662734746932983,0.745055615901947,0.7759472131729126,0.8065301179885864,0.8037006855010986,0.6981589198112488
2025-01-22 00:11:20,0.3918321430683136,0.6662743091583252,0.7450482845306396,0.7759518027305603,0.8065213561058044,0.8037107586860657,0.6981736421585083
2025-01-22 00:11:19,0.3918188512325287,0.6662750840187073,0.7450409531593323,0.7759564518928528,0.8065125346183777,0.8037208914756775,0.6981884241104126
2025-01-22 00:11:18,0.3918055295944214,0.6662759184837341,0.7450336813926697,0.7759611010551453,0.8065037131309509,0.8037310242652893,0.6982031464576721
2025-01-22 00:11:17,0.3917922377586365,0.6662766933441162,0.7450263500213623,0.7759657502174377,0.806494951248169,0.8037411570549011,0.6982178688049316
2025-01-22 00:11:16,0.3917789161205292,0.6662775278091431,0.7450190186500549,0.7759703993797302,0.8064861297607422,0.8037512898445129,0.6982325911521912
2025-01-22 00:11:15,0.39176562428474426,0.6662783026695251,0.7450116872787476,0.7759750485420227,0.8064773082733154,0.8037614226341248,0.6982473731040955
2025-01-22 00:11:14,0.39175230264663696,0.666279137134552,0.7450043559074402,0.7759796380996704,0.8064684867858887,0.8037714958190918,0.698262095451355
2025-01-22 00:11:13,0.39173901081085205,0.6662799119949341,0.7449970841407776,0.7759842872619629,0.8064596652984619,0.8037816286087036,0.6982768177986145
2025-01-22 00:11:12,0.39172568917274475,0.6662807464599609,0.7449897527694702,0.7759889364242554,0.8064509034156799,0.8037917613983154,0.6982915997505188
2025-01-22 00:11:11,0.39171239733695984,0.666281521320343,0.7449824213981628,0.7759935855865479,0.8064420819282532,0.8038018941879272,0.6983063220977783
2025-01-22 00:11:10,0.3917202353477478,0.6662873029708862,0.7451229095458984,0.7760713696479797,0.8066120147705078,0.8037801384925842,0.6983210444450378
2025-01-22 00:11:09,0.3917280435562134,0.6662930250167847,0.7452633380889893,0.7761491537094116,0.8067819476127625,0.8037583827972412,0.6983357667922974
2025-01-22 00:11:08,0.39173585176467896,0.6662988066673279,0.7454038262367249,0.7762269377708435,0.8069518804550171,0.8037366271018982,0.6983505487442017
2025-01-22 00:11:07,0.3917436897754669,0.6663045883178711,0.7455443143844604,0.7763047218322754,0.8071218132972717,0.8037148714065552,0.6983652710914612
2025-01-22 00:11:06,0.3918744921684265,0.6664208173751831,0.745556116104126,0.7762559056282043,0.807187557220459,0.8035920858383179,0.698298454284668
2025-01-22 00:11:05,0.3920052945613861,0.6665369868278503,0.7455679774284363,0.7762070894241333,0.8072533011436462,0.8034693002700806,0.69823157787323
2025-01-22 00:11:04,0.3919632136821747,0.6675156950950623,0.7462365031242371,0.7773467898368835,0.808075487613678,0.8050674200057983,0.6989734172821045
2025-01-22 00:11:03,0.3918144404888153,0.6670031547546387,0.7457723617553711,0.7767983078956604,0.8075265884399414,0.8044736385345459,0.6986629366874695
2025-01-22 00:11:02,0.39166566729545593,0.6664905548095703,0.7453082203865051,0.7762497663497925,0.8069776892662048,0.8038798570632935,0.6983524560928345
2025-01-22 00:11:01,0.39151689410209656,0.6659780144691467,0.7448440790176392,0.7757012844085693,0.8064287900924683,0.803286075592041,0.6980419754981995
2025-01-22 00:11:00,0.3916093707084656,0.6660786867141724,0.744960606098175,0.7757594585418701,0.806487500667572,0.8032389283180237,0.6980282068252563
2025-01-22 00:10:59,0.3917018175125122,0.6661792993545532,0.7450771927833557,0.7758176326751709,0.8065462708473206,0.8031917214393616,0.6980143785476685
2025-01-22 00:10:58,0.3917942941188812,0.6662799715995789,0.7451937198638916,0.7758758068084717,0.8066049814224243,0.8031445741653442,0.6980006098747253
2025-01-22 00:10:57,0.3921149671077728,0.6667473912239075,0.7458682656288147,0.7764491438865662,0.8073304295539856,0.8038493394851685,0.6984239220619202
2025-01-22 00:10:56,0.39243564009666443,0.6672147512435913,0.746542751789093,0.7770225405693054,0.8080558776855469,0.8045541644096375,0.6988471746444702
2025-01-22 00:10:55,0.39275631308555603,0.6676821708679199,0.7472172975540161,0.7775958776473999,0.8087813258171082,0.8052589297294617,0.699270486831665
2025-01-22 00:10:54,0.3919175863265991,0.6667178273200989,0.7456446290016174,0.7767447233200073,0.8073430061340332,0.8040623068809509,0.6985442042350769
2025-01-22 00:10:53,0.3919805586338043,0.6669849157333374,0.7457836270332336,0.776856541633606,0.8075699210166931,0.8043732643127441,0.6986656785011292
2025-01-22 00:10:52,0.3920435309410095,0.6672520041465759,0.7459226846694946,0.7769683003425598,0.8077968955039978,0.8046842217445374,0.6987871527671814
2025-01-22 00:10:51,0.3921065032482147,0.6675190925598145,0.7460616827011108,0.7770801186561584,0.8080238103866577,0.8049951791763306,0.6989086270332336
2025-01-22 00:10:50,0.39217427372932434,0.6675553321838379,0.746226966381073,0.7771952152252197,0.8082055449485779,0.8051130771636963,0.6989585757255554
2025-01-22 00:10:49,0.39224204421043396,0.6675916314125061,0.7463922500610352,0.7773102521896362,0.808387279510498,0.8052310347557068,0.699008584022522
2025-01-22 00:10:48,0.3923098146915436,0.6676279306411743,0.7465575337409973,0.7774252891540527,0.8085689544677734,0.8053489923477173,0.6990585327148438
2025-01-22 00:10:47,0.3923775851726532,0.6676641702651978,0.7467228174209595,0.777540385723114,0.8087506890296936,0.805466890335083,0.6991084814071655
2025-01-22 00:10:46,0.391898512840271,0.6670253872871399,0.7458270788192749,0.7769662737846375,0.8080291748046875,0.8052008152008057,0.6988034844398499
2025-01-22 00:10:45,0.3918517231941223,0.6667609214782715,0.7457070350646973,0.7767835855484009,0.8078084588050842,0.8048075437545776,0.6986315250396729
2025-01-22 00:10:44,0.391804963350296,0.6664964556694031,0.7455869317054749,0.7766009569168091,0.807587742805481,0.8044142723083496,0.6984595060348511
2025-01-22 00:10:43,0.3917582035064697,0.6662319898605347,0.7454668283462524,0.7764182686805725,0.8073670268058777,0.8040210008621216,0.6982874870300293
2025-01-22 00:10:42,0.39171141386032104,0.6659675240516663,0.7453467845916748,0.7762355804443359,0.8071463108062744,0.8036277294158936,0.6981155276298523
2025-01-22 00:10:41,0.3919115662574768,0.6665948629379272,0.7459254860877991,0.776734471321106,0.8075101971626282,0.8040860295295715,0.6984609961509705
2025-01-22 00:10:40,0.39211174845695496,0.6672221422195435,0.7465041875839233,0.7772334218025208,0.8078740239143372,0.8045443296432495,0.6988064050674438
2025-01-22 00:10:39,0.3923119008541107,0.6678494811058044,0.7470828890800476,0.7777323126792908,0.8082379102706909,0.8050026297569275,0.699151873588562
2025-01-22 00:10:38,0.3922063708305359,0.6675763726234436,0.746718168258667,0.7774218320846558,0.8081275820732117,0.8048034906387329,0.6990846395492554
2025-01-22 00:10:37,0.39210084080696106,0.6673033237457275,0.7463534474372864,0.7771113514900208,0.8080172538757324,0.8046043515205383,0.699017345905304
2025-01-22 00:10:36,0.39199531078338623,0.6670302152633667,0.7459887266159058,0.7768008708953857,0.8079069256782532,0.8044052124023438,0.6989501118659973
2025-01-22 00:10:35,0.39194580912590027,0.6663320064544678,0.7455006241798401,0.7761219143867493,0.8071869015693665,0.803982675075531,0.6983122229576111
2025-01-22 00:10:34,0.3920060992240906,0.6670361757278442,0.7458813190460205,0.776614785194397,0.8075680136680603,0.8042864799499512,0.6985827684402466
2025-01-22 00:10:33,0.3920663893222809,0.6677404046058655,0.7462620735168457,0.7771077156066895,0.8079491257667542,0.8045902252197266,0.6988533735275269
2025-01-22 00:10:32,0.39210212230682373,0.6676533818244934,0.746277391910553,0.7771354913711548,0.8079721927642822,0.8046204447746277,0.6989169716835022
2025-01-22 00:10:31,0.3921378254890442,0.6675663590431213,0.7462927103042603,0.7771632671356201,0.8079952001571655,0.8046506643295288,0.6989805698394775
2025-01-22 00:10:30,0.39217355847358704,0.6674792766571045,0.7463079690933228,0.7771910429000854,0.8080182671546936,0.8046808838844299,0.6990442276000977
2025-01-22 00:10:29,0.3922092914581299,0.6673922538757324,0.74632328748703,0.7772188186645508,0.8080412745475769,0.804711103439331,0.699107825756073
2025-01-22 00:10:28,0.39224499464035034,0.6673052310943604,0.7463386058807373,0.7772465944290161,0.808064341545105,0.8047413229942322,0.6991714239120483
2025-01-22 00:10:27,0.3922807276248932,0.6672182083129883,0.7463539242744446,0.7772743701934814,0.8080873489379883,0.8047715425491333,0.6992350220680237
2025-01-22 00:10:26,0.39231646060943604,0.6671311259269714,0.7463691830635071,0.7773021459579468,0.8081104159355164,0.8048017621040344,0.6992986798286438
2025-01-22 00:10:25,0.3923521637916565,0.6670441031455994,0.7463845014572144,0.7773299217224121,0.8081334233283997,0.8048319816589355,0.6993622779846191
2025-01-22 00:10:24,0.39238789677619934,0.6669570803642273,0.7463998198509216,0.7773576974868774,0.8081564903259277,0.8048622012138367,0.6994258761405945
2025-01-22 00:10:23,0.3922346532344818,0.6668524146080017,0.746161937713623,0.7770077586174011,0.8078901171684265,0.8047683835029602,0.6993300914764404
2025-01-22 00:10:22,0.39208143949508667,0.6667477488517761,0.7459240555763245,0.7766578197479248,0.8076236844062805,0.8046746253967285,0.6992343664169312
2025-01-22 00:10:21,0.39192819595336914,0.6666430830955505,0.7456861734390259,0.7763078808784485,0.8073573112487793,0.804580807685852,0.6991385817527771
2025-01-22 00:10:20,0.3922222852706909,0.6667233109474182,0.7459049224853516,0.7767292261123657,0.8074960708618164,0.8046116828918457,0.6988266110420227
2025-01-22 00:10:19,0.39224764704704285,0.6668183207511902,0.7460318207740784,0.7768837809562683,0.8076053261756897,0.8046550154685974,0.6988896131515503
2025-01-22 00:10:18,0.3922730088233948,0.6669133901596069,0.74615877866745,0.7770383358001709,0.807714581489563,0.8046983480453491,0.6989526152610779
2025-01-22 00:10:17,0.3922983705997467,0.6670083999633789,0.7462856769561768,0.7771928906440735,0.8078238368034363,0.8047416806221008,0.6990156173706055
2025-01-22 00:10:16,0.39232370257377625,0.6671034097671509,0.7464125752449036,0.7773474454879761,0.8079331517219543,0.8047850131988525,0.6990786194801331
2025-01-22 00:10:15,0.3923490643501282,0.6671984195709229,0.7465394735336304,0.7775020003318787,0.8080424070358276,0.8048283457756042,0.6991416215896606
2025-01-22 00:10:14,0.3923744261264801,0.6672934889793396,0.746666431427002,0.7776565551757812,0.8081516623497009,0.804871678352356,0.6992046236991882
2025-01-22 00:10:13,0.39239978790283203,0.6673884987831116,0.7467933297157288,0.7778111100196838,0.8082609176635742,0.8049150109291077,0.6992676258087158
2025-01-22 00:10:12,0.3922348618507385,0.6671767830848694,0.7465382814407349,0.7774426937103271,0.8079779148101807,0.8046848177909851,0.6990801095962524
2025-01-22 00:10:11,0.392069935798645,0.6669650673866272,0.746283233165741,0.7770742774009705,0.8076949715614319,0.8044546246528625,0.6988925337791443
2025-01-22 00:10:10,0.3919050395488739,0.666753351688385,0.7460281848907471,0.7767059206962585,0.8074119687080383,0.8042243719100952,0.6987050175666809
2025-01-22 00:10:09,0.3917401134967804,0.6665416359901428,0.7457731366157532,0.7763375043869019,0.8071290254592896,0.8039941787719727,0.6985174417495728
2025-01-22 00:10:08,0.3915751874446869,0.6663299202919006,0.7455180883407593,0.7759690880775452,0.806846022605896,0.8037639856338501,0.6983299255371094
2025-01-22 00:10:07,0.3915664553642273,0.6663036942481995,0.745466947555542,0.7760055065155029,0.8069100379943848,0.8038017749786377,0.698371410369873
2025-01-22 00:10:06,0.3915577530860901,0.6662775278091431,0.7454157471656799,0.7760419845581055,0.8069740533828735,0.8038395047187805,0.6984129548072815
2025-01-22 00:10:05,0.3915490210056305,0.6662513017654419,0.7453645467758179,0.776078462600708,0.8070380091667175,0.8038772344589233,0.6984544992446899
2025-01-22 00:10:04,0.3915402889251709,0.6662250757217407,0.7453134059906006,0.7761148810386658,0.8071020245552063,0.8039150238037109,0.6984959840774536
2025-01-22 00:10:03,0.39149463176727295,0.6661509275436401,0.7453431487083435,0.7760595083236694,0.80723637342453,0.8039052486419678,0.6984381675720215
2025-01-22 00:10:02,0.3914490044116974,0.6660767197608948,0.7453728914260864,0.7760041952133179,0.8073707222938538,0.8038954734802246,0.6983804106712341
2025-01-22 00:10:01,0.3915645480155945,0.6662476658821106,0.7456868886947632,0.7761164903640747,0.807342529296875,0.8039098978042603,0.6984061598777771
2025-01-22 00:10:00,0.3916800916194916,0.6664186120033264,0.7460008263587952,0.7762288451194763,0.8073142766952515,0.8039243817329407,0.6984319090843201
2025-01-22 00:09:59,0.39180368185043335,0.666476845741272,0.7459213733673096,0.7763411998748779,0.8072495460510254,0.803983211517334,0.6984809637069702
2025-01-22 00:09:58,0.3919273018836975,0.6665350794792175,0.7458419799804688,0.7764534950256348,0.8071848750114441,0.8040419816970825,0.6985300183296204
2025-01-22 00:09:57,0.391633003950119,0.6658145785331726,0.7444398999214172,0.7755298018455505,0.8062961101531982,0.8034278750419617,0.6981406211853027
2025-01-22 00:09:56,0.3913387060165405,0.6660177111625671,0.7454398274421692,0.7759901881217957,0.8069847822189331,0.8036407232284546,0.6981675028800964
2025-01-22 00:09:55,0.3916139304637909,0.6663944125175476,0.7456436157226562,0.7762752771377563,0.807052731513977,0.8037168979644775,0.698323130607605
2025-01-22 00:09:54,0.39188918471336365,0.6667711734771729,0.7458474040031433,0.7765604257583618,0.8071207404136658,0.8037930130958557,0.6984787583351135
2025-01-22 00:09:53,0.392164409160614,0.6671478748321533,0.7460511922836304,0.7768455147743225,0.8071886897087097,0.8038691878318787,0.6986343860626221
2025-01-22 00:09:52,0.3918501138687134,0.6662300229072571,0.7457699775695801,0.7762452960014343,0.8068584203720093,0.8038947582244873,0.698191225528717
2025-01-22 00:09:51,0.39220041036605835,0.6668993830680847,0.7461541295051575,0.7768704295158386,0.8072376251220703,0.803920328617096,0.6984779238700867
2025-01-22 00:09:50,0.391918808221817,0.6665862798690796,0.7458880543708801,0.7765454053878784,0.8070374727249146,0.8038133382797241,0.6983641982078552
2025-01-22 00:09:49,0.3916372060775757,0.6662731170654297,0.7456219792366028,0.7762203812599182,0.8068373203277588,0.8037062883377075,0.6982504725456238
2025-01-22 00:09:48,0.39139190316200256,0.6660606861114502,0.7450289726257324,0.7758547067642212,0.8068854808807373,0.8034129738807678,0.6980912089347839
2025-01-22 00:09:47,0.3914797604084015,0.6662186980247498,0.7451554536819458,0.7759848833084106,0.8068018555641174,0.8034359812736511,0.6979884505271912
2025-01-22 00:09:46,0.3915676474571228,0.6663767695426941,0.745281994342804,0.7761150002479553,0.8067182302474976,0.8034589886665344,0.6978856325149536
2025-01-22 00:09:45,0.39165550470352173,0.6665347814559937,0.7454084753990173,0.7762451767921448,0.8066346049308777,0.8034819960594177,0.6977828741073608
2025-01-22 00:09:44,0.39115920662879944,0.6656538844108582,0.7453529834747314,0.7757850289344788,0.806662917137146,0.8037148118019104,0.6975023150444031
2025-01-22 00:09:43,0.3917310833930969,0.6662992238998413,0.7455732822418213,0.7762765288352966,0.8070888519287109,0.8041051626205444,0.6978179216384888
2025-01-22 00:09:42,0.3923029899597168,0.6669445037841797,0.7457935810089111,0.7767680287361145,0.8075147867202759,0.8044955730438232,0.6981335878372192
2025-01-22 00:09:41,0.39178144931793213,0.6662105917930603,0.745230495929718,0.7761141061782837,0.806983470916748,0.803871750831604,0.6978167295455933
2025-01-22 00:09:40,0.39125990867614746,0.6654766798019409,0.7446674108505249,0.7754601240158081,0.8064520955085754,0.8032479882240295,0.6974998712539673
2025-01-22 00:09:39,0.39138665795326233,0.6657028198242188,0.744840145111084,0.775651752948761,0.8065864443778992,0.8033590912818909,0.6976768374443054
2025-01-22 00:09:38,0.3915134370326996,0.6659290194511414,0.7450128793716431,0.7758433818817139,0.8067207932472229,0.8034701347351074,0.6978538632392883
2025-01-22 00:09:37,0.39164018630981445,0.6661551594734192,0.7451855540275574,0.7760350704193115,0.8068552017211914,0.8035812377929688,0.6980308294296265
2025-01-22 00:09:36,0.3917669653892517,0.6663813591003418,0.7453582882881165,0.7762266993522644,0.8069895505905151,0.8036922812461853,0.6982078552246094
2025-01-22 00:09:35,0.3918937146663666,0.6666074991226196,0.7455310225486755,0.7764183282852173,0.8071238994598389,0.8038033843040466,0.6983848214149475
2025-01-22 00:09:34,0.3919677734375,0.6668415069580078,0.7457427382469177,0.7766826152801514,0.8075665235519409,0.8043160438537598,0.6985731720924377
2025-01-22 00:09:33,0.3920418322086334,0.667075514793396,0.7459545135498047,0.7769469022750854,0.808009147644043,0.8048286437988281,0.6987614631652832
2025-01-22 00:09:32,0.39211589097976685,0.6673095226287842,0.7461662292480469,0.7772111892700195,0.808451771736145,0.8053413033485413,0.6989498138427734
2025-01-22 00:09:31,0.39165470004081726,0.6661620736122131,0.7449942827224731,0.7760661840438843,0.8064305782318115,0.8034225106239319,0.6980137825012207
2025-01-22 00:09:30,0.39175722002983093,0.6665250658988953,0.7452943921089172,0.7764226794242859,0.8068157434463501,0.8036505579948425,0.6981824040412903
2025-01-22 00:09:29,0.391859769821167,0.6668881177902222,0.7455945611000061,0.7767791152000427,0.8072008490562439,0.803878664970398,0.6983509659767151
2025-01-22 00:09:28,0.39196228981018066,0.6672511100769043,0.7458946704864502,0.7771356105804443,0.8075860142707825,0.8041067123413086,0.6985195875167847
2025-01-22 00:09:27,0.3919878900051117,0.6671422123908997,0.7458785772323608,0.7770960330963135,0.8077882528305054,0.8043509125709534,0.698498010635376
2025-01-22 00:09:26,0.3920134902000427,0.667033314704895,0.7458624839782715,0.7770563960075378,0.8079904913902283,0.8045951128005981,0.6984763741493225
2025-01-22 00:09:25,0.3917500376701355,0.6662620306015015,0.7454029321670532,0.7762569189071655,0.8072822093963623,0.8038432002067566,0.6981291770935059
2025-01-22 00:09:24,0.39148658514022827,0.6654908061027527,0.744943380355835,0.7754573822021484,0.8065739870071411,0.803091287612915,0.6977819204330444
2025-01-22 00:09:23,0.3922584056854248,0.6672248840332031,0.7465416789054871,0.777428388595581,0.8078274726867676,0.8047385215759277,0.6984341144561768
2025-01-22 00:09:22,0.3917444944381714,0.6660885214805603,0.7452204823493958,0.7765060067176819,0.8066245913505554,0.8039919137954712,0.6982012987136841
2025-01-22 00:09:21,0.3920084834098816,0.6665750741958618,0.7456140518188477,0.7766252160072327,0.8067333698272705,0.8039717078208923,0.6979714632034302
2025-01-22 00:09:20,0.3922725021839142,0.6670616269111633,0.7460076808929443,0.7767444252967834,0.8068420886993408,0.8039515018463135,0.6977416276931763
2025-01-22 00:09:19,0.39187029004096985,0.6666280031204224,0.7459322214126587,0.7768933773040771,0.8074886202812195,0.8043041229248047,0.6989070773124695
2025-01-22 00:09:18,0.3917215168476105,0.6665588617324829,0.7458480596542358,0.7767734527587891,0.8074662685394287,0.8041732907295227,0.6988465189933777
2025-01-22 00:09:17,0.3915727138519287,0.6664897799491882,0.745763897895813,0.776653528213501,0.8074439167976379,0.8040424585342407,0.6987859606742859
2025-01-22 00:09:16,0.39142394065856934,0.6664206385612488,0.7456797361373901,0.7765336036682129,0.8074215650558472,0.8039116263389587,0.6987254023551941
2025-01-22 00:09:15,0.39127516746520996,0.6663514971733093,0.7455956339836121,0.7764137387275696,0.8073992133140564,0.8037807941436768,0.6986648440361023
2025-01-22 00:09:14,0.3911263644695282,0.6662824153900146,0.7455114722251892,0.7762938141822815,0.8073768615722656,0.8036499619483948,0.6986042857170105
2025-01-22 00:09:13,0.3909775912761688,0.6662132740020752,0.7454273104667664,0.7761738896369934,0.8073545098304749,0.8035191297531128,0.6985437273979187
2025-01-22 00:09:12,0.39121389389038086,0.6663949489593506,0.7455229163169861,0.7763288617134094,0.8073753714561462,0.8036631345748901,0.6985760927200317
2025-01-22 00:09:11,0.3914502263069153,0.6665765643119812,0.7456185221672058,0.7764838933944702,0.8073961734771729,0.8038071990013123,0.6986084580421448
2025-01-22 00:09:10,0.3916865289211273,0.6667582392692566,0.7457141280174255,0.7766388654708862,0.8074170351028442,0.8039512038230896,0.6986408233642578
2025-01-22 00:09:09,0.39192286133766174,0.666939914226532,0.74580979347229,0.7767938375473022,0.8074378967285156,0.8040952086448669,0.6986731290817261
2025-01-22 00:09:08,0.3921591639518738,0.6671215891838074,0.7459053993225098,0.7769488096237183,0.807458758354187,0.8042392134666443,0.6987054944038391
2025-01-22 00:09:07,0.3923954963684082,0.667303204536438,0.7460010051727295,0.777103841304779,0.8074795603752136,0.8043832778930664,0.6987378597259521
2025-01-22 00:09:06,0.39263179898262024,0.6674848794937134,0.7460966110229492,0.7772588133811951,0.807500422000885,0.8045272827148438,0.6987702250480652
2025-01-22 00:09:05,0.39248034358024597,0.6673046946525574,0.7459881901741028,0.7771133184432983,0.8074966669082642,0.804499089717865,0.6987495422363281
2025-01-22 00:09:04,0.3923288881778717,0.6671245098114014,0.7458797693252563,0.7769678831100464,0.8074929714202881,0.8044708967208862,0.6987288594245911
2025-01-22 00:09:03,0.3921774625778198,0.6669443249702454,0.7457712888717651,0.7768224477767944,0.8074892163276672,0.8044427037239075,0.698708176612854
2025-01-22 00:09:02,0.39202600717544556,0.6667641401290894,0.7456628680229187,0.7766769528388977,0.8074854612350464,0.8044145107269287,0.6986874938011169
2025-01-22 00:09:01,0.3918745517730713,0.6665839552879333,0.7455544471740723,0.776531457901001,0.8074817657470703,0.80438631772995,0.6986668109893799
2025-01-22 00:09:00,0.391723096370697,0.6664037704467773,0.7454460263252258,0.776386022567749,0.8074780106544495,0.8043581247329712,0.6986461281776428
2025-01-22 00:08:59,0.3916857838630676,0.6662921905517578,0.7453580498695374,0.7761808633804321,0.8072123527526855,0.8041973114013672,0.6983906030654907
2025-01-22 00:08:58,0.3916485011577606,0.6661806106567383,0.7452701330184937,0.7759757041931152,0.8069466352462769,0.8040364980697632,0.6981350779533386
2025-01-22 00:08:57,0.3916112184524536,0.666068971157074,0.7451821565628052,0.7757704854011536,0.8066809773445129,0.8038756847381592,0.6978795528411865
2025-01-22 00:08:56,0.3915739059448242,0.6659573912620544,0.7450941801071167,0.7755653262138367,0.806415319442749,0.8037148714065552,0.6976240277290344
2025-01-22 00:08:55,0.39180633425712585,0.6663380265235901,0.745380699634552,0.7758668661117554,0.8067061901092529,0.8039475679397583,0.6978678703308105
2025-01-22 00:08:54,0.3920387923717499,0.6667186617851257,0.7456672191619873,0.7761684060096741,0.8069970607757568,0.8041802644729614,0.6981117129325867
2025-01-22 00:08:53,0.3922712206840515,0.6670993566513062,0.7459536790847778,0.7764699459075928,0.807287871837616,0.8044130206108093,0.6983556151390076
2025-01-22 00:08:52,0.39250367879867554,0.6674799919128418,0.7462401986122131,0.7767714858055115,0.8075787425041199,0.8046457171440125,0.6985994577407837
2025-01-22 00:08:51,0.3927361071109772,0.6678606271743774,0.7465267181396484,0.7770730257034302,0.8078696131706238,0.8048784136772156,0.6988433003425598
2025-01-22 00:08:50,0.39257460832595825,0.6674317717552185,0.7462885975837708,0.7769113779067993,0.8077483177185059,0.8046283721923828,0.6985659003257751
2025-01-22 00:08:49,0.39241310954093933,0.6670029163360596,0.7460504770278931,0.7767496705055237,0.8076270222663879,0.8043782711029053,0.6982885003089905
2025-01-22 00:08:48,0.3925628662109375,0.6673696637153625,0.746539831161499,0.7774010896682739,0.8081088066101074,0.8047124147415161,0.6986982226371765
2025-01-22 00:08:47,0.39271265268325806,0.6677364706993103,0.7470291256904602,0.778052568435669,0.8085905909538269,0.805046558380127,0.6991078853607178
2025-01-22 00:08:46,0.3928624093532562,0.6681032180786133,0.7475184798240662,0.7787039875984192,0.8090723752975464,0.8053807616233826,0.6995176076889038
2025-01-22 00:08:45,0.39302709698677063,0.6677513718605042,0.7468279004096985,0.7778254747390747,0.8084762096405029,0.8057149052619934,0.6990782022476196
2025-01-22 00:08:44,0.3927876949310303,0.6674345135688782,0.7465236186981201,0.777508556842804,0.808205246925354,0.8053064346313477,0.6988903880119324
2025-01-22 00:08:43,0.3925482928752899,0.6671176552772522,0.746219277381897,0.777191698551178,0.8079343438148499,0.8048979640007019,0.6987025737762451
2025-01-22 00:08:42,0.39230889081954956,0.6668007373809814,0.7459149956703186,0.7768747806549072,0.8076633810997009,0.8044894337654114,0.6985148191452026
2025-01-22 00:08:41,0.3920694887638092,0.6664838790893555,0.7456106543540955,0.7765579223632812,0.8073924779891968,0.8040809631347656,0.6983270049095154
2025-01-22 00:08:40,0.39183008670806885,0.6661670207977295,0.7453063726425171,0.7762410044670105,0.8071215152740479,0.8036724925041199,0.6981391906738281
2025-01-22 00:08:39,0.39201176166534424,0.6668796539306641,0.7461845874786377,0.7770501375198364,0.8078820705413818,0.8046920895576477,0.6986745595932007
2025-01-22 00:08:38,0.39219340682029724,0.6675922870635986,0.7470628023147583,0.7778592705726624,0.8086426854133606,0.8057116866111755,0.6992099285125732
2025-01-22 00:08:37,0.39217790961265564,0.6674697399139404,0.7467555403709412,0.7776314616203308,0.8083059191703796,0.8052946329116821,0.6990481019020081
2025-01-22 00:08:36,0.39216238260269165,0.6673471331596375,0.746448278427124,0.7774035930633545,0.8079691529273987,0.8048775792121887,0.6988862156867981
2025-01-22 00:08:35,0.39214688539505005,0.6672245860099792,0.7461410164833069,0.777175784111023,0.8076323866844177,0.8044605255126953,0.6987243890762329
2025-01-22 00:08:34,0.39167889952659607,0.6661661863327026,0.7450500726699829,0.775593101978302,0.80626380443573,0.8036484122276306,0.6981456875801086
2025-01-22 00:08:33,0.392100989818573,0.6674060821533203,0.7461360096931458,0.777259111404419,0.8081431984901428,0.8048028945922852,0.6990730166435242
2025-01-22 00:08:32,0.39209139347076416,0.6673961877822876,0.746131181716919,0.7772328853607178,0.8081249594688416,0.8047837615013123,0.6990489363670349
2025-01-22 00:08:31,0.3920817971229553,0.6673863530158997,0.7461262941360474,0.7772067189216614,0.8081067800521851,0.8047646284103394,0.6990248560905457
2025-01-22 00:08:30,0.3920722007751465,0.6673764586448669,0.7461214661598206,0.7771804928779602,0.8080885410308838,0.8047454953193665,0.6990008354187012
2025-01-22 00:08:29,0.39206260442733765,0.667366623878479,0.7461166381835938,0.7771543264389038,0.8080703020095825,0.8047263622283936,0.6989767551422119
2025-01-22 00:08:28,0.3920529782772064,0.6673567295074463,0.7461117506027222,0.7771281003952026,0.808052122592926,0.8047072291374207,0.6989526748657227
2025-01-22 00:08:27,0.3920433819293976,0.6673468947410583,0.7461069226264954,0.7771019339561462,0.8080338835716248,0.8046880960464478,0.6989285945892334
2025-01-22 00:08:26,0.39203378558158875,0.6673370003700256,0.7461020946502686,0.7770757079124451,0.8080156445503235,0.8046689629554749,0.6989045739173889
2025-01-22 00:08:25,0.3920241892337799,0.6673271656036377,0.746097207069397,0.7770495414733887,0.807997465133667,0.804649829864502,0.6988804936408997
2025-01-22 00:08:24,0.39201459288597107,0.667317271232605,0.7460923790931702,0.7770233154296875,0.8079792261123657,0.804630696773529,0.6988564133644104
2025-01-22 00:08:23,0.3919687867164612,0.6672563552856445,0.7460630536079407,0.7769830226898193,0.8079036474227905,0.8046036958694458,0.6988555192947388
2025-01-22 00:08:22,0.3919229805469513,0.6671954393386841,0.7460337281227112,0.7769427299499512,0.8078280091285706,0.8045766949653625,0.6988546848297119
2025-01-22 00:08:21,0.3918771743774414,0.6671345233917236,0.7460044026374817,0.776902437210083,0.8077524304389954,0.8045496940612793,0.6988538503646851
2025-01-22 00:08:20,0.3918313682079315,0.6670736074447632,0.7459750771522522,0.7768621444702148,0.8076767921447754,0.804522693157196,0.6988529562950134
2025-01-22 00:08:19,0.39178556203842163,0.6670126914978027,0.7459458112716675,0.7768218517303467,0.8076012134552002,0.8044956922531128,0.6988520622253418
2025-01-22 00:08:18,0.39173972606658936,0.6669517755508423,0.745916485786438,0.7767815589904785,0.807525634765625,0.8044686913490295,0.6988512277603149
2025-01-22 00:08:17,0.39169391989707947,0.6668908596038818,0.7458871603012085,0.7767412662506104,0.807449996471405,0.8044416904449463,0.6988503932952881
2025-01-22 00:08:16,0.3916481137275696,0.6668299436569214,0.745857834815979,0.7767009735107422,0.8073744177818298,0.804414689540863,0.6988494992256165
2025-01-22 00:08:15,0.3916023075580597,0.6667690277099609,0.7458285093307495,0.776660680770874,0.8072987794876099,0.8043876886367798,0.6988486051559448
2025-01-22 00:08:14,0.3915565013885498,0.6667081117630005,0.74579918384552,0.7766203880310059,0.8072232007980347,0.8043606877326965,0.698847770690918
2025-01-22 00:08:13,0.3912956714630127,0.6658376455307007,0.7449002265930176,0.7759912014007568,0.8067355155944824,0.8038573265075684,0.6985013484954834
2025-01-22 00:08:12,0.3910348117351532,0.6649671196937561,0.7440013289451599,0.7753620743751526,0.806247889995575,0.803354024887085,0.6981549263000488
2025-01-22 00:08:11,0.3909761607646942,0.6652045249938965,0.7440739870071411,0.775040864944458,0.8060901165008545,0.8030049800872803,0.6979150772094727
2025-01-22 00:08:10,0.39091750979423523,0.6654419898986816,0.7441465854644775,0.7747197151184082,0.8059322834014893,0.8026558756828308,0.6976752281188965
2025-01-22 00:08:09,0.3914971351623535,0.6659451723098755,0.7446696758270264,0.7755985260009766,0.8066534996032715,0.8033637404441833,0.698088526725769
2025-01-22 00:08:08,0.3920767903327942,0.6664484143257141,0.7451927065849304,0.7764772772789001,0.8073747754096985,0.8040716052055359,0.6985018253326416
2025-01-22 00:08:07,0.3919297754764557,0.6662522554397583,0.7450749278068542,0.7762584686279297,0.8072213530540466,0.8039971590042114,0.6983150243759155
2025-01-22 00:08:06,0.3917827606201172,0.6660560369491577,0.7449571490287781,0.7760396003723145,0.8070679306983948,0.8039227724075317,0.6981282234191895
2025-01-22 00:08:05,0.3916357159614563,0.6658598780632019,0.7448393702507019,0.775820791721344,0.8069145083427429,0.8038483262062073,0.6979414820671082
2025-01-22 00:08:04,0.3914887011051178,0.6656637191772461,0.7447215914726257,0.7756019830703735,0.8067610859870911,0.8037738800048828,0.6977546811103821
2025-01-22 00:08:03,0.3913000822067261,0.6654819846153259,0.7445784211158752,0.7753851413726807,0.8065377473831177,0.8035396933555603,0.6975824236869812
2025-01-22 00:08:02,0.39111143350601196,0.6653002500534058,0.7444352507591248,0.7751683592796326,0.8063143491744995,0.8033055663108826,0.6974101662635803
2025-01-22 00:08:01,0.39092281460762024,0.6651185154914856,0.7442920804023743,0.7749515175819397,0.8060910105705261,0.8030713796615601,0.6972379088401794
2025-01-22 00:08:00,0.39170488715171814,0.666389524936676,0.7449390292167664,0.7758073806762695,0.8068510293960571,0.8037267923355103,0.6976820826530457
2025-01-22 00:07:59,0.3912721872329712,0.6654627919197083,0.7445744276046753,0.7751855254173279,0.806246817111969,0.8032093048095703,0.6975995898246765
2025-01-22 00:07:58,0.3920843005180359,0.6671450734138489,0.7462142109870911,0.7773389220237732,0.80837482213974,0.8044506907463074,0.6993724703788757
2025-01-22 00:07:57,0.3916918933391571,0.6665389537811279,0.7451077103614807,0.7755399942398071,0.8065788149833679,0.8035727143287659,0.6981127262115479
2025-01-22 00:07:56,0.39162251353263855,0.6659327745437622,0.7450659275054932,0.7760260105133057,0.8070532083511353,0.8038827776908875,0.6984875798225403
2025-01-22 00:07:55,0.3914983570575714,0.6657505631446838,0.744883120059967,0.7758488655090332,0.8068722486495972,0.8037640452384949,0.6984670162200928
2025-01-22 00:07:54,0.3913741707801819,0.6655682921409607,0.7447003126144409,0.775671660900116,0.8066912889480591,0.8036452531814575,0.6984464526176453
2025-01-22 00:07:53,0.39125001430511475,0.6653860807418823,0.7445175051689148,0.7754945158958435,0.806510329246521,0.8035265207290649,0.698425829410553
2025-01-22 00:07:52,0.39137521386146545,0.6656113266944885,0.7448427081108093,0.7757658958435059,0.8066957592964172,0.803814172744751,0.6984052658081055
2025-01-22 00:07:51,0.39150041341781616,0.6658365726470947,0.7451679110527039,0.7760372161865234,0.8068811893463135,0.804101824760437,0.698384702205658
2025-01-22 00:07:50,0.3917219638824463,0.6663851737976074,0.7454850077629089,0.7763187885284424,0.8072131872177124,0.8044133186340332,0.6985943913459778
2025-01-22 00:07:49,0.3919435143470764,0.6669337153434753,0.745802104473114,0.7766004204750061,0.8075451254844666,0.8047248721122742,0.6988040804862976
2025-01-22 00:07:48,0.39202389121055603,0.6671493053436279,0.7461742758750916,0.7768735885620117,0.8075646162033081,0.804469108581543,0.6984773278236389
2025-01-22 00:07:47,0.3921084403991699,0.6672237515449524,0.7462378740310669,0.7770145535469055,0.8076328635215759,0.8045074343681335,0.6984798312187195
2025-01-22 00:07:46,0.3921929895877838,0.6672981977462769,0.7463014721870422,0.7771555185317993,0.8077011704444885,0.8045457601547241,0.6984822750091553
2025-01-22 00:07:45,0.3922775387763977,0.6673726439476013,0.7463650703430176,0.7772964835166931,0.8077694177627563,0.8045840859413147,0.6984847784042358
2025-01-22 00:07:44,0.3923620581626892,0.6674470901489258,0.7464286088943481,0.7774373888969421,0.807837724685669,0.8046223521232605,0.6984872221946716
2025-01-22 00:07:43,0.3924466073513031,0.6675215363502502,0.7464922070503235,0.7775783538818359,0.8079059720039368,0.8046606779098511,0.6984897255897522
2025-01-22 00:07:42,0.392531156539917,0.6675959825515747,0.7465558052062988,0.7777193188667297,0.8079742789268494,0.8046990036964417,0.698492169380188
2025-01-22 00:07:41,0.3926157057285309,0.6676704287528992,0.7466194033622742,0.7778602838516235,0.8080425262451172,0.8047373294830322,0.6984946727752686
2025-01-22 00:07:40,0.39253517985343933,0.6675447225570679,0.7464947700500488,0.7777082324028015,0.8080299496650696,0.804693341255188,0.6985636353492737
2025-01-22 00:07:39,0.3924546241760254,0.6674190759658813,0.7463701963424683,0.7775561809539795,0.808017373085022,0.8046494126319885,0.6986325979232788
2025-01-22 00:07:38,0.39237409830093384,0.6672934293746948,0.7462456226348877,0.7774041295051575,0.8080048561096191,0.8046054244041443,0.6987016201019287
2025-01-22 00:07:37,0.3922935724258423,0.6671677231788635,0.7461209893226624,0.7772520780563354,0.8079922795295715,0.8045614361763,0.6987705826759338
2025-01-22 00:07:36,0.39221301674842834,0.6670420169830322,0.745996356010437,0.7771000266075134,0.8079797029495239,0.8045175075531006,0.698839545249939
2025-01-22 00:07:35,0.3921324908733368,0.6669163703918457,0.7458717823028564,0.7769479751586914,0.8079671263694763,0.8044735193252563,0.6989085078239441
2025-01-22 00:07:34,0.392161101102829,0.6670213937759399,0.7460705041885376,0.7769715785980225,0.8078161478042603,0.8044641017913818,0.6989656090736389
2025-01-22 00:07:33,0.39218971133232117,0.667126476764679,0.7462692260742188,0.7769951820373535,0.807665228843689,0.8044546246528625,0.6990227103233337
2025-01-22 00:07:32,0.39219802618026733,0.6672273278236389,0.7463812828063965,0.7771593928337097,0.808103084564209,0.8047991991043091,0.6992717981338501
2025-01-22 00:07:31,0.3922063112258911,0.6673281788825989,0.746493399143219,0.7773236036300659,0.8085408806800842,0.8051437139511108,0.6995208263397217
2025-01-22 00:07:30,0.39176446199417114,0.6665634512901306,0.7458005547523499,0.776658296585083,0.8080139756202698,0.8046744465827942,0.6990780830383301
2025-01-22 00:07:29,0.39132261276245117,0.6657987236976624,0.7451077103614807,0.7759929895401001,0.8074870705604553,0.8042051792144775,0.6986352801322937
2025-01-22 00:07:28,0.39185675978660583,0.6664842367172241,0.7456492185592651,0.7766713500022888,0.8078324794769287,0.804338812828064,0.6989396810531616
2025-01-22 00:07:27,0.3923909068107605,0.6671698093414307,0.7461907863616943,0.7773497104644775,0.8081778287887573,0.8044725060462952,0.6992440223693848
2025-01-22 00:07:26,0.3925367593765259,0.6676051020622253,0.746711015701294,0.778033971786499,0.8087612390518188,0.8052579164505005,0.6994760036468506
2025-01-22 00:07:25,0.39268261194229126,0.66804039478302,0.7472311854362488,0.7787181735038757,0.8093445897102356,0.8060433268547058,0.6997079253196716
2025-01-22 00:07:24,0.39262908697128296,0.6678803563117981,0.7470892667770386,0.7784523963928223,0.8091869354248047,0.8061583042144775,0.6997196078300476
2025-01-22 00:07:23,0.39257559180259705,0.6677203178405762,0.7469472885131836,0.7781866192817688,0.809029221534729,0.8062732815742493,0.6997312903404236
2025-01-22 00:07:22,0.39289385080337524,0.6679508686065674,0.747357189655304,0.7785391807556152,0.8092079162597656,0.8062376976013184,0.6998953819274902
2025-01-22 00:07:21,0.39321210980415344,0.6681814193725586,0.7477670907974243,0.7788918018341064,0.809386670589447,0.8062021136283875,0.7000594139099121
2025-01-22 00:07:20,0.3929201066493988,0.6678934693336487,0.7472626566886902,0.7781378030776978,0.8087957501411438,0.8054782152175903,0.6993480920791626
2025-01-22 00:07:19,0.39262810349464417,0.6676055192947388,0.746758222579956,0.7773838043212891,0.8082048296928406,0.8047543168067932,0.6986367106437683
2025-01-22 00:07:18,0.3920184075832367,0.6673312783241272,0.7463982105255127,0.7767133712768555,0.8071364164352417,0.804153323173523,0.6986914873123169
2025-01-22 00:07:17,0.3921542167663574,0.6672665476799011,0.7462611794471741,0.7766423225402832,0.8071596026420593,0.8041352033615112,0.6987236142158508
2025-01-22 00:07:16,0.39228999614715576,0.667201817035675,0.7461242079734802,0.7765713334083557,0.807182788848877,0.8041171431541443,0.6987558007240295
2025-01-22 00:07:15,0.3924258053302765,0.667137086391449,0.7459871768951416,0.7765002846717834,0.8072059750556946,0.8040990233421326,0.6987879276275635
2025-01-22 00:07:14,0.39227399230003357,0.6675351858139038,0.7465215921401978,0.7772334814071655,0.8079531788825989,0.8046824932098389,0.6993952989578247
2025-01-22 00:07:13,0.39200714230537415,0.6668004989624023,0.7457810640335083,0.7765254974365234,0.8073326945304871,0.8041727542877197,0.6989879012107849
2025-01-22 00:07:12,0.3917402923107147,0.6660658121109009,0.7450404763221741,0.7758175134658813,0.8067122101783752,0.8036630749702454,0.6985805034637451
2025-01-22 00:07:11,0.3919132947921753,0.6664890646934509,0.7455288767814636,0.7763500809669495,0.8072589039802551,0.804171085357666,0.6988354325294495
2025-01-22 00:07:10,0.39208629727363586,0.666912317276001,0.7460172176361084,0.7768826484680176,0.8078055381774902,0.8046791553497314,0.6990903615951538
2025-01-22 00:07:09,0.39225929975509644,0.6673356294631958,0.746505618095398,0.7774152159690857,0.8083522319793701,0.8051871657371521,0.6993453502655029
2025-01-22 00:07:08,0.392432302236557,0.6677588820457458,0.7469940185546875,0.7779477834701538,0.80889892578125,0.8056951761245728,0.6996002793312073
2025-01-22 00:07:07,0.39255160093307495,0.6678341031074524,0.746952474117279,0.7779273390769958,0.8086985349655151,0.805385947227478,0.6995087265968323
2025-01-22 00:07:06,0.3926708996295929,0.6679092645645142,0.7469109296798706,0.7779069542884827,0.8084980845451355,0.8050767183303833,0.699417233467102
2025-01-22 00:07:05,0.39279019832611084,0.6679844856262207,0.7468693852424622,0.7778865098953247,0.8082976937294006,0.8047674894332886,0.699325680732727
2025-01-22 00:07:04,0.39287063479423523,0.6680647134780884,0.7470003366470337,0.7780047059059143,0.8084791302680969,0.8049708604812622,0.699444055557251
2025-01-22 00:07:03,0.3929510712623596,0.668144941329956,0.7471312880516052,0.7781229019165039,0.8086605072021484,0.8051742315292358,0.6995623707771301
2025-01-22 00:07:02,0.3930315375328064,0.6682251691818237,0.7472622394561768,0.7782410979270935,0.8088419437408447,0.8053775429725647,0.699680745601654
2025-01-22 00:07:01,0.3931119740009308,0.6683053970336914,0.7473931908607483,0.7783592939376831,0.8090233206748962,0.8055809140205383,0.699799120426178
2025-01-22 00:07:00,0.3931924104690552,0.6683855652809143,0.747524082660675,0.7784774899482727,0.8092047572135925,0.805784285068512,0.6999174356460571
2025-01-22 00:06:59,0.39327284693717957,0.668465793132782,0.7476550340652466,0.7785956859588623,0.809386134147644,0.8059876561164856,0.700035810470581
2025-01-22 00:06:58,0.39335331320762634,0.6685460209846497,0.7477859854698181,0.7787138819694519,0.8095675706863403,0.8061909675598145,0.700154185295105
2025-01-22 00:06:57,0.39343374967575073,0.6686262488365173,0.7479169368743896,0.7788320779800415,0.8097489476203918,0.8063943386077881,0.7002725005149841
2025-01-22 00:06:56,0.3935141861438751,0.668706476688385,0.7480478882789612,0.7789502739906311,0.8099303841590881,0.8065977096557617,0.7003908753395081
2025-01-22 00:06:55,0.39292091131210327,0.6678694486618042,0.747154951095581,0.778192400932312,0.8092156648635864,0.8060321807861328,0.6998744010925293
2025-01-22 00:06:54,0.39232760667800903,0.6670324802398682,0.7462620735168457,0.7774345874786377,0.8085008859634399,0.8054667115211487,0.6993579268455505
2025-01-22 00:06:53,0.3921511471271515,0.6667916774749756,0.745901346206665,0.7770617008209229,0.8080760836601257,0.8049411773681641,0.699177622795105
2025-01-22 00:06:52,0.39197468757629395,0.666550874710083,0.7455406785011292,0.776688814163208,0.8076512813568115,0.8044157028198242,0.6989973783493042
2025-01-22 00:06:51,0.3919803500175476,0.6664990186691284,0.7455815076828003,0.7767311334609985,0.8078035116195679,0.8044612407684326,0.6989518404006958
2025-01-22 00:06:50,0.39198601245880127,0.6664472222328186,0.7456223964691162,0.7767735123634338,0.8079556822776794,0.8045067191123962,0.6989063024520874
2025-01-22 00:06:49,0.3916144073009491,0.6660919189453125,0.7454900741577148,0.7764974236488342,0.807401716709137,0.8043621778488159,0.6987348794937134
2025-01-22 00:06:48,0.39179301261901855,0.666587769985199,0.745895266532898,0.776832103729248,0.807869553565979,0.8046880960464478,0.6989116668701172
2025-01-22 00:06:47,0.3919715881347656,0.6670836210250854,0.7463003993034363,0.7771667838096619,0.808337390422821,0.8050140738487244,0.6990885138511658
2025-01-22 00:06:46,0.3920263648033142,0.66713947057724,0.7462477087974548,0.7772614359855652,0.8083429932594299,0.8050220012664795,0.6990511417388916
2025-01-22 00:06:45,0.3920811116695404,0.6671953201293945,0.7461950182914734,0.7773560881614685,0.8083485960960388,0.8050299286842346,0.6990138292312622
2025-01-22 00:06:44,0.39194217324256897,0.6668383479118347,0.7459802627563477,0.7770609855651855,0.808049201965332,0.8047625422477722,0.69880211353302
2025-01-22 00:06:43,0.39180323481559753,0.6664813756942749,0.7457654476165771,0.7767658233642578,0.80774986743927,0.804495096206665,0.6985903382301331
2025-01-22 00:06:42,0.3916642963886261,0.6661244034767151,0.7455506920814514,0.7764707207679749,0.8074504733085632,0.8042277097702026,0.6983786225318909
2025-01-22 00:06:41,0.3918319344520569,0.666553795337677,0.745948851108551,0.7768956422805786,0.8078722357749939,0.8045976758003235,0.6987547278404236
2025-01-22 00:06:40,0.3919995427131653,0.6669831871986389,0.7463470697402954,0.7773205041885376,0.8082940578460693,0.8049676418304443,0.6991307735443115
2025-01-22 00:06:39,0.3921671509742737,0.6674125790596008,0.746745228767395,0.7777453660964966,0.8087158203125,0.8053376078605652,0.6995068788528442
2025-01-22 00:06:38,0.39233478903770447,0.6678419709205627,0.7471433877944946,0.7781702876091003,0.8091375827789307,0.805707573890686,0.699882984161377
2025-01-22 00:06:37,0.3923499882221222,0.6671469807624817,0.7461379766464233,0.7776594758033752,0.8083491921424866,0.8051118850708008,0.6994416117668152
2025-01-22 00:06:36,0.39242783188819885,0.6673478484153748,0.7463547587394714,0.7777472734451294,0.8085684776306152,0.8052425980567932,0.6996862888336182
2025-01-22 00:06:35,0.3925056457519531,0.6675487160682678,0.7465716004371643,0.7778351306915283,0.8087878227233887,0.8053733110427856,0.6999309062957764
2025-01-22 00:06:34,0.3925834894180298,0.6677495837211609,0.7467883825302124,0.7779229283332825,0.8090071082115173,0.8055040240287781,0.7001755833625793
2025-01-22 00:06:33,0.392673522233963,0.667814314365387,0.746934175491333,0.7780387997627258,0.8090522289276123,0.8055459260940552,0.7002162337303162
2025-01-22 00:06:32,0.39276355504989624,0.667879045009613,0.7470799684524536,0.778154730796814,0.809097409248352,0.805587887763977,0.700256884098053
2025-01-22 00:06:31,0.39285358786582947,0.6679437756538391,0.7472257614135742,0.7782706022262573,0.809142529964447,0.8056297898292542,0.7002975344657898
2025-01-22 00:06:30,0.3929436206817627,0.6680085062980652,0.7473715543746948,0.7783864736557007,0.809187650680542,0.805671751499176,0.7003381848335266
2025-01-22 00:06:29,0.39303362369537354,0.6680732369422913,0.7475173473358154,0.778502345085144,0.8092328310012817,0.8057136535644531,0.7003787755966187
2025-01-22 00:06:28,0.39312365651130676,0.6681379675865173,0.7476631999015808,0.7786182761192322,0.8092779517173767,0.8057555556297302,0.7004194259643555
2025-01-22 00:06:27,0.39321368932724,0.6682026982307434,0.7478089928627014,0.7787341475486755,0.8093230724334717,0.8057975172996521,0.7004600763320923
2025-01-22 00:06:26,0.3933037221431732,0.6682674288749695,0.747954785823822,0.7788500189781189,0.8093681931495667,0.8058394193649292,0.7005007266998291
2025-01-22 00:06:25,0.39339375495910645,0.6683321595191956,0.7481005787849426,0.778965950012207,0.8094133734703064,0.8058813810348511,0.7005413770675659
2025-01-22 00:06:24,0.3934837877750397,0.6683968901634216,0.7482463717460632,0.7790818214416504,0.8094584941864014,0.8059232831001282,0.7005820274353027
2025-01-22 00:06:23,0.3931306004524231,0.6679853200912476,0.747626781463623,0.7785013914108276,0.8090851902961731,0.8056635856628418,0.7001447677612305
2025-01-22 00:06:22,0.3927774429321289,0.6675736904144287,0.7470071315765381,0.7779209613800049,0.8087118864059448,0.8054038286209106,0.6997075080871582
2025-01-22 00:06:21,0.3924242854118347,0.6671620607376099,0.7463874816894531,0.7773405313491821,0.8083385229110718,0.8051441311836243,0.6992701888084412
2025-01-22 00:06:20,0.39207109808921814,0.6667504906654358,0.7457678914070129,0.7767601013183594,0.8079652190208435,0.8048843741416931,0.6988329291343689
2025-01-22 00:06:19,0.39222830533981323,0.6669002771377563,0.7462834715843201,0.7769159078598022,0.8079379796981812,0.8046246767044067,0.6988999843597412
2025-01-22 00:06:18,0.3924367129802704,0.6676645874977112,0.7465965151786804,0.7774261832237244,0.8081917762756348,0.8049497008323669,0.6991342902183533
2025-01-22 00:06:17,0.39292028546333313,0.6678041219711304,0.7468354105949402,0.7778400182723999,0.808677613735199,0.8053507804870605,0.6994993090629578
2025-01-22 00:06:16,0.3926294445991516,0.6676757335662842,0.7468726634979248,0.777715802192688,0.808758020401001,0.8053964972496033,0.6995512247085571
2025-01-22 00:06:15,0.3923386037349701,0.6675474047660828,0.7469099760055542,0.7775915861129761,0.8088384866714478,0.805442214012146,0.6996031999588013
2025-01-22 00:06:14,0.3924058675765991,0.6676855087280273,0.7468109130859375,0.7776029109954834,0.8087241649627686,0.8054033517837524,0.6995309591293335
2025-01-22 00:06:13,0.39247310161590576,0.6678236126899719,0.7467119097709656,0.777614176273346,0.8086097836494446,0.8053644895553589,0.6994587779045105
2025-01-22 00:06:12,0.39240285754203796,0.6676247119903564,0.7467349767684937,0.7775031924247742,0.8084173798561096,0.8051411509513855,0.699347198009491
2025-01-22 00:06:11,0.39233261346817017,0.667425811290741,0.746757984161377,0.7773922085762024,0.8082249760627747,0.8049178123474121,0.6992356181144714
2025-01-22 00:06:10,0.3923700153827667,0.6674867272377014,0.7468622922897339,0.7774694561958313,0.8082638382911682,0.8049865365028381,0.6992146968841553
2025-01-22 00:06:09,0.3924074172973633,0.6675476431846619,0.7469666004180908,0.7775467038154602,0.8083027005195618,0.8050552606582642,0.6991937160491943
2025-01-22 00:06:08,0.39244478940963745,0.6676085591316223,0.7470709085464478,0.7776239514350891,0.8083415627479553,0.8051239848136902,0.6991727948188782
2025-01-22 00:06:07,0.392482191324234,0.6676694750785828,0.7471752166748047,0.777701199054718,0.8083804249763489,0.8051927089691162,0.699151873588562
2025-01-22 00:06:06,0.3922871947288513,0.6676164865493774,0.74722820520401,0.778136670589447,0.8088458180427551,0.8057124018669128,0.6996228098869324
2025-01-22 00:06:05,0.3923591077327728,0.6674795150756836,0.7464631795883179,0.7770506739616394,0.8077707290649414,0.8048251867294312,0.6990013122558594
2025-01-22 00:06:04,0.3924961984157562,0.668207585811615,0.7474483847618103,0.778333306312561,0.8092067837715149,0.8056296110153198,0.6998922824859619
2025-01-22 00:06:03,0.39235490560531616,0.6672599911689758,0.7463210225105286,0.7770624160766602,0.8083165287971497,0.8051689267158508,0.6995000243186951
2025-01-22 00:06:02,0.39241528511047363,0.6677253246307373,0.7465888857841492,0.7774493098258972,0.8087646961212158,0.805619478225708,0.6994671821594238
2025-01-22 00:06:01,0.39191558957099915,0.6665828227996826,0.7455406785011292,0.7762550711631775,0.8068298101425171,0.8042914867401123,0.6987478733062744
2025-01-22 00:06:00,0.39218956232070923,0.6671712398529053,0.7465157508850098,0.7772421836853027,0.8079113960266113,0.8050426840782166,0.6991584300994873
2025-01-22 00:05:59,0.3924635052680969,0.6677597165107727,0.7474908232688904,0.778229296207428,0.8089929223060608,0.8057938814163208,0.6995689868927002
2025-01-22 00:05:58,0.3923248052597046,0.6676053404808044,0.7468296885490417,0.7776737213134766,0.8089554905891418,0.8059133291244507,0.6994965076446533
2025-01-22 00:05:57,0.3922756314277649,0.6674509644508362,0.7465416193008423,0.7774025201797485,0.8086374402046204,0.805633008480072,0.6992506980895996
2025-01-22 00:05:56,0.3922264873981476,0.6672965884208679,0.7462536096572876,0.7771313190460205,0.8083193898200989,0.8053526878356934,0.6990048885345459
2025-01-22 00:05:55,0.3929313123226166,0.6683632731437683,0.7473440766334534,0.7781811952590942,0.8092144727706909,0.8060603737831116,0.6996778249740601
2025-01-22 00:05:54,0.39258620142936707,0.6677350997924805,0.7468479871749878,0.777923583984375,0.8088827729225159,0.8056551814079285,0.6996161341667175
2025-01-22 00:05:53,0.3925473093986511,0.6676596999168396,0.746760368347168,0.7778350114822388,0.8087419271469116,0.805578351020813,0.6995545029640198
2025-01-22 00:05:52,0.3925083875656128,0.6675843000411987,0.7466728091239929,0.7777463793754578,0.8086010217666626,0.8055015206336975,0.6994928121566772
2025-01-22 00:05:51,0.39247602224349976,0.6674115061759949,0.7466945648193359,0.7776936292648315,0.8084080219268799,0.8052882552146912,0.699486494064331
2025-01-22 00:05:50,0.3924436867237091,0.667238712310791,0.7467163801193237,0.7776408195495605,0.8082150220870972,0.8050749897956848,0.6994801163673401
2025-01-22 00:05:49,0.3926312327384949,0.66730797290802,0.7467328310012817,0.7775225639343262,0.8084600567817688,0.8053373098373413,0.6994279026985168
2025-01-22 00:05:48,0.392818808555603,0.6673771739006042,0.7467492818832397,0.7774043083190918,0.8087050914764404,0.805599570274353,0.6993756890296936
2025-01-22 00:05:47,0.39282992482185364,0.6676712036132812,0.7469944357872009,0.7777576446533203,0.8088740706443787,0.8057461977005005,0.6995656490325928
2025-01-22 00:05:46,0.39284107089042664,0.6679651737213135,0.7472395300865173,0.7781109809875488,0.8090431094169617,0.8058928847312927,0.6997556686401367
2025-01-22 00:05:45,0.39285218715667725,0.6682592034339905,0.7474846839904785,0.7784643173217773,0.8092120885848999,0.8060395121574402,0.6999456286430359
2025-01-22 00:05:44,0.3927029073238373,0.6680479645729065,0.7472200393676758,0.7782159447669983,0.8090190291404724,0.8058890104293823,0.6998502612113953
2025-01-22 00:05:43,0.3925536274909973,0.6678367853164673,0.746955394744873,0.7779675722122192,0.8088259696960449,0.8057385087013245,0.6997548341751099
2025-01-22 00:05:42,0.39240437746047974,0.6676255464553833,0.7466907501220703,0.7777191996574402,0.8086329102516174,0.8055880069732666,0.6996594667434692
2025-01-22 00:05:41,0.39225509762763977,0.6674143075942993,0.7464261054992676,0.7774708271026611,0.8084398508071899,0.8054375052452087,0.6995640993118286
2025-01-22 00:05:40,0.3921058177947998,0.6672031283378601,0.7461614608764648,0.7772223949432373,0.8082467913627625,0.8052870035171509,0.6994686722755432
2025-01-22 00:05:39,0.3919565677642822,0.6669918894767761,0.7458968162536621,0.7769740223884583,0.808053731918335,0.805136501789093,0.6993733048439026
2025-01-22 00:05:38,0.39180728793144226,0.6667807102203369,0.7456321716308594,0.7767256498336792,0.8078606724739075,0.8049860000610352,0.6992778778076172
2025-01-22 00:05:37,0.3916580080986023,0.6665694713592529,0.7453675270080566,0.7764772772789001,0.80766761302948,0.8048354983329773,0.6991825103759766
2025-01-22 00:05:36,0.3916201591491699,0.6663733720779419,0.7454119920730591,0.7764896750450134,0.8074504137039185,0.8043188452720642,0.6989588141441345
2025-01-22 00:05:35,0.39158231019973755,0.6661772727966309,0.7454565167427063,0.7765020728111267,0.8072332143783569,0.8038021922111511,0.6987351179122925
2025-01-22 00:05:34,0.39251428842544556,0.6676133275032043,0.7466636896133423,0.7774642109870911,0.8082929253578186,0.8050944805145264,0.6995152235031128
2025-01-22 00:05:33,0.39232710003852844,0.6672778129577637,0.7463919520378113,0.7771769762039185,0.8080482482910156,0.8049044013023376,0.699281632900238
2025-01-22 00:05:32,0.39213988184928894,0.6669423580169678,0.7461201548576355,0.7768897414207458,0.8078035712242126,0.8047143220901489,0.6990481019020081
2025-01-22 00:05:31,0.3919526934623718,0.6666068434715271,0.7458484172821045,0.7766024470329285,0.8075588345527649,0.8045241832733154,0.6988145112991333
2025-01-22 00:05:30,0.3917654752731323,0.6662713885307312,0.7455766201019287,0.7763152122497559,0.8073141574859619,0.8043341040611267,0.6985809803009033
2025-01-22 00:05:29,0.3915782868862152,0.6659358739852905,0.7453048825263977,0.7760279774665833,0.8070694804191589,0.804144024848938,0.6983473896980286
2025-01-22 00:05:28,0.39174580574035645,0.6662303805351257,0.7455547451972961,0.7763649225234985,0.8074652552604675,0.8044937252998352,0.698734700679779
2025-01-22 00:05:27,0.39191335439682007,0.6665248870849609,0.7458046674728394,0.776701807975769,0.8078610301017761,0.8048434257507324,0.6991219520568848
2025-01-22 00:05:26,0.3920808732509613,0.6668193936347961,0.7460545301437378,0.7770387530326843,0.8082568049430847,0.8051931858062744,0.6995092630386353
2025-01-22 00:05:25,0.39224839210510254,0.6671139001846313,0.7463043928146362,0.7773756980895996,0.8086525797843933,0.8055428862571716,0.6998965740203857
2025-01-22 00:05:24,0.3922509253025055,0.6671267747879028,0.7464028596878052,0.7774844169616699,0.8086262941360474,0.8055188059806824,0.6998737454414368
2025-01-22 00:05:23,0.39225345849990845,0.6671396493911743,0.7465013265609741,0.777593195438385,0.8086000084877014,0.8054947257041931,0.6998509168624878
2025-01-22 00:05:22,0.3922560214996338,0.6671525239944458,0.7465998530387878,0.7777019143104553,0.8085737824440002,0.8054705858230591,0.6998281478881836
2025-01-22 00:05:21,0.39225855469703674,0.6671653985977173,0.7466983199119568,0.7778106927871704,0.8085474967956543,0.8054465055465698,0.6998053193092346
2025-01-22 00:05:20,0.3922610878944397,0.6671782732009888,0.7467967867851257,0.7779194116592407,0.8085212111473083,0.8054224252700806,0.6997824907302856
2025-01-22 00:05:19,0.39250048995018005,0.6676174998283386,0.7467824220657349,0.777753472328186,0.8086869716644287,0.805747926235199,0.7000768780708313
2025-01-22 00:05:18,0.391025185585022,0.6654698848724365,0.7444978952407837,0.77536541223526,0.8066701292991638,0.8035392165184021,0.6985434889793396
2025-01-22 00:05:17,0.391473650932312,0.665967583656311,0.7450608015060425,0.7761789560317993,0.8073346614837646,0.804372251033783,0.6990625858306885
2025-01-22 00:05:16,0.39192208647727966,0.6664652228355408,0.7456237077713013,0.7769924998283386,0.8079991936683655,0.8052052855491638,0.6995816826820374
2025-01-22 00:05:15,0.3918626308441162,0.6663292050361633,0.7457223534584045,0.7770267128944397,0.807958722114563,0.8050906658172607,0.6995360255241394
2025-01-22 00:05:14,0.39180314540863037,0.6661931276321411,0.7458210587501526,0.777060866355896,0.8079183101654053,0.8049760460853577,0.6994904279708862
2025-01-22 00:05:13,0.3917436897754669,0.6660571098327637,0.7459197044372559,0.7770950794219971,0.8078778982162476,0.8048614263534546,0.6994447708129883
2025-01-22 00:05:12,0.3918739855289459,0.6663718819618225,0.746346116065979,0.7770224213600159,0.8078374266624451,0.8046681880950928,0.6993774175643921
2025-01-22 00:05:11,0.3917706608772278,0.6662278175354004,0.7460800409317017,0.7767291069030762,0.8073962330818176,0.8045646548271179,0.6992147564888
2025-01-22 00:05:10,0.39166733622550964,0.6660837531089783,0.7458139657974243,0.7764357924461365,0.806955099105835,0.8044611215591431,0.6990520358085632
2025-01-22 00:05:09,0.3915640115737915,0.6659396886825562,0.745547890663147,0.7761424779891968,0.8065139055252075,0.8043575882911682,0.6988893747329712
2025-01-22 00:05:08,0.39133891463279724,0.6661527752876282,0.7452818155288696,0.7759581804275513,0.8068127036094666,0.8042600750923157,0.6988365054130554
2025-01-22 00:05:07,0.3921509087085724,0.6670482158660889,0.7461798191070557,0.7773231863975525,0.8081216812133789,0.8053020238876343,0.6993852853775024
2025-01-22 00:05:06,0.3921053111553192,0.6673107743263245,0.7465584874153137,0.7776507139205933,0.8084338903427124,0.8054767847061157,0.6996204257011414
2025-01-22 00:05:05,0.3931291103363037,0.6690413951873779,0.7479354739189148,0.7792041897773743,0.8102489709854126,0.8067783713340759,0.7005001902580261
2025-01-22 00:05:04,0.3915663957595825,0.6659471988677979,0.7468059062957764,0.7764487266540527,0.8077675104141235,0.8050453066825867,0.69898921251297
2025-01-22 00:05:03,0.39125609397888184,0.6660519242286682,0.7456762790679932,0.7766345739364624,0.8078904151916504,0.8049666285514832,0.6997724771499634
2025-01-22 00:05:02,0.3919143080711365,0.6669092178344727,0.7458750009536743,0.7770180702209473,0.8080499768257141,0.8050423860549927,0.6992133259773254
2025-01-22 00:05:01,0.3914819061756134,0.6666824817657471,0.7454786896705627,0.7770655751228333,0.8084039092063904,0.805404782295227,0.6998227834701538
2025-01-22 00:05:00,0.39125218987464905,0.6664270162582397,0.7453445792198181,0.7761452794075012,0.8074318170547485,0.804741382598877,0.6987094283103943
2025-01-22 00:04:59,0.3925723135471344,0.6676309108734131,0.7470613121986389,0.778347373008728,0.8092902898788452,0.8060786724090576,0.7000964879989624
2025-01-22 00:04:58,0.39245060086250305,0.667340874671936,0.7467591762542725,0.7778715491294861,0.8087233901023865,0.805669903755188,0.6998516321182251
2025-01-22 00:04:57,0.3923288881778717,0.6670508980751038,0.7464569807052612,0.7773957252502441,0.8081564903259277,0.8052611947059631,0.6996067762374878
2025-01-22 00:04:56,0.3923916518688202,0.6673303842544556,0.7466493844985962,0.7776000499725342,0.8082935214042664,0.8053114414215088,0.6996456384658813
2025-01-22 00:04:55,0.3924543857574463,0.6676098108291626,0.7468417286872864,0.7778043746948242,0.808430552482605,0.8053617477416992,0.6996845006942749
2025-01-22 00:04:54,0.3925171494483948,0.6678892970085144,0.7470340728759766,0.778008759021759,0.8085675835609436,0.8054120540618896,0.6997233629226685
2025-01-22 00:04:53,0.39257991313934326,0.6681687831878662,0.7472264766693115,0.7782130837440491,0.8087046146392822,0.8054623007774353,0.699762225151062
2025-01-22 00:04:52,0.3925684988498688,0.6680819392204285,0.7472378611564636,0.7781962156295776,0.8090780377388,0.8058517575263977,0.7001254558563232
2025-01-22 00:04:51,0.3925571143627167,0.6679951548576355,0.747249186038971,0.7781793475151062,0.8094514012336731,0.8062412142753601,0.7004887461662292
2025-01-22 00:04:50,0.3925457000732422,0.6679083108901978,0.747260570526123,0.7781624794006348,0.8098248243331909,0.8066306710243225,0.7008519768714905
2025-01-22 00:04:49,0.3925192058086395,0.6678151488304138,0.7471303343772888,0.7780328392982483,0.8096346259117126,0.8064371943473816,0.7006388306617737
2025-01-22 00:04:48,0.39249271154403687,0.6677220463752747,0.7470000982284546,0.777903139591217,0.8094444274902344,0.8062437176704407,0.7004256844520569
2025-01-22 00:04:47,0.3924662172794342,0.6676288843154907,0.7468698620796204,0.7777734994888306,0.8092542290687561,0.8060502409934998,0.7002125382423401
2025-01-22 00:04:46,0.39243969321250916,0.6675357222557068,0.7467396855354309,0.7776437997817993,0.8090639710426331,0.8058567047119141,0.6999994516372681
2025-01-22 00:04:45,0.3924131989479065,0.6674425601959229,0.7466094493865967,0.7775141596794128,0.8088737726211548,0.8056632280349731,0.6997863054275513
2025-01-22 00:04:44,0.39238670468330383,0.6673494577407837,0.7464792132377625,0.7773844599723816,0.8086835741996765,0.8054697513580322,0.6995731592178345
2025-01-22 00:04:43,0.39236021041870117,0.6672562956809998,0.7463489770889282,0.7772548198699951,0.8084933757781982,0.8052762746810913,0.6993600130081177
2025-01-22 00:04:42,0.39240360260009766,0.6674516201019287,0.7464756369590759,0.7773575782775879,0.8086110353469849,0.8053181171417236,0.6994022727012634
2025-01-22 00:04:41,0.39244696497917175,0.6676468849182129,0.7466022968292236,0.7774603366851807,0.8087286949157715,0.8053600192070007,0.6994444727897644
2025-01-22 00:04:40,0.39249035716056824,0.6678422093391418,0.7467288970947266,0.7775631546974182,0.8088463544845581,0.8054018616676331,0.6994867324829102
2025-01-22 00:04:39,0.39253371953964233,0.668037474155426,0.7468555569648743,0.777665913105011,0.8089640140533447,0.8054437637329102,0.6995289325714111
2025-01-22 00:04:38,0.3925771117210388,0.668232798576355,0.746982216835022,0.7777686715126038,0.8090816736221313,0.8054856061935425,0.6995711922645569
2025-01-22 00:04:37,0.3924725651741028,0.6678997278213501,0.7467906475067139,0.7775799036026001,0.8086493015289307,0.8052977323532104,0.6993997097015381
2025-01-22 00:04:36,0.39236798882484436,0.6675665974617004,0.746599018573761,0.7773910760879517,0.8082169890403748,0.8051099181175232,0.6992282271385193
2025-01-22 00:04:35,0.39265570044517517,0.6682850122451782,0.7472829222679138,0.7785385847091675,0.809521496295929,0.8060433268547058,0.6998109221458435
2025-01-22 00:04:34,0.3928801119327545,0.6687973737716675,0.748120903968811,0.7794923782348633,0.8106536269187927,0.8070183992385864,0.7004172801971436
2025-01-22 00:04:33,0.3927941918373108,0.668451726436615,0.7475289702415466,0.7785559296607971,0.8090999722480774,0.8059688806533813,0.7000125050544739
2025-01-22 00:04:32,0.39292770624160767,0.6678190231323242,0.747487485408783,0.7781028747558594,0.8087912797927856,0.8055816888809204,0.6997985243797302
2025-01-22 00:04:31,0.3927749991416931,0.6677563190460205,0.7471230030059814,0.7780181765556335,0.8085651993751526,0.8055337071418762,0.6996070146560669
2025-01-22 00:04:30,0.3926592469215393,0.6676526069641113,0.7470296025276184,0.7780317068099976,0.8086945414543152,0.8056747913360596,0.699699878692627
2025-01-22 00:04:29,0.3925434648990631,0.6675488352775574,0.7469362020492554,0.7780452966690063,0.8088238835334778,0.8058158159255981,0.699792742729187
2025-01-22 00:04:28,0.3924277126789093,0.6674451231956482,0.7468428015708923,0.7780588269233704,0.8089532256126404,0.8059569001197815,0.6998856067657471
2025-01-22 00:04:27,0.3924575746059418,0.6675369143486023,0.7469068169593811,0.7781248092651367,0.8090810775756836,0.8060100078582764,0.6999562978744507
2025-01-22 00:04:26,0.39248743653297424,0.6676287055015564,0.7469708323478699,0.7781907320022583,0.8092089891433716,0.8060631155967712,0.7000269293785095
2025-01-22 00:04:25,0.3925173282623291,0.6677204966545105,0.7470349073410034,0.7782567143440247,0.8093368411064148,0.8061162233352661,0.7000976204872131
2025-01-22 00:04:24,0.3925471901893616,0.6678122878074646,0.7470989227294922,0.778322696685791,0.809464693069458,0.806169331073761,0.700168251991272
2025-01-22 00:04:23,0.39257705211639404,0.6679040193557739,0.747162938117981,0.7783886194229126,0.809592604637146,0.8062224388122559,0.7002389430999756
2025-01-22 00:04:22,0.3926069140434265,0.667995810508728,0.7472269535064697,0.778454601764679,0.8097204566001892,0.8062755465507507,0.7003096342086792
2025-01-22 00:04:21,0.392636775970459,0.6680876016616821,0.7472909688949585,0.7785205841064453,0.8098483085632324,0.8063286542892456,0.700380265712738
2025-01-22 00:04:20,0.39266666769981384,0.6681793928146362,0.747355043888092,0.7785865664482117,0.8099761605262756,0.8063817620277405,0.7004509568214417
2025-01-22 00:04:19,0.3926965296268463,0.6682711839675903,0.7474190592765808,0.7786524891853333,0.8101040720939636,0.8064348697662354,0.7005215883255005
2025-01-22 00:04:18,0.3927263915538788,0.6683629751205444,0.7474830746650696,0.7787184715270996,0.8102319240570068,0.8064879775047302,0.7005922794342041
2025-01-22 00:04:17,0.39256083965301514,0.6679533123970032,0.747044563293457,0.7782042622566223,0.8096953630447388,0.8060966730117798,0.7002152800559998
2025-01-22 00:04:16,0.3923953175544739,0.6675436496734619,0.7466059923171997,0.777690052986145,0.8091588020324707,0.8057054281234741,0.6998382806777954
2025-01-22 00:04:15,0.39222976565361023,0.6671339869499207,0.7461674213409424,0.777175784111023,0.8086221814155579,0.8053141236305237,0.6994612812995911
2025-01-22 00:04:14,0.3920642137527466,0.6667243242263794,0.7457289099693298,0.7766615748405457,0.8080856204032898,0.8049228191375732,0.6990842819213867
2025-01-22 00:04:13,0.3922656178474426,0.6671262383460999,0.7460588812828064,0.7770755887031555,0.808181881904602,0.8049882650375366,0.6993046998977661
2025-01-22 00:04:12,0.3924669921398163,0.6675282120704651,0.7463889122009277,0.7774896621704102,0.8082781434059143,0.8050536513328552,0.6995251774787903
2025-01-22 00:04:11,0.39266839623451233,0.6679301261901855,0.7467188835144043,0.77790367603302,0.8083744049072266,0.8051190376281738,0.6997455954551697
2025-01-22 00:04:10,0.3925890624523163,0.6677331924438477,0.7466517686843872,0.7778249382972717,0.8084706664085388,0.8051844835281372,0.6996753215789795
2025-01-22 00:04:09,0.3925097584724426,0.6675363183021545,0.7465847134590149,0.7777461409568787,0.8085669279098511,0.8052499294281006,0.6996049880981445
2025-01-22 00:04:08,0.3924304246902466,0.6673393845558167,0.7465175986289978,0.7776674032211304,0.8086631894111633,0.8053153157234192,0.6995347142219543
2025-01-22 00:04:07,0.39235109090805054,0.6679955720901489,0.7469140291213989,0.778063178062439,0.8087862133979797,0.8055105209350586,0.6996819972991943
2025-01-22 00:04:06,0.39229246973991394,0.6675342321395874,0.7464469075202942,0.7774094939231873,0.8083158135414124,0.8051390051841736,0.6992431879043579
2025-01-22 00:04:05,0.39223381876945496,0.6670729517936707,0.7459797263145447,0.7767558097839355,0.8078454732894897,0.8047674298286438,0.6988043189048767
2025-01-22 00:04:04,0.39217519760131836,0.6666116118431091,0.7455126047134399,0.7761021256446838,0.8073750734329224,0.8043959140777588,0.6983655095100403
2025-01-22 00:04:03,0.3923025131225586,0.66732257604599,0.7467778921127319,0.7778081297874451,0.8083372116088867,0.8049777150154114,0.6991580128669739
2025-01-22 00:04:02,0.392410010099411,0.6677244901657104,0.7467389702796936,0.7777854800224304,0.8088297843933105,0.8053721189498901,0.7002161741256714
2025-01-22 00:04:01,0.39228951930999756,0.6673955321311951,0.7463971376419067,0.7774583101272583,0.8085219860076904,0.8052053451538086,0.6996234655380249
2025-01-22 00:04:00,0.3921689987182617,0.6670665740966797,0.7460553050041199,0.777131199836731,0.8082141876220703,0.805038571357727,0.6990308165550232
2025-01-22 00:03:59,0.3922177851200104,0.6669027805328369,0.7458745241165161,0.7766578793525696,0.8074334263801575,0.8044223189353943,0.6988828182220459
2025-01-22 00:03:58,0.3922218084335327,0.6669114828109741,0.7459200024604797,0.7767120599746704,0.8075227737426758,0.8045088648796082,0.6989237666130066
2025-01-22 00:03:57,0.39222583174705505,0.6669201850891113,0.7459654808044434,0.7767662405967712,0.8076121807098389,0.8045954704284668,0.6989646553993225
2025-01-22 00:03:56,0.3922298550605774,0.6669288873672485,0.746010959148407,0.7768204212188721,0.8077015280723572,0.8046820163726807,0.6990056037902832
2025-01-22 00:03:55,0.3922339081764221,0.6669375896453857,0.7460564970970154,0.7768746018409729,0.8077908754348755,0.8047686219215393,0.6990464925765991
2025-01-22 00:03:54,0.39223793148994446,0.666946291923523,0.746101975440979,0.7769287824630737,0.8078802227973938,0.8048551678657532,0.6990874409675598
2025-01-22 00:03:53,0.3922419548034668,0.6669549942016602,0.7461474537849426,0.7769829630851746,0.8079696297645569,0.8049417734146118,0.6991283893585205
2025-01-22 00:03:52,0.39224597811698914,0.6669636964797974,0.7461929321289062,0.7770371437072754,0.8080589771270752,0.8050283193588257,0.6991692781448364
2025-01-22 00:03:51,0.3922500014305115,0.6669723987579346,0.7462384104728699,0.7770912647247314,0.8081483244895935,0.8051149249076843,0.6992102265357971
2025-01-22 00:03:50,0.3922540247440338,0.6669811010360718,0.7462838888168335,0.7771454453468323,0.8082376718521118,0.8052014708518982,0.699251115322113
2025-01-22 00:03:49,0.39225804805755615,0.666989803314209,0.7463293671607971,0.7771996259689331,0.8083270788192749,0.8052880764007568,0.6992920637130737
2025-01-22 00:03:48,0.3922620713710785,0.6669985055923462,0.7463748455047607,0.7772538065910339,0.8084164261817932,0.8053746223449707,0.6993330121040344
2025-01-22 00:03:47,0.3922661244869232,0.6670072078704834,0.7464203834533691,0.7773079872131348,0.8085057735443115,0.8054612278938293,0.6993739008903503
2025-01-22 00:03:46,0.39227014780044556,0.6670159101486206,0.7464658617973328,0.7773621678352356,0.8085951209068298,0.8055477738380432,0.699414849281311
2025-01-22 00:03:45,0.3922741711139679,0.6670246124267578,0.7465113401412964,0.7774163484573364,0.8086845278739929,0.8056343793869019,0.699455738067627
2025-01-22 00:03:44,0.39227819442749023,0.667033314704895,0.74655681848526,0.7774705290794373,0.8087738752365112,0.8057209253311157,0.6994966864585876
2025-01-22 00:03:43,0.39230620861053467,0.6671198606491089,0.7465514540672302,0.7774747014045715,0.8086364269256592,0.8055887818336487,0.6995318531990051
2025-01-22 00:03:42,0.3923342525959015,0.6672064661979675,0.7465461492538452,0.7774788737297058,0.8084990382194519,0.8054566383361816,0.6995669603347778
2025-01-22 00:03:41,0.3923622965812683,0.6672930717468262,0.7465407848358154,0.7774830460548401,0.8083616495132446,0.8053245544433594,0.6996021270751953
2025-01-22 00:03:40,0.39239031076431274,0.66737961769104,0.7465354204177856,0.7774872183799744,0.8082242012023926,0.8051924109458923,0.6996372938156128
2025-01-22 00:03:39,0.3925245702266693,0.66757732629776,0.7467060089111328,0.7776563763618469,0.8083532452583313,0.8052419424057007,0.6998002529144287
2025-01-22 00:03:38,0.3926588296890259,0.66777503490448,0.7468766570091248,0.7778255939483643,0.80848228931427,0.805291473865509,0.6999632120132446
2025-01-22 00:03:37,0.39279308915138245,0.6679728031158447,0.7470472455024719,0.7779947519302368,0.8086113929748535,0.8053409457206726,0.7001261711120605
2025-01-22 00:03:36,0.392927348613739,0.6681705117225647,0.7472178936004639,0.7781639695167542,0.8087404370307922,0.805390477180481,0.7002891302108765
2025-01-22 00:03:35,0.3930616080760956,0.6683682203292847,0.747388482093811,0.7783331274986267,0.808869481086731,0.8054400086402893,0.7004520893096924
2025-01-22 00:03:34,0.3928666412830353,0.6681351661682129,0.7472015023231506,0.7782924771308899,0.8090656995773315,0.8055975437164307,0.7006031274795532
2025-01-22 00:03:33,0.392671674489975,0.6679021716117859,0.7470144629478455,0.7782517671585083,0.8092618584632874,0.805755078792572,0.7007541656494141
2025-01-22 00:03:32,0.3924767076969147,0.6676691174507141,0.7468274831771851,0.7782111167907715,0.8094580769538879,0.8059126138687134,0.7009052038192749
2025-01-22 00:03:31,0.39228445291519165,0.667406439781189,0.7465417981147766,0.7778295278549194,0.8090791702270508,0.8055845499038696,0.7005710601806641
2025-01-22 00:03:30,0.39209219813346863,0.6671438217163086,0.7462561130523682,0.7774478793144226,0.8087003231048584,0.8052564263343811,0.7002369165420532
2025-01-22 00:03:29,0.3919260501861572,0.6668646335601807,0.7459838390350342,0.7771744132041931,0.8083935379981995,0.8051043748855591,0.6999813914299011
2025-01-22 00:03:28,0.3917599022388458,0.6665855050086975,0.7457115650177002,0.7769009470939636,0.8080868124961853,0.8049523234367371,0.6997258067131042
2025-01-22 00:03:27,0.3915937840938568,0.6663063168525696,0.7454392313957214,0.7766274213790894,0.8077800273895264,0.8048002123832703,0.6994702816009521
2025-01-22 00:03:26,0.3914276361465454,0.6660271883010864,0.7451669573783875,0.7763539552688599,0.8074733018875122,0.8046481609344482,0.6992146968841553
2025-01-22 00:03:25,0.391261488199234,0.6657480001449585,0.7448946833610535,0.7760804891586304,0.8071665167808533,0.8044961094856262,0.6989591717720032
2025-01-22 00:03:24,0.392236590385437,0.6677423119544983,0.7470139861106873,0.7776337265968323,0.8087561726570129,0.8053333759307861,0.6992949843406677
2025-01-22 00:03:23,0.3922748565673828,0.667544960975647,0.7468287348747253,0.7776191830635071,0.8087937831878662,0.8054361343383789,0.6993424892425537
2025-01-22 00:03:22,0.3923130929470062,0.6673476099967957,0.7466434836387634,0.7776046991348267,0.8088314533233643,0.8055388927459717,0.6993899345397949
2025-01-22 00:03:21,0.39235132932662964,0.6671502590179443,0.7464582324028015,0.7775901556015015,0.8088690638542175,0.8056416511535645,0.6994373798370361
2025-01-22 00:03:20,0.39238959550857544,0.666952908039093,0.7462729811668396,0.7775756120681763,0.8089066743850708,0.8057444095611572,0.6994848847389221
2025-01-22 00:03:19,0.3923945426940918,0.6669794917106628,0.746276319026947,0.7775487899780273,0.8088132739067078,0.805674135684967,0.6995015740394592
2025-01-22 00:03:18,0.39239948987960815,0.6670060753822327,0.7462796568870544,0.7775220274925232,0.8087198734283447,0.8056038618087769,0.6995182633399963
2025-01-22 00:03:17,0.3924044072628021,0.6670326590538025,0.7462829947471619,0.777495265007019,0.8086264729499817,0.8055335879325867,0.6995349526405334
2025-01-22 00:03:16,0.3924093544483185,0.6670592427253723,0.7462863326072693,0.7774684429168701,0.8085330724716187,0.8054633140563965,0.6995516419410706
2025-01-22 00:03:15,0.39241430163383484,0.6670857667922974,0.7462897300720215,0.7774416208267212,0.8084396123886108,0.8053930401802063,0.6995682716369629
2025-01-22 00:03:14,0.3924192488193512,0.6671123504638672,0.7462930679321289,0.777414858341217,0.8083462119102478,0.8053227663040161,0.6995849609375
2025-01-22 00:03:13,0.39242419600486755,0.667138934135437,0.7462964057922363,0.7773880958557129,0.8082528114318848,0.8052524924278259,0.6996016502380371
2025-01-22 00:03:12,0.3924291133880615,0.6671655178070068,0.7462997436523438,0.777361273765564,0.8081594109535217,0.8051822185516357,0.6996183395385742
2025-01-22 00:03:11,0.3924340605735779,0.6671921014785767,0.7463030815124512,0.777334451675415,0.8080660104751587,0.8051119446754456,0.6996350288391113
2025-01-22 00:03:10,0.39243900775909424,0.6672186851501465,0.7463064193725586,0.7773076891899109,0.8079726099967957,0.8050416707992554,0.6996517181396484
2025-01-22 00:03:09,0.392353892326355,0.6671783924102783,0.7462442517280579,0.7772308588027954,0.8079129457473755,0.8050040602684021,0.6994568705558777
2025-01-22 00:03:08,0.39226874709129333,0.6671380400657654,0.7461820840835571,0.7771540880203247,0.8078533411026001,0.8049664497375488,0.6992620229721069
2025-01-22 00:03:07,0.3921836018562317,0.6670976877212524,0.7461198568344116,0.7770772576332092,0.8077936768531799,0.8049288392066956,0.6990671753883362
2025-01-22 00:03:06,0.39209848642349243,0.6670573949813843,0.7460576891899109,0.7770004272460938,0.8077340126037598,0.8048912286758423,0.6988723278045654
2025-01-22 00:03:05,0.39213788509368896,0.667117178440094,0.7461501955986023,0.7770588994026184,0.8078240752220154,0.8049452304840088,0.6989614963531494
2025-01-22 00:03:04,0.3921772837638855,0.6671769618988037,0.7462427020072937,0.7771173715591431,0.8079140782356262,0.8049992918968201,0.6990506649017334
2025-01-22 00:03:03,0.39221665263175964,0.6672366857528687,0.7463352084159851,0.777175784111023,0.8080041408538818,0.8050532937049866,0.6991398334503174
2025-01-22 00:03:02,0.3922560513019562,0.6672964692115784,0.7464277148246765,0.7772342562675476,0.8080941438674927,0.8051073551177979,0.6992290019989014
2025-01-22 00:03:01,0.3922954499721527,0.6673562526702881,0.7465201616287231,0.7772927284240723,0.8081842064857483,0.8051613569259644,0.6993181705474854
2025-01-22 00:03:00,0.39233484864234924,0.6674160361289978,0.7466126680374146,0.7773512005805969,0.8082742691040039,0.8052153587341309,0.6994073390960693
2025-01-22 00:02:59,0.3923742473125458,0.6674758195877075,0.746705174446106,0.7774096727371216,0.8083642721176147,0.8052694201469421,0.6994965076446533
2025-01-22 00:02:58,0.3924136161804199,0.6675355434417725,0.7467976808547974,0.7774680852890015,0.8084543347358704,0.8053234219551086,0.6995856761932373
2025-01-22 00:02:57,0.39245301485061646,0.6675953269004822,0.7468901872634888,0.7775265574455261,0.8085443377494812,0.8053774833679199,0.6996748447418213
2025-01-22 00:02:56,0.392492413520813,0.6676551103591919,0.7469826936721802,0.7775850296020508,0.8086344003677368,0.8054314851760864,0.6997640132904053
2025-01-22 00:02:55,0.3918811082839966,0.6667647957801819,0.7458646893501282,0.7768617868423462,0.8077895045280457,0.8046432137489319,0.6993713974952698
2025-01-22 00:02:54,0.3917892873287201,0.6667845249176025,0.7459797263145447,0.7771499752998352,0.8084250092506409,0.8052123188972473,0.6997780799865723
2025-01-22 00:02:53,0.391690194606781,0.6666539907455444,0.745793342590332,0.7770008444786072,0.8082655668258667,0.8050660490989685,0.6997128129005432
2025-01-22 00:02:52,0.39159107208251953,0.6665234565734863,0.7456068992614746,0.7768517732620239,0.8081060647964478,0.8049198389053345,0.6996475458145142
2025-01-22 00:02:51,0.39149197936058044,0.6663929224014282,0.7454204559326172,0.7767026424407959,0.8079465627670288,0.8047735691070557,0.6995822787284851
2025-01-22 00:02:50,0.39139288663864136,0.6662623882293701,0.7452340722084045,0.7765535116195679,0.8077871203422546,0.8046272993087769,0.699517011642456
2025-01-22 00:02:49,0.39179208874702454,0.6667863130569458,0.7458441257476807,0.777087926864624,0.8079876899719238,0.8048946857452393,0.6997706890106201
2025-01-22 00:02:48,0.39194682240486145,0.6671441197395325,0.7462672591209412,0.7774471044540405,0.8083327412605286,0.805228054523468,0.6999579071998596
2025-01-22 00:02:47,0.39210155606269836,0.6675018668174744,0.7466903924942017,0.7778063416481018,0.8086778521537781,0.8055614233016968,0.7001450657844543
2025-01-22 00:02:46,0.3922562897205353,0.667859673500061,0.7471135258674622,0.7781655192375183,0.8090229034423828,0.8058947920799255,0.7003322839736938
2025-01-22 00:02:45,0.39217355847358704,0.6675992012023926,0.7467954754829407,0.7777596116065979,0.8085337281227112,0.8054263591766357,0.699895441532135
2025-01-22 00:02:44,0.3920908272266388,0.6673387289047241,0.746477484703064,0.7773537039756775,0.8080444931983948,0.804957926273346,0.6994585990905762
2025-01-22 00:02:43,0.39200806617736816,0.6670783162117004,0.7461594343185425,0.7769477963447571,0.8075553178787231,0.8044894933700562,0.6990217566490173
2025-01-22 00:02:42,0.3919253349304199,0.666817843914032,0.7458414435386658,0.7765418887138367,0.8070660829544067,0.8040210604667664,0.6985849142074585
2025-01-22 00:02:41,0.3918426036834717,0.6665573716163635,0.7455233931541443,0.7761359810829163,0.8065769076347351,0.8035526275634766,0.6981480717658997
2025-01-22 00:02:40,0.39181753993034363,0.6665133833885193,0.7455180883407593,0.7761629819869995,0.8066762685775757,0.8036724328994751,0.6982432007789612
2025-01-22 00:02:39,0.3917924463748932,0.6664694547653198,0.7455127239227295,0.776189923286438,0.806775689125061,0.8037922382354736,0.6983383893966675
2025-01-22 00:02:38,0.39176738262176514,0.6664254665374756,0.7455073595046997,0.7762169241905212,0.8068750500679016,0.8039120435714722,0.698433518409729
2025-01-22 00:02:37,0.3917422890663147,0.6663814783096313,0.7455020546913147,0.7762439250946045,0.8069744110107422,0.8040318489074707,0.6985286474227905
2025-01-22 00:02:36,0.39171722531318665,0.6663374900817871,0.7454967498779297,0.776270866394043,0.8070738315582275,0.8041515946388245,0.698623776435852
2025-01-22 00:02:35,0.3916921615600586,0.6662935018539429,0.7454913854598999,0.7762978672981262,0.8071731925010681,0.804271399974823,0.6987189054489136
2025-01-22 00:02:34,0.39166706800460815,0.6662495732307434,0.7454860210418701,0.7763248085975647,0.8072726130485535,0.8043912053108215,0.6988140940666199
2025-01-22 00:02:33,0.3916420042514801,0.6662055850028992,0.7454807162284851,0.776351809501648,0.807371973991394,0.8045110106468201,0.6989092230796814
2025-01-22 00:02:32,0.39173761010169983,0.6663782000541687,0.7456215023994446,0.776522159576416,0.8075478076934814,0.8046665191650391,0.6989677548408508
2025-01-22 00:02:31,0.39183318614959717,0.666550874710083,0.7457623481750488,0.7766925692558289,0.8077235817909241,0.8048219680786133,0.699026346206665
2025-01-22 00:02:30,0.3919287919998169,0.6667234897613525,0.7459031343460083,0.7768629789352417,0.8078993558883667,0.8049774765968323,0.6990848779678345
2025-01-22 00:02:29,0.3920243978500366,0.6668961048126221,0.7460439205169678,0.7770333290100098,0.8080751895904541,0.8051329851150513,0.6991434097290039
2025-01-22 00:02:28,0.3919336199760437,0.6668061017990112,0.7458720207214355,0.7766399383544922,0.8075152635574341,0.8045955896377563,0.6988109946250916
2025-01-22 00:02:27,0.3918428122997284,0.6667160987854004,0.7457001209259033,0.7762464880943298,0.8069552779197693,0.8040581941604614,0.6984785795211792
2025-01-22 00:02:26,0.3922637104988098,0.6674485206604004,0.7463899850845337,0.7775071263313293,0.8085616827011108,0.8054097294807434,0.6993250846862793
2025-01-22 00:02:25,0.39262399077415466,0.6679658889770508,0.7473366856575012,0.7782999873161316,0.8089730143547058,0.8059893250465393,0.699568510055542
2025-01-22 00:02:24,0.39212968945503235,0.667201817035675,0.7464501261711121,0.7772496938705444,0.8084980249404907,0.8053120970726013,0.6991134285926819
2025-01-22 00:02:23,0.3919787108898163,0.6670525074005127,0.7461001873016357,0.7770017981529236,0.8082081079483032,0.8051770925521851,0.6989439725875854
2025-01-22 00:02:22,0.39200663566589355,0.6668621897697449,0.7459839582443237,0.7767539620399475,0.8078732490539551,0.8048043847084045,0.6987565755844116
2025-01-22 00:02:21,0.3920345902442932,0.666671872138977,0.7458677291870117,0.7765061259269714,0.8075383901596069,0.804431676864624,0.6985691785812378
2025-01-22 00:02:20,0.39199748635292053,0.6670886874198914,0.7460770010948181,0.7771090269088745,0.8083230257034302,0.8053132891654968,0.6991456747055054
2025-01-22 00:02:19,0.39191314578056335,0.6665705442428589,0.7456247806549072,0.7764670848846436,0.8071683049201965,0.8043474555015564,0.6985095739364624
2025-01-22 00:02:18,0.3918288052082062,0.6660524010658264,0.7451726198196411,0.7758252024650574,0.8060135841369629,0.803381621837616,0.6978734135627747
2025-01-22 00:02:17,0.3921981751918793,0.6668859720230103,0.7460747361183167,0.7768325805664062,0.807255744934082,0.8043286800384521,0.6986192464828491
2025-01-22 00:02:16,0.39256751537323,0.6677196025848389,0.746976912021637,0.7778398990631104,0.808497965335846,0.8052757382392883,0.6993651390075684
2025-01-22 00:02:15,0.3929368853569031,0.6685531735420227,0.7478790283203125,0.7788472771644592,0.8097401261329651,0.8062227964401245,0.7001109719276428
2025-01-22 00:02:14,0.3923856019973755,0.6681275963783264,0.7475743889808655,0.7782797813415527,0.8092681765556335,0.8062543272972107,0.6997995972633362
2025-01-22 00:02:13,0.3922295570373535,0.667495608329773,0.7468979358673096,0.7775967121124268,0.8083962798118591,0.8054203391075134,0.6993414759635925
2025-01-22 00:02:12,0.39207354187965393,0.6668635606765747,0.7462215423583984,0.7769136428833008,0.8075243234634399,0.8045862913131714,0.6988834142684937
2025-01-22 00:02:11,0.39191749691963196,0.6662315726280212,0.7455450892448425,0.7762305736541748,0.8066524267196655,0.8037523031234741,0.69842529296875
2025-01-22 00:02:10,0.3920133411884308,0.6665893793106079,0.7457244396209717,0.7764869928359985,0.8069839477539062,0.8039987087249756,0.6985217332839966
2025-01-22 00:02:09,0.3921091854572296,0.6669471859931946,0.7459037899971008,0.776743471622467,0.8073154091835022,0.8042451739311218,0.6986181735992432
2025-01-22 00:02:08,0.39208102226257324,0.6668955087661743,0.7460598349571228,0.7769919633865356,0.8078199625015259,0.8046351671218872,0.698836624622345
2025-01-22 00:02:07,0.39205288887023926,0.6668437719345093,0.7462158799171448,0.7772403955459595,0.8083245754241943,0.8050252199172974,0.6990550756454468
2025-01-22 00:02:06,0.39177611470222473,0.6665268540382385,0.7458272576332092,0.7768892645835876,0.8079268932342529,0.8046984076499939,0.6989113092422485
2025-01-22 00:02:05,0.3914993405342102,0.6662099361419678,0.7454386949539185,0.7765381336212158,0.8075292110443115,0.8043715953826904,0.6987674832344055
2025-01-22 00:02:04,0.3912225365638733,0.6658929586410522,0.7450500726699829,0.7761869430541992,0.8071315884590149,0.8040448427200317,0.6986237168312073
2025-01-22 00:02:03,0.39094576239585876,0.6655760407447815,0.7446615099906921,0.7758358120918274,0.8067339062690735,0.8037180304527283,0.6984798908233643
2025-01-22 00:02:02,0.39066898822784424,0.6652591228485107,0.7442728877067566,0.7754846811294556,0.8063362240791321,0.8033912181854248,0.698336124420166
2025-01-22 00:02:01,0.391720712184906,0.6656206250190735,0.7443869709968567,0.7753512859344482,0.8063796162605286,0.8032385110855103,0.6981375217437744
2025-01-22 00:02:00,0.3913280963897705,0.665311336517334,0.7443143129348755,0.7752522826194763,0.806175947189331,0.8031094670295715,0.6978877186775208
2025-01-22 00:01:59,0.3909355103969574,0.6650019884109497,0.7442415952682495,0.7751532793045044,0.8059722185134888,0.8029804229736328,0.6976379156112671
2025-01-22 00:01:58,0.3917889893054962,0.6664872169494629,0.7456125020980835,0.7766155004501343,0.8076744079589844,0.8045861721038818,0.6984627842903137
2025-01-22 00:01:57,0.3916792869567871,0.6661260724067688,0.7452772259712219,0.7759501934051514,0.8070976138114929,0.8038508892059326,0.6981930732727051
2025-01-22 00:01:56,0.3916498124599457,0.6663944721221924,0.7454069256782532,0.7762953042984009,0.8077011108398438,0.8045052289962769,0.6987990736961365
2025-01-22 00:01:55,0.391620010137558,0.6664276719093323,0.7455688714981079,0.7768146991729736,0.8072763085365295,0.8042150139808655,0.6985430121421814
2025-01-22 00:01:54,0.39150330424308777,0.6662641167640686,0.7454609274864197,0.7768678069114685,0.8078585267066956,0.8047742247581482,0.69844651222229
2025-01-22 00:01:53,0.39131060242652893,0.6658133268356323,0.744838297367096,0.775628387928009,0.8074501752853394,0.8043578267097473,0.6978322267532349
2025-01-22 00:01:52,0.39123812317848206,0.6656273603439331,0.7447766065597534,0.775637686252594,0.8071897029876709,0.8041011095046997,0.6979171633720398
2025-01-22 00:01:51,0.39116567373275757,0.6654413938522339,0.7447149753570557,0.7756469249725342,0.8069292902946472,0.8038443922996521,0.6980020403862
2025-01-22 00:01:50,0.3910931944847107,0.6652554273605347,0.7446532845497131,0.7756562232971191,0.8066688179969788,0.8035876750946045,0.6980869770050049
2025-01-22 00:01:49,0.39163270592689514,0.6661397814750671,0.7454314231872559,0.7764574885368347,0.8078358173370361,0.8044487833976746,0.6987419724464417
2025-01-22 00:01:48,0.3915826082229614,0.6660517454147339,0.7453045845031738,0.7763906717300415,0.8076773881912231,0.8043495416641235,0.6986504197120667
2025-01-22 00:01:47,0.3915325105190277,0.6659637689590454,0.745177686214447,0.7763238549232483,0.8075188994407654,0.8042502999305725,0.6985588669776917
2025-01-22 00:01:46,0.391482412815094,0.6658757328987122,0.7450507879257202,0.7762570381164551,0.8073604702949524,0.8041510581970215,0.6984673738479614
2025-01-22 00:01:45,0.3914322853088379,0.6657876968383789,0.7449239492416382,0.7761902213096619,0.8072020411491394,0.8040517568588257,0.6983758211135864
2025-01-22 00:01:44,0.3913821876049042,0.6656997203826904,0.7447971105575562,0.7761234045028687,0.8070435523986816,0.8039525151252747,0.6982842683792114
2025-01-22 00:01:43,0.39133208990097046,0.6656116843223572,0.7446702122688293,0.7760565876960754,0.8068851232528687,0.8038532733917236,0.6981927156448364
2025-01-22 00:01:42,0.3918991982936859,0.6664858460426331,0.745560884475708,0.7768612504005432,0.8076862096786499,0.8044371604919434,0.6987631320953369
2025-01-22 00:01:41,0.39246630668640137,0.6673600077629089,0.7464516162872314,0.777665913105011,0.8084872961044312,0.8050209879875183,0.6993334889411926
2025-01-22 00:01:40,0.3921874463558197,0.6670361161231995,0.7463140487670898,0.7772318124771118,0.8081777095794678,0.8049582839012146,0.6992158889770508
2025-01-22 00:01:39,0.39190858602523804,0.66671222448349,0.7461764216423035,0.7767977714538574,0.8078681230545044,0.8048955798149109,0.6990982294082642
2025-01-22 00:01:38,0.39164233207702637,0.6662308573722839,0.7455183267593384,0.7761853337287903,0.8073402643203735,0.8044337630271912,0.6986073851585388
2025-01-22 00:01:37,0.3913760483264923,0.6657494902610779,0.7448601722717285,0.7755728363990784,0.8068123459815979,0.8039720058441162,0.6981165409088135
2025-01-22 00:01:36,0.39110979437828064,0.6652681231498718,0.7442020773887634,0.7749603986740112,0.806284487247467,0.8035101890563965,0.6976256966590881
2025-01-22 00:01:35,0.3920074999332428,0.666709303855896,0.7460575103759766,0.7769849300384521,0.8081426024436951,0.8049198389053345,0.6991857290267944
2025-01-22 00:01:34,0.39290520548820496,0.6681504845619202,0.7479128837585449,0.7790095210075378,0.8100007176399231,0.8063294887542725,0.7007458209991455
2025-01-22 00:01:33,0.3920050859451294,0.6669551730155945,0.7463415861129761,0.7772715091705322,0.8082631230354309,0.8051381707191467,0.6998329758644104
2025-01-22 00:01:32,0.39169830083847046,0.6665313839912415,0.7459682822227478,0.777035653591156,0.808042049407959,0.8050262928009033,0.6995382308959961
2025-01-22 00:01:31,0.39139148592948914,0.6661075949668884,0.7455949783325195,0.7767997980117798,0.8078209161758423,0.8049144744873047,0.699243426322937
2025-01-22 00:01:30,0.3913171887397766,0.6659500598907471,0.7452509999275208,0.776496171951294,0.8077411651611328,0.8047008514404297,0.698997974395752
2025-01-22 00:01:29,0.3912428915500641,0.6657925248146057,0.744907021522522,0.7761924862861633,0.8076614737510681,0.8044872283935547,0.6987525224685669
2025-01-22 00:01:28,0.39199090003967285,0.666715681552887,0.7460507750511169,0.7771003842353821,0.808042585849762,0.8050708174705505,0.6989684104919434
2025-01-22 00:01:27,0.39144080877304077,0.6661676168441772,0.7451984882354736,0.776265025138855,0.8078494071960449,0.8049051761627197,0.6992533206939697
2025-01-22 00:01:26,0.3922874927520752,0.6674428582191467,0.7465524673461914,0.7777665853500366,0.8091505169868469,0.8057757616043091,0.6996313333511353
2025-01-22 00:01:25,0.393134206533432,0.6687180995941162,0.7479063868522644,0.779268205165863,0.8104516267776489,0.8066464066505432,0.7000094056129456
2025-01-22 00:01:24,0.39219409227371216,0.6671627759933472,0.7467879056930542,0.7780579924583435,0.8089689016342163,0.8060793280601501,0.699547290802002
2025-01-22 00:01:23,0.39256688952445984,0.6677493453025818,0.747061014175415,0.7779597043991089,0.8088223934173584,0.80582195520401,0.6995773911476135
2025-01-22 00:01:22,0.3929396867752075,0.6683359146118164,0.7473341822624207,0.7778614163398743,0.8086758255958557,0.8055645823478699,0.6996074914932251
2025-01-22 00:01:21,0.39181220531463623,0.6664980053901672,0.7458829283714294,0.7774119973182678,0.8081470727920532,0.8048543930053711,0.6992347240447998
2025-01-22 00:01:20,0.3922835886478424,0.6668503880500793,0.7462391257286072,0.7769625782966614,0.8080095052719116,0.8050352931022644,0.6991224884986877
2025-01-22 00:01:19,0.39207151532173157,0.6667110919952393,0.7460684776306152,0.7767567038536072,0.8076887130737305,0.8047364354133606,0.6990759968757629
2025-01-22 00:01:18,0.3918594717979431,0.6665717959403992,0.7458977699279785,0.7765508890151978,0.8073679804801941,0.8044376373291016,0.6990295648574829
2025-01-22 00:01:17,0.3916473984718323,0.6664324998855591,0.7457271218299866,0.7763450145721436,0.8070471882820129,0.8041387796401978,0.6989830732345581
2025-01-22 00:01:16,0.3915935456752777,0.6661806106567383,0.7453986406326294,0.7760723233222961,0.8068951964378357,0.8039752244949341,0.6988924741744995
2025-01-22 00:01:15,0.39153966307640076,0.6659287810325623,0.7450700998306274,0.775799572467804,0.8067432641983032,0.8038116693496704,0.6988018155097961
2025-01-22 00:01:14,0.3914858102798462,0.6656768918037415,0.7447416186332703,0.7755268812179565,0.806591272354126,0.8036481142044067,0.6987112164497375
2025-01-22 00:01:13,0.3914588689804077,0.6656509041786194,0.7447121143341064,0.7755035758018494,0.8065750598907471,0.8036249876022339,0.6986759901046753
2025-01-22 00:01:12,0.3914319574832916,0.6656249165534973,0.7446826100349426,0.7754802703857422,0.8065589070320129,0.8036019206047058,0.6986408233642578
2025-01-22 00:01:11,0.39140501618385315,0.6655989289283752,0.7446531057357788,0.7754569053649902,0.806542694568634,0.803578794002533,0.6986055970191956
2025-01-22 00:01:10,0.3913780748844147,0.665573000907898,0.744623601436615,0.7754335999488831,0.8065264821052551,0.8035556674003601,0.6985704302787781
2025-01-22 00:01:09,0.3913511633872986,0.6655470132827759,0.744594156742096,0.7754102945327759,0.8065102696418762,0.8035325407981873,0.6985352039337158
2025-01-22 00:01:08,0.3913242220878601,0.6655210256576538,0.7445646524429321,0.7753869891166687,0.8064941167831421,0.8035094738006592,0.6985000371932983
2025-01-22 00:01:07,0.39129728078842163,0.6654950380325317,0.7445351481437683,0.7753636240959167,0.8064779043197632,0.8034863471984863,0.6984648108482361
2025-01-22 00:01:06,0.39127036929130554,0.6654690504074097,0.7445056438446045,0.7753403186798096,0.8064616918563843,0.8034632205963135,0.6984295845031738
2025-01-22 00:01:05,0.39124342799186707,0.6654430627822876,0.7444761395454407,0.7753170132637024,0.8064454793930054,0.8034401535987854,0.6983944177627563
2025-01-22 00:01:04,0.3912164866924286,0.6654170751571655,0.7444466352462769,0.7752937078475952,0.8064293265342712,0.8034170269966125,0.6983591914176941
2025-01-22 00:01:03,0.3911895453929901,0.6653911471366882,0.744417130947113,0.7752703428268433,0.8064131140708923,0.8033939003944397,0.6983240246772766
2025-01-22 00:01:02,0.391162633895874,0.6653651595115662,0.7443876266479492,0.7752470374107361,0.8063969016075134,0.8033707737922668,0.6982887983322144
2025-01-22 00:01:01,0.39113569259643555,0.6653391718864441,0.7443581223487854,0.7752237319946289,0.8063806891441345,0.8033477067947388,0.6982536315917969
2025-01-22 00:01:00,0.39110875129699707,0.665313184261322,0.7443286776542664,0.7752004265785217,0.8063645362854004,0.8033245801925659,0.6982184052467346
2025-01-22 00:00:59,0.391081839799881,0.6652871966362,0.7442991733551025,0.7751771211624146,0.8063483238220215,0.8033014535903931,0.6981831789016724
2025-01-22 00:00:58,0.3910548985004425,0.6652612090110779,0.7442696690559387,0.7751537561416626,0.8063321113586426,0.803278386592865,0.6981480121612549
2025-01-22 00:00:57,0.39102795720100403,0.6652352213859558,0.7442401647567749,0.7751304507255554,0.8063158988952637,0.8032552599906921,0.6981127858161926
2025-01-22 00:00:56,0.39100104570388794,0.6652092933654785,0.7442106604576111,0.7751071453094482,0.8062997460365295,0.8032321333885193,0.6980776190757751
2025-01-22 00:00:55,0.39097410440444946,0.6651833057403564,0.7441811561584473,0.7750838398933411,0.8062835335731506,0.8032090067863464,0.6980423927307129
2025-01-22 00:00:54,0.390947163105011,0.6651573181152344,0.7441516518592834,0.7750604748725891,0.8062673211097717,0.8031859397888184,0.6980072259902954
2025-01-22 00:00:53,0.3909202516078949,0.6651313304901123,0.7441221475601196,0.7750371694564819,0.8062511086463928,0.8031628131866455,0.6979719996452332
2025-01-22 00:00:52,0.3908933103084564,0.6651053428649902,0.7440927028656006,0.7750138640403748,0.8062349557876587,0.8031396865844727,0.6979367733001709
2025-01-22 00:00:51,0.39086636900901794,0.6650793552398682,0.7440631985664368,0.7749905586242676,0.8062187433242798,0.8031166195869446,0.6979016065597534
2025-01-22 00:00:50,0.39083945751190186,0.6650533676147461,0.744033694267273,0.7749672532081604,0.8062025308609009,0.8030934929847717,0.6978663802146912
2025-01-22 00:00:49,0.3908125162124634,0.6650274395942688,0.7440041899681091,0.7749438881874084,0.806186318397522,0.8030703663825989,0.6978312134742737
2025-01-22 00:00:48,0.3907855749130249,0.6650014519691467,0.7439746856689453,0.7749205827713013,0.8061701655387878,0.803047239780426,0.6977959871292114
2025-01-22 00:00:47,0.3907586336135864,0.6649754643440247,0.7439451813697815,0.7748972773551941,0.8061539530754089,0.803024172782898,0.697760820388794
2025-01-22 00:00:46,0.39073172211647034,0.6649494767189026,0.7439156770706177,0.7748739719390869,0.80613774061203,0.8030010461807251,0.6977255940437317
2025-01-22 00:00:45,0.39070478081703186,0.6649234890937805,0.7438861727714539,0.774850606918335,0.8061215281486511,0.8029779195785522,0.6976903676986694
2025-01-22 00:00:44,0.3906778395175934,0.6648975014686584,0.74385666847229,0.7748273015022278,0.806105375289917,0.8029548525810242,0.697655200958252
2025-01-22 00:00:43,0.3906509280204773,0.6648715138435364,0.743827223777771,0.7748039960861206,0.8060891628265381,0.8029317259788513,0.6976199746131897
2025-01-22 00:00:42,0.3906239867210388,0.6648455858230591,0.7437977194786072,0.7747806906700134,0.8060729503631592,0.8029085993766785,0.6975848078727722
2025-01-22 00:00:41,0.39059704542160034,0.664819598197937,0.7437682151794434,0.7747573256492615,0.8060567378997803,0.8028854727745056,0.69754958152771
2025-01-22 00:00:40,0.39057013392448425,0.6647936105728149,0.7437387108802795,0.7747340202331543,0.8060405850410461,0.8028624057769775,0.6975144147872925
2025-01-22 00:00:39,0.3905431926250458,0.6647676229476929,0.7437092065811157,0.7747107148170471,0.8060243725776672,0.8028392791748047,0.6974791884422302
2025-01-22 00:00:38,0.3908454477787018,0.6652011275291443,0.7442023754119873,0.7752691507339478,0.8065121173858643,0.8033477663993835,0.6979862451553345
2025-01-22 00:00:37,0.3911477029323578,0.6656346321105957,0.7446956038475037,0.7758276462554932,0.8069998025894165,0.8038562536239624,0.6984933018684387
2025-01-22 00:00:36,0.3914499580860138,0.6660680770874023,0.74518883228302,0.7763860821723938,0.8074875473976135,0.804364800453186,0.699000358581543
2025-01-22 00:00:35,0.3917522132396698,0.6665015816688538,0.7456820011138916,0.7769445180892944,0.8079752922058105,0.8048732876777649,0.6995074152946472
2025-01-22 00:00:34,0.39174404740333557,0.6664541959762573,0.745653510093689,0.7767820358276367,0.8078426122665405,0.8047037720680237,0.6990993618965149
2025-01-22 00:00:33,0.39173585176467896,0.6664068698883057,0.7456250190734863,0.7766194939613342,0.8077099919319153,0.8045341968536377,0.6986912488937378
2025-01-22 00:00:32,0.3917276859283447,0.6663594841957092,0.7455965280532837,0.7764570116996765,0.8075773119926453,0.8043646812438965,0.6982831954956055
2025-01-22 00:00:31,0.39219850301742554,0.6672701835632324,0.7462143898010254,0.7770612239837646,0.8082407712936401,0.8047444224357605,0.6990110278129578
2025-01-22 00:00:30,0.3913447856903076,0.6656544208526611,0.7445955872535706,0.7752553224563599,0.8062372803688049,0.8037517070770264,0.6978942155838013
2025-01-22 00:00:29,0.3918066918849945,0.6663131713867188,0.7456195950508118,0.7768908739089966,0.807903528213501,0.8046876788139343,0.6993539929389954
2025-01-22 00:00:28,0.3918324410915375,0.6664060354232788,0.7456480860710144,0.7769995927810669,0.807869553565979,0.8047353029251099,0.6992274522781372
2025-01-22 00:00:27,0.39185819029808044,0.6664988994598389,0.745676577091217,0.7771083116531372,0.8078355193138123,0.8047829270362854,0.699100911617279
2025-01-22 00:00:26,0.39218032360076904,0.6669577360153198,0.7460875511169434,0.7772434949874878,0.8077200055122375,0.8047332763671875,0.698839545249939
2025-01-22 00:00:25,0.39250248670578003,0.6674165725708008,0.7464985251426697,0.7773786783218384,0.8076044917106628,0.8046836256980896,0.6985781192779541
2025-01-22 00:00:24,0.39107948541641235,0.6656892895698547,0.7448239922523499,0.776154100894928,0.8071544170379639,0.8043500781059265,0.6981934905052185
2025-01-22 00:00:23,0.3911537230014801,0.665746808052063,0.7448400855064392,0.7761821746826172,0.8071684241294861,0.8043360710144043,0.6982913017272949
2025-01-22 00:00:22,0.39122796058654785,0.665804386138916,0.7448562383651733,0.7762103080749512,0.8071824312210083,0.8043220043182373,0.6983890533447266
2025-01-22 00:00:21,0.3913021683692932,0.6658619046211243,0.7448723316192627,0.7762384414672852,0.8071963787078857,0.8043079972267151,0.6984868049621582
2025-01-22 00:00:20,0.39137640595436096,0.6659194231033325,0.744888424873352,0.7762665152549744,0.807210385799408,0.8042939901351929,0.6985846161842346
2025-01-22 00:00:19,0.39178282022476196,0.6663966178894043,0.7454743981361389,0.7764464020729065,0.8071948289871216,0.8043017387390137,0.6983082294464111
2025-01-22 00:00:18,0.3921892046928406,0.6668738722801208,0.7460603713989258,0.7766262888908386,0.8071792125701904,0.8043094873428345,0.6980317831039429
2025-01-22 00:00:17,0.39219433069229126,0.6668572425842285,0.7460129857063293,0.7765547037124634,0.8072840571403503,0.8042613863945007,0.6981192231178284
2025-01-22 00:00:16,0.39219945669174194,0.6668405532836914,0.7459656000137329,0.7764830589294434,0.8073889017105103,0.804213285446167,0.6982066631317139
2025-01-22 00:00:15,0.3922045826911926,0.6668239235877991,0.7459182143211365,0.7764114737510681,0.8074937462806702,0.8041651844978333,0.6982940435409546
2025-01-22 00:00:14,0.3922097086906433,0.6668072938919067,0.74587082862854,0.7763398885726929,0.8075985908508301,0.8041170835494995,0.6983814835548401
2025-01-22 00:00:13,0.39215540885925293,0.6670346260070801,0.746065616607666,0.7769157886505127,0.8078253269195557,0.8048614263534546,0.6988270282745361
2025-01-22 00:00:12,0.3907482922077179,0.6651709079742432,0.7442929148674011,0.7755758762359619,0.8069705963134766,0.8040058016777039,0.6984742879867554
2025-01-22 00:00:11,0.39145177602767944,0.6655855774879456,0.7450847625732422,0.7762199640274048,0.807375431060791,0.8044328689575195,0.698678731918335
2025-01-22 00:00:10,0.3921552896499634,0.666000247001648,0.7458766102790833,0.7768641114234924,0.8077803254127502,0.8048598766326904,0.6988831758499146
2025-01-22 00:00:09,0.3921498656272888,0.6664149165153503,0.7458572387695312,0.7767832279205322,0.807621955871582,0.8045173287391663,0.6984075903892517
2025-01-22 00:00:08,0.39214441180229187,0.6668295860290527,0.745837926864624,0.7767022848129272,0.807463526725769,0.8041747808456421,0.6979320049285889
2025-01-22 00:00:07,0.390747994184494,0.6657689213752747,0.7449275255203247,0.7759233117103577,0.807332456111908,0.8035653829574585,0.6983050107955933
2025-01-22 00:00:06,0.3914300799369812,0.6661782264709473,0.7451130747795105,0.7760735750198364,0.8072013854980469,0.8036558628082275,0.6979790925979614
2025-01-22 00:00:05,0.39211219549179077,0.6665875911712646,0.7452986240386963,0.7762237787246704,0.8070703148841858,0.8037462830543518,0.6976531744003296
2025-01-22 00:00:04,0.3920626938343048,0.6667588353157043,0.7455824017524719,0.7764573097229004,0.8074373602867126,0.8041777014732361,0.6981241106987
2025-01-22 00:00:03,0.39201319217681885,0.6669301390647888,0.7458661198616028,0.7766907811164856,0.8078044652938843,0.8046090602874756,0.6985950469970703
2025-01-22 00:00:02,0.3919636905193329,0.6671013832092285,0.7461498975753784,0.7769243121147156,0.8081715106964111,0.8050404787063599,0.6990659832954407
2025-01-22 00:00:01,0.39211344718933105,0.6669445037841797,0.7460247278213501,0.7768999338150024,0.8080590963363647,0.8047768473625183,0.6988875865936279
2025-01-22 00:00:00,0.3922632038593292,0.6667876243591309,0.7458996176719666,0.7768756151199341,0.8079466819763184,0.8045132160186768,0.6987091898918152
2025-01-21 23:59:59,0.3922773599624634,0.6670105457305908,0.7460117340087891,0.7768419981002808,0.807746171951294,0.8042038679122925,0.6984766721725464
2025-01-21 23:59:58,0.39229148626327515,0.6672335267066956,0.7461239099502563,0.7768083214759827,0.8075457215309143,0.803894579410553,0.6982440948486328
2025-01-21 23:59:57,0.3923337459564209,0.6672537922859192,0.7462144494056702,0.7768714427947998,0.8077015280723572,0.8039806485176086,0.69835364818573
2025-01-21 23:59:56,0.39237603545188904,0.6672741174697876,0.746304988861084,0.7769345641136169,0.8078573942184448,0.8040666580200195,0.6984632611274719
2025-01-21 23:59:55,0.3924182951450348,0.6672943830490112,0.7463955283164978,0.7769976854324341,0.8080132007598877,0.8041527271270752,0.6985728144645691
2025-01-21 23:59:54,0.3923150897026062,0.6672605872154236,0.7467194199562073,0.7776200771331787,0.8085507154464722,0.8053079843521118,0.6991379261016846
2025-01-21 23:59:53,0.3921371102333069,0.6667513251304626,0.7459251880645752,0.7771549224853516,0.8078563809394836,0.8050547242164612,0.6990823745727539
2025-01-21 23:59:52,0.39228782057762146,0.666861891746521,0.7461135387420654,0.7772958874702454,0.807969868183136,0.8050799369812012,0.6991123557090759
2025-01-21 23:59:51,0.39243850111961365,0.6669725179672241,0.7463018298149109,0.7774368524551392,0.8080834150314331,0.8051052093505859,0.6991423964500427
2025-01-21 23:59:50,0.3925892114639282,0.6670830845832825,0.7464901804924011,0.777577817440033,0.8081969022750854,0.8051304221153259,0.6991723775863647
2025-01-21 23:59:49,0.39244720339775085,0.6670339703559875,0.746453583240509,0.777421772480011,0.8081073760986328,0.8049398064613342,0.6991140246391296
2025-01-21 23:59:48,0.3923051953315735,0.6669849157333374,0.7464170455932617,0.7772656679153442,0.8080178499221802,0.8047491312026978,0.6990556716918945
2025-01-21 23:59:47,0.3921631872653961,0.6669358015060425,0.7463804483413696,0.7771096229553223,0.8079283237457275,0.804558515548706,0.6989973187446594
2025-01-21 23:59:46,0.3922070562839508,0.6669756770133972,0.7463438510894775,0.7772122621536255,0.8079966902732849,0.8047398924827576,0.6990113854408264
2025-01-21 23:59:45,0.3922509253025055,0.667015552520752,0.7463073134422302,0.7773148417472839,0.8080651164054871,0.8049212098121643,0.6990254521369934
2025-01-21 23:59:44,0.3922947943210602,0.6670554280281067,0.7462707161903381,0.7774174809455872,0.8081334829330444,0.8051025867462158,0.6990395188331604
2025-01-21 23:59:43,0.39206036925315857,0.6666866540908813,0.745840847492218,0.7770107984542847,0.8078334927558899,0.8047044277191162,0.698836088180542
2025-01-21 23:59:42,0.39182591438293457,0.666317880153656,0.7454109787940979,0.7766040563583374,0.8075335621833801,0.8043062686920166,0.6986326575279236
2025-01-21 23:59:41,0.39159148931503296,0.6659491062164307,0.7449811100959778,0.7761973738670349,0.8072335720062256,0.803908109664917,0.6984292268753052
2025-01-21 23:59:40,0.39172279834747314,0.6663963198661804,0.7456225752830505,0.7766168117523193,0.8076717853546143,0.8042250275611877,0.6988340020179749
2025-01-21 23:59:39,0.39226821064949036,0.6672499775886536,0.7464305758476257,0.7770295143127441,0.8080376982688904,0.8045523166656494,0.6990193128585815
2025-01-21 23:59:38,0.39225736260414124,0.667065441608429,0.7462947964668274,0.776995062828064,0.8081552982330322,0.8047324419021606,0.6989351511001587
2025-01-21 23:59:37,0.3922465145587921,0.6668809056282043,0.746159017086029,0.7769606113433838,0.8082728981971741,0.8049126267433167,0.6988509297370911
2025-01-21 23:59:36,0.392514705657959,0.6671751141548157,0.746449887752533,0.7775354981422424,0.8085544109344482,0.8053709864616394,0.6992363929748535
2025-01-21 23:59:35,0.39180248975753784,0.6666954159736633,0.7457026839256287,0.7768514156341553,0.8077654242515564,0.8046308755874634,0.6988446712493896
2025-01-21 23:59:34,0.3916810154914856,0.6664829254150391,0.7455093860626221,0.7766178250312805,0.8075631260871887,0.8044633269309998,0.6987228393554688
2025-01-21 23:59:33,0.39155954122543335,0.6662704944610596,0.7453160881996155,0.7763842344284058,0.807360827922821,0.8042957782745361,0.6986010074615479
2025-01-21 23:59:32,0.3914380669593811,0.6660580039024353,0.7451227903366089,0.7761505842208862,0.8071584701538086,0.8041282296180725,0.698479175567627
2025-01-21 23:59:31,0.39131656289100647,0.665845513343811,0.7449294924736023,0.7759169936180115,0.8069561719894409,0.8039606809616089,0.698357343673706
2025-01-21 23:59:30,0.3911950886249542,0.6656330823898315,0.7447361946105957,0.7756834030151367,0.8067538738250732,0.8037931323051453,0.6982355117797852
2025-01-21 23:59:29,0.391073614358902,0.6654205918312073,0.7445428967475891,0.775449812412262,0.8065515756607056,0.8036255836486816,0.6981136798858643
2025-01-21 23:59:28,0.3911519944667816,0.6655309200286865,0.7446776032447815,0.7755656838417053,0.8066262006759644,0.8036433458328247,0.6981630325317383
2025-01-21 23:59:27,0.39123040437698364,0.665641188621521,0.7448122501373291,0.7756816148757935,0.8067008852958679,0.8036611080169678,0.6982123851776123
2025-01-21 23:59:26,0.3913087844848633,0.6657515168190002,0.7449469566345215,0.7757974863052368,0.8067755103111267,0.8036788105964661,0.6982617974281311
2025-01-21 23:59:25,0.3913871645927429,0.6658618450164795,0.7450816631317139,0.7759133577346802,0.8068501353263855,0.8036965727806091,0.6983111500740051
2025-01-21 23:59:24,0.39146554470062256,0.665972113609314,0.7452163696289062,0.7760292291641235,0.8069248199462891,0.8037143349647522,0.6983605027198792
2025-01-21 23:59:23,0.3915439546108246,0.6660824418067932,0.7453510165214539,0.7761451601982117,0.8069994449615479,0.8037320971488953,0.6984098553657532
2025-01-21 23:59:22,0.3916223347187042,0.6661927700042725,0.7454857230186462,0.776261031627655,0.8070740699768066,0.8037498593330383,0.6984592080116272
2025-01-21 23:59:21,0.39170071482658386,0.6663030982017517,0.7456204295158386,0.7763769030570984,0.8071486949920654,0.8037675619125366,0.698508620262146
2025-01-21 23:59:20,0.3917791247367859,0.6664133667945862,0.7457550764083862,0.7764928340911865,0.807223379611969,0.8037853240966797,0.69855797290802
2025-01-21 23:59:19,0.3918575048446655,0.6665236949920654,0.7458897829055786,0.7766087055206299,0.8072980046272278,0.8038030862808228,0.698607325553894
2025-01-21 23:59:18,0.39248570799827576,0.6675635576248169,0.7469485402107239,0.7777630090713501,0.8083964586257935,0.8050423860549927,0.6994085311889648
2025-01-21 23:59:17,0.393113911151886,0.6686034798622131,0.7480072975158691,0.7789173126220703,0.8094949126243591,0.8062816858291626,0.7002096772193909
2025-01-21 23:59:16,0.39256489276885986,0.6679133772850037,0.74742192029953,0.7786200046539307,0.8095468878746033,0.8063768148422241,0.700059711933136
2025-01-21 23:59:15,0.39161598682403564,0.666465699672699,0.745882511138916,0.7769404053688049,0.8078076243400574,0.8047037720680237,0.6986184120178223
2025-01-21 23:59:14,0.3919066786766052,0.6667922735214233,0.7459230422973633,0.7768798470497131,0.8075229525566101,0.8046274781227112,0.6984971165657043
2025-01-21 23:59:13,0.3921974003314972,0.6671187877655029,0.7459635734558105,0.7768192887306213,0.8072382807731628,0.8045511841773987,0.6983758211135864
2025-01-21 23:59:12,0.3921361565589905,0.6669871807098389,0.7459599375724792,0.7767964005470276,0.8072471618652344,0.8045022487640381,0.6983205080032349
2025-01-21 23:59:11,0.39207494258880615,0.6668556332588196,0.7459563612937927,0.7767735719680786,0.8072561025619507,0.8044533133506775,0.6982651948928833
2025-01-21 23:59:10,0.39201369881629944,0.6667240262031555,0.7459527254104614,0.7767506837844849,0.8072649836540222,0.8044043779373169,0.6982098817825317
2025-01-21 23:59:09,0.3926149010658264,0.6678808927536011,0.7469773292541504,0.7780383229255676,0.8087263107299805,0.8054944276809692,0.6995248794555664
2025-01-21 23:59:08,0.3920210897922516,0.6666405200958252,0.745771586894989,0.7768648266792297,0.8070390224456787,0.8043105006217957,0.6985645890235901
2025-01-21 23:59:07,0.3916824460029602,0.6658675670623779,0.7449653148651123,0.7761356234550476,0.8066422939300537,0.8039599657058716,0.6985048055648804
2025-01-21 23:59:06,0.3913438022136688,0.6650946736335754,0.7441589832305908,0.7754064202308655,0.8062456250190735,0.8036093711853027,0.6984450817108154
2025-01-21 23:59:05,0.3915880620479584,0.6656950116157532,0.7446753978729248,0.7758117318153381,0.8065388798713684,0.8038390874862671,0.6985201835632324
2025-01-21 23:59:04,0.3918323516845703,0.6662953495979309,0.7451918721199036,0.7762171030044556,0.8068321347236633,0.8040688633918762,0.6985952258110046
2025-01-21 23:59:03,0.39207661151885986,0.6668956875801086,0.7457082867622375,0.7766224145889282,0.8071253895759583,0.8042985796928406,0.6986703276634216
2025-01-21 23:59:02,0.39235690236091614,0.6673935055732727,0.7468010187149048,0.7777165174484253,0.8088054060935974,0.8062291741371155,0.6999564170837402
2025-01-21 23:59:01,0.39155998826026917,0.6659787893295288,0.7453628778457642,0.7763248085975647,0.8067914843559265,0.8040658235549927,0.6984205842018127
2025-01-21 23:59:00,0.39149153232574463,0.6660060882568359,0.7453354597091675,0.7762196660041809,0.8069422245025635,0.8040065765380859,0.6984928250312805
2025-01-21 23:58:59,0.3914231061935425,0.6660333275794983,0.745307981967926,0.7761145234107971,0.8070930242538452,0.8039473295211792,0.6985650062561035
2025-01-21 23:58:58,0.39155638217926025,0.6661981344223022,0.7454516291618347,0.7761720418930054,0.8072613477706909,0.8041010499000549,0.6986372470855713
2025-01-21 23:58:57,0.3916896879673004,0.6663628816604614,0.7455952763557434,0.7762296199798584,0.8074296712875366,0.8042547702789307,0.6987094879150391
2025-01-21 23:58:56,0.3915024995803833,0.6665335893630981,0.7456889152526855,0.7767016887664795,0.8077141046524048,0.804604172706604,0.6990857124328613
2025-01-21 23:58:55,0.39180368185043335,0.6665945053100586,0.7457275986671448,0.7766602039337158,0.8079147934913635,0.8045532703399658,0.6990699172019958
2025-01-21 23:58:54,0.3921048939228058,0.6666554808616638,0.745766282081604,0.7766187191009521,0.8081154823303223,0.8045024275779724,0.6990541219711304
2025-01-21 23:58:53,0.39163050055503845,0.6664348244667053,0.7456303834915161,0.7767692804336548,0.8081424236297607,0.8052352070808411,0.6995639204978943
2025-01-21 23:58:52,0.39174073934555054,0.6666469573974609,0.7457958459854126,0.7769165635108948,0.808197021484375,0.805220365524292,0.6995086073875427
2025-01-21 23:58:51,0.391851007938385,0.6668591499328613,0.7459613084793091,0.7770638465881348,0.8082516193389893,0.8052054643630981,0.6994532346725464
2025-01-21 23:58:50,0.3919612467288971,0.6670713424682617,0.7461267113685608,0.7772111296653748,0.8083062171936035,0.8051906228065491,0.6993979215621948
2025-01-21 23:58:49,0.3920714855194092,0.6672834753990173,0.7462921738624573,0.7773584127426147,0.8083608150482178,0.80517578125,0.6993426084518433
2025-01-21 23:58:48,0.39225322008132935,0.6674143671989441,0.7464931011199951,0.7775517702102661,0.8084285259246826,0.8052486181259155,0.6994017958641052
2025-01-21 23:58:47,0.3924349546432495,0.6675451993942261,0.746694028377533,0.7777450680732727,0.8084962964057922,0.805321455001831,0.6994609832763672
2025-01-21 23:58:46,0.3926166594028473,0.6676760911941528,0.7468949556350708,0.7779383659362793,0.8085640668869019,0.8053942918777466,0.6995202302932739
2025-01-21 23:58:45,0.39279839396476746,0.6678069829940796,0.7470958828926086,0.7781317234039307,0.8086317777633667,0.8054671287536621,0.6995794177055359
2025-01-21 23:58:44,0.39313870668411255,0.6683241724967957,0.7472149133682251,0.7783613801002502,0.8091201186180115,0.8055912256240845,0.6997349262237549
2025-01-21 23:58:43,0.3929029703140259,0.667988121509552,0.7468469142913818,0.7779266238212585,0.8088091611862183,0.8053029775619507,0.6994928121566772
2025-01-21 23:58:42,0.3926672339439392,0.6676520705223083,0.7464789152145386,0.7774918079376221,0.808498203754425,0.8050146698951721,0.6992507576942444
2025-01-21 23:58:41,0.39243149757385254,0.6673160791397095,0.7461109161376953,0.7770570516586304,0.8081872463226318,0.8047264218330383,0.6990087032318115
2025-01-21 23:58:40,0.39219576120376587,0.6669800281524658,0.745742917060852,0.7766222953796387,0.8078762888908386,0.8044381737709045,0.6987665891647339
2025-01-21 23:58:39,0.3919600248336792,0.6666439771652222,0.7453749179840088,0.7761874794960022,0.8075653314590454,0.804149866104126,0.6985244750976562
2025-01-21 23:58:38,0.39172428846359253,0.6663079261779785,0.7450069189071655,0.7757527232170105,0.8072543740272522,0.8038616180419922,0.6982824206352234
2025-01-21 23:58:37,0.39161860942840576,0.665962278842926,0.7450181245803833,0.7760505080223083,0.8067110180854797,0.803395688533783,0.698212206363678
2025-01-21 23:58:36,0.3923893868923187,0.6675999760627747,0.74653160572052,0.7778019905090332,0.8084710836410522,0.8050612807273865,0.6990665197372437
2025-01-21 23:58:35,0.39164769649505615,0.6662130951881409,0.7450398206710815,0.7760254740715027,0.8067232966423035,0.803632378578186,0.6980211138725281
2025-01-21 23:58:34,0.39151179790496826,0.6662628054618835,0.7451295256614685,0.7759109139442444,0.8067991137504578,0.8039411902427673,0.6980798840522766
2025-01-21 23:58:33,0.3919582962989807,0.6671280264854431,0.7461091876029968,0.7772359848022461,0.8077089190483093,0.8043389916419983,0.6985880136489868
2025-01-21 23:58:32,0.3927733898162842,0.6682124733924866,0.7469834089279175,0.7776556015014648,0.8085464835166931,0.8051487803459167,0.69916832447052
2025-01-21 23:58:31,0.3923074007034302,0.6676414012908936,0.7465332746505737,0.7773047685623169,0.8082576990127563,0.8049615621566772,0.6990623474121094
2025-01-21 23:58:30,0.39184141159057617,0.6670703291893005,0.7460830807685852,0.7769539952278137,0.8079689145088196,0.804774284362793,0.6989563703536987
2025-01-21 23:58:29,0.39169690012931824,0.6666254997253418,0.7455960512161255,0.7764276266098022,0.8074603080749512,0.8043463230133057,0.6985539197921753
2025-01-21 23:58:28,0.3915523886680603,0.6661806702613831,0.7451090216636658,0.7759013175964355,0.8069517016410828,0.8039184212684631,0.6981515288352966
2025-01-21 23:58:27,0.3919861912727356,0.666782021522522,0.7456036806106567,0.7764657735824585,0.8071441650390625,0.8042370080947876,0.6982892751693726
2025-01-21 23:58:26,0.3924199938774109,0.6673833131790161,0.7460982799530029,0.7770302295684814,0.8073366284370422,0.8045555949211121,0.6984270811080933
2025-01-21 23:58:25,0.3920482099056244,0.6671922206878662,0.7459822297096252,0.7769489884376526,0.8077167868614197,0.8044037222862244,0.698367178440094
2025-01-21 23:58:24,0.39171797037124634,0.6666091680526733,0.7456881999969482,0.7766212821006775,0.8075757026672363,0.8042839765548706,0.6985528469085693
2025-01-21 23:58:23,0.3913877010345459,0.6660261154174805,0.7453941702842712,0.7762935757637024,0.8074346780776978,0.8041641712188721,0.6987385749816895
2025-01-21 23:58:22,0.3919525146484375,0.666880190372467,0.7464355230331421,0.7771307229995728,0.8077098727226257,0.8050804734230042,0.6991143822669983
2025-01-21 23:58:21,0.39118561148643494,0.665556788444519,0.7446407079696655,0.7755646109580994,0.8062031865119934,0.8036563992500305,0.6981871724128723
2025-01-21 23:58:20,0.39158910512924194,0.6661818027496338,0.7451019287109375,0.776133120059967,0.8068904876708984,0.8041136264801025,0.6985039710998535
2025-01-21 23:58:19,0.39199259877204895,0.6668068766593933,0.7455630898475647,0.7767016291618347,0.8075777292251587,0.8045709133148193,0.6988207101821899
2025-01-21 23:58:18,0.39194026589393616,0.6667407155036926,0.7455289959907532,0.7766117453575134,0.8075776100158691,0.8044910430908203,0.6988286375999451
2025-01-21 23:58:17,0.391887903213501,0.6666744947433472,0.7454949617385864,0.7765218019485474,0.8075775504112244,0.8044111132621765,0.698836624622345
2025-01-21 23:58:16,0.3918355703353882,0.6666083335876465,0.7454608678817749,0.7764319181442261,0.8075774312019348,0.8043312430381775,0.6988445520401001
2025-01-21 23:58:15,0.3917832374572754,0.6665421724319458,0.7454268336296082,0.7763420343399048,0.80757737159729,0.8042513728141785,0.6988525390625
2025-01-21 23:58:14,0.3917309045791626,0.6664760112762451,0.7453927397727966,0.7762521505355835,0.8075772523880005,0.8041715025901794,0.6988604664802551
2025-01-21 23:58:13,0.3916785418987274,0.6664097905158997,0.7453587055206299,0.7761622071266174,0.8075771927833557,0.8040915727615356,0.698868453502655
2025-01-21 23:58:12,0.3916262090206146,0.666343629360199,0.7453246116638184,0.7760723233222961,0.8075770735740662,0.8040117025375366,0.6988763809204102
2025-01-21 23:58:11,0.3916395604610443,0.6663522720336914,0.7453608512878418,0.7761785984039307,0.8075867295265198,0.8040577173233032,0.6987500786781311
2025-01-21 23:58:10,0.391652911901474,0.6663609147071838,0.7453970909118652,0.77628493309021,0.8075963854789734,0.8041037321090698,0.698623776435852
2025-01-21 23:58:09,0.3916662931442261,0.6663694977760315,0.7454333305358887,0.7763912081718445,0.8076061010360718,0.8041497468948364,0.6984975337982178
2025-01-21 23:58:08,0.39167964458465576,0.6663781404495239,0.7454695701599121,0.7764975428581238,0.8076157569885254,0.804195761680603,0.6983712315559387
2025-01-21 23:58:07,0.39169299602508545,0.6663867831230164,0.7455058097839355,0.7766038179397583,0.807625412940979,0.8042417764663696,0.6982449293136597
2025-01-21 23:58:06,0.3917463719844818,0.6663646101951599,0.745542049407959,0.7764808535575867,0.8075226545333862,0.8042067885398865,0.6983051300048828
2025-01-21 23:58:05,0.3917997181415558,0.6663423776626587,0.7455782890319824,0.7763579487800598,0.8074198365211487,0.8041718006134033,0.6983652710914612
2025-01-21 23:58:04,0.39185309410095215,0.6663202047348022,0.7456145286560059,0.7762349843978882,0.8073170781135559,0.8041368126869202,0.6984254717826843
2025-01-21 23:58:03,0.39157310128211975,0.6663073897361755,0.7455930113792419,0.7763044834136963,0.8066133260726929,0.8040493726730347,0.6981170773506165
2025-01-21 23:58:02,0.39158859848976135,0.6660041809082031,0.7451220154762268,0.7757381200790405,0.806321382522583,0.8035513162612915,0.6975281834602356
2025-01-21 23:58:01,0.3916001319885254,0.6660385727882385,0.7451775074005127,0.7758454084396362,0.8064718842506409,0.8036057353019714,0.6976233124732971
2025-01-21 23:58:00,0.3916116952896118,0.6660730242729187,0.7452329993247986,0.7759527564048767,0.806622326374054,0.8036601543426514,0.6977184414863586
2025-01-21 23:57:59,0.39162322878837585,0.6661074161529541,0.7452884912490845,0.7760600447654724,0.8067728281021118,0.8037145733833313,0.6978135704994202
2025-01-21 23:57:58,0.3916347622871399,0.6661418676376343,0.7453439235687256,0.7761673927307129,0.8069232702255249,0.8037689328193665,0.6979086995124817
2025-01-21 23:57:57,0.39164629578590393,0.6661762595176697,0.7453994154930115,0.7762746810913086,0.8070737719535828,0.8038233518600464,0.6980038285255432
2025-01-21 23:57:56,0.39165785908699036,0.6662107110023499,0.7454549074172974,0.7763820290565491,0.8072242140769958,0.8038777709007263,0.6980989575386047
2025-01-21 23:57:55,0.3916693925857544,0.6662451028823853,0.7455103993415833,0.7764893174171448,0.8073747158050537,0.8039321899414062,0.6981940865516663
2025-01-21 23:57:54,0.3920828402042389,0.6668422818183899,0.7461279034614563,0.7771036028862,0.8080062866210938,0.8046408891677856,0.6987615823745728
2025-01-21 23:57:53,0.392496258020401,0.6674395203590393,0.7467454671859741,0.7777178287506104,0.8086378574371338,0.805349588394165,0.6993290781974792
2025-01-21 23:57:52,0.3929097056388855,0.668036699295044,0.7473629713058472,0.7783321142196655,0.8092694282531738,0.8060582876205444,0.6998965740203857
2025-01-21 23:57:51,0.3928603529930115,0.6680060029029846,0.7472470998764038,0.7782796621322632,0.8091108798980713,0.8060218095779419,0.699719250202179
2025-01-21 23:57:50,0.39281100034713745,0.6679753065109253,0.7471312880516052,0.7782272100448608,0.808952271938324,0.8059852719306946,0.6995419263839722
2025-01-21 23:57:49,0.3915688097476959,0.6662163138389587,0.7449566125869751,0.7760208249092102,0.8070595264434814,0.804258406162262,0.6983785033226013
2025-01-21 23:57:48,0.39224788546562195,0.6675137877464294,0.7462881207466125,0.7776265144348145,0.8082901835441589,0.8050351142883301,0.6987208724021912
2025-01-21 23:57:47,0.3917680084705353,0.6664050817489624,0.7454596757888794,0.7764111757278442,0.8069146275520325,0.8038759827613831,0.6976277828216553
2025-01-21 23:57:46,0.3917155861854553,0.6664009094238281,0.7455164194107056,0.7765270471572876,0.8071682453155518,0.8041579723358154,0.697913646697998
2025-01-21 23:57:45,0.391663134098053,0.6663967967033386,0.7455731630325317,0.7766429781913757,0.807421863079071,0.804439902305603,0.6981995105743408
2025-01-21 23:57:44,0.391610711812973,0.6663926839828491,0.7456299662590027,0.7767589092254639,0.8076754808425903,0.8047218918800354,0.6984853148460388
2025-01-21 23:57:43,0.39155828952789307,0.6663885116577148,0.7456867098808289,0.7768747806549072,0.8079290986061096,0.8050038814544678,0.6987711787223816
2025-01-21 23:57:42,0.39156240224838257,0.6663964986801147,0.7456750273704529,0.7768521904945374,0.8079081177711487,0.8049607872962952,0.6987578868865967
2025-01-21 23:57:41,0.39156654477119446,0.6664044857025146,0.7456634044647217,0.7768296003341675,0.8078871369361877,0.8049176335334778,0.6987446546554565
2025-01-21 23:57:40,0.39157065749168396,0.6664124727249146,0.7456517219543457,0.7768070101737976,0.8078662157058716,0.8048745393753052,0.6987313628196716
2025-01-21 23:57:39,0.39157480001449585,0.6664204597473145,0.7456400990486145,0.776784360408783,0.8078452348709106,0.8048314452171326,0.6987180709838867
2025-01-21 23:57:38,0.39157891273498535,0.6664284467697144,0.7456284165382385,0.7767617702484131,0.8078242540359497,0.8047882914543152,0.6987048387527466
2025-01-21 23:57:37,0.39158302545547485,0.6664364337921143,0.7456167936325073,0.7767391800880432,0.8078032732009888,0.8047451972961426,0.6986915469169617
2025-01-21 23:57:36,0.39158716797828674,0.6664444804191589,0.7456051111221313,0.7767165899276733,0.8077823519706726,0.80470210313797,0.6986782550811768
2025-01-21 23:57:35,0.39159128069877625,0.6664524674415588,0.7455934882164001,0.7766939997673035,0.8077613711357117,0.8046590089797974,0.6986649632453918
2025-01-21 23:57:34,0.39159539341926575,0.6664604544639587,0.7455818057060242,0.7766714096069336,0.8077403903007507,0.80461585521698,0.6986517310142517
2025-01-21 23:57:33,0.39159953594207764,0.6664684414863586,0.745570182800293,0.776648759841919,0.8077194094657898,0.8045727610588074,0.6986384391784668
2025-01-21 23:57:32,0.39160364866256714,0.6664764285087585,0.745558500289917,0.7766261696815491,0.8076984882354736,0.8045296669006348,0.6986251473426819
2025-01-21 23:57:31,0.39160779118537903,0.6664844155311584,0.7455468773841858,0.7766035795211792,0.8076775074005127,0.8044865131378174,0.6986119151115417
2025-01-21 23:57:30,0.39161190390586853,0.6664924025535583,0.7455351948738098,0.7765809893608093,0.8076565265655518,0.8044434189796448,0.6985986232757568
2025-01-21 23:57:29,0.39148515462875366,0.6662203073501587,0.7452194094657898,0.7759861350059509,0.8069577217102051,0.8037781715393066,0.6981528997421265
2025-01-21 23:57:28,0.3913584053516388,0.6659482717514038,0.7449036240577698,0.7753912806510925,0.8062589168548584,0.8031129837036133,0.6977071166038513
2025-01-21 23:57:27,0.39169278740882874,0.6663739085197449,0.74546879529953,0.7761077284812927,0.806563675403595,0.8033171892166138,0.698422372341156
2025-01-21 23:57:26,0.39168161153793335,0.6662620306015015,0.745324432849884,0.7761206030845642,0.8067461252212524,0.8034488558769226,0.698458731174469
2025-01-21 23:57:25,0.39167046546936035,0.6661501526832581,0.745180070400238,0.7761335372924805,0.8069286346435547,0.8035804629325867,0.6984950304031372
2025-01-21 23:57:24,0.39165928959846497,0.6660382747650146,0.745035707950592,0.776146411895752,0.8071110844612122,0.8037121295928955,0.6985313892364502
2025-01-21 23:57:23,0.39128679037094116,0.6650177836418152,0.7441610097885132,0.7756683230400085,0.8065217137336731,0.8036361932754517,0.698305070400238
2025-01-21 23:57:22,0.3917900025844574,0.6665673851966858,0.7456459999084473,0.776477575302124,0.8069223761558533,0.8033766746520996,0.69859379529953
2025-01-21 23:57:21,0.39183804392814636,0.6666781306266785,0.7457094192504883,0.7766802310943604,0.8074078559875488,0.8040269017219543,0.698758602142334
2025-01-21 23:57:20,0.3918860852718353,0.6667888760566711,0.7457728981971741,0.7768828272819519,0.8078932762145996,0.8046771287918091,0.6989234089851379
2025-01-21 23:57:19,0.39165788888931274,0.666130781173706,0.7451167106628418,0.7759647965431213,0.806693971157074,0.8037880063056946,0.6983482241630554
2025-01-21 23:57:18,0.3916456997394562,0.6664736270904541,0.745517373085022,0.7759221792221069,0.807216227054596,0.8040149807929993,0.6983898878097534
2025-01-21 23:57:17,0.3920285701751709,0.6667214035987854,0.7458513379096985,0.7764506340026855,0.8075544238090515,0.8044617176055908,0.6986199617385864
2025-01-21 23:57:16,0.39241141080856323,0.6669691801071167,0.746185302734375,0.7769790887832642,0.8078926205635071,0.8049085140228271,0.6988499760627747
2025-01-21 23:57:15,0.39214298129081726,0.6665555238723755,0.7457335591316223,0.776581346988678,0.8075067400932312,0.8044177889823914,0.6985354423522949
2025-01-21 23:57:14,0.3918745219707489,0.666141927242279,0.7452817559242249,0.7761836647987366,0.8071208000183105,0.8039270043373108,0.6982209086418152
2025-01-21 23:57:13,0.39160609245300293,0.6657282710075378,0.7448300123214722,0.7757859230041504,0.8067349195480347,0.803436279296875,0.6979063749313354
2025-01-21 23:57:12,0.3918122947216034,0.6664375066757202,0.7457823753356934,0.7767581939697266,0.8079107999801636,0.804337203502655,0.6985431909561157
2025-01-21 23:57:11,0.39201849699020386,0.6671466827392578,0.7467347979545593,0.7777305245399475,0.8090866804122925,0.8052381277084351,0.699180006980896
2025-01-21 23:57:10,0.3919905424118042,0.6670446395874023,0.7465131878852844,0.7775070667266846,0.8087553977966309,0.8052092790603638,0.6991350650787354
2025-01-21 23:57:09,0.39196255803108215,0.6669426560401917,0.7462916374206543,0.7772835493087769,0.8084240555763245,0.8051803708076477,0.6990901231765747
2025-01-21 23:57:08,0.3919346034526825,0.6668406128883362,0.7460700273513794,0.7770600914955139,0.8080927729606628,0.8051515221595764,0.6990451812744141
2025-01-21 23:57:07,0.3918875455856323,0.666738748550415,0.7459326982498169,0.7770355343818665,0.8078773021697998,0.8049051761627197,0.6989411115646362
2025-01-21 23:57:06,0.39184048771858215,0.6666368246078491,0.7457954287528992,0.777010977268219,0.8076618909835815,0.8046587705612183,0.6988371014595032
2025-01-21 23:57:05,0.39186298847198486,0.6666939854621887,0.7456042170524597,0.7761800289154053,0.8071644902229309,0.8041614294052124,0.6984847784042358
2025-01-21 23:57:04,0.3921878933906555,0.6674181222915649,0.74691241979599,0.7780486941337585,0.8095679879188538,0.8062890768051147,0.6999837756156921
2025-01-21 23:57:03,0.3919368088245392,0.666875422000885,0.745879590511322,0.7766165137290955,0.8078498840332031,0.8046969771385193,0.6989067792892456
2025-01-21 23:57:02,0.3914021849632263,0.6660505533218384,0.7450106143951416,0.7756897211074829,0.8069034814834595,0.803943932056427,0.6984078288078308
2025-01-21 23:57:01,0.39086759090423584,0.665225625038147,0.744141697883606,0.7747629284858704,0.8059570789337158,0.8031908869743347,0.697908878326416
2025-01-21 23:57:00,0.3923090994358063,0.6676775813102722,0.7466936707496643,0.7777981758117676,0.8087546825408936,0.8054041266441345,0.6993638873100281
2025-01-21 23:56:59,0.39216694235801697,0.6672320365905762,0.7461614608764648,0.777205765247345,0.8080553412437439,0.8047751784324646,0.699008047580719
2025-01-21 23:56:58,0.39202481508255005,0.6667865514755249,0.7456291913986206,0.7766133546829224,0.8073559999465942,0.8041462898254395,0.6986522078514099
2025-01-21 23:56:57,0.39188265800476074,0.6663410663604736,0.7450969815254211,0.776020884513855,0.8066567182540894,0.8035173416137695,0.6982963681221008
2025-01-21 23:56:56,0.39174050092697144,0.6658955216407776,0.7445647716522217,0.7754284739494324,0.8059573769569397,0.8028883934020996,0.6979405283927917
2025-01-21 23:56:55,0.391825795173645,0.6667264103889465,0.7460001707077026,0.7767192721366882,0.8079888820648193,0.8047875761985779,0.698728621006012
2025-01-21 23:56:54,0.391757607460022,0.6663920879364014,0.7456909418106079,0.776630699634552,0.807705283164978,0.8045779466629028,0.698607325553894
2025-01-21 23:56:53,0.39168938994407654,0.666057825088501,0.7453817129135132,0.7765421271324158,0.8074216246604919,0.8043683767318726,0.6984860897064209
2025-01-21 23:56:52,0.39162808656692505,0.6655467748641968,0.7451208233833313,0.7759639024734497,0.8073800802230835,0.8042017221450806,0.6982232928276062
2025-01-21 23:56:51,0.39179274439811707,0.6672906875610352,0.7466247081756592,0.7777848243713379,0.8085389137268066,0.8051009178161621,0.6989467740058899
2025-01-21 23:56:50,0.3919574022293091,0.666955828666687,0.746033787727356,0.7767366766929626,0.8079841732978821,0.8046693205833435,0.6986798048019409
2025-01-21 23:56:49,0.3917122483253479,0.6665022373199463,0.7455004453659058,0.776117742061615,0.8075085282325745,0.8042814135551453,0.698340654373169
2025-01-21 23:56:48,0.3914670944213867,0.6660485863685608,0.7449671030044556,0.7754988074302673,0.8070328831672668,0.803893506526947,0.698001503944397
2025-01-21 23:56:47,0.3920780122280121,0.6667296290397644,0.7452674508094788,0.7768415808677673,0.8077710270881653,0.8044778108596802,0.6983367800712585
2025-01-21 23:56:46,0.3919427990913391,0.6667116284370422,0.7455678582191467,0.7767128348350525,0.8078744411468506,0.8044896125793457,0.6983878016471863
2025-01-21 23:56:45,0.39180758595466614,0.6666936278343201,0.7458682060241699,0.7765840888023376,0.8079779148101807,0.8045014142990112,0.698438823223114
2025-01-21 23:56:44,0.3918250501155853,0.6667348742485046,0.7458615303039551,0.7766434550285339,0.8078945279121399,0.8044800758361816,0.6983752250671387
2025-01-21 23:56:43,0.39184248447418213,0.6667761206626892,0.745854914188385,0.776702880859375,0.8078111410140991,0.8044587969779968,0.6983115673065186
2025-01-21 23:56:42,0.3918599486351013,0.6668173670768738,0.7458482980728149,0.7767622470855713,0.8077276945114136,0.804437518119812,0.6982479095458984
2025-01-21 23:56:41,0.3918774127960205,0.6668586134910583,0.7458416223526001,0.7768216133117676,0.8076443076133728,0.8044161796569824,0.6981843113899231
2025-01-21 23:56:40,0.3917848467826843,0.6666117906570435,0.7456241846084595,0.7765495777130127,0.807336688041687,0.8041684627532959,0.6979821920394897
2025-01-21 23:56:39,0.39169231057167053,0.6663649082183838,0.7454068064689636,0.776277482509613,0.807029128074646,0.8039208054542542,0.6977800726890564
2025-01-21 23:56:38,0.392023503780365,0.6668822169303894,0.7461860179901123,0.776992917060852,0.8085439801216125,0.8050740957260132,0.6992344856262207
2025-01-21 23:56:37,0.39205440878868103,0.6669030785560608,0.7459530830383301,0.7767876982688904,0.8074601888656616,0.8042976260185242,0.6983618140220642
2025-01-21 23:56:36,0.39182448387145996,0.6666080951690674,0.7455837726593018,0.7763718366622925,0.8071622848510742,0.8040663003921509,0.6982780694961548
2025-01-21 23:56:35,0.3915945887565613,0.666313111782074,0.7452145218849182,0.7759559154510498,0.806864321231842,0.8038349747657776,0.6981943845748901
2025-01-21 23:56:34,0.3916187882423401,0.6662428379058838,0.7452508211135864,0.7762569189071655,0.807254433631897,0.8041282296180725,0.6984431743621826
2025-01-21 23:56:33,0.3916429877281189,0.6661726236343384,0.7452871799468994,0.7765579223632812,0.8076446056365967,0.8044214844703674,0.6986920237541199
2025-01-21 23:56:32,0.3923400044441223,0.6674432158470154,0.7466453909873962,0.7774969935417175,0.8084123134613037,0.805256187915802,0.6995307207107544
2025-01-21 23:56:31,0.3914099931716919,0.6661590933799744,0.7451683878898621,0.7763994932174683,0.8070381283760071,0.803923487663269,0.6986255049705505
2025-01-21 23:56:30,0.39145416021347046,0.6662675142288208,0.7455264925956726,0.7764952182769775,0.8074250221252441,0.8043211698532104,0.6988005638122559
2025-01-21 23:56:29,0.39149829745292664,0.6663758754730225,0.7458845973014832,0.7765910029411316,0.807811975479126,0.8047187924385071,0.6989756226539612
2025-01-21 23:56:28,0.39251530170440674,0.6674081087112427,0.7466998100280762,0.7772734761238098,0.8085606098175049,0.8054634928703308,0.699396014213562
2025-01-21 23:56:27,0.39254868030548096,0.6674244403839111,0.7466293573379517,0.7773047685623169,0.8084557056427002,0.8053534030914307,0.6993401646614075
2025-01-21 23:56:26,0.39258208870887756,0.6674407720565796,0.7465589046478271,0.7773361206054688,0.8083508014678955,0.8052433133125305,0.6992843151092529
2025-01-21 23:56:25,0.392453134059906,0.6674733757972717,0.7465529441833496,0.7774461507797241,0.8083144426345825,0.8052523136138916,0.6992555856704712
2025-01-21 23:56:24,0.39232420921325684,0.6675059795379639,0.7465469837188721,0.7775561809539795,0.8082780838012695,0.8052613139152527,0.6992269158363342
2025-01-21 23:56:23,0.3922957181930542,0.6674158573150635,0.746497392654419,0.7775629758834839,0.8084156513214111,0.8052700757980347,0.6992340683937073
2025-01-21 23:56:22,0.3922671973705292,0.6673256754875183,0.7464478015899658,0.7775697112083435,0.8085532188415527,0.8052788972854614,0.6992412209510803
2025-01-21 23:56:21,0.39214247465133667,0.6671276092529297,0.7464342713356018,0.7774766683578491,0.8084911704063416,0.8052476048469543,0.6992648243904114
2025-01-21 23:56:20,0.3920177221298218,0.6669295430183411,0.7464208006858826,0.77738356590271,0.8084290623664856,0.8052163124084473,0.6992883682250977
2025-01-21 23:56:19,0.3918929994106293,0.6667314767837524,0.7464072704315186,0.7772905230522156,0.8083670139312744,0.8051850199699402,0.6993119716644287
2025-01-21 23:56:18,0.39204710721969604,0.6665297150611877,0.7456088066101074,0.7766250967979431,0.8072031140327454,0.804176926612854,0.6989315152168274
2025-01-21 23:56:17,0.391642689704895,0.6662346124649048,0.7450101971626282,0.7765796780586243,0.8078122138977051,0.8048503994941711,0.6989052891731262
2025-01-21 23:56:16,0.39164668321609497,0.6663309931755066,0.7453073263168335,0.7768004536628723,0.8080254197120667,0.8050316572189331,0.6990486979484558
2025-01-21 23:56:15,0.3916507065296173,0.6664274334907532,0.745604395866394,0.7770212292671204,0.8082385659217834,0.8052129149436951,0.6991921067237854
2025-01-21 23:56:14,0.39165470004081726,0.666523814201355,0.7459015250205994,0.7772420048713684,0.808451771736145,0.805394172668457,0.699335515499115
2025-01-21 23:56:13,0.39167043566703796,0.6664838790893555,0.7457278370857239,0.7770156860351562,0.8080600500106812,0.8050179481506348,0.6992166638374329
2025-01-21 23:56:12,0.3916861414909363,0.666443943977356,0.7455541491508484,0.7767893671989441,0.8076683282852173,0.8046417236328125,0.6990978121757507
2025-01-21 23:56:11,0.391701877117157,0.6664040088653564,0.7453804612159729,0.7765630483627319,0.8072765469551086,0.8042654395103455,0.6989789605140686
2025-01-21 23:56:10,0.3917176127433777,0.6663640737533569,0.7452067732810974,0.7763367295265198,0.8068848252296448,0.8038892149925232,0.6988601088523865
2025-01-21 23:56:09,0.39197883009910583,0.6667394638061523,0.7456597685813904,0.7767729163169861,0.80732661485672,0.804287314414978,0.6990396976470947
2025-01-21 23:56:08,0.392240047454834,0.6671148538589478,0.7461127042770386,0.7772091031074524,0.8077683448791504,0.8046854138374329,0.6992192268371582
2025-01-21 23:56:07,0.3925012946128845,0.6674901843070984,0.7465656995773315,0.7776452898979187,0.8082101345062256,0.8050835132598877,0.6993988156318665
2025-01-21 23:56:06,0.39276251196861267,0.6678655743598938,0.7470186948776245,0.778081476688385,0.8086519241333008,0.8054816126823425,0.6995784044265747
2025-01-21 23:56:05,0.3917370140552521,0.6665471196174622,0.7456470727920532,0.776934027671814,0.807566225528717,0.8044881820678711,0.6989219188690186
2025-01-21 23:56:04,0.3921833038330078,0.6669899821281433,0.7461655139923096,0.7769774198532104,0.8078324794769287,0.8048563003540039,0.6990354061126709
2025-01-21 23:56:03,0.3920377790927887,0.6668062806129456,0.7459912300109863,0.7770142555236816,0.8078057169914246,0.8047915697097778,0.6989812850952148
2025-01-21 23:56:02,0.3918922245502472,0.6666225790977478,0.7458168864250183,0.7770510911941528,0.8077789545059204,0.8047268390655518,0.698927104473114
2025-01-21 23:56:01,0.3917466998100281,0.66643887758255,0.7456426024436951,0.777087926864624,0.8077521920204163,0.8046621084213257,0.698872983455658
2025-01-21 23:56:00,0.39193615317344666,0.6666880249977112,0.7459864616394043,0.7772655487060547,0.8079836368560791,0.8048726320266724,0.6990832090377808
2025-01-21 23:55:59,0.39212560653686523,0.6669371724128723,0.7463303804397583,0.7774431705474854,0.8082150816917419,0.8050830960273743,0.6992933750152588
2025-01-21 23:55:58,0.3919335901737213,0.6672878265380859,0.7465729117393494,0.7778385877609253,0.8085594773292542,0.8053988218307495,0.6994568109512329
2025-01-21 23:55:57,0.39172324538230896,0.666521430015564,0.7456664443016052,0.7765821814537048,0.8075689077377319,0.8047688007354736,0.6988551616668701
2025-01-21 23:55:56,0.3915129005908966,0.6657549738883972,0.7447599768638611,0.7753257751464844,0.8065782785415649,0.8041387796401978,0.6982535719871521
2025-01-21 23:55:55,0.39165550470352173,0.6659901142120361,0.7449815273284912,0.7758803963661194,0.807060182094574,0.8043231964111328,0.6983859539031982
2025-01-21 23:55:54,0.39179810881614685,0.6662253141403198,0.7452030777931213,0.7764350175857544,0.807542085647583,0.8045076727867126,0.6985183954238892
2025-01-21 23:55:53,0.3920137882232666,0.6672176718711853,0.7465723156929016,0.7776734232902527,0.8085935115814209,0.8052539825439453,0.6991677284240723
2025-01-21 23:55:52,0.391963392496109,0.6670417785644531,0.7462263703346252,0.7774055004119873,0.8082697987556458,0.8050037622451782,0.6989284753799438
2025-01-21 23:55:51,0.3919129967689514,0.6668658256530762,0.7458804249763489,0.7771375179290771,0.8079460859298706,0.8047534823417664,0.6986892223358154
2025-01-21 23:55:50,0.3920690417289734,0.6669318079948425,0.745954692363739,0.7769790291786194,0.8077977299690247,0.8045662641525269,0.6984553337097168
2025-01-21 23:55:49,0.392225056886673,0.6669977307319641,0.7460290193557739,0.7768206000328064,0.8076494336128235,0.8043790459632874,0.6982213854789734
2025-01-21 23:55:48,0.39238110184669495,0.6670637130737305,0.7461032867431641,0.7766621112823486,0.8075010776519775,0.8041918277740479,0.6979874968528748
2025-01-21 23:55:47,0.3923274576663971,0.6670283079147339,0.7460858225822449,0.7766804099082947,0.8075671792030334,0.804259181022644,0.698067843914032
2025-01-21 23:55:46,0.39227378368377686,0.6669929027557373,0.7460684180259705,0.7766987085342407,0.8076332807540894,0.804326593875885,0.698148250579834
2025-01-21 23:55:45,0.392220139503479,0.6669574975967407,0.7460509538650513,0.7767170071601868,0.8076993823051453,0.8043939471244812,0.6982285976409912
2025-01-21 23:55:44,0.39216649532318115,0.6669220328330994,0.7460334897041321,0.7767353653907776,0.8077654838562012,0.8044613003730774,0.6983089447021484
2025-01-21 23:55:43,0.3921128213405609,0.6668866276741028,0.7460160851478577,0.7767536640167236,0.8078315854072571,0.8045287132263184,0.6983893513679504
2025-01-21 23:55:42,0.39205917716026306,0.6668512225151062,0.7459986209869385,0.7767719626426697,0.807897686958313,0.8045960664749146,0.6984696984291077
2025-01-21 23:55:41,0.3920055329799652,0.6668158173561096,0.7459811568260193,0.7767902612686157,0.8079637885093689,0.8046634197235107,0.6985500454902649
2025-01-21 23:55:40,0.39195185899734497,0.666780412197113,0.7459637522697449,0.7768085598945618,0.8080298900604248,0.8047308325767517,0.6986304521560669
2025-01-21 23:55:39,0.3918982148170471,0.6667450070381165,0.7459462881088257,0.7768268585205078,0.8080959916114807,0.8047981858253479,0.6987107992172241
2025-01-21 23:55:38,0.39184457063674927,0.6667096018791199,0.7459288239479065,0.7768451571464539,0.8081620931625366,0.8048655390739441,0.6987911462783813
2025-01-21 23:55:37,0.39179089665412903,0.6666741967201233,0.7459114193916321,0.7768634557723999,0.8082281947135925,0.8049329519271851,0.6988715529441833
2025-01-21 23:55:36,0.3917372524738312,0.6666387319564819,0.7458939552307129,0.7768818140029907,0.8082942962646484,0.8050003051757812,0.6989519000053406
2025-01-21 23:55:35,0.3916836082935333,0.6666033267974854,0.7458764910697937,0.7769001126289368,0.8083603978157043,0.8050676584243774,0.6990322470664978
2025-01-21 23:55:34,0.3916299343109131,0.6665679216384888,0.7458590865135193,0.7769184112548828,0.8084264993667603,0.8051350712776184,0.6991126537322998
2025-01-21 23:55:33,0.39157629013061523,0.6665325164794922,0.7458416223526001,0.7769367098808289,0.8084926009178162,0.8052024245262146,0.699193000793457
2025-01-21 23:55:32,0.3921278119087219,0.6670361757278442,0.7461739182472229,0.7773984670639038,0.8085317015647888,0.8051343560218811,0.6993106603622437
2025-01-21 23:55:31,0.3926793038845062,0.6675398945808411,0.7465062141418457,0.7778602838516235,0.8085708022117615,0.8050662875175476,0.699428379535675
2025-01-21 23:55:30,0.3921740651130676,0.6669182181358337,0.7458078265190125,0.7770518064498901,0.8078973889350891,0.8045929670333862,0.6990682482719421
2025-01-21 23:55:29,0.39166882634162903,0.6662964820861816,0.745109498500824,0.776243269443512,0.8072240352630615,0.8041197061538696,0.6987081170082092
2025-01-21 23:55:28,0.39116358757019043,0.6656748056411743,0.7444111108779907,0.7754347920417786,0.8065506219863892,0.8036463856697083,0.6983479857444763
2025-01-21 23:55:27,0.3915337324142456,0.666246235370636,0.7450199127197266,0.7762147188186646,0.8073080778121948,0.8042904138565063,0.6987919807434082
2025-01-21 23:55:26,0.3919038474559784,0.6668176651000977,0.7456287145614624,0.7769945859909058,0.8080655336380005,0.8049344420433044,0.6992359161376953
2025-01-21 23:55:25,0.39227399230003357,0.6673890948295593,0.7462375164031982,0.7777745127677917,0.8088229894638062,0.8055784702301025,0.6996799111366272
2025-01-21 23:55:24,0.3920060098171234,0.6664057970046997,0.7462018132209778,0.7770540118217468,0.807835578918457,0.8047896027565002,0.6989682912826538
2025-01-21 23:55:23,0.39227184653282166,0.6668403744697571,0.7464795112609863,0.7774522304534912,0.8082157373428345,0.8050839304924011,0.699218213558197
2025-01-21 23:55:22,0.3925376534461975,0.6672749519348145,0.7467572093009949,0.7778505086898804,0.8085959553718567,0.8053781986236572,0.699468195438385
2025-01-21 23:55:21,0.39280349016189575,0.6677095293998718,0.7470349073410034,0.7782487273216248,0.8089761137962341,0.8056725263595581,0.6997181177139282
2025-01-21 23:55:20,0.3913904130458832,0.6660836935043335,0.7454593181610107,0.7763761281967163,0.8077445030212402,0.8048223853111267,0.6988512873649597
2025-01-21 23:55:19,0.3922845125198364,0.6672602891921997,0.7461019158363342,0.7772895097732544,0.8083956241607666,0.8052815198898315,0.6993817090988159
2025-01-21 23:55:18,0.3920137882232666,0.6667742133140564,0.7456940412521362,0.7767955660820007,0.8078126907348633,0.8047600388526917,0.6990610361099243
2025-01-21 23:55:17,0.3917430341243744,0.6662881970405579,0.7452861666679382,0.7763015627861023,0.8072298169136047,0.8042385578155518,0.6987403631210327
2025-01-21 23:55:16,0.39147230982780457,0.6658021211624146,0.7448782920837402,0.7758076190948486,0.8066468834877014,0.8037170767784119,0.6984196901321411
2025-01-21 23:55:15,0.39172232151031494,0.6662230491638184,0.7452954053878784,0.7762908935546875,0.8073984384536743,0.8043418526649475,0.6986513137817383
2025-01-21 23:55:14,0.39197230339050293,0.6666439175605774,0.7457125186920166,0.7767742276191711,0.8081499934196472,0.8049666285514832,0.6988828778266907
2025-01-21 23:55:13,0.3923686146736145,0.6670936346054077,0.7461152076721191,0.7771787643432617,0.8083044290542603,0.805061399936676,0.6990805268287659
2025-01-21 23:55:12,0.3927648961544037,0.6675434112548828,0.7465178966522217,0.7775833010673523,0.8084589242935181,0.8051561713218689,0.6992781758308411
2025-01-21 23:55:11,0.3923291563987732,0.6670853495597839,0.7463234663009644,0.7775019407272339,0.8084002733230591,0.8051934838294983,0.6992398500442505
2025-01-21 23:55:10,0.3918933868408203,0.6666272878646851,0.7461289763450623,0.7774205207824707,0.8083416819572449,0.8052307963371277,0.6992015838623047
2025-01-21 23:55:09,0.3924352526664734,0.6673521399497986,0.7470283508300781,0.7781942486763,0.8090440034866333,0.8057993054389954,0.6995977163314819
2025-01-21 23:55:08,0.3929770886898041,0.6680769920349121,0.7479277849197388,0.7789679765701294,0.8097463846206665,0.806367814540863,0.6999937891960144
2025-01-21 23:55:07,0.3929435610771179,0.6681250333786011,0.747678279876709,0.7788106203079224,0.8096525073051453,0.8063049912452698,0.6999481320381165
2025-01-21 23:55:06,0.39291003346443176,0.66817307472229,0.7474287152290344,0.7786532640457153,0.8095586895942688,0.8062422275543213,0.6999025344848633
2025-01-21 23:55:05,0.3928765058517456,0.668221116065979,0.7471792101860046,0.7784959077835083,0.8094648122787476,0.806179404258728,0.6998568773269653
2025-01-21 23:55:04,0.39276015758514404,0.6681019067764282,0.7471297979354858,0.7783958911895752,0.8092756271362305,0.8060542941093445,0.6998853087425232
2025-01-21 23:55:03,0.39264383912086487,0.6679826378822327,0.747080385684967,0.7782959342002869,0.8090865015983582,0.8059291839599609,0.699913740158081
2025-01-21 23:55:02,0.3925274908542633,0.6678634285926819,0.7470309734344482,0.7781959176063538,0.8088973164558411,0.8058040738105774,0.6999421715736389
2025-01-21 23:55:01,0.3923085331916809,0.6675485372543335,0.7467004060745239,0.7778765559196472,0.8085905909538269,0.8055928349494934,0.6997576951980591
2025-01-21 23:55:00,0.3920895457267761,0.6672337055206299,0.7463697791099548,0.7775571346282959,0.808283805847168,0.8053816556930542,0.6995731592178345
2025-01-21 23:54:59,0.3918705880641937,0.6669188141822815,0.7460392117500305,0.7772377729415894,0.8079770803451538,0.8051704168319702,0.6993886828422546
2025-01-21 23:54:58,0.39182740449905396,0.6665495038032532,0.7452310919761658,0.7764450907707214,0.8073915243148804,0.8046839237213135,0.6991150975227356
2025-01-21 23:54:57,0.3925538957118988,0.6677348613739014,0.7465286254882812,0.7776765823364258,0.8086811304092407,0.8056899309158325,0.6998840570449829
2025-01-21 23:54:56,0.39328038692474365,0.6689202785491943,0.747826099395752,0.7789080142974854,0.8099707961082458,0.8066958785057068,0.7006530165672302
2025-01-21 23:54:55,0.3929429054260254,0.668336033821106,0.7471787929534912,0.7783365249633789,0.8093581199645996,0.8061560988426208,0.7003787159919739
2025-01-21 23:54:54,0.39260539412498474,0.6677517294883728,0.7465314269065857,0.7777650952339172,0.8087455034255981,0.8056162595748901,0.7001044750213623
2025-01-21 23:54:53,0.3922679126262665,0.6671674847602844,0.745884120464325,0.7771936058998108,0.8081328272819519,0.8050764799118042,0.699830174446106
2025-01-21 23:54:52,0.3922409415245056,0.6670145988464355,0.7459014058113098,0.7770954966545105,0.8080660700798035,0.8049853444099426,0.6996142864227295
2025-01-21 23:54:51,0.39221394062042236,0.6668616533279419,0.7459187507629395,0.776997447013855,0.807999312877655,0.804894208908081,0.699398398399353
2025-01-21 23:54:50,0.3921869695186615,0.666708767414093,0.7459360361099243,0.7768993377685547,0.8079325556755066,0.8048030138015747,0.6991825699806213
2025-01-21 23:54:49,0.39215999841690063,0.6665558815002441,0.7459533214569092,0.7768012285232544,0.8078657984733582,0.8047118782997131,0.6989666819572449
2025-01-21 23:54:48,0.39185631275177,0.666490912437439,0.745678722858429,0.777090311050415,0.80833500623703,0.805113673210144,0.6999844908714294
2025-01-21 23:54:47,0.39172714948654175,0.6665292978286743,0.7457817792892456,0.7771000862121582,0.8082993626594543,0.8052660226821899,0.6996800899505615
2025-01-21 23:54:46,0.3915979862213135,0.6665676832199097,0.745884895324707,0.7771099209785461,0.8082637190818787,0.8054183721542358,0.6993756294250488
2025-01-21 23:54:45,0.39150121808052063,0.6664889454841614,0.745542585849762,0.7767457962036133,0.8078708648681641,0.8051763772964478,0.6991645693778992
2025-01-21 23:54:44,0.39140447974205017,0.6664102673530579,0.7452003359794617,0.7763816118240356,0.8074780702590942,0.8049343228340149,0.6989535689353943
2025-01-21 23:54:43,0.3913077116012573,0.6663315296173096,0.7448580265045166,0.7760174870491028,0.8070852160453796,0.8046923279762268,0.6987425088882446
2025-01-21 23:54:42,0.39180928468704224,0.666592001914978,0.7456981539726257,0.7768161296844482,0.8078758716583252,0.8050346374511719,0.6990318298339844
2025-01-21 23:54:41,0.39231088757514954,0.6668524742126465,0.7465382814407349,0.7776147127151489,0.8086665272712708,0.8053770065307617,0.6993210911750793
2025-01-21 23:54:40,0.39180949330329895,0.6666414141654968,0.7459135055541992,0.7770159840583801,0.8083279132843018,0.8052756786346436,0.699276328086853
2025-01-21 23:54:39,0.39178770780563354,0.6666903495788574,0.7458966374397278,0.7770658135414124,0.808372437953949,0.8052914142608643,0.6992983818054199
2025-01-21 23:54:38,0.39176589250564575,0.6667393445968628,0.7458798289299011,0.7771156430244446,0.8084169626235962,0.8053072094917297,0.699320375919342
2025-01-21 23:54:37,0.39174410700798035,0.6667882800102234,0.7458629608154297,0.7771655321121216,0.8084614276885986,0.8053229451179504,0.6993424296379089
2025-01-21 23:54:36,0.39172229170799255,0.6668372750282288,0.745846152305603,0.7772153615951538,0.8085059523582458,0.8053387403488159,0.699364423751831
2025-01-21 23:54:35,0.39170050621032715,0.6668862104415894,0.7458292841911316,0.777265191078186,0.8085504770278931,0.8053544759750366,0.699386477470398
2025-01-21 23:54:34,0.39165300130844116,0.6665676832199097,0.7454991340637207,0.7766721248626709,0.8079169988632202,0.8045932054519653,0.699021577835083
2025-01-21 23:54:33,0.3916054964065552,0.6662492156028748,0.7451689839363098,0.776078999042511,0.8072835803031921,0.8038319945335388,0.6986566781997681
2025-01-21 23:54:32,0.39168083667755127,0.6663326025009155,0.7453363537788391,0.7764942049980164,0.807406485080719,0.8044052124023438,0.6987683773040771
2025-01-21 23:54:31,0.39175620675086975,0.6664159297943115,0.7455037236213684,0.7769094109535217,0.8075293898582458,0.8049783706665039,0.6988800764083862
2025-01-21 23:54:30,0.39165958762168884,0.6668921709060669,0.7456594705581665,0.7768831849098206,0.8082246780395508,0.8051624894142151,0.6989774703979492
2025-01-21 23:54:29,0.391609787940979,0.6666818261146545,0.7454789876937866,0.7768356204032898,0.8083102107048035,0.8052272200584412,0.6988406181335449
2025-01-21 23:54:28,0.39335858821868896,0.6689826250076294,0.7481343746185303,0.7795950174331665,0.810545802116394,0.8069952130317688,0.7004318833351135
2025-01-21 23:54:27,0.39294812083244324,0.6683774590492249,0.7473905086517334,0.7786966562271118,0.8097028732299805,0.8061197400093079,0.6999824047088623
2025-01-21 23:54:26,0.3925376534461975,0.6677722930908203,0.7466465830802917,0.7777982354164124,0.8088599443435669,0.8052442669868469,0.6995328664779663
2025-01-21 23:54:25,0.3921271860599518,0.6671671271324158,0.7459027171134949,0.7768998742103577,0.8080170154571533,0.804368793964386,0.6990833878517151
2025-01-21 23:54:24,0.39210405945777893,0.6671229004859924,0.7459118366241455,0.7769231796264648,0.8080660104751587,0.8044328689575195,0.6990737318992615
2025-01-21 23:54:23,0.3920809328556061,0.6670786738395691,0.7459208965301514,0.7769465446472168,0.8081150054931641,0.8044969439506531,0.6990641355514526
2025-01-21 23:54:22,0.39205777645111084,0.6670344471931458,0.745930016040802,0.776969850063324,0.8081640601158142,0.8045610189437866,0.699054479598999
2025-01-21 23:54:21,0.392034649848938,0.6669902205467224,0.7459390759468079,0.7769932150840759,0.8082130551338196,0.8046250939369202,0.6990448832511902
2025-01-21 23:54:20,0.39201152324676514,0.6669459939002991,0.7459481954574585,0.7770165205001831,0.808262050151825,0.8046891689300537,0.6990352272987366
2025-01-21 23:54:19,0.3919883966445923,0.6669017672538757,0.7459572553634644,0.7770398259162903,0.8083110451698303,0.8047532439231873,0.699025571346283
2025-01-21 23:54:18,0.39196527004241943,0.6668575406074524,0.745966374874115,0.7770631909370422,0.8083600401878357,0.8048173189163208,0.6990159749984741
2025-01-21 23:54:17,0.3919421136379242,0.6668133735656738,0.7459754347801208,0.7770864963531494,0.8084090948104858,0.8048813939094543,0.6990063190460205
2025-01-21 23:54:16,0.39191898703575134,0.6667691469192505,0.7459845542907715,0.7771098613739014,0.8084580898284912,0.8049454689025879,0.6989967226982117
2025-01-21 23:54:15,0.3918958604335785,0.6667249202728271,0.7459936141967773,0.7771331667900085,0.8085070848464966,0.8050095438957214,0.6989870667457581
2025-01-21 23:54:14,0.39187273383140564,0.6666806936264038,0.746002733707428,0.7771564722061157,0.808556079864502,0.805073618888855,0.6989774107933044
2025-01-21 23:54:13,0.3918496072292328,0.6666364669799805,0.7460117936134338,0.7771798372268677,0.8086050748825073,0.8051376938819885,0.6989678144454956
2025-01-21 23:54:12,0.39182645082473755,0.6665922403335571,0.7460209131240845,0.7772031426429749,0.8086541295051575,0.8052017688751221,0.698958158493042
2025-01-21 23:54:11,0.3918033242225647,0.6665480136871338,0.7460299730300903,0.7772265076637268,0.8087031245231628,0.8052658438682556,0.6989485621452332
2025-01-21 23:54:10,0.39178019762039185,0.6665037870407104,0.746039092540741,0.777249813079834,0.8087521195411682,0.8053299188613892,0.6989389061927795
2025-01-21 23:54:09,0.39181509613990784,0.6665498614311218,0.7460586428642273,0.7772720456123352,0.8086836338043213,0.8053086996078491,0.6989737153053284
2025-01-21 23:54:08,0.39184999465942383,0.6665958762168884,0.7460781931877136,0.7772942781448364,0.8086150884628296,0.8052875399589539,0.6990085244178772
2025-01-21 23:54:07,0.3918848931789398,0.6666419506072998,0.7460978031158447,0.7773164510726929,0.8085466027259827,0.8052663207054138,0.6990433931350708
2025-01-21 23:54:06,0.3919197916984558,0.6666879653930664,0.746117353439331,0.7773386836051941,0.8084781169891357,0.8052451014518738,0.6990782022476196
2025-01-21 23:54:05,0.3919547200202942,0.6667340397834778,0.7461369037628174,0.7773609161376953,0.808409571647644,0.8052239418029785,0.6991130113601685
2025-01-21 23:54:04,0.3919896185398102,0.6667801141738892,0.7461564540863037,0.7773831486701965,0.8083410859107971,0.8052027225494385,0.6991478204727173
2025-01-21 23:54:03,0.39202451705932617,0.6668261289596558,0.74617600440979,0.7774053812026978,0.8082726001739502,0.8051815032958984,0.6991826295852661
2025-01-21 23:54:02,0.39205941557884216,0.6668722033500671,0.7461956143379211,0.7774275541305542,0.8082041144371033,0.8051602840423584,0.6992174983024597
2025-01-21 23:54:01,0.39209431409835815,0.6669182181358337,0.7462151646614075,0.7774497866630554,0.8081355690956116,0.8051391243934631,0.6992523074150085
2025-01-21 23:54:00,0.39212921261787415,0.6669642925262451,0.7462347149848938,0.7774720191955566,0.8080670833587646,0.8051179051399231,0.6992871165275574
2025-01-21 23:53:59,0.3918241560459137,0.6665889024734497,0.7457552552223206,0.7769692540168762,0.8077904582023621,0.8047114610671997,0.6990684270858765
2025-01-21 23:53:58,0.39151909947395325,0.6662134528160095,0.7452757954597473,0.7764664888381958,0.8075138330459595,0.8043050765991211,0.6988497972488403
2025-01-21 23:53:57,0.3912140429019928,0.6658380031585693,0.7447963356971741,0.7759636640548706,0.8072371482849121,0.8038986325263977,0.6986311078071594
2025-01-21 23:53:56,0.39090898633003235,0.6654626131057739,0.7443168759346008,0.7754608988761902,0.8069605231285095,0.8034921884536743,0.6984124183654785
2025-01-21 23:53:55,0.3910450339317322,0.6655063629150391,0.7444409728050232,0.7756015062332153,0.8070086240768433,0.8036725521087646,0.6984720826148987
2025-01-21 23:53:54,0.3911810517311096,0.6655501127243042,0.7445650696754456,0.7757420539855957,0.8070567846298218,0.8038529753684998,0.6985316872596741
2025-01-21 23:53:53,0.39131709933280945,0.6655938625335693,0.7446892261505127,0.7758826613426208,0.8071049451828003,0.8040333390235901,0.6985913515090942
2025-01-21 23:53:52,0.3914531469345093,0.6656376123428345,0.7448133230209351,0.776023268699646,0.807153046131134,0.8042137026786804,0.6986510157585144
2025-01-21 23:53:51,0.3915891647338867,0.6656813621520996,0.7449374198913574,0.7761638164520264,0.8072011470794678,0.8043941259384155,0.6987106204032898
2025-01-21 23:53:50,0.39172521233558655,0.6657251119613647,0.7450615167617798,0.7763044238090515,0.8072493076324463,0.8045744895935059,0.69877028465271
2025-01-21 23:53:49,0.39170604944229126,0.665913462638855,0.7451840043067932,0.7764120101928711,0.8075060844421387,0.8046844005584717,0.6988597512245178
2025-01-21 23:53:48,0.39168691635131836,0.6661018133163452,0.7453064918518066,0.7765196561813354,0.807762861251831,0.8047942519187927,0.6989492177963257
2025-01-21 23:53:47,0.39166775345802307,0.6662902235984802,0.7454290390014648,0.7766273021697998,0.8080196976661682,0.8049041032791138,0.6990386247634888
2025-01-21 23:53:46,0.3916485905647278,0.6664785742759705,0.7455515265464783,0.7767348885536194,0.8082764744758606,0.8050140142440796,0.6991280913352966
2025-01-21 23:53:45,0.39174243807792664,0.6665563583374023,0.7455369234085083,0.7766892910003662,0.8082644939422607,0.8050305843353271,0.6993533372879028
2025-01-21 23:53:44,0.3918362855911255,0.6666340827941895,0.7455223202705383,0.776643693447113,0.8082525730133057,0.8050472140312195,0.699578583240509
2025-01-21 23:53:43,0.3917827010154724,0.6665941476821899,0.7454684972763062,0.7767115831375122,0.8082188963890076,0.8050824999809265,0.6993627548217773
2025-01-21 23:53:42,0.39172908663749695,0.6665542125701904,0.745414674282074,0.7767794132232666,0.8081852197647095,0.8051177859306335,0.6991469860076904
2025-01-21 23:53:41,0.3918631672859192,0.6667413711547852,0.7456351518630981,0.7770105600357056,0.8083256483078003,0.8052449822425842,0.6992467045783997
2025-01-21 23:53:40,0.3919972777366638,0.6669285297393799,0.7458555698394775,0.7772417068481445,0.8084660768508911,0.8053721189498901,0.6993464231491089
2025-01-21 23:53:39,0.39213135838508606,0.6671156883239746,0.7460760474205017,0.7774728536605835,0.8086064457893372,0.8054993152618408,0.6994460821151733
2025-01-21 23:53:38,0.3922654390335083,0.6673028469085693,0.7462965250015259,0.7777040004730225,0.808746874332428,0.8056265115737915,0.6995458006858826
2025-01-21 23:53:37,0.39239951968193054,0.6674899458885193,0.7465169429779053,0.7779351472854614,0.8088873028755188,0.8057536482810974,0.6996455192565918
2025-01-21 23:53:36,0.3925336003303528,0.667677104473114,0.7467374205589294,0.7781662940979004,0.8090276718139648,0.8058808445930481,0.6997451782226562
2025-01-21 23:53:35,0.3926677107810974,0.6678642630577087,0.7469578385353088,0.7783974409103394,0.8091681003570557,0.806007981300354,0.6998448967933655
2025-01-21 23:53:34,0.39280179142951965,0.6680514216423035,0.747178316116333,0.7786285877227783,0.8093085289001465,0.8061351776123047,0.6999446153640747
2025-01-21 23:53:33,0.3924914002418518,0.6674538254737854,0.7466393113136292,0.7779159545898438,0.8087590932846069,0.8058046102523804,0.6996110677719116
2025-01-21 23:53:32,0.39218100905418396,0.6668562293052673,0.7461003065109253,0.7772033214569092,0.8082097172737122,0.8054739832878113,0.6992775201797485
2025-01-21 23:53:31,0.3921900987625122,0.6668533086776733,0.7460806369781494,0.7771716117858887,0.8081817030906677,0.8054111003875732,0.6992505192756653
2025-01-21 23:53:30,0.39219918847084045,0.6668503880500793,0.7460610270500183,0.7771399021148682,0.8081536889076233,0.8053481578826904,0.6992234587669373
2025-01-21 23:53:29,0.3922082781791687,0.6668474674224854,0.7460413575172424,0.7771081924438477,0.8081256747245789,0.8052852749824524,0.699196457862854
2025-01-21 23:53:28,0.39221736788749695,0.6668445467948914,0.7460216879844666,0.7770764827728271,0.8080976605415344,0.8052223324775696,0.699169397354126
2025-01-21 23:53:27,0.3922264575958252,0.6668416261672974,0.7460020780563354,0.7770447731018066,0.80806964635849,0.8051594495773315,0.6991423964500427
2025-01-21 23:53:26,0.39223554730415344,0.6668387055397034,0.7459824085235596,0.7770130634307861,0.8080416321754456,0.8050965666770935,0.6991153955459595
2025-01-21 23:53:25,0.3922446370124817,0.6668357849121094,0.7459627389907837,0.7769813537597656,0.8080136179924011,0.8050336241722107,0.6990883350372314
2025-01-21 23:53:24,0.39225372672080994,0.6668328642845154,0.7459430694580078,0.7769496440887451,0.8079856038093567,0.8049707412719727,0.6990613341331482
2025-01-21 23:53:23,0.3922628164291382,0.6668299436569214,0.7459234595298767,0.7769179344177246,0.8079575896263123,0.8049077987670898,0.6990342736244202
2025-01-21 23:53:22,0.39227190613746643,0.6668270230293274,0.7459037899971008,0.7768862247467041,0.8079295754432678,0.8048449158668518,0.6990072727203369
2025-01-21 23:53:21,0.39203786849975586,0.666614294052124,0.7456222176551819,0.7767801880836487,0.8076908588409424,0.8048920631408691,0.6989510655403137
2025-01-21 23:53:20,0.3918038308620453,0.6664016246795654,0.7453406453132629,0.7766741514205933,0.8074521422386169,0.8049391508102417,0.6988949179649353
2025-01-21 23:53:19,0.3915697932243347,0.6661888957023621,0.745059072971344,0.7765681147575378,0.8072134256362915,0.804986298084259,0.6988387107849121
2025-01-21 23:53:18,0.3919129967689514,0.6666868925094604,0.7457919716835022,0.7772538661956787,0.8080623745918274,0.8053716421127319,0.6992967128753662
2025-01-21 23:53:17,0.3922562003135681,0.6671848893165588,0.7465248703956604,0.7779396176338196,0.8089113235473633,0.8057569265365601,0.6997547745704651
2025-01-21 23:53:16,0.3926124572753906,0.6675663590431213,0.7470203638076782,0.7781761884689331,0.8094370365142822,0.8061041831970215,0.6998507380485535
2025-01-21 23:53:15,0.39296871423721313,0.6679478287696838,0.7475159168243408,0.7784128189086914,0.8099626898765564,0.8064513802528381,0.6999467015266418
2025-01-21 23:53:14,0.392861545085907,0.6677727103233337,0.7472835779190063,0.7782156467437744,0.8096019625663757,0.8061774373054504,0.699874758720398
2025-01-21 23:53:13,0.39275434613227844,0.6675975918769836,0.7470512390136719,0.7780184745788574,0.8092412352561951,0.8059034943580627,0.699802815914154
2025-01-21 23:53:12,0.3926471769809723,0.6674224138259888,0.7468189001083374,0.7778213620185852,0.8088805675506592,0.8056294918060303,0.6997308135032654
2025-01-21 23:53:11,0.39253997802734375,0.6672472953796387,0.7465865612030029,0.7776241898536682,0.8085198402404785,0.8053555488586426,0.6996588706970215
2025-01-21 23:53:10,0.3924328088760376,0.6670721769332886,0.7463542222976685,0.7774270176887512,0.8081591129302979,0.8050816059112549,0.6995869278907776
2025-01-21 23:53:09,0.39240753650665283,0.6672372817993164,0.7464359998703003,0.7775098085403442,0.8082379102706909,0.8052624464035034,0.699695885181427
2025-01-21 23:53:08,0.39238226413726807,0.6674023270606995,0.7465177178382874,0.7775925993919373,0.8083167672157288,0.805443286895752,0.6998049020767212
2025-01-21 23:53:07,0.3923569619655609,0.6675673723220825,0.7465994358062744,0.7776753902435303,0.8083956241607666,0.8056241869926453,0.6999138593673706
2025-01-21 23:53:06,0.39233168959617615,0.6677324771881104,0.7466812133789062,0.7777581810951233,0.8084744215011597,0.8058050274848938,0.70002281665802
2025-01-21 23:53:05,0.3921259045600891,0.6673294305801392,0.7464262247085571,0.777495265007019,0.8085790872573853,0.8056375980377197,0.6998776197433472
2025-01-21 23:53:04,0.3919200897216797,0.666926383972168,0.7461712956428528,0.77723228931427,0.8086838126182556,0.8054702281951904,0.6997324228286743
2025-01-21 23:53:03,0.39171820878982544,0.6663389205932617,0.7453820109367371,0.776778519153595,0.8077306747436523,0.805124819278717,0.699478268623352
2025-01-21 23:53:02,0.39236828684806824,0.6676157712936401,0.7466323971748352,0.7775514721870422,0.8084341287612915,0.805687427520752,0.6992241740226746
2025-01-21 23:53:01,0.3921143114566803,0.666384220123291,0.7457106113433838,0.7769153714179993,0.8077890872955322,0.8052207231521606,0.6988884210586548
2025-01-21 23:53:00,0.3922204077243805,0.6667364835739136,0.7463089227676392,0.7776088118553162,0.808748185634613,0.8056795001029968,0.6994525790214539
2025-01-21 23:52:59,0.3918033838272095,0.6662808060646057,0.7457282543182373,0.7769549489021301,0.8082175850868225,0.805374801158905,0.699130654335022
2025-01-21 23:52:58,0.39138638973236084,0.6658251285552979,0.7451475858688354,0.7763010859489441,0.807686984539032,0.8050701022148132,0.6988087892532349
2025-01-21 23:52:57,0.391550213098526,0.6663668751716614,0.7454470992088318,0.7764129042625427,0.8076403737068176,0.8048465251922607,0.6989328861236572
2025-01-21 23:52:56,0.39193660020828247,0.6665540933609009,0.7457634210586548,0.776836097240448,0.8078784942626953,0.8051788806915283,0.699113130569458
2025-01-21 23:52:55,0.39232298731803894,0.6667413711547852,0.7460798025131226,0.7772592902183533,0.808116614818573,0.8055111765861511,0.699293315410614
2025-01-21 23:52:54,0.3921922445297241,0.6665999293327332,0.7459931969642639,0.7771284580230713,0.8080123066902161,0.8054020404815674,0.6993513703346252
2025-01-21 23:52:53,0.3920614719390869,0.6664585471153259,0.74590665102005,0.7769976258277893,0.8079079985618591,0.8052928447723389,0.6994093656539917
2025-01-21 23:52:52,0.3919307291507721,0.6663171052932739,0.7458200454711914,0.7768668532371521,0.8078036308288574,0.8051837086677551,0.6994674205780029
2025-01-21 23:52:51,0.3917999565601349,0.6661757230758667,0.7457334995269775,0.7767360210418701,0.8076993227005005,0.8050745129585266,0.6995254158973694
2025-01-21 23:52:50,0.39166921377182007,0.6660342812538147,0.7456468939781189,0.7766051888465881,0.8075950145721436,0.8049653768539429,0.6995834708213806
2025-01-21 23:52:49,0.39162421226501465,0.6661167144775391,0.7455721497535706,0.7766509652137756,0.8075894713401794,0.8048639297485352,0.6992479562759399
2025-01-21 23:52:48,0.39157921075820923,0.6661990880966187,0.745497465133667,0.7766967415809631,0.8075839281082153,0.8047624230384827,0.698912501335144
2025-01-21 23:52:47,0.3915342092514038,0.6662814617156982,0.7454227209091187,0.7767425179481506,0.8075783848762512,0.804660975933075,0.6985769867897034
2025-01-21 23:52:46,0.39168205857276917,0.6663638949394226,0.7454944252967834,0.7768893837928772,0.8077172636985779,0.8048115372657776,0.6987795233726501
2025-01-21 23:52:45,0.3918299376964569,0.666446328163147,0.745566189289093,0.7770362496376038,0.8078562021255493,0.804962158203125,0.6989820599555969
2025-01-21 23:52:44,0.39197778701782227,0.6665287017822266,0.7456378936767578,0.7771831154823303,0.807995080947876,0.8051127195358276,0.6991845965385437
2025-01-21 23:52:43,0.39188116788864136,0.6664340496063232,0.7455378770828247,0.7769538164138794,0.8078129887580872,0.8049461245536804,0.6990203857421875
2025-01-21 23:52:42,0.39178454875946045,0.6663394570350647,0.7454378604888916,0.7767245173454285,0.8076308965682983,0.8047795295715332,0.6988561153411865
2025-01-21 23:52:41,0.39168792963027954,0.6662448644638062,0.7453379034996033,0.7764952182769775,0.8074488043785095,0.8046129941940308,0.6986919045448303
2025-01-21 23:52:40,0.39159131050109863,0.6661502122879028,0.7452378869056702,0.7762659192085266,0.8072667121887207,0.8044463992118835,0.6985276937484741
2025-01-21 23:52:39,0.39198046922683716,0.6666995286941528,0.7457897067070007,0.7769068479537964,0.8076620101928711,0.805048942565918,0.6987665891647339
2025-01-21 23:52:38,0.3923695981502533,0.6672487854957581,0.7463415265083313,0.7775477766990662,0.8080573081970215,0.8056514859199524,0.6990054845809937
2025-01-21 23:52:37,0.392081618309021,0.6670891046524048,0.7462084293365479,0.7773697376251221,0.8081486225128174,0.8052483797073364,0.6990307569503784
2025-01-21 23:52:36,0.3917936086654663,0.6669294834136963,0.7460752725601196,0.777191698551178,0.8082398772239685,0.8048452138900757,0.6990560293197632
2025-01-21 23:52:35,0.39182573556900024,0.6668936014175415,0.7460662126541138,0.7771680951118469,0.8082854747772217,0.8048862218856812,0.6991559863090515
2025-01-21 23:52:34,0.3918578326702118,0.6668576598167419,0.7460570931434631,0.7771445512771606,0.8083310723304749,0.8049272894859314,0.6992559432983398
2025-01-21 23:52:33,0.3918899595737457,0.6668217778205872,0.7460480332374573,0.7771209478378296,0.808376669883728,0.8049682974815369,0.6993559002876282
2025-01-21 23:52:32,0.39192208647727966,0.6667858958244324,0.7460389733314514,0.7770973443984985,0.808422327041626,0.8050093054771423,0.6994558572769165
2025-01-21 23:52:31,0.3919541835784912,0.6667499542236328,0.7460298538208008,0.7770738005638123,0.8084679245948792,0.8050503730773926,0.6995558142662048
2025-01-21 23:52:30,0.39198631048202515,0.666714072227478,0.7460207939147949,0.7770501971244812,0.8085135221481323,0.805091381072998,0.6996557712554932
2025-01-21 23:52:29,0.3913672864437103,0.6656104922294617,0.7448474168777466,0.7757818102836609,0.8067911267280579,0.8035051822662354,0.6983476281166077
2025-01-21 23:52:28,0.39207330346107483,0.6669375896453857,0.7463731169700623,0.7772753238677979,0.8087183237075806,0.805574893951416,0.6999645829200745
2025-01-21 23:52:27,0.3917306363582611,0.6664780378341675,0.7458854913711548,0.7768048644065857,0.8081324100494385,0.805107831954956,0.6995860934257507
2025-01-21 23:52:26,0.391387939453125,0.666018545627594,0.7453978061676025,0.7763344049453735,0.8075465559959412,0.8046407699584961,0.6992076635360718
2025-01-21 23:52:25,0.3910452723503113,0.6655590534210205,0.7449101209640503,0.7758639454841614,0.8069607019424438,0.8041736483573914,0.698829174041748
2025-01-21 23:52:24,0.39070260524749756,0.6650995016098022,0.7444224953651428,0.7753934860229492,0.8063747882843018,0.8037065863609314,0.6984506845474243
2025-01-21 23:52:23,0.39115646481513977,0.665784478187561,0.7449290752410889,0.7758816480636597,0.8068974018096924,0.8039576411247253,0.6985783576965332
2025-01-21 23:52:22,0.39161035418510437,0.6664695143699646,0.7454357147216797,0.7763698101043701,0.807420015335083,0.8042087554931641,0.6987060308456421
2025-01-21 23:52:21,0.3920642137527466,0.6671544909477234,0.7459422945976257,0.7768579721450806,0.8079426288604736,0.804459810256958,0.698833703994751
2025-01-21 23:52:20,0.3921126425266266,0.6669279336929321,0.7458670735359192,0.7768720388412476,0.8078651428222656,0.8044933080673218,0.69878089427948
2025-01-21 23:52:19,0.3921610713005066,0.6667013764381409,0.7457919120788574,0.7768861055374146,0.8077875971794128,0.8045268058776855,0.6987280249595642
2025-01-21 23:52:18,0.3922095000743866,0.6664748191833496,0.7457166910171509,0.7769001722335815,0.8077101111412048,0.8045603036880493,0.6986752152442932
2025-01-21 23:52:17,0.39190760254859924,0.666082501411438,0.745349109172821,0.7767012119293213,0.8073508143424988,0.8044403791427612,0.6987708806991577
2025-01-21 23:52:16,0.39189401268959045,0.6659213900566101,0.7456470131874084,0.776993989944458,0.8080890774726868,0.8048716187477112,0.6988769769668579
2025-01-21 23:52:15,0.3919912874698639,0.6660395264625549,0.7457276582717896,0.7770171761512756,0.8080186247825623,0.8049430251121521,0.6989675760269165
2025-01-21 23:52:14,0.39208853244781494,0.6661576628684998,0.7458083629608154,0.777040421962738,0.8079481720924377,0.8050143718719482,0.6990581154823303
2025-01-21 23:52:13,0.3921858072280884,0.6662757992744446,0.7458890080451965,0.7770636081695557,0.8078777194023132,0.8050857782363892,0.6991487145423889
2025-01-21 23:52:12,0.3921229839324951,0.6664366126060486,0.7456695437431335,0.776964545249939,0.8076501488685608,0.8046615123748779,0.6988612413406372
2025-01-21 23:52:11,0.39206019043922424,0.6665974259376526,0.7454500794410706,0.7768654227256775,0.8074225783348083,0.8042371869087219,0.6985737085342407
2025-01-21 23:52:10,0.39255139231681824,0.6677719950675964,0.7468932271003723,0.7786359786987305,0.8082044720649719,0.8054383993148804,0.6995049118995667
2025-01-21 23:52:09,0.3924572467803955,0.6674197912216187,0.7465276718139648,0.7779151201248169,0.8081645965576172,0.8054165840148926,0.6993290185928345
2025-01-21 23:52:08,0.3923631012439728,0.6670675277709961,0.7461621761322021,0.7771942019462585,0.8081247806549072,0.80539470911026,0.6991531252861023
2025-01-21 23:52:07,0.3907235860824585,0.664677083492279,0.7440778017044067,0.7753579020500183,0.8061665892601013,0.8033490180969238,0.6979380249977112
2025-01-21 23:52:06,0.3919588029384613,0.6666523218154907,0.7459477782249451,0.7776452898979187,0.8086084723472595,0.8059434294700623,0.6992573142051697
2025-01-21 23:52:05,0.39145439863204956,0.6660360097885132,0.7452058792114258,0.7764378190040588,0.8072807788848877,0.80405592918396,0.6983746290206909
2025-01-21 23:52:04,0.3923074007034302,0.6666601896286011,0.7458140850067139,0.7776414752006531,0.8081262111663818,0.8049020171165466,0.6991332173347473
2025-01-21 23:52:03,0.3915702998638153,0.6661658883094788,0.7454674243927002,0.7770358920097351,0.8078014254570007,0.8044983744621277,0.6988841891288757
2025-01-21 23:52:02,0.3914600610733032,0.6659759879112244,0.7452290058135986,0.7767475843429565,0.8074913620948792,0.8043089509010315,0.698744535446167
2025-01-21 23:52:01,0.39134982228279114,0.66578608751297,0.7449905276298523,0.776459276676178,0.8071812987327576,0.8041194677352905,0.6986048817634583
2025-01-21 23:52:00,0.39123958349227905,0.6655961871147156,0.7447521090507507,0.7761709690093994,0.806871235370636,0.8039300441741943,0.6984652280807495
2025-01-21 23:51:59,0.3911293148994446,0.6654062271118164,0.7445136308670044,0.7758826017379761,0.8065611124038696,0.8037406206130981,0.6983255743980408
2025-01-21 23:51:58,0.3910190761089325,0.665216326713562,0.7442752122879028,0.7755942940711975,0.806251049041748,0.803551197052002,0.698185920715332
2025-01-21 23:51:57,0.3909088373184204,0.6650264263153076,0.7440367341041565,0.775305986404419,0.8059409856796265,0.803361713886261,0.6980462670326233
2025-01-21 23:51:56,0.3907985985279083,0.6648365259170532,0.7437983155250549,0.7750176787376404,0.8056309223175049,0.8031722903251648,0.6979066133499146
2025-01-21 23:51:55,0.39097923040390015,0.6654808521270752,0.7445410490036011,0.7758738994598389,0.806740403175354,0.8038308024406433,0.6984601616859436
2025-01-21 23:51:54,0.39115989208221436,0.6661251783370972,0.7452837824821472,0.7767301797866821,0.8078498244285583,0.8044893145561218,0.6990137100219727
2025-01-21 23:51:53,0.39180803298950195,0.6666557788848877,0.745993971824646,0.7774189710617065,0.8085689544677734,0.805226743221283,0.6996731162071228
2025-01-21 23:51:52,0.39245620369911194,0.6671863198280334,0.7467042207717896,0.7781077027320862,0.8092880249023438,0.8059641718864441,0.700332522392273
2025-01-21 23:51:51,0.39127978682518005,0.6654719710350037,0.7450597882270813,0.7764937281608582,0.8068156242370605,0.8041620254516602,0.6984310746192932
2025-01-21 23:51:50,0.39059150218963623,0.6646621227264404,0.7436112761497498,0.7747858166694641,0.8051871061325073,0.8025633096694946,0.6974958777427673
2025-01-21 23:51:49,0.3921143114566803,0.6667718291282654,0.7460420727729797,0.7775232195854187,0.8085231781005859,0.8051146864891052,0.699751615524292
2025-01-21 23:51:48,0.39214569330215454,0.6669517755508423,0.7462416291236877,0.7775594592094421,0.8085149526596069,0.8052253723144531,0.6996593475341797
2025-01-21 23:51:47,0.39217710494995117,0.667131781578064,0.7464411854743958,0.7775956988334656,0.8085067868232727,0.8053359985351562,0.6995670199394226
2025-01-21 23:51:46,0.39175212383270264,0.6668028831481934,0.7460998892784119,0.7772603631019592,0.8081600666046143,0.805054783821106,0.6991990804672241
2025-01-21 23:51:45,0.3913271129131317,0.666473925113678,0.745758593082428,0.7769250273704529,0.8078134059906006,0.8047736287117004,0.6988312005996704
2025-01-21 23:51:44,0.3913068175315857,0.6662861108779907,0.7454770803451538,0.776715099811554,0.8075997829437256,0.8045197129249573,0.6987139582633972
2025-01-21 23:51:43,0.3912864923477173,0.6660982966423035,0.7451956272125244,0.7765051126480103,0.8073862195014954,0.8042657375335693,0.698596715927124
2025-01-21 23:51:42,0.39126619696617126,0.6659104824066162,0.7449141144752502,0.7762951850891113,0.8071725964546204,0.8040118217468262,0.6984794735908508
2025-01-21 23:51:41,0.3914600908756256,0.6662508845329285,0.745537281036377,0.7766171097755432,0.8076773285865784,0.8044975996017456,0.6987171173095703
2025-01-21 23:51:40,0.3927524983882904,0.6674543023109436,0.7468442916870117,0.7778605222702026,0.8088740706443787,0.8054236769676208,0.6992313861846924
2025-01-21 23:51:39,0.39227163791656494,0.6668304204940796,0.7461050748825073,0.7773202061653137,0.8081265091896057,0.8049220442771912,0.6989902853965759
2025-01-21 23:51:38,0.3917907476425171,0.6662064790725708,0.7453659176826477,0.77677983045578,0.807378888130188,0.8044203519821167,0.6987491250038147
2025-01-21 23:51:37,0.3913098871707916,0.6655825972557068,0.7446267008781433,0.7762395143508911,0.806631326675415,0.803918719291687,0.6985080242156982
2025-01-21 23:51:36,0.3912566006183624,0.665520191192627,0.7447113990783691,0.7761821746826172,0.8069391846656799,0.8038848042488098,0.6984369158744812
2025-01-21 23:51:35,0.39144548773765564,0.6662123203277588,0.7450507879257202,0.7767055034637451,0.8075950145721436,0.8043007254600525,0.6989461183547974
2025-01-21 23:51:34,0.39147332310676575,0.6661882996559143,0.7450428605079651,0.7766615748405457,0.8074851632118225,0.8042864203453064,0.6989068984985352
2025-01-21 23:51:33,0.39150118827819824,0.666164219379425,0.7450349926948547,0.776617705821991,0.8073753118515015,0.8042721152305603,0.698867678642273
2025-01-21 23:51:32,0.39152902364730835,0.6661401987075806,0.7450270652770996,0.7765737771987915,0.8072655200958252,0.8042578101158142,0.6988284587860107
2025-01-21 23:51:31,0.39155685901641846,0.6661161184310913,0.7450191974639893,0.776529848575592,0.8071556687355042,0.8042435050010681,0.6987892389297485
2025-01-21 23:51:30,0.39158472418785095,0.6660920977592468,0.7450112700462341,0.7764859795570374,0.8070458173751831,0.804229199886322,0.6987499594688416
2025-01-21 23:51:29,0.39161255955696106,0.6660680174827576,0.7450034022331238,0.7764420509338379,0.8069359660148621,0.8042148947715759,0.6987107396125793
2025-01-21 23:51:28,0.39164039492607117,0.6660439968109131,0.7449954748153687,0.7763981223106384,0.8068261742591858,0.8042005896568298,0.6986715197563171
2025-01-21 23:51:27,0.39166826009750366,0.6660199165344238,0.7449876070022583,0.7763542532920837,0.8067163228988647,0.8041862845420837,0.6986322999000549
2025-01-21 23:51:26,0.39169609546661377,0.6659958958625793,0.7449796795845032,0.7763103246688843,0.8066064715385437,0.8041719794273376,0.6985930800437927
2025-01-21 23:51:25,0.3919003903865814,0.6668233275413513,0.746001124382019,0.7776417136192322,0.808046817779541,0.8049178123474121,0.6987078785896301
2025-01-21 23:51:24,0.39155200123786926,0.6660986542701721,0.7453376054763794,0.7768199443817139,0.8071707487106323,0.8043856620788574,0.6983240842819214
2025-01-21 23:51:23,0.3912036120891571,0.6653739809989929,0.744674026966095,0.7759981751441956,0.8062946200370789,0.8038535714149475,0.6979402899742126
2025-01-21 23:51:22,0.39129021763801575,0.6654545068740845,0.7447412014007568,0.7761029005050659,0.8063958287239075,0.8038467764854431,0.6979719996452332
2025-01-21 23:51:21,0.391376793384552,0.6655349731445312,0.7448084354400635,0.776207685470581,0.8064969778060913,0.8038399815559387,0.6980037689208984
2025-01-21 23:51:20,0.39146339893341064,0.6656154990196228,0.7448756098747253,0.7763124108314514,0.8065981864929199,0.8038331866264343,0.698035478591919
2025-01-21 23:51:19,0.39138609170913696,0.6656960248947144,0.7447267770767212,0.7762060761451721,0.8069549798965454,0.8040449023246765,0.6987578272819519
2025-01-21 23:51:18,0.3917486071586609,0.6663296222686768,0.7453709244728088,0.7768915295600891,0.8074731230735779,0.8045685291290283,0.6987056136131287
2025-01-21 23:51:17,0.3915272653102875,0.666010320186615,0.7451680898666382,0.7767047882080078,0.8073974251747131,0.8045744895935059,0.6986522674560547
2025-01-21 23:51:16,0.39130592346191406,0.6656910181045532,0.7449651956558228,0.7765179872512817,0.8073216676712036,0.8045804500579834,0.6985988616943359
2025-01-21 23:51:15,0.39108455181121826,0.6653717756271362,0.7447623610496521,0.7763312458992004,0.8072459697723389,0.8045863509178162,0.6985454559326172
2025-01-21 23:51:14,0.39086320996284485,0.6650524735450745,0.7445595264434814,0.7761445045471191,0.8071702718734741,0.8045923113822937,0.6984921097755432
2025-01-21 23:51:13,0.3912562131881714,0.6657263040542603,0.7451056241989136,0.7766211628913879,0.8075130581855774,0.8047072887420654,0.698580801486969
2025-01-21 23:51:12,0.39164918661117554,0.6664001941680908,0.7456517219543457,0.7770978212356567,0.8078557848930359,0.8048222064971924,0.6986694931983948
2025-01-21 23:51:11,0.3920421898365021,0.6670740246772766,0.7461978197097778,0.7775744795799255,0.8081985712051392,0.8049371838569641,0.6987581849098206
2025-01-21 23:51:10,0.39162060618400574,0.6666194796562195,0.746182918548584,0.7777922749519348,0.8082740902900696,0.8054636120796204,0.6991996169090271
2025-01-21 23:51:09,0.391567200422287,0.6664764881134033,0.7460036277770996,0.7775812149047852,0.8081343173980713,0.8053106069564819,0.6990771293640137
2025-01-21 23:51:08,0.39151379466056824,0.6663334965705872,0.7458243370056152,0.7773701548576355,0.807994544506073,0.8051576614379883,0.698954701423645
2025-01-21 23:51:07,0.3914603888988495,0.666190505027771,0.7456450462341309,0.7771590948104858,0.8078547716140747,0.8050046563148499,0.6988322138786316
2025-01-21 23:51:06,0.3914070129394531,0.6660474538803101,0.7454657554626465,0.7769479751586914,0.8077149391174316,0.8048516511917114,0.6987097859382629
2025-01-21 23:51:05,0.3913536071777344,0.6659044623374939,0.7452864646911621,0.7767369151115417,0.8075751662254333,0.804698646068573,0.6985872983932495
2025-01-21 23:51:04,0.3913002014160156,0.6657614707946777,0.7451071739196777,0.7765258550643921,0.8074353933334351,0.8045457005500793,0.6984648704528809
2025-01-21 23:51:03,0.3912467956542969,0.6656184792518616,0.7449278831481934,0.7763147950172424,0.8072956204414368,0.8043926954269409,0.6983423829078674
2025-01-21 23:51:02,0.39115849137306213,0.6651008129119873,0.7442771196365356,0.7756698131561279,0.806525707244873,0.803318977355957,0.6976938843727112
2025-01-21 23:51:01,0.39122989773750305,0.6653789281845093,0.744345486164093,0.775874674320221,0.8065670132637024,0.8040540814399719,0.6977840065956116
2025-01-21 23:51:00,0.39207181334495544,0.6669452786445618,0.7460963726043701,0.7777498960494995,0.8083751797676086,0.8050655126571655,0.6986504197120667
2025-01-21 23:50:59,0.39184895157814026,0.6666115522384644,0.7457193732261658,0.7772052884101868,0.8080203533172607,0.8048015832901001,0.6985282897949219
2025-01-21 23:50:58,0.3916260898113251,0.6662778258323669,0.7453423738479614,0.776660680770874,0.8076655864715576,0.8045377135276794,0.6984062194824219
2025-01-21 23:50:57,0.391299307346344,0.6657745838165283,0.7449800968170166,0.7761455774307251,0.8071728944778442,0.8040982484817505,0.6982004642486572
2025-01-21 23:50:56,0.3909724950790405,0.6652712821960449,0.7446178197860718,0.7756304740905762,0.8066802024841309,0.8036587834358215,0.6979947090148926
2025-01-21 23:50:55,0.3917388916015625,0.6662523746490479,0.7451794147491455,0.7764707207679749,0.8068742752075195,0.8039665818214417,0.698191225528717
2025-01-21 23:50:54,0.3914547562599182,0.6657629013061523,0.7447709441184998,0.7761666178703308,0.8067042231559753,0.8036807775497437,0.6979725360870361
2025-01-21 23:50:53,0.39117059111595154,0.6652734279632568,0.744362473487854,0.7758625149726868,0.8065341711044312,0.8033949136734009,0.6977537870407104
2025-01-21 23:50:52,0.3910292387008667,0.6653488278388977,0.7444974780082703,0.7759488821029663,0.8068207502365112,0.8036885261535645,0.6979320049285889
2025-01-21 23:50:51,0.39088788628578186,0.6654242277145386,0.7446324825286865,0.7760351896286011,0.8071073293685913,0.8039821982383728,0.6981102824211121
2025-01-21 23:50:50,0.3920867145061493,0.666871190071106,0.7460973858833313,0.7772930264472961,0.8082278966903687,0.8049188852310181,0.6989002227783203
2025-01-21 23:50:49,0.39069798588752747,0.6650366187095642,0.7442172765731812,0.7753862738609314,0.8061285018920898,0.8031744956970215,0.6977167725563049
2025-01-21 23:50:48,0.3905588984489441,0.6650199890136719,0.7443329095840454,0.7755774259567261,0.806803286075592,0.8035777807235718,0.6977505087852478
2025-01-21 23:50:47,0.3911752998828888,0.6655796766281128,0.744752049446106,0.7758457660675049,0.8068347573280334,0.8036966323852539,0.6980223059654236
2025-01-21 23:50:46,0.3917917013168335,0.6661393046379089,0.7451711297035217,0.7761141061782837,0.8068662285804749,0.8038154244422913,0.6982941031455994
2025-01-21 23:50:45,0.3908860981464386,0.6649584174156189,0.7441843748092651,0.7755041122436523,0.8067536950111389,0.8035799860954285,0.6979138851165771
2025-01-21 23:50:44,0.39096909761428833,0.6652116179466248,0.7442498803138733,0.77520751953125,0.8059068918228149,0.8030858039855957,0.6976702809333801
2025-01-21 23:50:43,0.39114516973495483,0.6655198335647583,0.7445804476737976,0.7757452726364136,0.8067151308059692,0.8037437200546265,0.698096752166748
2025-01-21 23:50:42,0.39132121205329895,0.6658279895782471,0.7449110150337219,0.7762830853462219,0.8075234293937683,0.8044015765190125,0.6985232830047607
2025-01-21 23:50:41,0.39117753505706787,0.6655468940734863,0.7447400689125061,0.776157021522522,0.8073213696479797,0.8042798042297363,0.6983861327171326
2025-01-21 23:50:40,0.3910338878631592,0.6652657985687256,0.7445691227912903,0.7760310173034668,0.8071193099021912,0.804158091545105,0.6982489824295044
2025-01-21 23:50:39,0.3911941945552826,0.6652362942695618,0.7441924214363098,0.7756580114364624,0.8063545823097229,0.8032271862030029,0.6979660987854004
2025-01-21 23:50:38,0.3912135362625122,0.6653686761856079,0.7443383932113647,0.7757938504219055,0.8065202832221985,0.8034071326255798,0.6980894804000854
2025-01-21 23:50:37,0.3912329077720642,0.6655011177062988,0.7444843053817749,0.7759296894073486,0.8066859841346741,0.8035870790481567,0.6982129216194153
2025-01-21 23:50:36,0.39100441336631775,0.6650857925415039,0.74428391456604,0.7757411003112793,0.8064749240875244,0.8033573031425476,0.697979748249054
2025-01-21 23:50:35,0.3907758891582489,0.6646705269813538,0.7440835237503052,0.77555251121521,0.80626380443573,0.8031275272369385,0.6977465748786926
2025-01-21 23:50:34,0.39054739475250244,0.6645287275314331,0.7435070872306824,0.7749884128570557,0.8056839108467102,0.8027691841125488,0.697428286075592
2025-01-21 23:50:33,0.3915970027446747,0.6661292910575867,0.7454093098640442,0.7770872712135315,0.807830274105072,0.8047432899475098,0.698522686958313
2025-01-21 23:50:32,0.39101919531822205,0.6649578809738159,0.7441259026527405,0.7756050825119019,0.8062595129013062,0.8030750155448914,0.6978827714920044
2025-01-21 23:50:31,0.3911736011505127,0.6647781133651733,0.7437930107116699,0.7754591703414917,0.8058372139930725,0.802693784236908,0.6975082159042358
2025-01-21 23:50:30,0.39152228832244873,0.6659488081932068,0.7449318766593933,0.7764453291893005,0.8067474961280823,0.8037878274917603,0.6981729865074158
2025-01-21 23:50:29,0.3913666605949402,0.6656671166419983,0.7446868419647217,0.7763087749481201,0.8069976568222046,0.8040295243263245,0.6981513500213623
2025-01-21 23:50:28,0.39121100306510925,0.6653854250907898,0.74444180727005,0.7761722803115845,0.8072478771209717,0.8042712211608887,0.6981297135353088
2025-01-21 23:50:27,0.39142686128616333,0.6657510995864868,0.7449121475219727,0.7766140699386597,0.807762861251831,0.8046276569366455,0.6984224319458008
2025-01-21 23:50:26,0.391642689704895,0.6661167144775391,0.7453824877738953,0.7770559191703796,0.8082779049873352,0.8049840927124023,0.6987152099609375
2025-01-21 23:50:25,0.3913832902908325,0.6658291816711426,0.7449058294296265,0.7757735848426819,0.8062410950660706,0.8031160235404968,0.6977605223655701
2025-01-21 23:50:24,0.3913668990135193,0.665742039680481,0.7448620200157166,0.7761012315750122,0.8067669868469238,0.8034595251083374,0.6977839469909668
2025-01-21 23:50:23,0.39135050773620605,0.6656548976898193,0.7448182106018066,0.7764288783073425,0.8072928190231323,0.8038030862808228,0.6978073120117188
2025-01-21 23:50:22,0.39125481247901917,0.6655467748641968,0.7445734143257141,0.7758674025535583,0.8066645860671997,0.8036407828330994,0.6975445747375488
2025-01-21 23:50:21,0.39132869243621826,0.6655055284500122,0.7444530129432678,0.7753111720085144,0.805914580821991,0.8033214211463928,0.6975331902503967
2025-01-21 23:50:20,0.3911746144294739,0.6654273271560669,0.7445253133773804,0.7757571935653687,0.8066244125366211,0.8038000464439392,0.6981065273284912
2025-01-21 23:50:19,0.3910205066204071,0.6653491854667664,0.7445976734161377,0.7762032151222229,0.8073341846466064,0.8042786717414856,0.6986799240112305
2025-01-21 23:50:18,0.39134079217910767,0.6658172011375427,0.7449287176132202,0.7763513922691345,0.8074541091918945,0.8040586709976196,0.6979814767837524
2025-01-21 23:50:17,0.3912056088447571,0.6655057668685913,0.744585394859314,0.7759536504745483,0.8070515394210815,0.8038217425346375,0.6978291273117065
2025-01-21 23:50:16,0.3910703957080841,0.6651943922042847,0.7442420721054077,0.7755558490753174,0.8066489696502686,0.8035848140716553,0.6976767778396606
2025-01-21 23:50:15,0.39093518257141113,0.6648829579353333,0.7438988089561462,0.7751580476760864,0.8062463402748108,0.8033478260040283,0.6975244283676147
2025-01-21 23:50:14,0.39079999923706055,0.6645715236663818,0.74355548620224,0.7747603058815002,0.8058437705039978,0.8031108975410461,0.6973720788955688
2025-01-21 23:50:13,0.3909056782722473,0.6649554967880249,0.7440003156661987,0.7753353118896484,0.8064396977424622,0.803487241268158,0.6978484988212585
2025-01-21 23:50:12,0.39101138710975647,0.6653395295143127,0.7444450855255127,0.7759103178977966,0.8070356249809265,0.8038635849952698,0.6983249187469482
2025-01-21 23:50:11,0.3914076089859009,0.666182279586792,0.7454742193222046,0.7770419716835022,0.8075469732284546,0.8044559955596924,0.6989470720291138
2025-01-21 23:50:10,0.3912779688835144,0.6658645272254944,0.7451552748680115,0.7766030430793762,0.8071616291999817,0.8041526079177856,0.6985536217689514
2025-01-21 23:50:09,0.39114832878112793,0.6655467748641968,0.7448362708091736,0.7761640548706055,0.806776225566864,0.8038492798805237,0.6981601715087891
2025-01-21 23:50:08,0.39101868867874146,0.6652290225028992,0.7445173263549805,0.7757251262664795,0.8063908815383911,0.8035458922386169,0.6977667212486267
2025-01-21 23:50:07,0.39145758748054504,0.6659578084945679,0.7453147768974304,0.7764618992805481,0.8070818781852722,0.804031491279602,0.6980323791503906
2025-01-21 23:50:06,0.39189648628234863,0.6666865944862366,0.7461122274398804,0.7771986722946167,0.8077728748321533,0.8045170903205872,0.6982979774475098
2025-01-21 23:50:05,0.3915209472179413,0.6662169098854065,0.7454261779785156,0.776567816734314,0.807318389415741,0.8041909337043762,0.6980889439582825
2025-01-21 23:50:04,0.39114540815353394,0.6657472252845764,0.7447401285171509,0.775937020778656,0.8068639039993286,0.8038647770881653,0.6978799104690552
2025-01-21 23:50:03,0.39125949144363403,0.6661092042922974,0.7452768087387085,0.776118278503418,0.8071355819702148,0.8039296269416809,0.6979073286056519
2025-01-21 23:50:02,0.3913736045360565,0.6664711833000183,0.7458134889602661,0.7762994766235352,0.8074073195457458,0.8039944767951965,0.6979348063468933
2025-01-21 23:50:01,0.39104780554771423,0.6653339266777039,0.7444500923156738,0.7756807804107666,0.8066046833992004,0.8035023212432861,0.6979740858078003
2025-01-21 23:50:00,0.3907671868801117,0.6651788949966431,0.7442932724952698,0.7757403254508972,0.806855320930481,0.803589403629303,0.6977741122245789
2025-01-21 23:49:59,0.3912222981452942,0.6657993793487549,0.7448918223381042,0.7757865190505981,0.8066961765289307,0.8035295009613037,0.6980108022689819
2025-01-21 23:49:58,0.390925794839859,0.6651728749275208,0.7442813515663147,0.7750348448753357,0.8061727285385132,0.8030421137809753,0.6976550817489624
2025-01-21 23:49:57,0.39062929153442383,0.6645463705062866,0.7436708807945251,0.7742831707000732,0.8056492209434509,0.802554726600647,0.6972994208335876
2025-01-21 23:49:56,0.3916088938713074,0.66512531042099,0.7451356053352356,0.7758554220199585,0.8071066737174988,0.803896427154541,0.6978129148483276
2025-01-21 23:49:55,0.3918272852897644,0.6657042503356934,0.7454589009284973,0.7762277126312256,0.8074185252189636,0.8041552901268005,0.6981963515281677
2025-01-21 23:49:54,0.39170730113983154,0.6662831902503967,0.7455763816833496,0.7765973806381226,0.8073822259902954,0.8043748736381531,0.6985797882080078
2025-01-21 23:49:53,0.39126914739608765,0.6655874848365784,0.7448554635047913,0.775971531867981,0.8068907260894775,0.8038400411605835,0.6981455087661743
2025-01-21 23:49:52,0.39083096385002136,0.66489177942276,0.7441346049308777,0.7753457427024841,0.8063992857933044,0.8033052086830139,0.697711169719696
2025-01-21 23:49:51,0.39039281010627747,0.6641960740089417,0.7434136867523193,0.7747198939323425,0.8059077858924866,0.8027703762054443,0.6972768902778625
2025-01-21 23:49:50,0.3911173939704895,0.6655697822570801,0.7442318201065063,0.7750564217567444,0.8066316246986389,0.8033645749092102,0.6982973217964172
2025-01-21 23:49:49,0.39221128821372986,0.6665734052658081,0.7458009123802185,0.7770484089851379,0.8073657751083374,0.8042677044868469,0.6990637183189392
2025-01-21 23:49:48,0.39175084233283997,0.6661337614059448,0.7451518774032593,0.7762616872787476,0.8069957494735718,0.8039286136627197,0.6986618638038635
2025-01-21 23:49:47,0.3912903964519501,0.6656941175460815,0.7445027828216553,0.7754749059677124,0.8066257834434509,0.8035895824432373,0.6982600092887878
2025-01-21 23:49:46,0.39219290018081665,0.6665369868278503,0.7458537220954895,0.7770544290542603,0.8080689907073975,0.8044285178184509,0.698796272277832
2025-01-21 23:49:45,0.39208269119262695,0.6665043234825134,0.7458050847053528,0.7768867611885071,0.8079333901405334,0.8044049739837646,0.6986913681030273
2025-01-21 23:49:44,0.39197248220443726,0.6664717197418213,0.7457564473152161,0.7767190933227539,0.8077977895736694,0.8043813705444336,0.6985865235328674
2025-01-21 23:49:43,0.39186230301856995,0.6664390563964844,0.7457078099250793,0.7765514850616455,0.8076621890068054,0.8043578267097473,0.6984816789627075
2025-01-21 23:49:42,0.39175209403038025,0.6664063930511475,0.7456591725349426,0.7763838171958923,0.8075265884399414,0.804334282875061,0.6983767747879028
2025-01-21 23:49:41,0.39168065786361694,0.666267991065979,0.7453771233558655,0.7762218713760376,0.8073433637619019,0.8042356967926025,0.6982109546661377
2025-01-21 23:49:40,0.39160919189453125,0.6661295890808105,0.7450950741767883,0.7760599851608276,0.8071600794792175,0.8041371703147888,0.6980451941490173
2025-01-21 23:49:39,0.3910340964794159,0.665294885635376,0.7443743348121643,0.7751483917236328,0.8062866926193237,0.8033119440078735,0.6976279020309448
2025-01-21 23:49:38,0.39045900106430054,0.6644601225852966,0.7436535954475403,0.774236798286438,0.8054133057594299,0.8024867177009583,0.6972106099128723
2025-01-21 23:49:37,0.39062273502349854,0.6646814942359924,0.7438883185386658,0.7745935916900635,0.8057542443275452,0.8027603030204773,0.6973698735237122
2025-01-21 23:49:36,0.39078646898269653,0.664902925491333,0.744123101234436,0.774950385093689,0.8060951828956604,0.8030338287353516,0.697529137134552
2025-01-21 23:49:35,0.39095020294189453,0.6651242971420288,0.7443578243255615,0.7753071784973145,0.8064361214637756,0.8033074140548706,0.6976884007453918
2025-01-21 23:49:34,0.39103808999061584,0.6653674840927124,0.744392991065979,0.7752516865730286,0.806597113609314,0.8036767840385437,0.6978890895843506
2025-01-21 23:49:33,0.39251551032066345,0.6672899127006531,0.746426522731781,0.7777013778686523,0.8083661198616028,0.8052371144294739,0.6988102197647095
2025-01-21 23:49:32,0.3916882574558258,0.6661356687545776,0.7452422976493835,0.7761098146438599,0.8071803450584412,0.8041567802429199,0.6980880498886108
2025-01-21 23:49:31,0.39086100459098816,0.664981484413147,0.7440580725669861,0.7745181918144226,0.8059945702552795,0.8030765056610107,0.6973658800125122
2025-01-21 23:49:30,0.39102303981781006,0.6652197241783142,0.7442293167114258,0.7747384905815125,0.8060884475708008,0.8031097054481506,0.6974568367004395
2025-01-21 23:49:29,0.39118510484695435,0.6654579043388367,0.7444005608558655,0.7749587893486023,0.806182324886322,0.8031428456306458,0.6975477933883667
2025-01-21 23:49:28,0.39134714007377625,0.6656961441040039,0.7445718050003052,0.7751790881156921,0.8062762022018433,0.8031760454177856,0.697638750076294
2025-01-21 23:49:27,0.39150917530059814,0.6659343242645264,0.7447429895401001,0.7753993272781372,0.8063700795173645,0.8032092452049255,0.6977297067642212
2025-01-21 23:49:26,0.39167121052742004,0.6661725640296936,0.7449142336845398,0.775619626045227,0.8064639568328857,0.8032424449920654,0.6978206634521484
2025-01-21 23:49:25,0.39183327555656433,0.6664107441902161,0.7450854778289795,0.7758399248123169,0.806557834148407,0.8032755851745605,0.6979116201400757
2025-01-21 23:49:24,0.39199531078338623,0.6666489839553833,0.7452567219734192,0.7760602235794067,0.8066517114639282,0.8033087849617004,0.6980025768280029
2025-01-21 23:49:23,0.3919908106327057,0.666598916053772,0.7453218698501587,0.7761585712432861,0.8068179488182068,0.8034627437591553,0.6980562210083008
2025-01-21 23:49:22,0.39198634028434753,0.6665487885475159,0.7453870177268982,0.7762569189071655,0.8069841861724854,0.8036167025566101,0.6981098651885986
2025-01-21 23:49:21,0.391981840133667,0.6664987206459045,0.7454521656036377,0.7763552665710449,0.8071504235267639,0.8037706613540649,0.6981635093688965
2025-01-21 23:49:20,0.39197736978530884,0.6664486527442932,0.745517373085022,0.7764536738395691,0.8073166608810425,0.8039246201515198,0.6982170939445496
2025-01-21 23:49:19,0.3919728696346283,0.6663985848426819,0.7455825209617615,0.7765520215034485,0.807482898235321,0.8040785789489746,0.6982707381248474
2025-01-21 23:49:18,0.39196839928627014,0.6663484573364258,0.745647668838501,0.7766503691673279,0.8076491355895996,0.8042325377464294,0.6983243823051453
2025-01-21 23:49:17,0.3919638991355896,0.6662983894348145,0.7457128167152405,0.7767487168312073,0.8078153729438782,0.8043864965438843,0.6983780264854431
2025-01-21 23:49:16,0.391611784696579,0.6661586165428162,0.7454420328140259,0.7765064239501953,0.8076752424240112,0.8043425679206848,0.6982545256614685
2025-01-21 23:49:15,0.39125970005989075,0.6660187840461731,0.745171308517456,0.7762640714645386,0.8075351119041443,0.8042986989021301,0.6981310248374939
2025-01-21 23:49:14,0.3909075856208801,0.6658790111541748,0.7449005246162415,0.7760217785835266,0.8073949813842773,0.8042547702789307,0.6980075240135193
2025-01-21 23:49:13,0.39086753129959106,0.6656675934791565,0.7447215914726257,0.775784969329834,0.8070870637893677,0.8039299249649048,0.6977872848510742
2025-01-21 23:49:12,0.390827476978302,0.6654561758041382,0.74454265832901,0.7755481600761414,0.8067792057991028,0.8036050796508789,0.6975670456886292
2025-01-21 23:49:11,0.39078742265701294,0.6652447581291199,0.7443637847900391,0.7753114104270935,0.8064712882041931,0.8032802939414978,0.6973468065261841
2025-01-21 23:49:10,0.3907473683357239,0.6650333404541016,0.7441848516464233,0.7750746011734009,0.8061634302139282,0.8029554486274719,0.697126567363739
2025-01-21 23:49:09,0.3907073140144348,0.6648219227790833,0.7440059185028076,0.7748377919197083,0.8058555126190186,0.802630603313446,0.696906328201294
2025-01-21 23:49:08,0.39080512523651123,0.6650529503822327,0.7440967559814453,0.775009274482727,0.8060537576675415,0.8028163909912109,0.6970744132995605
2025-01-21 23:49:07,0.39090290665626526,0.6652839779853821,0.7441875338554382,0.7751807570457458,0.8062519431114197,0.8030021786689758,0.6972424983978271
2025-01-21 23:49:06,0.3910007178783417,0.6655150651931763,0.7442783713340759,0.7753522396087646,0.8064501881599426,0.803187906742096,0.697410523891449
2025-01-21 23:49:05,0.3910984992980957,0.6657460927963257,0.7443691492080688,0.7755237221717834,0.8066483736038208,0.8033736944198608,0.6975786089897156
2025-01-21 23:49:04,0.3911963105201721,0.6659771203994751,0.7444599866867065,0.7756952047348022,0.8068466186523438,0.8035594820976257,0.6977466940879822
2025-01-21 23:49:03,0.3919050097465515,0.6664868593215942,0.745323896408081,0.7764072418212891,0.8076834678649902,0.8041571974754333,0.6984022855758667
2025-01-21 23:49:02,0.3926137089729309,0.6669965982437134,0.7461878061294556,0.7771192789077759,0.8085203766822815,0.804754912853241,0.6990578770637512
2025-01-21 23:49:01,0.39239850640296936,0.6668175458908081,0.7459455132484436,0.7769065499305725,0.8081940412521362,0.8045496940612793,0.698850154876709
2025-01-21 23:49:00,0.3921833038330078,0.6666385531425476,0.7457032203674316,0.7766938209533691,0.8078676462173462,0.8043444156646729,0.6986424922943115
2025-01-21 23:48:59,0.39196810126304626,0.6664595603942871,0.7454608678817749,0.7764811515808105,0.8075412511825562,0.8041391968727112,0.6984348297119141
2025-01-21 23:48:58,0.3917528986930847,0.6662805080413818,0.7452185750007629,0.7762684226036072,0.8072149157524109,0.8039339780807495,0.6982271075248718
2025-01-21 23:48:57,0.3915952444076538,0.6661336421966553,0.745047926902771,0.7762141227722168,0.8072245717048645,0.8038842678070068,0.6983045935630798
2025-01-21 23:48:56,0.3914375901222229,0.6659867167472839,0.744877278804779,0.7761598825454712,0.8072342276573181,0.8038346171379089,0.6983820796012878
2025-01-21 23:48:55,0.3913626968860626,0.6658026576042175,0.7445875406265259,0.7756434082984924,0.8066685795783997,0.803463339805603,0.6980510950088501
2025-01-21 23:48:54,0.39128780364990234,0.6656185388565063,0.7442978620529175,0.7751269936561584,0.8061029314994812,0.8030920624732971,0.6977201104164124
2025-01-21 23:48:53,0.39121291041374207,0.6654344797134399,0.7440081238746643,0.7746105194091797,0.8055372834205627,0.8027207851409912,0.6973891258239746
2025-01-21 23:48:52,0.39119017124176025,0.6653633117675781,0.7441302537918091,0.7747753858566284,0.8058552145957947,0.8029084801673889,0.6975977420806885
2025-01-21 23:48:51,0.39116743206977844,0.6652921438217163,0.7442524433135986,0.7749403119087219,0.8061730861663818,0.8030961751937866,0.6978062987327576
2025-01-21 23:48:50,0.39114469289779663,0.6652209758758545,0.7443745732307434,0.7751051783561707,0.8064910173416138,0.8032838702201843,0.6980149149894714
2025-01-21 23:48:49,0.3911219537258148,0.6654438972473145,0.7443480491638184,0.7752615213394165,0.8065468668937683,0.8032636642456055,0.697989821434021
2025-01-21 23:48:48,0.391099214553833,0.6656668186187744,0.7443215250968933,0.7754179239273071,0.8066027164459229,0.8032435178756714,0.6979647874832153
2025-01-21 23:48:47,0.39126288890838623,0.6662017107009888,0.7451362013816833,0.7761818170547485,0.8072836995124817,0.8039128184318542,0.698387086391449
2025-01-21 23:48:46,0.3919445872306824,0.6670262813568115,0.7461963295936584,0.777099609375,0.8082472085952759,0.8049641251564026,0.6990072131156921
2025-01-21 23:48:45,0.3912999927997589,0.6664944887161255,0.7456026077270508,0.7765535712242126,0.8081582188606262,0.8050063848495483,0.6989091038703918
2025-01-21 23:48:44,0.391224205493927,0.6660963892936707,0.7451022863388062,0.7760816216468811,0.807404637336731,0.8042771816253662,0.6984975337982178
2025-01-21 23:48:43,0.3911483883857727,0.6656982898712158,0.7446019053459167,0.7756096720695496,0.8066511154174805,0.8035479784011841,0.6980860233306885
2025-01-21 23:48:42,0.391198992729187,0.6659020185470581,0.7448124289512634,0.7759630084037781,0.8066145777702332,0.8033041954040527,0.6983271837234497
2025-01-21 23:48:41,0.39125755429267883,0.6658307909965515,0.7449218034744263,0.7760433554649353,0.806791365146637,0.8035878539085388,0.6982721090316772
2025-01-21 23:48:40,0.39131614565849304,0.6657595038414001,0.7450312376022339,0.7761237621307373,0.8069682121276855,0.8038715124130249,0.6982170939445496
2025-01-21 23:48:39,0.39137470722198486,0.6656882762908936,0.7451406121253967,0.7762041091918945,0.8071449995040894,0.804155170917511,0.6981620192527771
2025-01-21 23:48:38,0.39171332120895386,0.6663604974746704,0.7455897927284241,0.7764269113540649,0.807164192199707,0.8042093515396118,0.6983777284622192
2025-01-21 23:48:37,0.39205190539360046,0.6670327186584473,0.7460389733314514,0.7766497731208801,0.8071833848953247,0.8042634725570679,0.6985934972763062
2025-01-21 23:48:36,0.39179831743240356,0.6665668487548828,0.7457298040390015,0.7764602303504944,0.8071929812431335,0.8041707277297974,0.6983648538589478
2025-01-21 23:48:35,0.3915446996688843,0.6661009788513184,0.7454205751419067,0.7762706875801086,0.8072025775909424,0.8040779232978821,0.6981362104415894
2025-01-21 23:48:34,0.39214301109313965,0.666941225528717,0.7461950778961182,0.7770677208900452,0.8081672787666321,0.8051682114601135,0.6993477940559387
2025-01-21 23:48:33,0.3917379379272461,0.666503369808197,0.7457454800605774,0.7765812873840332,0.8079071044921875,0.8048137426376343,0.6988609433174133
2025-01-21 23:48:32,0.3913328945636749,0.666065514087677,0.7452958822250366,0.776094913482666,0.8076468706130981,0.804459273815155,0.6983740925788879
2025-01-21 23:48:31,0.3910300135612488,0.6652344465255737,0.7445370554924011,0.775391697883606,0.8068737387657166,0.8038948774337769,0.6978932619094849
2025-01-21 23:48:30,0.39072710275650024,0.6644033193588257,0.7437782287597656,0.7746884822845459,0.806100606918335,0.8033304810523987,0.6974124908447266
2025-01-21 23:48:29,0.39120998978614807,0.6658440232276917,0.7448506951332092,0.7760118842124939,0.8071967959403992,0.80401211977005,0.6979889273643494
2025-01-21 23:48:28,0.39107081294059753,0.6649770736694336,0.7440261840820312,0.7751262784004211,0.8056564927101135,0.8034108281135559,0.697413980960846
2025-01-21 23:48:27,0.39113500714302063,0.6652181148529053,0.7443060278892517,0.7754454016685486,0.8061942458152771,0.8037483096122742,0.6978480219841003
2025-01-21 23:48:26,0.3911992013454437,0.665459156036377,0.7445858716964722,0.7757644653320312,0.8067319989204407,0.8040858507156372,0.69828200340271
2025-01-21 23:48:25,0.3912633955478668,0.6657001376152039,0.7448657751083374,0.7760835886001587,0.8072697520256042,0.8044233322143555,0.6987160444259644
2025-01-21 23:48:24,0.3913275897502899,0.6659411787986755,0.7451456189155579,0.7764027118682861,0.8078075051307678,0.8047608137130737,0.6991500854492188
2025-01-21 23:48:23,0.3915860056877136,0.6668097972869873,0.7459853291511536,0.7769383192062378,0.8083564043045044,0.8051527142524719,0.6996933221817017
2025-01-21 23:48:22,0.3914542496204376,0.6662262678146362,0.7453494071960449,0.7763267159461975,0.807513415813446,0.8044838905334473,0.6987627744674683
2025-01-21 23:48:21,0.3913224935531616,0.6656427979469299,0.7447134256362915,0.7757151126861572,0.8066704273223877,0.8038151264190674,0.6978322863578796
2025-01-21 23:48:20,0.3913513422012329,0.6656261086463928,0.7446548938751221,0.7756876349449158,0.8067194223403931,0.8037849068641663,0.6978622674942017
2025-01-21 23:48:19,0.3913801610469818,0.6656093597412109,0.7445963025093079,0.7756601572036743,0.8067684769630432,0.8037547469139099,0.6978923082351685
2025-01-21 23:48:18,0.3914090096950531,0.6655926704406738,0.7445377707481384,0.7756326794624329,0.8068174719810486,0.8037245273590088,0.6979222893714905
2025-01-21 23:48:17,0.39205360412597656,0.6670742034912109,0.7461810111999512,0.7772067189216614,0.8082473278045654,0.8046875,0.6987230777740479
2025-01-21 23:48:16,0.3920106887817383,0.6667866706848145,0.745968222618103,0.7770503759384155,0.808142900466919,0.8048610091209412,0.698698878288269
2025-01-21 23:48:15,0.392289400100708,0.6674137115478516,0.7466176748275757,0.777692973613739,0.8087263703346252,0.8058015704154968,0.6990367770195007
2025-01-21 23:48:14,0.39155909419059753,0.6658226847648621,0.7448685169219971,0.7757660746574402,0.8072450160980225,0.8037629723548889,0.6983839869499207
2025-01-21 23:48:13,0.3915884494781494,0.6660148501396179,0.7451127171516418,0.7761625051498413,0.8074713349342346,0.8039859533309937,0.6984692811965942
2025-01-21 23:48:12,0.3916178345680237,0.6662070155143738,0.7453569173812866,0.7765589952468872,0.807697594165802,0.8042089939117432,0.6985546350479126
2025-01-21 23:48:11,0.39164718985557556,0.6663991808891296,0.7456011176109314,0.7769554257392883,0.8079239130020142,0.8044319748878479,0.6986399292945862
2025-01-21 23:48:10,0.3916829228401184,0.6663788557052612,0.7455431222915649,0.7767592072486877,0.8078987002372742,0.8047232627868652,0.6987894773483276
2025-01-21 23:48:09,0.39171868562698364,0.666358470916748,0.7454851865768433,0.7765629887580872,0.8078734874725342,0.8050144910812378,0.6989390850067139
2025-01-21 23:48:08,0.39097410440444946,0.6649209260940552,0.7441583275794983,0.7750964760780334,0.8061807751655579,0.8034666776657104,0.69805908203125
2025-01-21 23:48:07,0.39211779832839966,0.6678056716918945,0.746999979019165,0.7779943943023682,0.8089752793312073,0.8060219287872314,0.6997979879379272
2025-01-21 23:48:06,0.39200735092163086,0.6669148206710815,0.7460581064224243,0.7769982814788818,0.8080341815948486,0.8050508499145508,0.6992342472076416
2025-01-21 23:48:05,0.39189690351486206,0.6660240292549133,0.7451162934303284,0.7760022282600403,0.8070930242538452,0.8040797710418701,0.698670506477356
2025-01-21 23:48:04,0.392100989818573,0.6669986844062805,0.7461441159248352,0.776926577091217,0.8082326054573059,0.8046411275863647,0.6996238231658936
2025-01-21 23:48:03,0.3919767737388611,0.66665118932724,0.7458736896514893,0.7768517732620239,0.8081754446029663,0.804706335067749,0.6995441913604736
2025-01-21 23:48:02,0.39185258746147156,0.6663036942481995,0.7456033229827881,0.776776909828186,0.8081182241439819,0.8047714829444885,0.6994644999504089
2025-01-21 23:48:01,0.39125779271125793,0.6657547354698181,0.7449005246162415,0.7759937644004822,0.8071820139884949,0.8041747808456421,0.6988011598587036
2025-01-21 23:48:00,0.3906629979610443,0.6652057766914368,0.7441977262496948,0.7752106189727783,0.8062458038330078,0.8035780191421509,0.6981378793716431
2025-01-21 23:47:59,0.39176321029663086,0.6662694811820984,0.7456014156341553,0.7767888903617859,0.8077520132064819,0.8048785924911499,0.6989812850952148
2025-01-21 23:47:58,0.39101919531822205,0.665749728679657,0.7444111704826355,0.7753105759620667,0.8060480952262878,0.8033838868141174,0.6981567740440369
2025-01-21 23:47:57,0.39072608947753906,0.6652299761772156,0.7442501187324524,0.7755528092384338,0.8069145083427429,0.8037769198417664,0.6984003782272339
2025-01-21 23:47:56,0.3917432129383087,0.666406512260437,0.7452477216720581,0.7761253118515015,0.8065580725669861,0.8035625219345093,0.6975435018539429
2025-01-21 23:47:55,0.3918962776660919,0.666610062122345,0.7455989718437195,0.7765192985534668,0.8071675896644592,0.80409175157547,0.6980425119400024
2025-01-21 23:47:54,0.3920493423938751,0.6668136715888977,0.7459501624107361,0.7769132256507874,0.8077771067619324,0.8046210408210754,0.6985414624214172
2025-01-21 23:47:53,0.3922024071216583,0.6670172214508057,0.7463014125823975,0.7773072123527527,0.8083866238594055,0.8051502704620361,0.6990404725074768
2025-01-21 23:47:52,0.3921429514884949,0.6669257879257202,0.7462290525436401,0.7772359848022461,0.8083107471466064,0.8050751090049744,0.69899582862854
2025-01-21 23:47:51,0.3920834958553314,0.66683429479599,0.7461566925048828,0.7771647572517395,0.8082348704338074,0.8049998879432678,0.6989511847496033
2025-01-21 23:47:50,0.39202404022216797,0.6667428016662598,0.7460843324661255,0.7770935297012329,0.8081589937210083,0.804924726486206,0.6989065408706665
2025-01-21 23:47:49,0.3919646143913269,0.6666513681411743,0.7460119724273682,0.7770223021507263,0.8080831170082092,0.8048495054244995,0.6988618969917297
2025-01-21 23:47:48,0.39190515875816345,0.6665599346160889,0.7459395527839661,0.776951014995575,0.8080071806907654,0.8047743439674377,0.6988173127174377
2025-01-21 23:47:47,0.391845703125,0.6664684414863586,0.7458671927452087,0.7768797874450684,0.8079313039779663,0.8046991229057312,0.698772668838501
2025-01-21 23:47:46,0.39178624749183655,0.6663769483566284,0.7457948327064514,0.7768085598945618,0.8078554272651672,0.8046239614486694,0.6987280249595642
2025-01-21 23:47:45,0.3917267918586731,0.666285514831543,0.7457224726676941,0.7767373323440552,0.8077795505523682,0.8045487403869629,0.6986833810806274
2025-01-21 23:47:44,0.39166736602783203,0.6661940813064575,0.7456501126289368,0.7766661047935486,0.8077036738395691,0.8044735789299011,0.6986387372016907
2025-01-21 23:47:43,0.3916079103946686,0.6661025881767273,0.7455777525901794,0.776594877243042,0.80762779712677,0.8043984174728394,0.6985940933227539
2025-01-21 23:47:42,0.3915484547615051,0.6660110950469971,0.7455053925514221,0.7765236496925354,0.807551920413971,0.8043231964111328,0.6985494494438171
2025-01-21 23:47:41,0.3914889991283417,0.6659196615219116,0.7454330325126648,0.7764524221420288,0.8074760437011719,0.804248034954071,0.6985048055648804
2025-01-21 23:47:40,0.3914295434951782,0.6658282279968262,0.7453606724739075,0.7763811945915222,0.8074001669883728,0.8041728138923645,0.6984601616859436
2025-01-21 23:47:39,0.39137008786201477,0.665736734867096,0.7452882528305054,0.7763099074363708,0.807324230670929,0.8040976524353027,0.6984155774116516
2025-01-21 23:47:38,0.3913106322288513,0.6656452417373657,0.745215892791748,0.7762386798858643,0.8072483539581299,0.8040224313735962,0.6983709335327148
2025-01-21 23:47:37,0.39125120639801025,0.6655538082122803,0.7451435327529907,0.7761674523353577,0.8071724772453308,0.8039472699165344,0.6983262896537781
2025-01-21 23:47:36,0.3911917507648468,0.6654623746871948,0.7450711727142334,0.7760962247848511,0.8070966005325317,0.8038720488548279,0.6982816457748413
2025-01-21 23:47:35,0.39113229513168335,0.6653708815574646,0.7449988126754761,0.7760249972343445,0.8070207238197327,0.8037968873977661,0.6982370018959045
2025-01-21 23:47:34,0.3910665214061737,0.6653032898902893,0.7448663711547852,0.7758696675300598,0.8069097995758057,0.8037236928939819,0.698122501373291
2025-01-21 23:47:33,0.39100077748298645,0.665235698223114,0.7447338700294495,0.7757143378257751,0.8067989349365234,0.8036504983901978,0.6980080008506775
2025-01-21 23:47:32,0.3909350037574768,0.6651681661605835,0.7446014285087585,0.7755589485168457,0.8066880106925964,0.8035773634910583,0.697893500328064
2025-01-21 23:47:31,0.39086925983428955,0.6651005744934082,0.7444689273834229,0.775403618812561,0.8065771460533142,0.8035041689872742,0.6977789998054504
2025-01-21 23:47:30,0.3908034861087799,0.6650329828262329,0.7443364858627319,0.7752482891082764,0.8064662218093872,0.80343097448349,0.6976644992828369
2025-01-21 23:47:29,0.39085668325424194,0.6651718616485596,0.7444487810134888,0.7753452062606812,0.8065328001976013,0.8036211729049683,0.6977149248123169
2025-01-21 23:47:28,0.3909098505973816,0.665310800075531,0.7445611357688904,0.7754421830177307,0.8065993189811707,0.8038114309310913,0.6977653503417969
2025-01-21 23:47:27,0.39096304774284363,0.6654496788978577,0.7446734309196472,0.7755391001701355,0.8066658973693848,0.8040016293525696,0.6978157758712769
2025-01-21 23:47:26,0.3910162150859833,0.6655886173248291,0.7447857856750488,0.7756360769271851,0.8067324161529541,0.8041918873786926,0.6978662014007568
2025-01-21 23:47:25,0.3910694122314453,0.6657274961471558,0.7448980808258057,0.7757329940795898,0.8067989945411682,0.8043820858001709,0.6979166269302368
2025-01-21 23:47:24,0.3914163112640381,0.6657838225364685,0.7449944019317627,0.7758839130401611,0.8067451119422913,0.8034344911575317,0.697674572467804
2025-01-21 23:47:23,0.3912113606929779,0.6656093001365662,0.7448003888130188,0.7755313515663147,0.8064852356910706,0.8031623363494873,0.6975536942481995
2025-01-21 23:47:22,0.3910064399242401,0.6654348373413086,0.7446063160896301,0.7751787900924683,0.8062252998352051,0.8028902411460876,0.6974327564239502
2025-01-21 23:47:21,0.39080148935317993,0.6652603149414062,0.7444123029708862,0.7748262286186218,0.8059654235839844,0.8026180863380432,0.6973118782043457
2025-01-21 23:47:20,0.3907157778739929,0.6650815010070801,0.744225025177002,0.7747194170951843,0.8058881759643555,0.8025577664375305,0.6973382234573364
2025-01-21 23:47:19,0.3906300961971283,0.6649026870727539,0.7440377473831177,0.7746126055717468,0.8058109283447266,0.8024974465370178,0.6973645091056824
2025-01-21 23:47:18,0.3905443847179413,0.664723813533783,0.7438504695892334,0.7745057940483093,0.8057336807250977,0.8024371266365051,0.6973908543586731
2025-01-21 23:47:17,0.39045870304107666,0.6645449995994568,0.7436631917953491,0.7743989825248718,0.8056564331054688,0.8023768067359924,0.697417140007019
2025-01-21 23:47:16,0.39037299156188965,0.6643661856651306,0.7434759140014648,0.7742921710014343,0.8055791854858398,0.8023164868354797,0.6974434852600098
2025-01-21 23:47:15,0.3904203772544861,0.664517879486084,0.7435414791107178,0.7745766639709473,0.8057720065116882,0.8027087450027466,0.6976233720779419
2025-01-21 23:47:14,0.3904677927494049,0.6646695733070374,0.7436071038246155,0.774861216545105,0.8059648275375366,0.8031010031700134,0.6978033185005188
2025-01-21 23:47:13,0.39050036668777466,0.6647651195526123,0.7437260150909424,0.775036096572876,0.806159496307373,0.8032909035682678,0.6979573369026184
2025-01-21 23:47:12,0.3905329406261444,0.664860725402832,0.7438448667526245,0.7752109169960022,0.8063541054725647,0.8034808039665222,0.6981112957000732
2025-01-21 23:47:11,0.39056551456451416,0.664956271648407,0.7439637780189514,0.7753857970237732,0.8065487742424011,0.8036707043647766,0.6982653141021729
2025-01-21 23:47:10,0.3902462124824524,0.6643477082252502,0.7433611750602722,0.7743142247200012,0.8060023188591003,0.8031013011932373,0.697625994682312
2025-01-21 23:47:09,0.3911845088005066,0.6650748252868652,0.7443228960037231,0.7752004861831665,0.8066352009773254,0.803301215171814,0.6978533864021301
2025-01-21 23:47:08,0.3915422558784485,0.6659306287765503,0.7450817823410034,0.7760961055755615,0.8071919679641724,0.8038716316223145,0.6983562707901001
2025-01-21 23:47:07,0.3919000029563904,0.6667863726615906,0.7458406090736389,0.7769917845726013,0.8077486753463745,0.8044419884681702,0.6988592147827148
2025-01-21 23:47:06,0.3915480077266693,0.6657391786575317,0.7448161840438843,0.7756755948066711,0.8069648742675781,0.8037918210029602,0.6981189250946045
2025-01-21 23:47:05,0.39119666814804077,0.6654951572418213,0.7445600032806396,0.7757085561752319,0.8070868253707886,0.8039145469665527,0.6981685757637024
2025-01-21 23:47:04,0.39084529876708984,0.6652510762214661,0.744303822517395,0.7757415771484375,0.8072087168693542,0.8040372133255005,0.6982182264328003
2025-01-21 23:47:03,0.3913584351539612,0.665829062461853,0.744865894317627,0.776030421257019,0.80729740858078,0.8040721416473389,0.6983205676078796
2025-01-21 23:47:02,0.3918716013431549,0.6664069890975952,0.7454280257225037,0.7763192057609558,0.8073861002922058,0.8041070103645325,0.698422908782959
2025-01-21 23:47:01,0.3918231725692749,0.6664810180664062,0.7455049753189087,0.7764808535575867,0.8074085712432861,0.8042125701904297,0.6985244750976562
2025-01-21 23:47:00,0.3917747139930725,0.6665549874305725,0.7455819845199585,0.7766425013542175,0.8074309825897217,0.8043181896209717,0.6986259818077087
2025-01-21 23:46:59,0.3917190134525299,0.6667888760566711,0.7460491061210632,0.777400016784668,0.8080121874809265,0.8045827746391296,0.6990591883659363
2025-01-21 23:46:58,0.39185041189193726,0.6662228107452393,0.7451184988021851,0.7758244276046753,0.8061996102333069,0.803845226764679,0.6983109712600708
2025-01-21 23:46:57,0.39127060770988464,0.6655107140541077,0.744486391544342,0.7753775119781494,0.805953323841095,0.8026689291000366,0.6978875994682312
2025-01-21 23:46:56,0.3913760185241699,0.6657277345657349,0.7447760701179504,0.77564936876297,0.8064115047454834,0.8031937479972839,0.6980649828910828
2025-01-21 23:46:55,0.3914813995361328,0.6659446954727173,0.7450657486915588,0.7759211659431458,0.8068697452545166,0.8037185072898865,0.6982424259185791
2025-01-21 23:46:54,0.3915868103504181,0.6661617159843445,0.7453554272651672,0.7761930227279663,0.807327926158905,0.8042433261871338,0.6984198093414307
2025-01-21 23:46:53,0.3915519118309021,0.6659570932388306,0.7450560331344604,0.7758677005767822,0.8070220947265625,0.8038769960403442,0.6982492208480835
2025-01-21 23:46:52,0.3915170133113861,0.6657524704933167,0.7447565793991089,0.7755423784255981,0.8067163228988647,0.8035106062889099,0.6980786919593811
2025-01-21 23:46:51,0.39165419340133667,0.6660355925559998,0.7450436949729919,0.775907039642334,0.8070428371429443,0.8037585616111755,0.6982564330101013
2025-01-21 23:46:50,0.39179134368896484,0.6663186550140381,0.745330810546875,0.7762717008590698,0.8073693513870239,0.8040065169334412,0.6984342336654663
2025-01-21 23:46:49,0.3919285237789154,0.6666017770767212,0.7456178665161133,0.7766363620758057,0.8076958656311035,0.8042544722557068,0.6986119747161865
2025-01-21 23:46:48,0.39206570386886597,0.6668848991394043,0.7459049820899963,0.7770010232925415,0.8080223798751831,0.8045024275779724,0.6987897157669067
2025-01-21 23:46:47,0.39177584648132324,0.6662803292274475,0.7452776432037354,0.7764140963554382,0.8074159622192383,0.8041216731071472,0.6985103487968445
2025-01-21 23:46:46,0.3914859890937805,0.6656757593154907,0.7446502447128296,0.7758272290229797,0.8068096041679382,0.8037408590316772,0.6982309818267822
2025-01-21 23:46:45,0.3911961019039154,0.6650711894035339,0.7440229058265686,0.7752403020858765,0.8062031865119934,0.803360104560852,0.69795161485672
2025-01-21 23:46:44,0.3909062445163727,0.6649290323257446,0.7439402937889099,0.7752887010574341,0.8062201738357544,0.8034548759460449,0.6979292631149292
2025-01-21 23:46:43,0.39061638712882996,0.6647868156433105,0.7438576817512512,0.7753371000289917,0.8062371015548706,0.8035497069358826,0.6979069709777832
2025-01-21 23:46:42,0.39102599024772644,0.6653274297714233,0.7444513440132141,0.7756813168525696,0.8066849112510681,0.8037795424461365,0.6981319189071655
2025-01-21 23:46:41,0.3914355933666229,0.6658679842948914,0.7450449466705322,0.7760254740715027,0.8071327805519104,0.8040094375610352,0.6983568668365479
2025-01-21 23:46:40,0.3918451964855194,0.6664085984230042,0.7456386089324951,0.7763696908950806,0.8075805902481079,0.8042392730712891,0.6985818147659302
2025-01-21 23:46:39,0.39184093475341797,0.6664659380912781,0.7456645369529724,0.7765136957168579,0.8076552748680115,0.8042806386947632,0.6986135244369507
2025-01-21 23:46:38,0.3918367028236389,0.6665233373641968,0.7456904649734497,0.7766577005386353,0.807729959487915,0.8043220043182373,0.698645293712616
2025-01-21 23:46:37,0.39183247089385986,0.6665806770324707,0.745716392993927,0.7768017053604126,0.8078046441078186,0.8043633103370667,0.6986770629882812
2025-01-21 23:46:36,0.3918282091617584,0.6666380167007446,0.7457423210144043,0.7769457101821899,0.8078793287277222,0.8044046759605408,0.6987087726593018
2025-01-21 23:46:35,0.3918820917606354,0.6667091250419617,0.7456886172294617,0.7766718864440918,0.8074656128883362,0.8043410778045654,0.6987295150756836
2025-01-21 23:46:34,0.39099788665771484,0.6648849248886108,0.7438672184944153,0.7747169137001038,0.8057569861412048,0.8030825853347778,0.6976411938667297
2025-01-21 23:46:33,0.39200788736343384,0.6669821739196777,0.7460929155349731,0.7775130867958069,0.8085098266601562,0.8050652146339417,0.6990845799446106
2025-01-21 23:46:32,0.3919086456298828,0.6667156219482422,0.7458233833312988,0.7772683501243591,0.8081165552139282,0.8047380447387695,0.6989197731018066
2025-01-21 23:46:31,0.3918094038963318,0.6664490103721619,0.7455537915229797,0.7770236134529114,0.8077232241630554,0.8044108152389526,0.6987550258636475
2025-01-21 23:46:30,0.39167550206184387,0.666319727897644,0.7457960844039917,0.7767788767814636,0.807871401309967,0.8045746088027954,0.6990659832954407
2025-01-21 23:46:29,0.3922376036643982,0.6663352847099304,0.7454146146774292,0.776512086391449,0.807556688785553,0.8042191863059998,0.6987593173980713
2025-01-21 23:46:28,0.39083370566368103,0.6656417846679688,0.7446423172950745,0.775876522064209,0.8067299723625183,0.8039715886116028,0.698437511920929
2025-01-21 23:46:27,0.39133983850479126,0.6658617258071899,0.7449302673339844,0.7760308980941772,0.806837797164917,0.8039875030517578,0.6985461115837097
2025-01-21 23:46:26,0.3918460011482239,0.6660816073417664,0.7452182173728943,0.7761852741241455,0.8069456219673157,0.8040034770965576,0.6986547112464905
2025-01-21 23:46:25,0.392432302236557,0.6666045188903809,0.7465980052947998,0.7774564027786255,0.8084437251091003,0.8048223257064819,0.6994025111198425
2025-01-21 23:46:24,0.3923513889312744,0.6671274900436401,0.7463194131851196,0.777522623538971,0.8082308173179626,0.8051167130470276,0.6995499134063721
2025-01-21 23:46:23,0.39221328496932983,0.6667229533195496,0.7458618879318237,0.7772787809371948,0.8078497648239136,0.8049021363258362,0.6993685960769653
2025-01-21 23:46:22,0.39207521080970764,0.666318416595459,0.7454044222831726,0.7770349979400635,0.8074687123298645,0.8046875,0.6991872191429138
2025-01-21 23:46:21,0.3919720947742462,0.6665753722190857,0.7456334829330444,0.7767447233200073,0.8075667023658752,0.8044729232788086,0.6987174153327942
2025-01-21 23:46:20,0.391589492559433,0.6660093069076538,0.7450668811798096,0.7761529088020325,0.8072323203086853,0.8040797114372253,0.6983819007873535
2025-01-21 23:46:19,0.39120689034461975,0.6654432415962219,0.7445002198219299,0.7755610346794128,0.8068979978561401,0.8036864995956421,0.6980463266372681
2025-01-21 23:46:18,0.3908242881298065,0.66487717628479,0.7439336180686951,0.774969220161438,0.8065636157989502,0.8032932877540588,0.6977108120918274
2025-01-21 23:46:17,0.3918241858482361,0.6663587093353271,0.7454996109008789,0.7769920229911804,0.8082411289215088,0.8048344254493713,0.698924720287323
2025-01-21 23:46:16,0.3915473520755768,0.6661405563354492,0.7452700138092041,0.7765284776687622,0.8075857758522034,0.8043692708015442,0.6985393762588501
2025-01-21 23:46:15,0.39127054810523987,0.6659223437309265,0.7450404167175293,0.776064932346344,0.8069303631782532,0.8039040565490723,0.6981539726257324
2025-01-21 23:46:14,0.39099371433258057,0.6657041907310486,0.7448108196258545,0.7756013870239258,0.8062750101089478,0.8034389019012451,0.6977686285972595
2025-01-21 23:46:13,0.391145259141922,0.6657655835151672,0.7449260354042053,0.775837242603302,0.8066079020500183,0.8036575317382812,0.6980756521224976
2025-01-21 23:46:12,0.3912968039512634,0.6658270359039307,0.7450411915779114,0.7760730981826782,0.8069408535957336,0.8038761615753174,0.6983826160430908
2025-01-21 23:46:11,0.39144831895828247,0.6658884286880493,0.7451564073562622,0.7763090133666992,0.8072737455368042,0.8040947318077087,0.6986896395683289
2025-01-21 23:46:10,0.3915998637676239,0.6659498810768127,0.7452715635299683,0.7765448689460754,0.8076066970825195,0.8043133616447449,0.6989966034889221
2025-01-21 23:46:09,0.39175140857696533,0.6660112738609314,0.7453867793083191,0.7767807245254517,0.8079395890235901,0.804531991481781,0.6993036270141602
2025-01-21 23:46:08,0.39127859473228455,0.6661967039108276,0.7451905012130737,0.7762932777404785,0.8077077865600586,0.8044407963752747,0.6988067030906677
2025-01-21 23:46:07,0.39126095175743103,0.6656540036201477,0.7447878122329712,0.776011049747467,0.8074759840965271,0.8043957948684692,0.6987554430961609
2025-01-21 23:46:06,0.3912433087825775,0.6651113033294678,0.7443851828575134,0.7757288217544556,0.8072441816329956,0.8043508529663086,0.698704183101654
2025-01-21 23:46:05,0.3912333548069,0.6650615930557251,0.7446423768997192,0.7760212421417236,0.807184636592865,0.804305911064148,0.6985263824462891
2025-01-21 23:46:04,0.39122340083122253,0.6650118231773376,0.7448995113372803,0.7763136029243469,0.8071250915527344,0.8042609095573425,0.6983485817909241
2025-01-21 23:46:03,0.3909791111946106,0.6647574305534363,0.7444641590118408,0.7758901119232178,0.8068273067474365,0.8038987517356873,0.6980696320533752
2025-01-21 23:46:02,0.39073485136032104,0.6645029783248901,0.7440288662910461,0.7754665613174438,0.8065295815467834,0.8035365343093872,0.6977906227111816
2025-01-21 23:46:01,0.3904905915260315,0.6642485857009888,0.7435935735702515,0.7750430107116699,0.8062318563461304,0.8031743764877319,0.6975116729736328
2025-01-21 23:46:00,0.39024630188941956,0.6639941930770874,0.743158221244812,0.7746195197105408,0.8059340715408325,0.8028122186660767,0.697232723236084
2025-01-21 23:45:59,0.3905036151409149,0.6643826961517334,0.743622899055481,0.7749963998794556,0.8063415288925171,0.8032812476158142,0.6975266337394714
2025-01-21 23:45:58,0.3907609283924103,0.6647712588310242,0.7440876364707947,0.7753732800483704,0.8067489862442017,0.8037503361701965,0.6978206038475037
2025-01-21 23:45:57,0.391018271446228,0.6651597619056702,0.7445523142814636,0.7757501602172852,0.807156503200531,0.8042193651199341,0.6981145143508911
2025-01-21 23:45:56,0.3912755846977234,0.6655483245849609,0.7450170516967773,0.7761270403862,0.8075639605522156,0.8046884536743164,0.6984084844589233
2025-01-21 23:45:55,0.39153289794921875,0.6659368276596069,0.7454817295074463,0.7765039205551147,0.8079714179039001,0.805157482624054,0.6987023949623108
2025-01-21 23:45:54,0.3912698030471802,0.6652290225028992,0.7444944977760315,0.775653600692749,0.8071625232696533,0.8039522767066956,0.6981409788131714
2025-01-21 23:45:53,0.3910263478755951,0.6649922728538513,0.7442257404327393,0.7753512859344482,0.8067559003829956,0.8037025928497314,0.6980099081993103
2025-01-21 23:45:52,0.39078289270401,0.6647555828094482,0.7439570426940918,0.7750489711761475,0.8063492774963379,0.8034528493881226,0.6978788375854492
2025-01-21 23:45:51,0.3905394673347473,0.6645188331604004,0.7436883449554443,0.7747465968132019,0.8059425950050354,0.8032031655311584,0.6977477669715881
2025-01-21 23:45:50,0.39029601216316223,0.6642820835113525,0.7434195876121521,0.7744442820549011,0.8055359721183777,0.8029534816741943,0.697616696357727
2025-01-21 23:45:49,0.3904573619365692,0.6644171476364136,0.743476152420044,0.7744499444961548,0.8055576086044312,0.8028777837753296,0.6974818110466003
2025-01-21 23:45:48,0.3906187415122986,0.6645522117614746,0.7435327172279358,0.7744556665420532,0.8055791854858398,0.8028020858764648,0.6973469853401184
2025-01-21 23:45:47,0.39078009128570557,0.6646872758865356,0.7435892820358276,0.7744613289833069,0.8056008219718933,0.8027263879776001,0.6972121000289917
2025-01-21 23:45:46,0.3911169469356537,0.6652787923812866,0.7442682981491089,0.7751997709274292,0.8063455820083618,0.8033729791641235,0.6975358724594116
2025-01-21 23:45:45,0.3914538025856018,0.6658703088760376,0.7449473142623901,0.7759382128715515,0.8070902824401855,0.804019570350647,0.6978595852851868
2025-01-21 23:45:44,0.39109399914741516,0.6653308868408203,0.7443090677261353,0.7753497362136841,0.8066954612731934,0.8036112785339355,0.6976630687713623
2025-01-21 23:45:43,0.3907341957092285,0.6647914052009583,0.7436708807945251,0.7747613191604614,0.8063005805015564,0.8032029867172241,0.6974664926528931
2025-01-21 23:45:42,0.3906741738319397,0.664527416229248,0.7434994578361511,0.7745748162269592,0.806049644947052,0.8029416799545288,0.6972559094429016
2025-01-21 23:45:41,0.3906141221523285,0.6642634868621826,0.7433280348777771,0.774388313293457,0.8057986497879028,0.8026803135871887,0.6970452666282654
2025-01-21 23:45:40,0.3905541002750397,0.6639994978904724,0.7431566119194031,0.7742018103599548,0.8055477142333984,0.8024190068244934,0.6968346834182739
2025-01-21 23:45:39,0.3906891345977783,0.6644099950790405,0.7435535192489624,0.7745646834373474,0.8058324456214905,0.8027040362358093,0.6971060633659363
2025-01-21 23:45:38,0.3908241391181946,0.6648204922676086,0.7439504265785217,0.77492755651474,0.8061171770095825,0.8029890656471252,0.6973775029182434
2025-01-21 23:45:37,0.3909591734409332,0.6652309894561768,0.7443472743034363,0.7752903699874878,0.8064018487930298,0.8032740354537964,0.6976488828659058
2025-01-21 23:45:36,0.3910941779613495,0.6656414866447449,0.7447441816329956,0.7756532430648804,0.8066865801811218,0.8035590648651123,0.6979203224182129
2025-01-21 23:45:35,0.39122921228408813,0.666051983833313,0.7451410889625549,0.776016116142273,0.8069713115692139,0.8038440942764282,0.6981917023658752
2025-01-21 23:45:34,0.39107298851013184,0.6659148931503296,0.7447797060012817,0.7760015726089478,0.8071029186248779,0.8043944835662842,0.6982905864715576
2025-01-21 23:45:33,0.3908694088459015,0.6647006273269653,0.743931770324707,0.7751408815383911,0.806480884552002,0.8035830855369568,0.6979554295539856
2025-01-21 23:45:32,0.39101558923721313,0.6655821800231934,0.7446131110191345,0.7752869129180908,0.8063666820526123,0.8033884763717651,0.6979655027389526
2025-01-21 23:45:31,0.390963613986969,0.6650865077972412,0.744491696357727,0.7754098773002625,0.8066241145133972,0.8032907843589783,0.697546124458313
2025-01-21 23:45:30,0.3908675014972687,0.6653462648391724,0.7444493770599365,0.7756478190422058,0.8065196871757507,0.8036481738090515,0.6975061297416687
2025-01-21 23:45:29,0.3910822868347168,0.6656060814857483,0.7448459267616272,0.7758504748344421,0.8069493770599365,0.8038251996040344,0.6980177760124207
2025-01-21 23:45:28,0.39120417833328247,0.6656282544136047,0.7447770237922668,0.7758876085281372,0.8070334792137146,0.8038375377655029,0.6981332302093506
2025-01-21 23:45:27,0.39132609963417053,0.6656504273414612,0.7447081208229065,0.7759247422218323,0.8071175813674927,0.8038498759269714,0.6982486248016357
2025-01-21 23:45:26,0.3914479911327362,0.6656726002693176,0.7446392178535461,0.7759618759155273,0.8072016835212708,0.8038622140884399,0.6983640789985657
2025-01-21 23:45:25,0.3915698826313019,0.665915310382843,0.7449306845664978,0.7761278748512268,0.8072152137756348,0.8039917349815369,0.6984187960624695
2025-01-21 23:45:24,0.39169180393218994,0.6661579608917236,0.7452222108840942,0.7762938141822815,0.807228684425354,0.8041212558746338,0.6984734535217285
2025-01-21 23:45:23,0.3918136954307556,0.666400671005249,0.7455136775970459,0.776459813117981,0.807242214679718,0.8042507767677307,0.6985281705856323
2025-01-21 23:45:22,0.3915097713470459,0.6660321354866028,0.7451340556144714,0.7761974930763245,0.8070487380027771,0.8039529323577881,0.6983819603919983
2025-01-21 23:45:21,0.3912058174610138,0.6656635403633118,0.744754433631897,0.7759352326393127,0.8068552017211914,0.8036551475524902,0.698235809803009
2025-01-21 23:45:20,0.3909018933773041,0.6652950048446655,0.7443748116493225,0.7756729125976562,0.8066617250442505,0.8033573031425476,0.698089599609375
2025-01-21 23:45:19,0.3908708989620209,0.6651721000671387,0.7441583275794983,0.775307834148407,0.8061522841453552,0.8031272888183594,0.6978402733802795
2025-01-21 23:45:18,0.39083990454673767,0.6650491952896118,0.7439419031143188,0.7749426960945129,0.80564284324646,0.8028973340988159,0.6975909471511841
2025-01-21 23:45:17,0.39080891013145447,0.664926290512085,0.7437254190444946,0.7745776176452637,0.8051334023475647,0.8026673197746277,0.6973416209220886
2025-01-21 23:45:16,0.39064085483551025,0.6649962067604065,0.7437636852264404,0.7749139666557312,0.8058872222900391,0.803154468536377,0.6976373195648193
2025-01-21 23:45:15,0.39047279953956604,0.665066123008728,0.743802011013031,0.7752503156661987,0.8066409826278687,0.8036416172981262,0.6979330778121948
2025-01-21 23:45:14,0.3916321098804474,0.6659268736839294,0.7450335025787354,0.7760248184204102,0.8067517280578613,0.8035867810249329,0.6980590224266052
2025-01-21 23:45:13,0.3915722668170929,0.6658709049224854,0.7449565529823303,0.7759513854980469,0.8067139983177185,0.803536593914032,0.6979947090148926
2025-01-21 23:45:12,0.3915124535560608,0.665814995765686,0.7448796629905701,0.7758779525756836,0.8066762685775757,0.8034864664077759,0.6979303956031799
2025-01-21 23:45:11,0.3914526104927063,0.6657590270042419,0.744802713394165,0.7758045196533203,0.8066384792327881,0.803436279296875,0.6978660821914673
2025-01-21 23:45:10,0.3913927972316742,0.6657031178474426,0.74472576379776,0.775731086730957,0.8066007494926453,0.8033860921859741,0.6978017687797546
2025-01-21 23:45:09,0.3913329541683197,0.6656471490859985,0.744648814201355,0.7756576538085938,0.8065630197525024,0.8033359050750732,0.697737455368042
2025-01-21 23:45:08,0.3912731111049652,0.6655911803245544,0.7445719242095947,0.7755842208862305,0.8065252900123596,0.8032857775688171,0.6976731419563293
2025-01-21 23:45:07,0.3912132978439331,0.6655352711677551,0.7444949746131897,0.7755107879638672,0.8064875602722168,0.8032355904579163,0.6976088285446167
2025-01-21 23:45:06,0.3911534547805786,0.665479302406311,0.7444180250167847,0.7754373550415039,0.8064497709274292,0.8031854033470154,0.697544515132904
2025-01-21 23:45:05,0.3910936415195465,0.6654233932495117,0.7443411350250244,0.7753639221191406,0.8064120411872864,0.8031352758407593,0.6974802017211914
2025-01-21 23:45:04,0.391033798456192,0.6653674244880676,0.7442641854286194,0.7752904891967773,0.8063743114471436,0.8030850887298584,0.6974158883094788
2025-01-21 23:45:03,0.39176619052886963,0.6662387847900391,0.7451490759849548,0.776310384273529,0.8070752024650574,0.8041220903396606,0.6978030204772949
2025-01-21 23:45:02,0.3915749788284302,0.6659365892410278,0.7448559403419495,0.7759798169136047,0.8068310022354126,0.8039000034332275,0.6977128982543945
2025-01-21 23:45:01,0.3913837671279907,0.6656343936920166,0.7445628046989441,0.7756492495536804,0.806586742401123,0.8036779761314392,0.6976227760314941
2025-01-21 23:45:00,0.39119255542755127,0.6653321981430054,0.744269609451294,0.7753186821937561,0.8063424825668335,0.8034558892250061,0.6975326538085938
2025-01-21 23:44:59,0.39100131392478943,0.6650300621986389,0.7439764738082886,0.7749881148338318,0.8060982823371887,0.803233802318573,0.6974424719810486
2025-01-21 23:44:58,0.39081010222435,0.6647278666496277,0.7436833381652832,0.7746575474739075,0.805854082107544,0.8030117750167847,0.6973523497581482
2025-01-21 23:44:57,0.3906188905239105,0.6644256711006165,0.7433902025222778,0.7743269801139832,0.8056098222732544,0.8027896881103516,0.6972622275352478
2025-01-21 23:44:56,0.3908260464668274,0.6648722887039185,0.7438916563987732,0.7748411297798157,0.8062571287155151,0.8032477498054504,0.6977469325065613
2025-01-21 23:44:55,0.39103323221206665,0.6653189063072205,0.7443930506706238,0.7753552794456482,0.8069043755531311,0.8037058115005493,0.6982316970825195
2025-01-21 23:44:54,0.3912403881549835,0.6657655239105225,0.7448945045471191,0.7758694291114807,0.8075516819953918,0.8041638731956482,0.698716402053833
2025-01-21 23:44:53,0.3912504315376282,0.6657145619392395,0.7448674440383911,0.7758404016494751,0.8074386715888977,0.804104208946228,0.6986541748046875
2025-01-21 23:44:52,0.3912605047225952,0.6656635999679565,0.7448403835296631,0.7758113741874695,0.8073256015777588,0.8040445446968079,0.6985918879508972
2025-01-21 23:44:51,0.39127054810523987,0.6656126976013184,0.7448133826255798,0.7757823467254639,0.8072125911712646,0.8039849400520325,0.6985296607017517
2025-01-21 23:44:50,0.3912806212902069,0.6655617356300354,0.7447863221168518,0.7757533192634583,0.8070995807647705,0.8039252758026123,0.6984673738479614
2025-01-21 23:44:49,0.39129066467285156,0.6655107736587524,0.7447592616081238,0.7757242321968079,0.8069865107536316,0.8038656115531921,0.6984051465988159
2025-01-21 23:44:48,0.3913007378578186,0.6654598116874695,0.7447322010993958,0.7756952047348022,0.8068735003471375,0.803805947303772,0.6983428597450256
2025-01-21 23:44:47,0.39131078124046326,0.6654089093208313,0.7447052001953125,0.7756661772727966,0.8067604899406433,0.8037463426589966,0.6982806324958801
2025-01-21 23:44:46,0.3913208544254303,0.6653579473495483,0.7446781396865845,0.775637149810791,0.8066474199295044,0.8036866784095764,0.6982183456420898
2025-01-21 23:44:45,0.39133089780807495,0.6653069853782654,0.7446510791778564,0.7756081223487854,0.8065344095230103,0.8036270141601562,0.6981561183929443
2025-01-21 23:44:44,0.3914389908313751,0.6653841137886047,0.7446720600128174,0.7756535410881042,0.8065444827079773,0.8035804033279419,0.6981652975082397
2025-01-21 23:44:43,0.3915471136569977,0.6654611825942993,0.7446931004524231,0.7756989002227783,0.8065545558929443,0.8035337924957275,0.6981745362281799
2025-01-21 23:44:42,0.39165520668029785,0.6655383110046387,0.744714081287384,0.7757443189620972,0.8065646290779114,0.8034871816635132,0.6981837153434753
2025-01-21 23:44:41,0.3918462097644806,0.6660201549530029,0.7451294660568237,0.7762905955314636,0.8071556091308594,0.8041810393333435,0.6985466480255127
2025-01-21 23:44:40,0.39203718304634094,0.6665019392967224,0.7455447912216187,0.7768368124961853,0.8077466487884521,0.8048749566078186,0.6989096403121948
2025-01-21 23:44:39,0.3922281861305237,0.6669837832450867,0.7459601759910583,0.7773830890655518,0.8083376288414001,0.8055688142776489,0.6992725729942322
2025-01-21 23:44:38,0.39161449670791626,0.6660079956054688,0.7454553842544556,0.7765796184539795,0.8078426122665405,0.8045815229415894,0.6989790797233582
2025-01-21 23:44:37,0.3904849886894226,0.6648756861686707,0.7436513900756836,0.7750667929649353,0.8063802123069763,0.8034994006156921,0.6980776190757751
2025-01-21 23:44:36,0.39107540249824524,0.665691077709198,0.7442929148674011,0.775439977645874,0.8066387176513672,0.8036900758743286,0.6982542872428894
2025-01-21 23:44:35,0.3917008936405182,0.6664279103279114,0.7453550100326538,0.7766051888465881,0.8077092170715332,0.8044309020042419,0.6988968849182129
2025-01-21 23:44:34,0.3910844027996063,0.6653500199317932,0.7448325753211975,0.7758015990257263,0.8071556091308594,0.8038712739944458,0.6985746026039124
2025-01-21 23:44:33,0.39146628975868225,0.666119396686554,0.7451019287109375,0.7760766744613647,0.8071240186691284,0.80384361743927,0.6985540986061096
2025-01-21 23:44:32,0.3913266062736511,0.6654906272888184,0.7447441816329956,0.7757524251937866,0.8062232732772827,0.8034511208534241,0.6982107162475586
2025-01-21 23:44:31,0.3919250965118408,0.6665018200874329,0.745421826839447,0.7768347263336182,0.8077945113182068,0.8049224019050598,0.6990454196929932
2025-01-21 23:44:30,0.3910697102546692,0.6650139093399048,0.744081974029541,0.7751693725585938,0.8061071038246155,0.8035560250282288,0.6982141733169556
2025-01-21 23:44:29,0.3912302851676941,0.6656832098960876,0.7451738119125366,0.7759695053100586,0.8072227239608765,0.8039245009422302,0.6987162232398987
2025-01-21 23:44:28,0.3914014995098114,0.6655369997024536,0.7452489137649536,0.7762925028800964,0.8074703216552734,0.8040106892585754,0.6986678838729858
2025-01-21 23:44:27,0.39127403497695923,0.6654717922210693,0.74493408203125,0.7759699821472168,0.80693519115448,0.803756833076477,0.6984859704971313
2025-01-21 23:44:26,0.39114660024642944,0.6654065251350403,0.7446193099021912,0.7756475210189819,0.8064001202583313,0.8035029172897339,0.6983039975166321
2025-01-21 23:44:25,0.3904787003993988,0.6643307209014893,0.7433003187179565,0.7742360234260559,0.8053997755050659,0.802821695804596,0.6977959871292114
2025-01-21 23:44:24,0.39093291759490967,0.665056049823761,0.7441866993904114,0.7751328945159912,0.8062622547149658,0.8034458160400391,0.6981788873672485
2025-01-21 23:44:23,0.39138710498809814,0.6657813787460327,0.7450730800628662,0.7760298252105713,0.8071247935295105,0.804069995880127,0.6985617280006409
2025-01-21 23:44:22,0.391448050737381,0.6658357977867126,0.7451378703117371,0.7761200666427612,0.8072565793991089,0.8041707873344421,0.6986581683158875
2025-01-21 23:44:21,0.39150896668434143,0.6658902168273926,0.7452026605606079,0.7762103080749512,0.807388424873352,0.8042715787887573,0.6987545490264893
2025-01-21 23:44:20,0.39156991243362427,0.6659446358680725,0.745267391204834,0.7763006091117859,0.8075202107429504,0.8043723702430725,0.6988509893417358
2025-01-21 23:44:19,0.3916308283805847,0.6659990549087524,0.7453321814537048,0.7763908505439758,0.8076520562171936,0.8044731616973877,0.6989474296569824
2025-01-21 23:44:18,0.39169177412986755,0.6660534143447876,0.7453969717025757,0.7764810919761658,0.807783842086792,0.8045740127563477,0.6990438103675842
2025-01-21 23:44:17,0.391752690076828,0.6661078333854675,0.7454617619514465,0.7765713334083557,0.8079156875610352,0.8046748042106628,0.6991402506828308
2025-01-21 23:44:16,0.39181363582611084,0.6661622524261475,0.7455264925956726,0.7766616344451904,0.8080474734306335,0.804775595664978,0.6992366909980774
2025-01-21 23:44:15,0.3918745517730713,0.6662166714668274,0.7455912828445435,0.7767518758773804,0.8081793189048767,0.8048763871192932,0.6993330717086792
2025-01-21 23:44:14,0.3919354975223541,0.6662710905075073,0.7456560730934143,0.7768421173095703,0.8083111047744751,0.8049771785736084,0.6994295120239258
2025-01-21 23:44:13,0.391692191362381,0.666539192199707,0.7460511922836304,0.7775158882141113,0.8089975714683533,0.805349588394165,0.6996849179267883
2025-01-21 23:44:12,0.391715407371521,0.666271984577179,0.7457558512687683,0.7770366668701172,0.8083152770996094,0.8049241304397583,0.6991215348243713
2025-01-21 23:44:11,0.3917385935783386,0.6660048365592957,0.745460569858551,0.776557445526123,0.8076329231262207,0.8044987320899963,0.6985582113265991
2025-01-21 23:44:10,0.39176180958747864,0.6657376289367676,0.745165228843689,0.7760782241821289,0.8069506287574768,0.8040732741355896,0.6979948282241821
2025-01-21 23:44:09,0.39137572050094604,0.6655261516571045,0.744889497756958,0.7760179042816162,0.8070820569992065,0.8041620850563049,0.6982764005661011
2025-01-21 23:44:08,0.39098960161209106,0.6653146743774414,0.7446137070655823,0.7759575843811035,0.8072134852409363,0.8042508959770203,0.6985579133033752
2025-01-21 23:44:07,0.39069288969039917,0.6648423075675964,0.7441580295562744,0.7755559086799622,0.8067532181739807,0.8038985729217529,0.6975827217102051
2025-01-21 23:44:06,0.3908790647983551,0.6650252342224121,0.7443734407424927,0.7757423520088196,0.8070346117019653,0.8040947914123535,0.6978914737701416
2025-01-21 23:44:05,0.39106523990631104,0.6652081608772278,0.7445888519287109,0.7759287357330322,0.8073159456253052,0.8042909502983093,0.6982002258300781
2025-01-21 23:44:04,0.39125141501426697,0.6653910875320435,0.7448042631149292,0.7761151790618896,0.807597279548645,0.8044871091842651,0.6985090374946594
2025-01-21 23:44:03,0.3914375901222229,0.6655740141868591,0.7450196743011475,0.7763016223907471,0.8078786730766296,0.8046833276748657,0.698817789554596
2025-01-21 23:44:02,0.39068078994750977,0.6646474003791809,0.7440543174743652,0.7753371000289917,0.8068078756332397,0.8039230704307556,0.6979960799217224
2025-01-21 23:44:01,0.3913736939430237,0.6654226183891296,0.7444481253623962,0.7754942178726196,0.8068441152572632,0.8042240738868713,0.6986067295074463
2025-01-21 23:44:00,0.3914934992790222,0.6658165454864502,0.7449172735214233,0.7760823965072632,0.8072912693023682,0.8044090270996094,0.6987552046775818
2025-01-21 23:43:59,0.39161330461502075,0.6662104725837708,0.7453864216804504,0.7766705751419067,0.8077384829521179,0.8045939803123474,0.6989036798477173
2025-01-21 23:43:58,0.3914799690246582,0.6658651232719421,0.745235800743103,0.7765052914619446,0.8078071475028992,0.8047410249710083,0.6989244222640991
2025-01-21 23:43:57,0.39134660363197327,0.6655197739601135,0.7450851798057556,0.7763400077819824,0.8078758120536804,0.804888129234314,0.6989452242851257
2025-01-21 23:43:56,0.3911789357662201,0.6654055714607239,0.7448905110359192,0.7761461138725281,0.807638943195343,0.8046680092811584,0.6986133456230164
2025-01-21 23:43:55,0.3910112679004669,0.6652913689613342,0.744695782661438,0.7759522199630737,0.8074020743370056,0.8044478893280029,0.6982814073562622
2025-01-21 23:43:54,0.39084362983703613,0.6651772260665894,0.7445011138916016,0.7757583856582642,0.807165265083313,0.8042278289794922,0.6979495286941528
2025-01-21 23:43:53,0.39067596197128296,0.6650630235671997,0.7443063855171204,0.7755644917488098,0.8069283962249756,0.8040077090263367,0.6976175904273987
2025-01-21 23:43:52,0.3905082941055298,0.6649488210678101,0.7441117167472839,0.7753705978393555,0.8066915273666382,0.8037875890731812,0.6972857117652893
2025-01-21 23:43:51,0.39140018820762634,0.6656491160392761,0.7448874115943909,0.7764490842819214,0.8081845045089722,0.8045591711997986,0.6989074945449829
2025-01-21 23:43:50,0.3913906216621399,0.665574848651886,0.744807243347168,0.776253342628479,0.8079394102096558,0.8044279217720032,0.6987372636795044
2025-01-21 23:43:49,0.39138105511665344,0.6655005216598511,0.7447270154953003,0.7760576009750366,0.8076943159103394,0.804296612739563,0.6985670924186707
2025-01-21 23:43:48,0.3913715183734894,0.6654262542724609,0.7446468472480774,0.7758618593215942,0.807449221611023,0.8041653633117676,0.6983969211578369
2025-01-21 23:43:47,0.39136195182800293,0.6653519868850708,0.7445666790008545,0.7756661176681519,0.8072041273117065,0.8040341138839722,0.6982266902923584
2025-01-21 23:43:46,0.3913523852825165,0.665858805179596,0.7451502084732056,0.7764853835105896,0.8074867725372314,0.8044816255569458,0.6987342834472656
2025-01-21 23:43:45,0.39158302545547485,0.6664248108863831,0.7456627488136292,0.7769796848297119,0.8080567717552185,0.8047869205474854,0.699026346206665
2025-01-21 23:43:44,0.3918136954307556,0.6669908165931702,0.7461752891540527,0.7774739265441895,0.8086267709732056,0.8050922155380249,0.6993184089660645
2025-01-21 23:43:43,0.3911254405975342,0.6656972169876099,0.7450171709060669,0.7761021256446838,0.8072166442871094,0.804141640663147,0.6984502673149109
2025-01-21 23:43:42,0.39043718576431274,0.6644036769866943,0.7438589930534363,0.7747303247451782,0.8058065176010132,0.8031911253929138,0.6975821256637573
2025-01-21 23:43:41,0.3904963731765747,0.664556086063385,0.7439460158348083,0.7749411463737488,0.8060567378997803,0.8033376932144165,0.6977366805076599
2025-01-21 23:43:40,0.39055556058883667,0.6647084951400757,0.7440330982208252,0.7751519680023193,0.8063069581985474,0.8034842610359192,0.6978911757469177
2025-01-21 23:43:39,0.39061471819877625,0.6648609042167664,0.7441201210021973,0.7753627300262451,0.8065572381019592,0.8036308884620667,0.6980457305908203
2025-01-21 23:43:38,0.3906739056110382,0.665013313293457,0.7442072033882141,0.7755735516548157,0.8068074584007263,0.8037774562835693,0.6982002258300781
2025-01-21 23:43:37,0.39073309302330017,0.6651657223701477,0.7442942261695862,0.7757843732833862,0.8070576786994934,0.803924024105072,0.6983547806739807
2025-01-21 23:43:36,0.39105021953582764,0.6656065583229065,0.7448182702064514,0.776177167892456,0.8073253035545349,0.8042091131210327,0.6985589265823364
2025-01-21 23:43:35,0.3913673460483551,0.6660473346710205,0.7453423142433167,0.7765699625015259,0.8075928688049316,0.8044941425323486,0.6987631320953369
2025-01-21 23:43:34,0.39168447256088257,0.6664881706237793,0.7458663582801819,0.7769628167152405,0.8078604936599731,0.8047792315483093,0.6989673376083374
2025-01-21 23:43:33,0.39200159907341003,0.6669290065765381,0.7463904023170471,0.7773556113243103,0.8081281185150146,0.80506432056427,0.6991714835166931
2025-01-21 23:43:32,0.3918445110321045,0.6666350960731506,0.7461594939231873,0.7770969271659851,0.8080516457557678,0.8048502802848816,0.6990813612937927
2025-01-21 23:43:31,0.39168745279312134,0.6663411855697632,0.7459286451339722,0.7768381834030151,0.807975172996521,0.8046362400054932,0.6989912390708923
2025-01-21 23:43:30,0.3915303945541382,0.6660473346710205,0.7456977367401123,0.7765794992446899,0.807898759841919,0.8044222593307495,0.6989011168479919
2025-01-21 23:43:29,0.39137330651283264,0.6657534241676331,0.7454668283462524,0.7763208150863647,0.8078222870826721,0.8042082190513611,0.6988109946250916
2025-01-21 23:43:28,0.3913482427597046,0.6657041907310486,0.7453678846359253,0.7762147188186646,0.8076747059822083,0.8041428327560425,0.6987031698226929
2025-01-21 23:43:27,0.39132317900657654,0.6656548976898193,0.7452688813209534,0.7761086821556091,0.8075270652770996,0.8040775060653687,0.6985952854156494
2025-01-21 23:43:26,0.3912981152534485,0.6656056642532349,0.7451698780059814,0.7760026454925537,0.8073794841766357,0.80401211977005,0.6984874606132507
2025-01-21 23:43:25,0.39127302169799805,0.6655564308166504,0.7450709342956543,0.7758965492248535,0.8072319030761719,0.8039467334747314,0.698379635810852
2025-01-21 23:43:24,0.39124795794487,0.6655071377754211,0.7449719905853271,0.7757904529571533,0.8070842623710632,0.8038814067840576,0.6982717514038086
2025-01-21 23:43:23,0.39122289419174194,0.6654579043388367,0.7448729872703552,0.7756844162940979,0.8069366812705994,0.803816020488739,0.6981639266014099
2025-01-21 23:43:22,0.39119020104408264,0.6654183268547058,0.7444233298301697,0.7755149006843567,0.8069037795066833,0.8035286068916321,0.6977437734603882
2025-01-21 23:43:21,0.39079031348228455,0.6649777889251709,0.7439736723899841,0.7748783826828003,0.8059859871864319,0.8027186989784241,0.697588324546814
2025-01-21 23:43:20,0.39161568880081177,0.6666330099105835,0.7458192706108093,0.7771145105361938,0.808318018913269,0.8050205707550049,0.6987113952636719
2025-01-21 23:43:19,0.39098548889160156,0.6651741862297058,0.7443959712982178,0.7767444849014282,0.8068593740463257,0.8035107254981995,0.6976137161254883
2025-01-21 23:43:18,0.3910031318664551,0.665129542350769,0.7443241477012634,0.7763744592666626,0.8067728281021118,0.8035836219787598,0.6978427767753601
2025-01-21 23:43:17,0.3910207748413086,0.6650848984718323,0.7442523241043091,0.7760043740272522,0.8066862225532532,0.8036565780639648,0.6980718374252319
2025-01-21 23:43:16,0.3910384476184845,0.6650402545928955,0.7441805005073547,0.7756343483924866,0.8065996170043945,0.8037294745445251,0.6983009576797485
2025-01-21 23:43:15,0.391056090593338,0.6649956107139587,0.7441086769104004,0.775264322757721,0.8065130710601807,0.8038023710250854,0.6985300183296204
2025-01-21 23:43:14,0.3912366032600403,0.6654062271118164,0.7445732355117798,0.7757181525230408,0.8070288300514221,0.8041396141052246,0.6988190412521362
2025-01-21 23:43:13,0.39141714572906494,0.6658167839050293,0.745037853717804,0.7761719822883606,0.8075446486473083,0.8044768571853638,0.6991080045700073
2025-01-21 23:43:12,0.3915976583957672,0.666227400302887,0.7455024123191833,0.7766258120536804,0.8080604076385498,0.8048141002655029,0.6993970274925232
2025-01-21 23:43:11,0.39177820086479187,0.6666379570960999,0.7459670305252075,0.7770796418190002,0.808576226234436,0.8051513433456421,0.6996859908103943
2025-01-21 23:43:10,0.39195871353149414,0.6670485734939575,0.7464315891265869,0.7775334715843201,0.8090919852256775,0.8054885864257812,0.6999750137329102
2025-01-21 23:43:09,0.39179280400276184,0.6666877865791321,0.7460477948188782,0.7771803736686707,0.8086092472076416,0.8052253723144531,0.6996876001358032
2025-01-21 23:43:08,0.39162689447402954,0.6663269996643066,0.7456640005111694,0.7768272757530212,0.8081264495849609,0.804962158203125,0.6994001865386963
2025-01-21 23:43:07,0.39146101474761963,0.6659662127494812,0.7452802658081055,0.7764741778373718,0.8076436519622803,0.8046990036964417,0.6991128325462341
2025-01-21 23:43:06,0.39129510521888733,0.6656054258346558,0.7448964715003967,0.7761210799217224,0.8071609139442444,0.8044357895851135,0.6988254189491272
2025-01-21 23:43:05,0.39136624336242676,0.6656909584999084,0.7449726462364197,0.7761672735214233,0.8072265386581421,0.8044777512550354,0.6987963914871216
2025-01-21 23:43:04,0.3914374113082886,0.6657764911651611,0.7450488805770874,0.776213526725769,0.8072921633720398,0.8045196533203125,0.6987674236297607
2025-01-21 23:43:03,0.391508549451828,0.6658620238304138,0.7451250553131104,0.77625972032547,0.8073577880859375,0.8045616149902344,0.6987383961677551
2025-01-21 23:43:02,0.39157968759536743,0.6659475564956665,0.7452012300491333,0.7763059139251709,0.80742347240448,0.8046035766601562,0.6987093687057495
2025-01-21 23:43:01,0.39165085554122925,0.6660330295562744,0.7452774047851562,0.7763521671295166,0.8074890971183777,0.8046454787254333,0.6986803412437439
2025-01-21 23:43:00,0.3917219936847687,0.6661185622215271,0.7453535795211792,0.7763983607292175,0.8075547218322754,0.8046874403953552,0.6986513137817383
2025-01-21 23:42:59,0.3917931616306305,0.6662040948867798,0.7454298138618469,0.7764446139335632,0.8076203465461731,0.8047293424606323,0.6986223459243774
2025-01-21 23:42:58,0.3918642997741699,0.6662896275520325,0.7455059885978699,0.7764908075332642,0.8076859712600708,0.8047713041305542,0.6985933184623718
2025-01-21 23:42:57,0.3918231129646301,0.6662191152572632,0.7454040050506592,0.7764372229576111,0.8076280355453491,0.8046910166740417,0.6985626220703125
2025-01-21 23:42:56,0.39178192615509033,0.6661486029624939,0.7453020215034485,0.776383638381958,0.8075700402259827,0.8046107292175293,0.6985319256782532
2025-01-21 23:42:55,0.39174073934555054,0.6660781502723694,0.7452000379562378,0.7763300538063049,0.8075120449066162,0.8045304417610168,0.6985012292861938
2025-01-21 23:42:54,0.39169955253601074,0.6660076379776001,0.7450980544090271,0.7762764692306519,0.8074541091918945,0.8044501543045044,0.6984705328941345
2025-01-21 23:42:53,0.39165836572647095,0.6659371256828308,0.7449960708618164,0.7762229442596436,0.8073961734771729,0.8043699264526367,0.6984398365020752
2025-01-21 23:42:52,0.39161714911460876,0.6658666133880615,0.7448941469192505,0.7761693596839905,0.8073381781578064,0.8042896389961243,0.6984090805053711
2025-01-21 23:42:51,0.39157596230506897,0.6657961010932922,0.7447921633720398,0.7761157751083374,0.8072801828384399,0.8042093515396118,0.6983783841133118
2025-01-21 23:42:50,0.3915347754955292,0.6657256484031677,0.7446901798248291,0.7760621905326843,0.8072222471237183,0.8041290640830994,0.6983476877212524
2025-01-21 23:42:49,0.3914935886859894,0.6656551361083984,0.7445881962776184,0.7760086059570312,0.8071643114089966,0.8040487766265869,0.6983169913291931
2025-01-21 23:42:48,0.3914524018764496,0.6655846238136292,0.7444862127304077,0.7759550213813782,0.8071063160896301,0.8039684891700745,0.6982862949371338
2025-01-21 23:42:47,0.39134716987609863,0.6654671430587769,0.7444848418235779,0.7759643197059631,0.8071564435958862,0.8040514588356018,0.6982890367507935
2025-01-21 23:42:46,0.3912419378757477,0.6653496623039246,0.744483470916748,0.7759736180305481,0.8072065711021423,0.8041344285011292,0.6982918381690979
2025-01-21 23:42:45,0.39113667607307434,0.6652321815490723,0.7444820404052734,0.7759829163551331,0.8072567582130432,0.8042173385620117,0.6982945799827576
2025-01-21 23:42:44,0.3910314440727234,0.66511470079422,0.7444806694984436,0.775992214679718,0.8073068857192993,0.8043003082275391,0.698297381401062
2025-01-21 23:42:43,0.39092621207237244,0.6649972200393677,0.7444792985916138,0.776001513004303,0.8073570132255554,0.8043832778930664,0.6983001232147217
2025-01-21 23:42:42,0.39112281799316406,0.6652942895889282,0.7448030114173889,0.7762888669967651,0.8076008558273315,0.8046041131019592,0.6986845135688782
2025-01-21 23:42:41,0.3913194537162781,0.665591299533844,0.7451267242431641,0.7765761613845825,0.8078446984291077,0.804824948310852,0.6990689039230347
2025-01-21 23:42:40,0.3915160894393921,0.6658883094787598,0.745450496673584,0.7768634557723999,0.8080885410308838,0.8050457835197449,0.6994532346725464
2025-01-21 23:42:39,0.3917126953601837,0.6661853790283203,0.7457742094993591,0.7771508097648621,0.8083323836326599,0.8052666187286377,0.6998376250267029
2025-01-21 23:42:38,0.39118385314941406,0.6655492782592773,0.7447293996810913,0.7758911848068237,0.8070552349090576,0.8040794730186462,0.6986850500106812
2025-01-21 23:42:37,0.3906550109386444,0.6649131774902344,0.7436845898628235,0.7746315002441406,0.8057780861854553,0.8028923273086548,0.6975324153900146
2025-01-21 23:42:36,0.3916425108909607,0.6660358905792236,0.7452588081359863,0.7762736082077026,0.8068053126335144,0.8036934733390808,0.6980717182159424
2025-01-21 23:42:35,0.39125490188598633,0.665841817855835,0.7447813153266907,0.776148796081543,0.8071275949478149,0.8040695786476135,0.6982718110084534
2025-01-21 23:42:34,0.39130425453186035,0.6656477451324463,0.7447324991226196,0.7760239243507385,0.807110071182251,0.804059624671936,0.6982907652854919
2025-01-21 23:42:33,0.3913536071777344,0.6654536724090576,0.7446836233139038,0.7758991122245789,0.8070926070213318,0.8040496110916138,0.6983097195625305
2025-01-21 23:42:32,0.39173299074172974,0.6660842895507812,0.7456743717193604,0.7765734195709229,0.8074190020561218,0.8043391108512878,0.6985635161399841
2025-01-21 23:42:31,0.39158761501312256,0.665864109992981,0.7452378273010254,0.776533305644989,0.8074634075164795,0.8044333457946777,0.6987860202789307
2025-01-21 23:42:30,0.391442209482193,0.6656438708305359,0.7448012232780457,0.7764931917190552,0.8075078129768372,0.8045275807380676,0.6990085244178772
2025-01-21 23:42:29,0.39149489998817444,0.6658743619918823,0.7448855042457581,0.7764531373977661,0.8074434995651245,0.8041601181030273,0.6986000537872314
2025-01-21 23:42:28,0.3915475904941559,0.6661049127578735,0.7449697852134705,0.7764130234718323,0.8073791265487671,0.8037925958633423,0.6981915235519409
2025-01-21 23:42:27,0.39193591475486755,0.6666955947875977,0.7464103102684021,0.7778257131576538,0.808584988117218,0.8053256869316101,0.6993036866188049
2025-01-21 23:42:26,0.3916248679161072,0.6662091612815857,0.7459201216697693,0.7772448658943176,0.8080592155456543,0.8048137426376343,0.6989299058914185
2025-01-21 23:42:25,0.3913138210773468,0.6657227277755737,0.7454299330711365,0.7766640186309814,0.8075334429740906,0.8043017983436584,0.698556125164032
2025-01-21 23:42:24,0.3910028040409088,0.6652362942695618,0.7449398040771484,0.7760831117630005,0.8070077300071716,0.8037899136543274,0.6981822848320007
2025-01-21 23:42:23,0.39069175720214844,0.6647498607635498,0.7444496154785156,0.7755022644996643,0.8064819574356079,0.8032779693603516,0.6978085041046143
2025-01-21 23:42:22,0.39038071036338806,0.6642634272575378,0.7439594268798828,0.7749214172363281,0.8059561848640442,0.8027660250663757,0.6974347233772278
2025-01-21 23:42:21,0.3907419741153717,0.6646599769592285,0.744111180305481,0.7750988006591797,0.806251049041748,0.8030574321746826,0.6976739764213562
2025-01-21 23:42:20,0.39110323786735535,0.6650565266609192,0.7442628741264343,0.775276243686676,0.8065459132194519,0.8033488988876343,0.6979131698608398
2025-01-21 23:42:19,0.391464501619339,0.6654530763626099,0.7444146275520325,0.7754536271095276,0.8068407773971558,0.8036403059959412,0.6981524229049683
2025-01-21 23:42:18,0.3911744952201843,0.6652147173881531,0.7443742752075195,0.7753934264183044,0.8068137168884277,0.8037245273590088,0.698662281036377
2025-01-21 23:42:17,0.39140021800994873,0.665743887424469,0.745016872882843,0.7760698199272156,0.8076015710830688,0.8044317364692688,0.6992068886756897
2025-01-21 23:42:16,0.3916259706020355,0.6662731170654297,0.7456595301628113,0.7767462134361267,0.80838942527771,0.8051390051841736,0.6997514963150024
2025-01-21 23:42:15,0.3918516933917999,0.6668022871017456,0.7463021278381348,0.7774226069450378,0.8091772794723511,0.8058462142944336,0.7002961039543152
2025-01-21 23:42:14,0.3915981352329254,0.6663376688957214,0.7457938194274902,0.7769936323165894,0.8086938858032227,0.8054200410842896,0.6999313831329346
2025-01-21 23:42:13,0.3913446068763733,0.6658730506896973,0.7452855706214905,0.7765647172927856,0.8082104325294495,0.8049938082695007,0.6995667219161987
2025-01-21 23:42:12,0.3910910487174988,0.6654084324836731,0.7447773218154907,0.7761358022689819,0.8077269792556763,0.8045675754547119,0.6992020010948181
2025-01-21 23:42:11,0.39083749055862427,0.6649438142776489,0.7442690134048462,0.7757068276405334,0.8072435855865479,0.8041414022445679,0.6988372802734375
2025-01-21 23:42:10,0.391030490398407,0.6653807163238525,0.7443475723266602,0.7759792804718018,0.8072023987770081,0.8041936755180359,0.6984692215919495
2025-01-21 23:42:09,0.3912074565887451,0.665406346321106,0.7445048093795776,0.7760405540466309,0.8069852590560913,0.8039122819900513,0.6984308958053589
2025-01-21 23:42:08,0.39138439297676086,0.6654319763183594,0.7446619868278503,0.77610182762146,0.8067681789398193,0.8036308288574219,0.6983926296234131
2025-01-21 23:42:07,0.3914470076560974,0.6656339764595032,0.7444974780082703,0.7758597135543823,0.807321310043335,0.804010808467865,0.6984707117080688
2025-01-21 23:42:06,0.39231449365615845,0.6673852205276489,0.7463297843933105,0.7779489159584045,0.8090720176696777,0.805483877658844,0.7000545859336853
2025-01-21 23:42:05,0.39171069860458374,0.6665098071098328,0.7454010844230652,0.7768687009811401,0.8080922961235046,0.8047100901603699,0.6993844509124756
2025-01-21 23:42:04,0.39110690355300903,0.6656343936920166,0.7444723844528198,0.7757884860038757,0.8071125745773315,0.8039363026618958,0.6987143158912659
2025-01-21 23:42:03,0.39142197370529175,0.6659146547317505,0.7448374032974243,0.7760781049728394,0.8073626756668091,0.8042197227478027,0.6988278031349182
2025-01-21 23:42:02,0.3917370140552521,0.6661949753761292,0.7452024221420288,0.776367723941803,0.8076127767562866,0.8045032024383545,0.6989412903785706
2025-01-21 23:42:01,0.39209258556365967,0.667084276676178,0.7464712262153625,0.7775471806526184,0.8085312843322754,0.8052858710289001,0.6994764804840088
2025-01-21 23:42:00,0.3915700912475586,0.6661587953567505,0.7453057765960693,0.7764644026756287,0.8074235320091248,0.8041379451751709,0.698742151260376
2025-01-21 23:41:59,0.3910475969314575,0.6652333736419678,0.7441403865814209,0.7753816246986389,0.8063157796859741,0.8029900193214417,0.6980078220367432
2025-01-21 23:41:58,0.3912660777568817,0.6655726432800293,0.7444393038749695,0.7758392095565796,0.8068524599075317,0.8035917282104492,0.6982322335243225
2025-01-21 23:41:57,0.3914845287799835,0.665911853313446,0.7447382807731628,0.7762967348098755,0.8073891401290894,0.804193377494812,0.6984565854072571
2025-01-21 23:41:56,0.3917030096054077,0.6662511229515076,0.7450371980667114,0.7767543196678162,0.807925820350647,0.8047950863838196,0.6986809968948364
2025-01-21 23:41:55,0.39129549264907837,0.6658279895782471,0.7447400093078613,0.7764123678207397,0.807525634765625,0.8042744994163513,0.6984404921531677
2025-01-21 23:41:54,0.3908880054950714,0.6654049158096313,0.744442880153656,0.7760704159736633,0.8071253895759583,0.8037539124488831,0.698199987411499
2025-01-21 23:41:53,0.3907327950000763,0.6649817824363708,0.7442749738693237,0.7751392126083374,0.8068203926086426,0.8035107254981995,0.6980903148651123
2025-01-21 23:41:52,0.3907938003540039,0.6651899814605713,0.7445096969604492,0.7754360437393188,0.8072559833526611,0.8040285706520081,0.698393702507019
2025-01-21 23:41:51,0.3908548057079315,0.665398120880127,0.7447444200515747,0.7757328748703003,0.8076915144920349,0.8045464158058167,0.6986970901489258
2025-01-21 23:41:50,0.3905254006385803,0.6646971702575684,0.7443308234214783,0.7758694291114807,0.8070182204246521,0.8039854168891907,0.6983482241630554
2025-01-21 23:41:49,0.39105740189552307,0.6654227375984192,0.7449232935905457,0.7763665914535522,0.807553231716156,0.8044435381889343,0.6987491250038147
2025-01-21 23:41:48,0.3915894031524658,0.66614830493927,0.7455158233642578,0.7768638134002686,0.8080883026123047,0.8049015998840332,0.699150025844574
2025-01-21 23:41:47,0.39212140440940857,0.6668738722801208,0.7461082935333252,0.7773609757423401,0.8086233139038086,0.8053597211837769,0.6995509266853333
2025-01-21 23:41:46,0.3919486105442047,0.6665785908699036,0.7458086609840393,0.7770251631736755,0.8083061575889587,0.805060088634491,0.6993125081062317
2025-01-21 23:41:45,0.39177584648132324,0.6662833094596863,0.7455090284347534,0.776689350605011,0.8079890012741089,0.8047603964805603,0.6990741491317749
2025-01-21 23:41:44,0.3916030526161194,0.665988028049469,0.7452093958854675,0.7763535380363464,0.807671844959259,0.8044607639312744,0.6988357305526733
2025-01-21 23:41:43,0.3914302587509155,0.6656927466392517,0.7449098229408264,0.7760176658630371,0.807354748249054,0.8041611313819885,0.6985973715782166
2025-01-21 23:41:42,0.39125746488571167,0.6653974652290344,0.7446101903915405,0.7756818532943726,0.8070375919342041,0.8038614988327026,0.698358952999115
2025-01-21 23:41:41,0.3910847008228302,0.6651021838188171,0.7443105578422546,0.775346040725708,0.8067204356193542,0.803561806678772,0.6981205940246582
2025-01-21 23:41:40,0.39091190695762634,0.6648069024085999,0.7440109252929688,0.7750102281570435,0.8064032793045044,0.8032621741294861,0.6978821754455566
2025-01-21 23:41:39,0.3909927010536194,0.6651720404624939,0.74420166015625,0.7754626274108887,0.8068249225616455,0.803669273853302,0.698093056678772
2025-01-21 23:41:38,0.3910734951496124,0.6655371785163879,0.7443923354148865,0.7759150266647339,0.8072465658187866,0.8040763735771179,0.6983039975166321
2025-01-21 23:41:37,0.39115428924560547,0.665902316570282,0.7445830702781677,0.7763674259185791,0.8076682090759277,0.8044834733009338,0.6985148787498474
2025-01-21 23:41:36,0.3913823664188385,0.6660301089286804,0.7449424862861633,0.7765054702758789,0.8076446652412415,0.8045045733451843,0.6986361145973206
2025-01-21 23:41:35,0.39161041378974915,0.6661579012870789,0.7453019022941589,0.7766435742378235,0.8076211214065552,0.80452561378479,0.6987573504447937
2025-01-21 23:41:34,0.3918384909629822,0.6662856936454773,0.7456613183021545,0.7767816185951233,0.8075975775718689,0.8045467138290405,0.6988785862922668
2025-01-21 23:41:33,0.39190658926963806,0.6665099859237671,0.7461875081062317,0.7773956060409546,0.8085414171218872,0.8051285743713379,0.6993523240089417
2025-01-21 23:41:32,0.3910861909389496,0.6646974086761475,0.7440528869628906,0.7749381065368652,0.8064628839492798,0.8033503890037537,0.6978675127029419
2025-01-21 23:41:31,0.39129143953323364,0.6653934121131897,0.7448644638061523,0.7757158279418945,0.8071382641792297,0.8039383292198181,0.698397696018219
2025-01-21 23:41:30,0.3914966583251953,0.6660894751548767,0.7456761002540588,0.7764935493469238,0.8078136444091797,0.8045262694358826,0.6989279389381409
2025-01-21 23:41:29,0.39170190691947937,0.666785478591919,0.7464876770973206,0.7772712707519531,0.8084890246391296,0.805114209651947,0.699458122253418
2025-01-21 23:41:28,0.3915081024169922,0.6661511063575745,0.7457970976829529,0.7767471671104431,0.8079973459243774,0.8046952486038208,0.6991425156593323
2025-01-21 23:41:27,0.391314297914505,0.6655166745185852,0.7451064586639404,0.7762230038642883,0.8075056672096252,0.8042762875556946,0.6988269090652466
2025-01-21 23:41:26,0.3911204934120178,0.6648823022842407,0.7444158792495728,0.7756989002227783,0.807013988494873,0.8038573265075684,0.6985113024711609
2025-01-21 23:41:25,0.3912576735019684,0.6654434204101562,0.7449499368667603,0.7761919498443604,0.8075336217880249,0.8041815757751465,0.6987744569778442
2025-01-21 23:41:24,0.39139482378959656,0.666004478931427,0.7454840540885925,0.7766850590705872,0.808053195476532,0.8045057654380798,0.6990376710891724
2025-01-21 23:41:23,0.3915320038795471,0.6665655970573425,0.74601811170578,0.7771781086921692,0.8085728287696838,0.804830014705658,0.6993008255958557
2025-01-21 23:41:22,0.39141789078712463,0.6662459969520569,0.7451760172843933,0.7767698168754578,0.8078011870384216,0.8044794797897339,0.6992043852806091
2025-01-21 23:41:21,0.3908120393753052,0.665511965751648,0.7443174719810486,0.7758268117904663,0.8070694208145142,0.8039761781692505,0.6986939907073975
2025-01-21 23:41:20,0.3902061879634857,0.6647779941558838,0.7434589266777039,0.7748838067054749,0.8063377141952515,0.8034728169441223,0.6981835961341858
2025-01-21 23:41:19,0.39110371470451355,0.6659060120582581,0.7447720766067505,0.7758907079696655,0.8070405721664429,0.8037359714508057,0.6986535787582397
2025-01-21 23:41:18,0.3907356858253479,0.6645019054412842,0.7438256144523621,0.7752140164375305,0.8065223097801208,0.8031662106513977,0.6981565952301025
2025-01-21 23:41:17,0.3907853960990906,0.6643885970115662,0.7435501217842102,0.7746248841285706,0.8057463765144348,0.8026394248008728,0.6976829171180725
2025-01-21 23:41:16,0.39083513617515564,0.664512574672699,0.7436777949333191,0.7747446894645691,0.8059326410293579,0.8027780055999756,0.697758674621582
2025-01-21 23:41:15,0.3908848762512207,0.6646366119384766,0.7438054084777832,0.7748644948005676,0.8061189651489258,0.8029166460037231,0.6978344321250916
2025-01-21 23:41:14,0.3909345865249634,0.6647605895996094,0.7439330816268921,0.7749843001365662,0.8063052296638489,0.8030552268028259,0.6979101896286011
2025-01-21 23:41:13,0.3913564085960388,0.6656743884086609,0.7449386119842529,0.7760124206542969,0.807465672492981,0.8041523694992065,0.6985770463943481
2025-01-21 23:41:12,0.39177820086479187,0.6665881872177124,0.7459442019462585,0.7770406007766724,0.8086261749267578,0.8052495121955872,0.6992439031600952
2025-01-21 23:41:11,0.39173927903175354,0.6664848327636719,0.7458049058914185,0.776847779750824,0.8082008361816406,0.8048757314682007,0.6989416480064392
2025-01-21 23:41:10,0.3917003273963928,0.6663814783096313,0.7456656098365784,0.7766548991203308,0.8077755570411682,0.8045018911361694,0.6986393332481384
2025-01-21 23:41:09,0.3916614055633545,0.6662781238555908,0.7455263137817383,0.7764620780944824,0.807350218296051,0.804128110408783,0.6983370780944824
2025-01-21 23:41:08,0.3914299011230469,0.6659177541732788,0.7450563907623291,0.7761337757110596,0.8070699572563171,0.8038415908813477,0.6980845928192139
2025-01-21 23:41:07,0.39119839668273926,0.6655573844909668,0.7445864081382751,0.7758054137229919,0.8067896366119385,0.8035551309585571,0.6978321075439453
2025-01-21 23:41:06,0.39096689224243164,0.6651970148086548,0.744116485118866,0.7754771113395691,0.8065093755722046,0.8032686114311218,0.6975796222686768
2025-01-21 23:41:05,0.3910139501094818,0.665256917476654,0.7442283630371094,0.7755720615386963,0.8066003918647766,0.8033846616744995,0.6976791024208069
2025-01-21 23:41:04,0.391061007976532,0.6653167605400085,0.7443402409553528,0.7756669521331787,0.8066914081573486,0.8035007119178772,0.697778582572937
2025-01-21 23:41:03,0.39110803604125977,0.6653766632080078,0.7444521188735962,0.7757619023323059,0.8067824244499207,0.8036168217658997,0.6978780031204224
2025-01-21 23:41:02,0.39115509390830994,0.6654365062713623,0.7445639967918396,0.7758567929267883,0.8068734407424927,0.8037328720092773,0.6979774832725525
2025-01-21 23:41:01,0.3912021517753601,0.6654964089393616,0.744675874710083,0.7759517431259155,0.8069644570350647,0.803848922252655,0.6980769634246826
2025-01-21 23:41:00,0.3912492096424103,0.6655562520027161,0.7447877526283264,0.776046633720398,0.8070554733276367,0.8039649724960327,0.6981764435768127
2025-01-21 23:40:59,0.39129626750946045,0.6656161546707153,0.7448996305465698,0.7761415839195251,0.8071464896202087,0.8040810823440552,0.6982759237289429
2025-01-21 23:40:58,0.3913433253765106,0.6656759977340698,0.7450115084648132,0.7762364745140076,0.8072375059127808,0.8041971325874329,0.698375403881073
2025-01-21 23:40:57,0.3913903534412384,0.6657359004020691,0.7451233863830566,0.7763314247131348,0.8073285818099976,0.8043131828308105,0.6984748244285583
2025-01-21 23:40:56,0.3914374113082886,0.6657957434654236,0.7452352643013,0.7764263153076172,0.8074195981025696,0.8044292330741882,0.6985743045806885
2025-01-21 23:40:55,0.39148446917533875,0.6658556461334229,0.7453471422195435,0.7765212655067444,0.8075106143951416,0.8045453429222107,0.6986737847328186
2025-01-21 23:40:54,0.3915315270423889,0.6659154891967773,0.7454590201377869,0.7766161561012268,0.8076016306877136,0.8046613931655884,0.6987732648849487
2025-01-21 23:40:53,0.3915785849094391,0.6659753918647766,0.7455708980560303,0.776711106300354,0.8076926469802856,0.8047774434089661,0.6988727450370789
2025-01-21 23:40:52,0.39162564277648926,0.6660352349281311,0.7456827759742737,0.7768059968948364,0.8077836632728577,0.8048934936523438,0.698972225189209
2025-01-21 23:40:51,0.39167267084121704,0.6660951375961304,0.7457946538925171,0.7769009470939636,0.8078746795654297,0.8050096035003662,0.6990716457366943
2025-01-21 23:40:50,0.3917197287082672,0.6661549806594849,0.7459065318107605,0.776995837688446,0.8079656958580017,0.8051256537437439,0.6991711258888245
2025-01-21 23:40:49,0.3917667865753174,0.6662148833274841,0.7460184097290039,0.7770907878875732,0.8080567121505737,0.8052417039871216,0.6992706060409546
2025-01-21 23:40:48,0.3916393518447876,0.666049599647522,0.7456451654434204,0.7767983675003052,0.8079206347465515,0.8051320910453796,0.6991440057754517
2025-01-21 23:40:47,0.3915119469165802,0.665884256362915,0.7452718615531921,0.7765058875083923,0.8077845573425293,0.8050224781036377,0.699017345905304
2025-01-21 23:40:46,0.3913845419883728,0.6657189130783081,0.7448985576629639,0.7762134075164795,0.8076484799385071,0.8049129247665405,0.6988906860351562
2025-01-21 23:40:45,0.391257107257843,0.665553629398346,0.7445253133773804,0.7759209871292114,0.8075124025344849,0.8048033118247986,0.6987640857696533
2025-01-21 23:40:44,0.3915552496910095,0.6662127375602722,0.7453305721282959,0.776735246181488,0.8081488013267517,0.8053115606307983,0.699213981628418
2025-01-21 23:40:43,0.39185336232185364,0.6668719053268433,0.7461358308792114,0.7775495648384094,0.8087852001190186,0.8058198690414429,0.6996638178825378
2025-01-21 23:40:42,0.39215150475502014,0.6675310134887695,0.746941089630127,0.778363823890686,0.8094215989112854,0.8063281178474426,0.7001137137413025
2025-01-21 23:40:41,0.39211079478263855,0.6674510836601257,0.7468143701553345,0.7782549262046814,0.8093363642692566,0.8062068819999695,0.700075089931488
2025-01-21 23:40:40,0.39207005500793457,0.6673712134361267,0.746687650680542,0.778145968914032,0.8092511296272278,0.8060856461524963,0.7000364065170288
2025-01-21 23:40:39,0.392029345035553,0.6672912836074829,0.7465609312057495,0.7780370712280273,0.8091659545898438,0.8059643507003784,0.6999977827072144
2025-01-21 23:40:38,0.391988605260849,0.6672114133834839,0.746434211730957,0.7779281139373779,0.8090807199478149,0.8058431148529053,0.6999590992927551
2025-01-21 23:40:37,0.3919478952884674,0.6671314835548401,0.7463074922561646,0.7778192162513733,0.8089954853057861,0.8057218790054321,0.6999204754829407
2025-01-21 23:40:36,0.39201879501342773,0.6671854853630066,0.7463338375091553,0.7778424620628357,0.8090285062789917,0.8057121634483337,0.6999644637107849
2025-01-21 23:40:35,0.39208972454071045,0.6672395467758179,0.7463601231575012,0.7778657078742981,0.8090615272521973,0.8057024478912354,0.7000084519386292
2025-01-21 23:40:34,0.39216065406799316,0.6672935485839844,0.7463864684104919,0.7778889536857605,0.8090946078300476,0.805692732334137,0.7000524401664734
2025-01-21 23:40:33,0.3922315537929535,0.6673475503921509,0.7464127540588379,0.7779121994972229,0.8091276288032532,0.8056830167770386,0.7000963687896729
2025-01-21 23:40:32,0.3923024535179138,0.6674016118049622,0.7464390993118286,0.7779354453086853,0.8091606497764587,0.805673360824585,0.7001403570175171
2025-01-21 23:40:31,0.39237338304519653,0.6674556136131287,0.7464654445648193,0.7779586911201477,0.8091937303543091,0.8056636452674866,0.7001843452453613
2025-01-21 23:40:30,0.39244431257247925,0.6675096750259399,0.7464917302131653,0.7779819369316101,0.8092267513275146,0.8056539297103882,0.7002283334732056
2025-01-21 23:40:29,0.3925152122974396,0.6675636768341064,0.746518075466156,0.7780051827430725,0.8092597723007202,0.8056442141532898,0.7002723217010498
2025-01-21 23:40:28,0.3923593759536743,0.6672986149787903,0.7462704181671143,0.7777801156044006,0.808911919593811,0.8053616881370544,0.7000787854194641
2025-01-21 23:40:27,0.39220350980758667,0.6670335531234741,0.7460227012634277,0.7775551080703735,0.8085641264915466,0.8050791621208191,0.6998852491378784
2025-01-21 23:40:26,0.392047643661499,0.666768491268158,0.745775043964386,0.7773300409317017,0.8082163333892822,0.8047966361045837,0.699691653251648
2025-01-21 23:40:25,0.39189180731773376,0.6665034294128418,0.7455273866653442,0.7771049737930298,0.807868480682373,0.8045141100883484,0.6994981169700623
2025-01-21 23:40:24,0.3918476700782776,0.6664557456970215,0.7454746961593628,0.777030348777771,0.8077808618545532,0.804474949836731,0.6994036436080933
2025-01-21 23:40:23,0.3918035328388214,0.6664080023765564,0.7454219460487366,0.7769557237625122,0.8076933026313782,0.8044357895851135,0.699309229850769
2025-01-21 23:40:22,0.39175939559936523,0.6663603186607361,0.7453692555427551,0.7768810391426086,0.8076056838035583,0.8043966293334961,0.6992147564888
2025-01-21 23:40:21,0.39171522855758667,0.6663126349449158,0.7453165054321289,0.7768064141273499,0.8075180649757385,0.8043574094772339,0.699120283126831
2025-01-21 23:40:20,0.3916710913181305,0.6662648916244507,0.7452638149261475,0.7767317891120911,0.8074305057525635,0.8043182492256165,0.6990258693695068
2025-01-21 23:40:19,0.3916269540786743,0.6662172079086304,0.745211124420166,0.7766571640968323,0.8073428869247437,0.804279088973999,0.6989313960075378
2025-01-21 23:40:18,0.39158281683921814,0.6661695241928101,0.7451583743095398,0.7765825390815735,0.8072552680969238,0.8042399287223816,0.6988369226455688
2025-01-21 23:40:17,0.39153867959976196,0.666121780872345,0.7451056838035583,0.7765078544616699,0.8071677088737488,0.8042007684707642,0.6987425088882446
2025-01-21 23:40:16,0.3914945423603058,0.6660740971565247,0.7450529336929321,0.7764332294464111,0.807080090045929,0.8041616082191467,0.6986480355262756
2025-01-21 23:40:15,0.3914504051208496,0.6660264134407043,0.7450002431869507,0.7763586044311523,0.8069924712181091,0.8041224479675293,0.6985535621643066
2025-01-21 23:40:14,0.39140626788139343,0.6659786701202393,0.7449475526809692,0.7762839794158936,0.8069049119949341,0.8040832877159119,0.6984591484069824
2025-01-21 23:40:13,0.39136210083961487,0.665930986404419,0.744894802570343,0.7762093544006348,0.8068172931671143,0.8040440678596497,0.6983646750450134
2025-01-21 23:40:12,0.3913179636001587,0.6658833026885986,0.7448421120643616,0.7761346697807312,0.8067296743392944,0.8040049076080322,0.6982702016830444
2025-01-21 23:40:11,0.3912738263607025,0.6658355593681335,0.7447893619537354,0.7760600447654724,0.8066421151161194,0.8039657473564148,0.6981757879257202
2025-01-21 23:40:10,0.39122968912124634,0.6657878756523132,0.7447366714477539,0.7759854197502136,0.8065544962882996,0.8039265871047974,0.6980813145637512
2025-01-21 23:40:09,0.39129194617271423,0.6658450961112976,0.7448444366455078,0.776110053062439,0.8068393468856812,0.8040168285369873,0.6982332468032837
2025-01-21 23:40:08,0.3913542330265045,0.6659022569656372,0.7449521422386169,0.7762346863746643,0.807124137878418,0.8041070699691772,0.6983851790428162
2025-01-21 23:40:07,0.3914164900779724,0.6659594774246216,0.7450599074363708,0.7763593196868896,0.8074089884757996,0.8041973114013672,0.6985371112823486
2025-01-21 23:40:06,0.39110052585601807,0.6654060482978821,0.7444218397140503,0.7756459712982178,0.80656898021698,0.8032649159431458,0.6978322267532349
2025-01-21 23:40:05,0.3907845914363861,0.6648526191711426,0.743783712387085,0.7749326825141907,0.8057289123535156,0.8023325204849243,0.6971272826194763
2025-01-21 23:40:04,0.39120370149612427,0.6650469899177551,0.7442098259925842,0.7752898931503296,0.8059278726577759,0.8026636838912964,0.6974316239356995
2025-01-21 23:40:03,0.3912128806114197,0.6651231050491333,0.7442549467086792,0.7753697633743286,0.8060610890388489,0.8028110265731812,0.6975815892219543
2025-01-21 23:40:02,0.3912220597267151,0.6651992201805115,0.7443000674247742,0.7754496335983276,0.8061943054199219,0.8029583096504211,0.6977315545082092
2025-01-21 23:40:01,0.3912312388420105,0.6652753353118896,0.7443451881408691,0.7755295038223267,0.8063275218009949,0.8031056523323059,0.6978814601898193
2025-01-21 23:40:00,0.3912404179573059,0.6653514504432678,0.7443903088569641,0.7756093740463257,0.8064607381820679,0.8032529354095459,0.6980314254760742
2025-01-21 23:39:59,0.3912495970726013,0.6654276251792908,0.7444354891777039,0.7756892442703247,0.8065940141677856,0.8034002780914307,0.6981813907623291
2025-01-21 23:39:58,0.39125877618789673,0.665503740310669,0.7444806098937988,0.7757691144943237,0.8067272305488586,0.8035475611686707,0.698331356048584
2025-01-21 23:39:57,0.39126795530319214,0.6655798554420471,0.7445257306098938,0.7758489847183228,0.8068604469299316,0.8036949038505554,0.6984812617301941
2025-01-21 23:39:56,0.39127713441848755,0.6656559705734253,0.7445708513259888,0.7759288549423218,0.8069936633110046,0.8038421869277954,0.698631227016449
2025-01-21 23:39:55,0.39128631353378296,0.6657320857048035,0.7446159720420837,0.7760087251663208,0.8071268796920776,0.8039895296096802,0.6987811923027039
2025-01-21 23:39:54,0.3913973867893219,0.6661263704299927,0.7451435923576355,0.7763246893882751,0.8071125149726868,0.8043866753578186,0.6989275813102722
2025-01-21 23:39:53,0.39077940583229065,0.6641350984573364,0.743410587310791,0.774802029132843,0.8056374192237854,0.8030844926834106,0.6979956030845642
2025-01-21 23:39:52,0.39100098609924316,0.6653668880462646,0.7442343831062317,0.7756211757659912,0.8067293763160706,0.8032183051109314,0.6984732747077942
2025-01-21 23:39:51,0.39074018597602844,0.664934515953064,0.7440568208694458,0.7755569815635681,0.8065494298934937,0.8033521771430969,0.6983301639556885
2025-01-21 23:39:50,0.3904793858528137,0.6645022034645081,0.7438793182373047,0.775492787361145,0.8063694834709167,0.8034859895706177,0.6981871128082275
2025-01-21 23:39:49,0.3910976052284241,0.6658477187156677,0.74519282579422,0.7764663100242615,0.8079196214675903,0.8052002787590027,0.698860228061676
2025-01-21 23:39:48,0.3908650875091553,0.6652183532714844,0.7443567514419556,0.7757599353790283,0.8069505095481873,0.8040832281112671,0.6982367038726807
2025-01-21 23:39:47,0.39063259959220886,0.664588987827301,0.7435206770896912,0.7750535011291504,0.8059813976287842,0.8029661178588867,0.6976131200790405
2025-01-21 23:39:46,0.3907780945301056,0.6646100282669067,0.743583083152771,0.7749459147453308,0.8055098056793213,0.8031244874000549,0.6974930763244629
2025-01-21 23:39:45,0.3908486068248749,0.6649625897407532,0.7440111041069031,0.7750986814498901,0.8055860996246338,0.802923321723938,0.6969935297966003
2025-01-21 23:39:44,0.39066606760025024,0.664635419845581,0.743834912776947,0.7749195098876953,0.8056727647781372,0.803128719329834,0.6976093053817749
2025-01-21 23:39:43,0.3904834985733032,0.6643081903457642,0.743658721446991,0.7747402787208557,0.8057594895362854,0.8033341765403748,0.6982250809669495
2025-01-21 23:39:42,0.3905257284641266,0.6643518805503845,0.7436956763267517,0.7747864127159119,0.8058415651321411,0.8033756613731384,0.6982541084289551
2025-01-21 23:39:41,0.39056795835494995,0.6643955111503601,0.7437326312065125,0.774832546710968,0.8059237003326416,0.8034170866012573,0.6982831954956055
2025-01-21 23:39:40,0.3906101882457733,0.6644392013549805,0.743769645690918,0.7748786807060242,0.8060057759284973,0.803458571434021,0.6983122229576111
2025-01-21 23:39:39,0.39065244793891907,0.6644828915596008,0.7438066005706787,0.7749248743057251,0.806087851524353,0.8035000562667847,0.6983413100242615
2025-01-21 23:39:38,0.39069467782974243,0.6645265817642212,0.7438435554504395,0.7749710083007812,0.8061699867248535,0.8035415410995483,0.6983703374862671
2025-01-21 23:39:37,0.3907369077205658,0.6645702123641968,0.7438805103302002,0.7750171422958374,0.8062520623207092,0.8035829663276672,0.6983994245529175
2025-01-21 23:39:36,0.39077913761138916,0.6646139025688171,0.7439174652099609,0.7750632762908936,0.8063341379165649,0.8036244511604309,0.6984284520149231
2025-01-21 23:39:35,0.3908213675022125,0.6646575927734375,0.7439544796943665,0.7751094102859497,0.8064162731170654,0.8036659359931946,0.6984575390815735
2025-01-21 23:39:34,0.3908635973930359,0.6647012829780579,0.7439914345741272,0.7751555442810059,0.8064983487129211,0.8037074208259583,0.6984865665435791
2025-01-21 23:39:33,0.39090582728385925,0.6647449135780334,0.7440283894538879,0.775201678276062,0.8065804243087769,0.8037488460540771,0.6985156536102295
2025-01-21 23:39:32,0.3909480571746826,0.6647886037826538,0.7440653443336487,0.7752478122711182,0.8066625595092773,0.8037903308868408,0.6985446810722351
2025-01-21 23:39:31,0.39099031686782837,0.6648322939872742,0.7441022992134094,0.7752940058708191,0.8067446351051331,0.8038318157196045,0.6985737681388855
2025-01-21 23:39:30,0.39103254675865173,0.6648759841918945,0.7441393136978149,0.7753401398658752,0.8068267107009888,0.8038733005523682,0.6986027956008911
2025-01-21 23:39:29,0.3910747766494751,0.6649196147918701,0.7441762685775757,0.7753862738609314,0.8069088459014893,0.8039147257804871,0.6986318826675415
2025-01-21 23:39:28,0.39111700654029846,0.6649633049964905,0.7442132234573364,0.7754324078559875,0.806990921497345,0.8039562106132507,0.6986609101295471
2025-01-21 23:39:27,0.3911013603210449,0.664957582950592,0.7442033886909485,0.7754174470901489,0.8069390654563904,0.8039242029190063,0.698638916015625
2025-01-21 23:39:26,0.3910857141017914,0.6649518013000488,0.7441935539245605,0.7754025459289551,0.8068872094154358,0.8038921356201172,0.6986169219017029
2025-01-21 23:39:25,0.39107009768486023,0.6649460792541504,0.7441837191581726,0.7753875851631165,0.8068353533744812,0.8038601279258728,0.6985949277877808
2025-01-21 23:39:24,0.3910544514656067,0.6649402976036072,0.7441738843917847,0.7753726243972778,0.8067834973335266,0.8038280606269836,0.6985729336738586
2025-01-21 23:39:23,0.39103880524635315,0.6649345755577087,0.7441640496253967,0.7753576636314392,0.806731641292572,0.8037960529327393,0.6985508799552917
2025-01-21 23:39:22,0.3910231590270996,0.6649288535118103,0.7441542148590088,0.7753427624702454,0.8066797852516174,0.8037639856338501,0.6985288858413696
2025-01-21 23:39:21,0.39100751280784607,0.6649230718612671,0.7441443800926208,0.7753278017044067,0.8066279292106628,0.8037319779396057,0.6985068917274475
2025-01-21 23:39:20,0.39099186658859253,0.6649173498153687,0.7441345453262329,0.7753128409385681,0.8065760731697083,0.8036999106407166,0.6984848976135254
2025-01-21 23:39:19,0.3909762501716614,0.6649115681648254,0.7441247701644897,0.7752979397773743,0.8065241575241089,0.8036679029464722,0.6984629034996033
2025-01-21 23:39:18,0.39096060395240784,0.664905846118927,0.7441149353981018,0.7752829790115356,0.8064723014831543,0.803635835647583,0.6984409093856812
2025-01-21 23:39:17,0.3909449577331543,0.6649000644683838,0.7441051006317139,0.775268018245697,0.8064204454421997,0.8036038279533386,0.698418915271759
2025-01-21 23:39:16,0.39092931151390076,0.6648943424224854,0.7440952658653259,0.7752531170845032,0.8063685894012451,0.8035717606544495,0.6983969211578369
2025-01-21 23:39:15,0.3909136652946472,0.6648886203765869,0.744085431098938,0.7752381563186646,0.8063167333602905,0.8035397529602051,0.69837486743927
2025-01-21 23:39:14,0.3908980190753937,0.6648828387260437,0.74407559633255,0.7752231955528259,0.8062648773193359,0.8035076856613159,0.6983528733253479
2025-01-21 23:39:13,0.3908824026584625,0.6648771166801453,0.7440657615661621,0.7752082347869873,0.8062130212783813,0.8034756779670715,0.6983308792114258
2025-01-21 23:39:12,0.390866756439209,0.664871335029602,0.7440559267997742,0.7751933336257935,0.8061611652374268,0.8034436106681824,0.6983088850975037
2025-01-21 23:39:11,0.39085111021995544,0.6648656129837036,0.7440460920333862,0.7751783728599548,0.8061093091964722,0.803411602973938,0.6982868909835815
2025-01-21 23:39:10,0.3909943103790283,0.6650827527046204,0.7442420125007629,0.7754184007644653,0.8062394261360168,0.8034902215003967,0.698366105556488
2025-01-21 23:39:09,0.3911375105381012,0.6652999520301819,0.7444379925727844,0.7756584882736206,0.8063696026802063,0.8035688996315002,0.6984452605247498
2025-01-21 23:39:08,0.3912807106971741,0.6655170917510986,0.7446339130401611,0.7758985161781311,0.806499719619751,0.803647518157959,0.6985244750976562
2025-01-21 23:39:07,0.39130496978759766,0.6655691266059875,0.7446908950805664,0.775965690612793,0.8066055774688721,0.8037296533584595,0.6985695362091064
2025-01-21 23:39:06,0.39132925868034363,0.6656211614608765,0.7447478175163269,0.7760328054428101,0.8067113757133484,0.80381178855896,0.6986145973205566
2025-01-21 23:39:05,0.3913535475730896,0.6656731367111206,0.7448047995567322,0.7760999798774719,0.8068172335624695,0.8038939237594604,0.6986597180366516
2025-01-21 23:39:04,0.3913778066635132,0.6657251715660095,0.7448617815971375,0.776167094707489,0.8069230318069458,0.8039760589599609,0.6987047791481018
2025-01-21 23:39:03,0.39140206575393677,0.6657772064208984,0.744918704032898,0.7762342691421509,0.8070288896560669,0.8040581941604614,0.698749840259552
2025-01-21 23:39:02,0.39142635464668274,0.6658292412757874,0.7449756860733032,0.776301383972168,0.807134747505188,0.8041403293609619,0.698794960975647
2025-01-21 23:39:01,0.3914506435394287,0.6658812761306763,0.7450326681137085,0.7763685584068298,0.8072405457496643,0.8042224645614624,0.6988400220870972
2025-01-21 23:39:00,0.3914749026298523,0.6659332513809204,0.7450896501541138,0.7764357328414917,0.8073464035987854,0.8043045997619629,0.6988850831985474
2025-01-21 23:38:59,0.3914991617202759,0.6659852862358093,0.7451465725898743,0.7765028476715088,0.8074522614479065,0.8043866753578186,0.6989301443099976
2025-01-21 23:38:58,0.39152345061302185,0.6660373210906982,0.7452035546302795,0.7765700221061707,0.8075580596923828,0.8044688105583191,0.6989752054214478
2025-01-21 23:38:57,0.3915477395057678,0.6660893559455872,0.7452605366706848,0.7766371369361877,0.8076639175415039,0.8045509457588196,0.6990203261375427
2025-01-21 23:38:56,0.3915719985961914,0.6661413908004761,0.7453174591064453,0.7767043113708496,0.807769775390625,0.8046330809593201,0.6990653872489929
2025-01-21 23:38:55,0.391596257686615,0.666193425655365,0.7453744411468506,0.7767714262008667,0.8078755736351013,0.8047152161598206,0.6991104483604431
2025-01-21 23:38:54,0.39162054657936096,0.6662454009056091,0.7454314231872559,0.7768386006355286,0.8079814314842224,0.804797351360321,0.6991555690765381
2025-01-21 23:38:53,0.39164483547210693,0.666297435760498,0.7454883456230164,0.7769057154655457,0.8080872297286987,0.8048794865608215,0.6992006301879883
2025-01-21 23:38:52,0.3916690945625305,0.666349470615387,0.7455453276634216,0.7769728899002075,0.8081930875778198,0.804961621761322,0.6992456912994385
2025-01-21 23:38:51,0.3916570842266083,0.6663369536399841,0.7455313801765442,0.7769447565078735,0.8081676959991455,0.8049414753913879,0.6992377638816833
2025-01-21 23:38:50,0.39164507389068604,0.6663244366645813,0.745517373085022,0.7769166231155396,0.8081422448158264,0.8049213886260986,0.699229896068573
2025-01-21 23:38:49,0.3916330635547638,0.6663119196891785,0.7455034255981445,0.7768884301185608,0.8081168532371521,0.8049012422561646,0.6992219686508179
2025-01-21 23:38:48,0.39162105321884155,0.6662994027137756,0.7454894185066223,0.7768602967262268,0.8080914616584778,0.8048810958862305,0.6992141008377075
2025-01-21 23:38:47,0.3916090428829193,0.6662868857383728,0.7454754710197449,0.7768321633338928,0.8080660700798035,0.8048609495162964,0.6992061734199524
2025-01-21 23:38:46,0.39159703254699707,0.6662743091583252,0.7454614639282227,0.7768040299415588,0.8080406188964844,0.8048408031463623,0.699198305606842
2025-01-21 23:38:45,0.39158502221107483,0.6662617921829224,0.7454475164413452,0.7767758965492249,0.8080152273178101,0.804820716381073,0.6991903781890869
2025-01-21 23:38:44,0.3915730118751526,0.6662492752075195,0.745433509349823,0.7767477035522461,0.8079898357391357,0.8048005700111389,0.6991825103759766
2025-01-21 23:38:43,0.39156100153923035,0.6662367582321167,0.7454195618629456,0.7767195701599121,0.8079644441604614,0.8047804236412048,0.6991745829582214
2025-01-21 23:38:42,0.3915489912033081,0.6662242412567139,0.7454056143760681,0.7766914367675781,0.8079389929771423,0.8047603368759155,0.6991666555404663
2025-01-21 23:38:41,0.39153698086738586,0.666211724281311,0.7453916072845459,0.7766633033752441,0.807913601398468,0.8047401905059814,0.699158787727356
2025-01-21 23:38:40,0.3915249705314636,0.6661992073059082,0.7453776597976685,0.7766351699829102,0.8078882098197937,0.8047200441360474,0.6991508603096008
2025-01-21 23:38:39,0.3915129601955414,0.6661866903305054,0.7453636527061462,0.7766069769859314,0.8078627586364746,0.8046998977661133,0.6991429924964905
2025-01-21 23:38:38,0.39150094985961914,0.6661741733551025,0.7453497052192688,0.7765788435935974,0.8078373670578003,0.8046797513961792,0.6991350650787354
2025-01-21 23:38:37,0.3914889395236969,0.6661616563796997,0.7453356981277466,0.7765507102012634,0.807811975479126,0.8046596646308899,0.699127197265625
2025-01-21 23:38:36,0.39147692918777466,0.6661491394042969,0.7453217506408691,0.7765225768089294,0.8077865839004517,0.8046395182609558,0.6991192698478699
2025-01-21 23:38:35,0.3914649188518524,0.666136622428894,0.7453077435493469,0.7764943838119507,0.8077611327171326,0.8046193718910217,0.6991113424301147
2025-01-21 23:38:34,0.3914529085159302,0.6661241054534912,0.7452937960624695,0.7764662504196167,0.8077357411384583,0.8045992851257324,0.6991034746170044
2025-01-21 23:38:33,0.39144089818000793,0.6661115288734436,0.7452797889709473,0.7764381170272827,0.8077103495597839,0.8045791387557983,0.6990955471992493
2025-01-21 23:38:32,0.3914288878440857,0.6660990118980408,0.7452658414840698,0.7764099836349487,0.8076849579811096,0.8045589923858643,0.6990876793861389
2025-01-21 23:38:31,0.39141687750816345,0.6660864949226379,0.7452518939971924,0.7763818502426147,0.8076595067977905,0.8045388460159302,0.6990797519683838
2025-01-21 23:38:30,0.3914048671722412,0.6660739779472351,0.7452378869056702,0.776353657245636,0.8076341152191162,0.8045186996459961,0.6990718841552734
2025-01-21 23:38:29,0.39139285683631897,0.6660614609718323,0.7452239394187927,0.776325523853302,0.8076087236404419,0.8044986128807068,0.6990639567375183
2025-01-21 23:38:28,0.39138084650039673,0.6660489439964294,0.7452099323272705,0.776297390460968,0.8075833320617676,0.8044784665107727,0.6990560293197632
2025-01-21 23:38:27,0.3913688361644745,0.6660364270210266,0.7451959848403931,0.776269257068634,0.8075578808784485,0.8044583201408386,0.6990481615066528
2025-01-21 23:38:26,0.39135682582855225,0.6660239100456238,0.7451819777488708,0.7762411236763,0.8075324892997742,0.8044382333755493,0.6990402340888977
2025-01-21 23:38:25,0.39134481549263,0.666011393070221,0.7451680302619934,0.7762129306793213,0.8075070977210999,0.8044180870056152,0.6990323662757874
2025-01-21 23:38:24,0.39133280515670776,0.6659988760948181,0.7451540231704712,0.7761847972869873,0.8074816465377808,0.8043979406356812,0.6990244388580322
2025-01-21 23:38:23,0.3913207948207855,0.6659863591194153,0.7451400756835938,0.7761566638946533,0.8074562549591064,0.8043777942657471,0.6990165710449219
2025-01-21 23:38:22,0.3913087844848633,0.6659737825393677,0.7451261281967163,0.7761285305023193,0.8074308633804321,0.804357647895813,0.6990086436271667
2025-01-21 23:38:21,0.39129677414894104,0.6659612655639648,0.7451121211051941,0.7761003971099854,0.8074054718017578,0.8043375611305237,0.6990007758140564
2025-01-21 23:38:20,0.3912847638130188,0.665948748588562,0.7450981736183167,0.7760722041130066,0.8073800206184387,0.8043174147605896,0.6989928483963013
2025-01-21 23:38:19,0.39127275347709656,0.6659362316131592,0.7450841665267944,0.7760440707206726,0.8073546290397644,0.8042972683906555,0.6989849209785461
2025-01-21 23:38:18,0.3912607431411743,0.6659237146377563,0.745070219039917,0.7760159373283386,0.8073292374610901,0.8042771816253662,0.6989770531654358
2025-01-21 23:38:17,0.3912487328052521,0.6659111976623535,0.7450562119483948,0.7759878039360046,0.8073038458824158,0.8042570352554321,0.6989691257476807
2025-01-21 23:38:16,0.39123672246932983,0.6658986806869507,0.7450422644615173,0.7759596109390259,0.8072783946990967,0.804236888885498,0.6989612579345703
2025-01-21 23:38:15,0.3912247121334076,0.6658861637115479,0.7450282573699951,0.7759314775466919,0.8072530031204224,0.804216742515564,0.6989533305168152
2025-01-21 23:38:14,0.39121270179748535,0.665873646736145,0.7450143098831177,0.7759033441543579,0.807227611541748,0.8041965961456299,0.6989454627037048
2025-01-21 23:38:13,0.3912006914615631,0.6658611297607422,0.7450003027915955,0.7758752107620239,0.807202160358429,0.8041765093803406,0.6989375352859497
2025-01-21 23:38:12,0.39118868112564087,0.6658486127853394,0.744986355304718,0.7758470773696899,0.8071767687797546,0.8041563630104065,0.6989296674728394
2025-01-21 23:38:11,0.39117667078971863,0.6658360958099365,0.7449724078178406,0.7758188843727112,0.8071513772010803,0.8041362166404724,0.6989217400550842
2025-01-21 23:38:10,0.3911646604537964,0.6658235788345337,0.7449584007263184,0.7757907509803772,0.807125985622406,0.8041161298751831,0.6989138126373291
2025-01-21 23:38:09,0.39115265011787415,0.6658110022544861,0.7449444532394409,0.7757626175880432,0.8071005344390869,0.804095983505249,0.6989059448242188
2025-01-21 23:38:08,0.3911406397819519,0.6657984852790833,0.7449304461479187,0.7757344841957092,0.8070751428604126,0.8040758371353149,0.6988980174064636
2025-01-21 23:38:07,0.39112862944602966,0.6657859683036804,0.7449164986610413,0.7757063508033752,0.8070497512817383,0.8040556907653809,0.6988901495933533
2025-01-21 23:38:06,0.3911166191101074,0.6657734513282776,0.744902491569519,0.7756781578063965,0.807024359703064,0.8040355443954468,0.6988822221755981
2025-01-21 23:38:05,0.3911046087741852,0.6657609343528748,0.7448885440826416,0.7756500244140625,0.8069989085197449,0.8040154576301575,0.6988743543624878
2025-01-21 23:38:04,0.39109259843826294,0.6657484173774719,0.7448745369911194,0.7756218910217285,0.8069735169410706,0.8039953112602234,0.6988664269447327
2025-01-21 23:38:03,0.39105260372161865,0.6656165719032288,0.7448605895042419,0.7758622765541077,0.8068374991416931,0.8037061095237732,0.6988508105278015
2025-01-21 23:38:02,0.3909083306789398,0.6653569340705872,0.744619607925415,0.7756015062332153,0.8067295551300049,0.8036351799964905,0.6986922025680542
2025-01-21 23:38:01,0.390764057636261,0.6650972962379456,0.7443786263465881,0.775340735912323,0.8066216111183167,0.8035642504692078,0.6985335946083069
2025-01-21 23:38:00,0.39061975479125977,0.6648375988006592,0.7441376447677612,0.7750800251960754,0.8065136671066284,0.8034933805465698,0.6983749866485596
2025-01-21 23:37:59,0.39047548174858093,0.6645779609680176,0.7438966631889343,0.7748192548751831,0.8064057230949402,0.8034224510192871,0.6982163786888123
2025-01-21 23:37:58,0.3903312087059021,0.664318323135376,0.7436556816101074,0.7745584845542908,0.806297779083252,0.8033515214920044,0.6980577707290649
2025-01-21 23:37:57,0.3906627595424652,0.6649426221847534,0.7441468238830566,0.7752335071563721,0.8064766526222229,0.8035331964492798,0.6981443762779236
2025-01-21 23:37:56,0.3909943103790283,0.6655669212341309,0.7446380257606506,0.7759085297584534,0.8066555261611938,0.8037148118019104,0.6982309818267822
2025-01-21 23:37:55,0.3913831114768982,0.6656787991523743,0.7451711297035217,0.7765039801597595,0.8080276250839233,0.8047286868095398,0.699016809463501
2025-01-21 23:37:54,0.39144623279571533,0.6658533811569214,0.7452636957168579,0.7766937017440796,0.8080288171768188,0.8048036694526672,0.6991462707519531
2025-01-21 23:37:53,0.39150935411453247,0.6660279035568237,0.7453562617301941,0.7768834829330444,0.8080300092697144,0.8048786520957947,0.6992757320404053
2025-01-21 23:37:52,0.3915724754333496,0.6662024259567261,0.7454488277435303,0.7770732045173645,0.8080312013626099,0.8049536347389221,0.6994051933288574
2025-01-21 23:37:51,0.39163556694984436,0.6663770079612732,0.7455414533615112,0.7772629261016846,0.8080323338508606,0.8050286173820496,0.6995346546173096
2025-01-21 23:37:50,0.3916986882686615,0.6665515899658203,0.7456340193748474,0.7774527072906494,0.8080335259437561,0.805103600025177,0.6996641159057617
2025-01-21 23:37:49,0.39176180958747864,0.6667261123657227,0.7457265853881836,0.7776424288749695,0.8080347180366516,0.8051785826683044,0.6997935771942139
2025-01-21 23:37:48,0.39153000712394714,0.6660056710243225,0.7451056838035583,0.7767301201820374,0.8078765869140625,0.8050876259803772,0.6995993256568909
2025-01-21 23:37:47,0.3915187120437622,0.6660249829292297,0.7451030015945435,0.7766587734222412,0.8077303171157837,0.8048701882362366,0.6995525360107422
2025-01-21 23:37:46,0.39150744676589966,0.6660443544387817,0.7451002597808838,0.7765874862670898,0.8075839877128601,0.804652750492096,0.6995058059692383
2025-01-21 23:37:45,0.3914961814880371,0.666063666343689,0.7450975775718689,0.7765161395072937,0.8074376583099365,0.8044353127479553,0.6994590163230896
2025-01-21 23:37:44,0.3914848864078522,0.6660829782485962,0.745094895362854,0.7764447927474976,0.8072913885116577,0.8042178750038147,0.6994122266769409
2025-01-21 23:37:43,0.3912401497364044,0.6655116081237793,0.744851291179657,0.7760348320007324,0.8071735501289368,0.8042664527893066,0.6992865204811096
2025-01-21 23:37:42,0.39099541306495667,0.6649402976036072,0.74460768699646,0.7756248712539673,0.8070557117462158,0.8043149709701538,0.6991608142852783
2025-01-21 23:37:41,0.3910987377166748,0.6651408076286316,0.7447132468223572,0.7757707834243774,0.8071371912956238,0.8043733239173889,0.69919753074646
2025-01-21 23:37:40,0.39120203256607056,0.665341317653656,0.7448187470436096,0.7759166359901428,0.8072187304496765,0.8044316172599792,0.6992342472076416
2025-01-21 23:37:39,0.3913053572177887,0.6655418276786804,0.7449243068695068,0.776062548160553,0.8073002099990845,0.8044899702072144,0.6992709636688232
2025-01-21 23:37:38,0.39140865206718445,0.6657423973083496,0.745029866695404,0.7762084007263184,0.8073816895484924,0.8045483231544495,0.6993076801300049
2025-01-21 23:37:37,0.3915119767189026,0.665942907333374,0.7451354265213013,0.7763543128967285,0.8074631690979004,0.8046066761016846,0.6993443965911865
2025-01-21 23:37:36,0.39161527156829834,0.6661434173583984,0.7452409267425537,0.7765001654624939,0.8075447082519531,0.8046649694442749,0.6993811130523682
2025-01-21 23:37:35,0.3917185962200165,0.6663439273834229,0.7453464865684509,0.776646077632904,0.8076261878013611,0.80472332239151,0.6994178295135498
2025-01-21 23:37:34,0.3916183114051819,0.6664314270019531,0.7455006241798401,0.7770624160766602,0.807861328125,0.8052458167076111,0.699496328830719
2025-01-21 23:37:33,0.3916085958480835,0.66634202003479,0.7453960180282593,0.7768116593360901,0.807645857334137,0.8050459027290344,0.6993386149406433
2025-01-21 23:37:32,0.3915989100933075,0.6662526726722717,0.7452913522720337,0.77656090259552,0.8074303865432739,0.8048460483551025,0.6991808414459229
2025-01-21 23:37:31,0.3915892243385315,0.6661633253097534,0.7451866865158081,0.77631014585495,0.8072148561477661,0.8046461343765259,0.6990231275558472
2025-01-21 23:37:30,0.3915795087814331,0.6660739183425903,0.7450820803642273,0.7760593891143799,0.8069993853569031,0.8044462203979492,0.6988654136657715
2025-01-21 23:37:29,0.39158564805984497,0.6661064624786377,0.745140790939331,0.7763192057609558,0.8071824312210083,0.8046544194221497,0.6990749835968018
2025-01-21 23:37:28,0.39159175753593445,0.6661389470100403,0.7451995015144348,0.7765790820121765,0.8073655366897583,0.8048626184463501,0.6992846131324768
2025-01-21 23:37:27,0.3915978968143463,0.6661714911460876,0.7452582120895386,0.7768388986587524,0.8075485825538635,0.8050708174705505,0.6994941830635071
2025-01-21 23:37:26,0.3915998935699463,0.666247546672821,0.745291531085968,0.7768805623054504,0.8077484369277954,0.8051450252532959,0.6995328068733215
2025-01-21 23:37:25,0.39160189032554626,0.6663236021995544,0.7453247904777527,0.7769221663475037,0.8079482913017273,0.805219292640686,0.699571430683136
2025-01-21 23:37:24,0.39160391688346863,0.6663997173309326,0.7453581094741821,0.7769638299942017,0.8081480860710144,0.8052935004234314,0.6996100544929504
2025-01-21 23:37:23,0.3916059136390686,0.666475772857666,0.7453913688659668,0.7770054340362549,0.8083479404449463,0.8053677678108215,0.6996486783027649
2025-01-21 23:37:22,0.3916079103946686,0.6665518283843994,0.7454246878623962,0.7770470976829529,0.8085477948188782,0.8054419755935669,0.6996873021125793
2025-01-21 23:37:21,0.39163002371788025,0.6664992570877075,0.7453989386558533,0.7770237326622009,0.8083929419517517,0.8053847551345825,0.699659526348114
2025-01-21 23:37:20,0.3916521370410919,0.6664467453956604,0.7453731298446655,0.7770004272460938,0.8082380294799805,0.8053275942802429,0.6996317505836487
2025-01-21 23:37:19,0.3916742503643036,0.6663941740989685,0.7453473806381226,0.7769770622253418,0.808083176612854,0.8052703738212585,0.6996039748191833
2025-01-21 23:37:18,0.39169636368751526,0.6663416624069214,0.7453215718269348,0.7769537568092346,0.8079282641410828,0.805213212966919,0.699576199054718
2025-01-21 23:37:17,0.39171844720840454,0.6662890911102295,0.7452958226203918,0.7769303917884827,0.8077734112739563,0.8051559925079346,0.6995484232902527
2025-01-21 23:37:16,0.3917405605316162,0.6663004159927368,0.7453750967979431,0.7769420146942139,0.8078166246414185,0.8051007986068726,0.6995453238487244
2025-01-21 23:37:15,0.3917626738548279,0.6663116812705994,0.7454544305801392,0.7769536375999451,0.8078598976135254,0.8050456047058105,0.699542224407196
2025-01-21 23:37:14,0.39178478717803955,0.6663229465484619,0.7455337047576904,0.7769652605056763,0.8079031109809875,0.8049904108047485,0.6995391249656677
2025-01-21 23:37:13,0.3918069005012512,0.6663342714309692,0.7456129789352417,0.7769768834114075,0.8079463243484497,0.8049352169036865,0.6995360255241394
2025-01-21 23:37:12,0.39188364148139954,0.666652262210846,0.7461428642272949,0.7774789929389954,0.8085436224937439,0.8053900599479675,0.699797511100769
2025-01-21 23:37:11,0.39196035265922546,0.6669701933860779,0.7466726899147034,0.7779811024665833,0.8091409206390381,0.8058448433876038,0.7000589966773987
2025-01-21 23:37:10,0.3920370936393738,0.6672881841659546,0.7472025752067566,0.7784832119941711,0.8097382187843323,0.8062996864318848,0.7003204822540283
2025-01-21 23:37:09,0.392062246799469,0.6672957539558411,0.7470775246620178,0.7784777879714966,0.8095820546150208,0.8062825798988342,0.7003003358840942
2025-01-21 23:37:08,0.3920873701572418,0.6673033237457275,0.746952474117279,0.778472363948822,0.8094258904457092,0.8062654733657837,0.7002801895141602
2025-01-21 23:37:07,0.39211249351501465,0.6673109531402588,0.7468274235725403,0.7784669399261475,0.8092697262763977,0.8062484264373779,0.7002601027488708
2025-01-21 23:37:06,0.39213764667510986,0.6673185229301453,0.7467023730278015,0.7784615159034729,0.8091135621070862,0.8062313199043274,0.7002399563789368
2025-01-21 23:37:05,0.3921627998352051,0.6673260927200317,0.7465773224830627,0.7784560918807983,0.8089573979377747,0.8062142133712769,0.7002198100090027
2025-01-21 23:37:04,0.3921879231929779,0.667246401309967,0.7465649247169495,0.7782556414604187,0.8089874386787415,0.806321382522583,0.7002419233322144
2025-01-21 23:37:03,0.39221304655075073,0.6671667695045471,0.7465525269508362,0.7780551314353943,0.8090174794197083,0.8064286112785339,0.7002639770507812
2025-01-21 23:37:02,0.39223819971084595,0.6670870780944824,0.7465401291847229,0.7778546810150146,0.809047520160675,0.8065357804298401,0.7002860903739929
2025-01-21 23:37:01,0.3918360471725464,0.6664053201675415,0.7457035779953003,0.777212381362915,0.8082212209701538,0.8055009841918945,0.6998342871665955
2025-01-21 23:37:00,0.3914338946342468,0.6657236218452454,0.7448670268058777,0.7765700817108154,0.8073949813842773,0.804466187953949,0.699382483959198
2025-01-21 23:36:59,0.39142560958862305,0.6658146381378174,0.7450404763221741,0.7767077088356018,0.8076001405715942,0.8048018217086792,0.6994655728340149
2025-01-21 23:36:58,0.3914172947406769,0.6659056544303894,0.7452139258384705,0.7768452763557434,0.8078053593635559,0.8051373958587646,0.699548602104187
2025-01-21 23:36:57,0.3914090096950531,0.6659966707229614,0.7453873753547668,0.7769829034805298,0.8080105185508728,0.8054730296134949,0.6996316909790039
2025-01-21 23:36:56,0.39177459478378296,0.6664711236953735,0.7458871603012085,0.7773468494415283,0.8082724213600159,0.8057704567909241,0.6997836232185364
2025-01-21 23:36:55,0.3921402096748352,0.6669456362724304,0.7463868856430054,0.7777107357978821,0.8085343837738037,0.8060678839683533,0.6999355554580688
2025-01-21 23:36:54,0.39250579476356506,0.6674200892448425,0.746886670589447,0.7780746817588806,0.8087962865829468,0.8063653111457825,0.7000874876976013
2025-01-21 23:36:53,0.3922416567802429,0.6671666502952576,0.7465211153030396,0.7777850031852722,0.808656632900238,0.8061153888702393,0.7000035047531128
2025-01-21 23:36:52,0.39197754859924316,0.6669132709503174,0.7461555004119873,0.7774953842163086,0.8085169792175293,0.8058654069900513,0.6999194622039795
2025-01-21 23:36:51,0.3917134404182434,0.6666598320007324,0.7457899451255798,0.7772057056427002,0.8083772659301758,0.8056154251098633,0.699835479259491
2025-01-21 23:36:50,0.39144930243492126,0.6664063930511475,0.7454243898391724,0.7769160270690918,0.808237612247467,0.8053655028343201,0.6997514963150024
2025-01-21 23:36:49,0.391451358795166,0.6664558053016663,0.7454519867897034,0.7769061326980591,0.8082143664360046,0.8052657842636108,0.6997113823890686
2025-01-21 23:36:48,0.39145344495773315,0.6665052175521851,0.7454795837402344,0.7768962979316711,0.8081910610198975,0.8051661252975464,0.6996712684631348
2025-01-21 23:36:47,0.3914555013179779,0.6665546894073486,0.7455071806907654,0.7768864035606384,0.8081678152084351,0.8050664067268372,0.6996311545372009
2025-01-21 23:36:46,0.39145755767822266,0.6666041016578674,0.7455347776412964,0.7768765091896057,0.8081445693969727,0.8049666881561279,0.6995910406112671
2025-01-21 23:36:45,0.3914596438407898,0.6666535139083862,0.7455623745918274,0.7768666744232178,0.8081212639808655,0.8048670291900635,0.6995509266853333
2025-01-21 23:36:44,0.39146170020103455,0.666702926158905,0.7455899715423584,0.7768567800521851,0.8080980181694031,0.8047673106193542,0.6995108127593994
2025-01-21 23:36:43,0.3914358913898468,0.6663514971733093,0.7456632256507874,0.7770193219184875,0.8085073828697205,0.8051462173461914,0.6997218132019043
2025-01-21 23:36:42,0.39163175225257874,0.6666324138641357,0.745943546295166,0.7772884964942932,0.8086190223693848,0.8052951693534851,0.699866771697998
2025-01-21 23:36:41,0.3918275833129883,0.6669133901596069,0.7462239265441895,0.7775576710700989,0.8087306022644043,0.8054441213607788,0.700011670589447
