evidence_id,semantic_unit_id,semantic_unit_name,source_function_code,assignment_basis,review_status
AMS-TR-0720R1-01,SU01_observed_anomaly_qualification,观测异常与数据合格性,F01_observed_data_qualification,existing_manual_applicability_to_function_family_v1,semantic_unit_v1_provisional
AMS-TR-0720R1-01,SU06_operation_test_calibration_alignment,现场操作、测试与校准时间对齐,F06_test_and_calibration_alignment,existing_manual_applicability_to_function_family_v1,semantic_unit_v1_provisional
AMS-TR-0720R1-02,SU05_cross_channel_comparison,可比通道与冗余测量比较,F05_cross_channel_consistency,existing_manual_applicability_to_function_family_v1,semantic_unit_v1_provisional
AMS-TR-0720R1-02,SU10_signal_quality_and_monitoring_limit,通用信号质量与监测边界,F10_generic_signal_quality,existing_manual_applicability_to_function_family_v1,semantic_unit_v1_provisional
AMS-TR-0720R1-03,SU01_observed_anomaly_qualification,观测异常与数据合格性,F01_observed_data_qualification,existing_manual_applicability_to_function_family_v1,semantic_unit_v1_provisional
AMS-TR-0720R1-03,SU05_cross_channel_comparison,可比通道与冗余测量比较,F05_cross_channel_consistency,existing_manual_applicability_to_function_family_v1,semantic_unit_v1_provisional
AMS-TR-0720R1-04,SU04_signal_path_and_conditioning,信号传输链路与调理,F04_signal_path_and_conditioning,existing_manual_applicability_to_function_family_v1,semantic_unit_v1_provisional
AMS-TR-0720R1-04,SU08_detector_response_and_calibration,探测器响应与标定特性,F08_detector_response_and_calibration,existing_manual_applicability_to_function_family_v1,semantic_unit_v1_provisional
ANIMMA-NUCLEAR-INSTRUMENTATION-2-01,SU07_neutron_measurement_architecture,中子测量原理与仪表构型,F07_neutron_measurement_context,existing_manual_applicability_to_function_family_v1,semantic_unit_v1_provisional
ANIMMA-NUCLEAR-INSTRUMENTATION-2.1-01,SU07_neutron_measurement_architecture,中子测量原理与仪表构型,F07_neutron_measurement_context,existing_manual_applicability_to_function_family_v1,semantic_unit_v1_provisional
ANIMMA-NUCLEAR-INSTRUMENTATION-2.1-01,SU09_gamma_and_mixed_field_context,伽马与混合辐射场影响,F09_gamma_and_mixed_field_context,existing_manual_applicability_to_function_family_v1,semantic_unit_v1_provisional
ANIMMA-NUCLEAR-INSTRUMENTATION-2.1-02,SU07_neutron_measurement_architecture,中子测量原理与仪表构型,F07_neutron_measurement_context,existing_manual_applicability_to_function_family_v1,semantic_unit_v1_provisional
ANIMMA-NUCLEAR-INSTRUMENTATION-2.1-02,SU09_gamma_and_mixed_field_context,伽马与混合辐射场影响,F09_gamma_and_mixed_field_context,existing_manual_applicability_to_function_family_v1,semantic_unit_v1_provisional
ANIMMA-NUCLEAR-INSTRUMENTATION-2.1-03,SU04_signal_path_and_conditioning,信号传输链路与调理,F04_signal_path_and_conditioning,existing_manual_applicability_to_function_family_v1,semantic_unit_v1_provisional
ANIMMA-NUCLEAR-INSTRUMENTATION-2.1-03,SU10_signal_quality_and_monitoring_limit,通用信号质量与监测边界,F10_generic_signal_quality,existing_manual_applicability_to_function_family_v1,semantic_unit_v1_provisional
ANIMMA-NUCLEAR-INSTRUMENTATION-2.2-01,SU07_neutron_measurement_architecture,中子测量原理与仪表构型,F07_neutron_measurement_context,existing_manual_applicability_to_function_family_v1,semantic_unit_v1_provisional
ANIMMA-NUCLEAR-INSTRUMENTATION-2.2-01,SU08_detector_response_and_calibration,探测器响应与标定特性,F08_detector_response_and_calibration,existing_manual_applicability_to_function_family_v1,semantic_unit_v1_provisional
ANIMMA-NUCLEAR-INSTRUMENTATION-2.2-02,SU08_detector_response_and_calibration,探测器响应与标定特性,F08_detector_response_and_calibration,existing_manual_applicability_to_function_family_v1,semantic_unit_v1_provisional
ANIMMA-NUCLEAR-INSTRUMENTATION-2.2-02,SU09_gamma_and_mixed_field_context,伽马与混合辐射场影响,F09_gamma_and_mixed_field_context,existing_manual_applicability_to_function_family_v1,semantic_unit_v1_provisional
ANIMMA-NUCLEAR-INSTRUMENTATION-2.2-03,SU07_neutron_measurement_architecture,中子测量原理与仪表构型,F07_neutron_measurement_context,existing_manual_applicability_to_function_family_v1,semantic_unit_v1_provisional
ANIMMA-NUCLEAR-INSTRUMENTATION-2.2-03,SU09_gamma_and_mixed_field_context,伽马与混合辐射场影响,F09_gamma_and_mixed_field_context,existing_manual_applicability_to_function_family_v1,semantic_unit_v1_provisional
ANIMMA-NUCLEAR-INSTRUMENTATION-2.2-04,SU09_gamma_and_mixed_field_context,伽马与混合辐射场影响,F09_gamma_and_mixed_field_context,existing_manual_applicability_to_function_family_v1,semantic_unit_v1_provisional
ANIMMA-NUCLEAR-INSTRUMENTATION-2.2-04,SU10_signal_quality_and_monitoring_limit,通用信号质量与监测边界,F10_generic_signal_quality,existing_manual_applicability_to_function_family_v1,semantic_unit_v1_provisional
ANIMMA-NUCLEAR-INSTRUMENTATION-2.2-05,SU02_reference_and_temporal_pattern,参考基线与时间模式,F02_reference_and_temporal_pattern,existing_manual_applicability_to_function_family_v1,semantic_unit_v1_provisional
ANIMMA-NUCLEAR-INSTRUMENTATION-2.2-05,SU08_detector_response_and_calibration,探测器响应与标定特性,F08_detector_response_and_calibration,existing_manual_applicability_to_function_family_v1,semantic_unit_v1_provisional
ANIMMA-NUCLEAR-INSTRUMENTATION-2.2-06,SU04_signal_path_and_conditioning,信号传输链路与调理,F04_signal_path_and_conditioning,existing_manual_applicability_to_function_family_v1,semantic_unit_v1_provisional
ANIMMA-NUCLEAR-INSTRUMENTATION-2.2-06,SU10_signal_quality_and_monitoring_limit,通用信号质量与监测边界,F10_generic_signal_quality,existing_manual_applicability_to_function_family_v1,semantic_unit_v1_provisional
ANIMMA-NUCLEAR-INSTRUMENTATION-2.2-07,SU08_detector_response_and_calibration,探测器响应与标定特性,F08_detector_response_and_calibration,existing_manual_applicability_to_function_family_v1,semantic_unit_v1_provisional
ANIMMA-NUCLEAR-INSTRUMENTATION-2.2-07,SU09_gamma_and_mixed_field_context,伽马与混合辐射场影响,F09_gamma_and_mixed_field_context,existing_manual_applicability_to_function_family_v1,semantic_unit_v1_provisional
EPRI-DOE-1007549-01,SU06_operation_test_calibration_alignment,现场操作、测试与校准时间对齐,F06_test_and_calibration_alignment,existing_manual_applicability_to_function_family_v1,semantic_unit_v1_provisional
EPRI-DOE-1007549-01,SU10_signal_quality_and_monitoring_limit,通用信号质量与监测边界,F10_generic_signal_quality,existing_manual_applicability_to_function_family_v1,semantic_unit_v1_provisional
EPRI-DOE-1007549-02,SU01_observed_anomaly_qualification,观测异常与数据合格性,F01_observed_data_qualification,existing_manual_applicability_to_function_family_v1,semantic_unit_v1_provisional
EPRI-DOE-1007549-02,SU10_signal_quality_and_monitoring_limit,通用信号质量与监测边界,F10_generic_signal_quality,existing_manual_applicability_to_function_family_v1,semantic_unit_v1_provisional
EPRI-DOE-1007549-03,SU01_observed_anomaly_qualification,观测异常与数据合格性,F01_observed_data_qualification,existing_manual_applicability_to_function_family_v1,semantic_unit_v1_provisional
EPRI-DOE-1007549-03,SU06_operation_test_calibration_alignment,现场操作、测试与校准时间对齐,F06_test_and_calibration_alignment,existing_manual_applicability_to_function_family_v1,semantic_unit_v1_provisional
EPRI-DOE-1007549-04,SU01_observed_anomaly_qualification,观测异常与数据合格性,F01_observed_data_qualification,existing_manual_applicability_to_function_family_v1,semantic_unit_v1_provisional
EPRI-DOE-1007549-04,SU06_operation_test_calibration_alignment,现场操作、测试与校准时间对齐,F06_test_and_calibration_alignment,existing_manual_applicability_to_function_family_v1,semantic_unit_v1_provisional
EPRI-TR-104965-01,SU01_observed_anomaly_qualification,观测异常与数据合格性,F01_observed_data_qualification,existing_manual_applicability_to_function_family_v1,semantic_unit_v1_provisional
EPRI-TR-104965-01,SU05_cross_channel_comparison,可比通道与冗余测量比较,F05_cross_channel_consistency,existing_manual_applicability_to_function_family_v1,semantic_unit_v1_provisional
EPRI-TR-104965-02,SU01_observed_anomaly_qualification,观测异常与数据合格性,F01_observed_data_qualification,existing_manual_applicability_to_function_family_v1,semantic_unit_v1_provisional
EPRI-TR-104965-02,SU06_operation_test_calibration_alignment,现场操作、测试与校准时间对齐,F06_test_and_calibration_alignment,existing_manual_applicability_to_function_family_v1,semantic_unit_v1_provisional
EPRI-TR-104965-03,SU02_reference_and_temporal_pattern,参考基线与时间模式,F02_reference_and_temporal_pattern,existing_manual_applicability_to_function_family_v1,semantic_unit_v1_provisional
EPRI-TR-104965-03,SU05_cross_channel_comparison,可比通道与冗余测量比较,F05_cross_channel_consistency,existing_manual_applicability_to_function_family_v1,semantic_unit_v1_provisional
EPRI-TR-104965-04,SU06_operation_test_calibration_alignment,现场操作、测试与校准时间对齐,F06_test_and_calibration_alignment,existing_manual_applicability_to_function_family_v1,semantic_unit_v1_provisional
EPRI-TR-104965-04,SU10_signal_quality_and_monitoring_limit,通用信号质量与监测边界,F10_generic_signal_quality,existing_manual_applicability_to_function_family_v1,semantic_unit_v1_provisional
EPRI-TR-104965-05,SU02_reference_and_temporal_pattern,参考基线与时间模式,F02_reference_and_temporal_pattern,existing_manual_applicability_to_function_family_v1,semantic_unit_v1_provisional
EPRI-TR-104965-05,SU05_cross_channel_comparison,可比通道与冗余测量比较,F05_cross_channel_consistency,existing_manual_applicability_to_function_family_v1,semantic_unit_v1_provisional
EPRI-TR-104965-06,SU01_observed_anomaly_qualification,观测异常与数据合格性,F01_observed_data_qualification,existing_manual_applicability_to_function_family_v1,semantic_unit_v1_provisional
EPRI-TR-104965-06,SU05_cross_channel_comparison,可比通道与冗余测量比较,F05_cross_channel_consistency,existing_manual_applicability_to_function_family_v1,semantic_unit_v1_provisional
EPRI-TR-104965-06,SU10_signal_quality_and_monitoring_limit,通用信号质量与监测边界,F10_generic_signal_quality,existing_manual_applicability_to_function_family_v1,semantic_unit_v1_provisional
EPRI-TR-104965-07,SU01_observed_anomaly_qualification,观测异常与数据合格性,F01_observed_data_qualification,existing_manual_applicability_to_function_family_v1,semantic_unit_v1_provisional
EPRI-TR-104965-07,SU04_signal_path_and_conditioning,信号传输链路与调理,F04_signal_path_and_conditioning,existing_manual_applicability_to_function_family_v1,semantic_unit_v1_provisional
EPRI-TR-104965-08,SU01_observed_anomaly_qualification,观测异常与数据合格性,F01_observed_data_qualification,existing_manual_applicability_to_function_family_v1,semantic_unit_v1_provisional
EPRI-TR-104965-08,SU03_recording_timestamp_integrity,记录、采样与时间戳完整性,F03_acquisition_recording_integrity,existing_manual_applicability_to_function_family_v1,semantic_unit_v1_provisional
EPRI-TR-104965-09,SU01_observed_anomaly_qualification,观测异常与数据合格性,F01_observed_data_qualification,existing_manual_applicability_to_function_family_v1,semantic_unit_v1_provisional
EPRI-TR-104965-09,SU04_signal_path_and_conditioning,信号传输链路与调理,F04_signal_path_and_conditioning,existing_manual_applicability_to_function_family_v1,semantic_unit_v1_provisional
EPRI-TR-104965-10,SU02_reference_and_temporal_pattern,参考基线与时间模式,F02_reference_and_temporal_pattern,existing_manual_applicability_to_function_family_v1,semantic_unit_v1_provisional
EPRI-TR-104965-10,SU03_recording_timestamp_integrity,记录、采样与时间戳完整性,F03_acquisition_recording_integrity,existing_manual_applicability_to_function_family_v1,semantic_unit_v1_provisional
EPRI-TR-104965-10,SU10_signal_quality_and_monitoring_limit,通用信号质量与监测边界,F10_generic_signal_quality,existing_manual_applicability_to_function_family_v1,semantic_unit_v1_provisional
EPRI-TR-104965-11,SU01_observed_anomaly_qualification,观测异常与数据合格性,F01_observed_data_qualification,existing_manual_applicability_to_function_family_v1,semantic_unit_v1_provisional
EPRI-TR-104965-11,SU10_signal_quality_and_monitoring_limit,通用信号质量与监测边界,F10_generic_signal_quality,existing_manual_applicability_to_function_family_v1,semantic_unit_v1_provisional
EPRI-TR-104965-12,SU02_reference_and_temporal_pattern,参考基线与时间模式,F02_reference_and_temporal_pattern,existing_manual_applicability_to_function_family_v1,semantic_unit_v1_provisional
EPRI-TR-104965-12,SU05_cross_channel_comparison,可比通道与冗余测量比较,F05_cross_channel_consistency,existing_manual_applicability_to_function_family_v1,semantic_unit_v1_provisional
EPRI-TR-104965-12,SU10_signal_quality_and_monitoring_limit,通用信号质量与监测边界,F10_generic_signal_quality,existing_manual_applicability_to_function_family_v1,semantic_unit_v1_provisional
EPRI-TR-104965-13,SU04_signal_path_and_conditioning,信号传输链路与调理,F04_signal_path_and_conditioning,existing_manual_applicability_to_function_family_v1,semantic_unit_v1_provisional
EPRI-TR-104965-13,SU10_signal_quality_and_monitoring_limit,通用信号质量与监测边界,F10_generic_signal_quality,existing_manual_applicability_to_function_family_v1,semantic_unit_v1_provisional
EPRI-TR-104965-14,SU01_observed_anomaly_qualification,观测异常与数据合格性,F01_observed_data_qualification,existing_manual_applicability_to_function_family_v1,semantic_unit_v1_provisional
EPRI-TR-104965-14,SU06_operation_test_calibration_alignment,现场操作、测试与校准时间对齐,F06_test_and_calibration_alignment,existing_manual_applicability_to_function_family_v1,semantic_unit_v1_provisional
EPRI-TR-104965-15,SU01_observed_anomaly_qualification,观测异常与数据合格性,F01_observed_data_qualification,existing_manual_applicability_to_function_family_v1,semantic_unit_v1_provisional
EPRI-TR-104965-15,SU02_reference_and_temporal_pattern,参考基线与时间模式,F02_reference_and_temporal_pattern,existing_manual_applicability_to_function_family_v1,semantic_unit_v1_provisional
EPRI-TR-104965-16,SU02_reference_and_temporal_pattern,参考基线与时间模式,F02_reference_and_temporal_pattern,existing_manual_applicability_to_function_family_v1,semantic_unit_v1_provisional
EPRI-TR-104965-16,SU10_signal_quality_and_monitoring_limit,通用信号质量与监测边界,F10_generic_signal_quality,existing_manual_applicability_to_function_family_v1,semantic_unit_v1_provisional
EPRI-TR-104965-17,SU02_reference_and_temporal_pattern,参考基线与时间模式,F02_reference_and_temporal_pattern,existing_manual_applicability_to_function_family_v1,semantic_unit_v1_provisional
EPRI-TR-104965-17,SU10_signal_quality_and_monitoring_limit,通用信号质量与监测边界,F10_generic_signal_quality,existing_manual_applicability_to_function_family_v1,semantic_unit_v1_provisional
EPRI-TR-104965-18,SU01_observed_anomaly_qualification,观测异常与数据合格性,F01_observed_data_qualification,existing_manual_applicability_to_function_family_v1,semantic_unit_v1_provisional
EPRI-TR-104965-18,SU02_reference_and_temporal_pattern,参考基线与时间模式,F02_reference_and_temporal_pattern,existing_manual_applicability_to_function_family_v1,semantic_unit_v1_provisional
EPRI-TR-104965-2.3.3-01,SU05_cross_channel_comparison,可比通道与冗余测量比较,F05_cross_channel_consistency,existing_manual_applicability_to_function_family_v1,semantic_unit_v1_provisional
EPRI-TR-104965-2.3.4-01,SU04_signal_path_and_conditioning,信号传输链路与调理,F04_signal_path_and_conditioning,existing_manual_applicability_to_function_family_v1,semantic_unit_v1_provisional
HFIR-NEUTRON-NOISE-PATTERN-01,SU02_reference_and_temporal_pattern,参考基线与时间模式,F02_reference_and_temporal_pattern,existing_manual_applicability_to_function_family_v1,semantic_unit_v1_provisional
HFIR-NEUTRON-NOISE-PATTERN-02,SU02_reference_and_temporal_pattern,参考基线与时间模式,F02_reference_and_temporal_pattern,existing_manual_applicability_to_function_family_v1,semantic_unit_v1_provisional
HFIR-NEUTRON-NOISE-PATTERN-02,SU03_recording_timestamp_integrity,记录、采样与时间戳完整性,F03_acquisition_recording_integrity,existing_manual_applicability_to_function_family_v1,semantic_unit_v1_provisional
IAEA-ADVANCED-SURVEILLANCE-01,SU01_observed_anomaly_qualification,观测异常与数据合格性,F01_observed_data_qualification,existing_manual_applicability_to_function_family_v1,semantic_unit_v1_provisional
IAEA-ADVANCED-SURVEILLANCE-01,SU10_signal_quality_and_monitoring_limit,通用信号质量与监测边界,F10_generic_signal_quality,existing_manual_applicability_to_function_family_v1,semantic_unit_v1_provisional
IAEA-ADVANCED-SURVEILLANCE-02,SU02_reference_and_temporal_pattern,参考基线与时间模式,F02_reference_and_temporal_pattern,existing_manual_applicability_to_function_family_v1,semantic_unit_v1_provisional
IAEA-ADVANCED-SURVEILLANCE-02,SU07_neutron_measurement_architecture,中子测量原理与仪表构型,F07_neutron_measurement_context,existing_manual_applicability_to_function_family_v1,semantic_unit_v1_provisional
IAEA-ADVANCED-SURVEILLANCE-02,SU10_signal_quality_and_monitoring_limit,通用信号质量与监测边界,F10_generic_signal_quality,existing_manual_applicability_to_function_family_v1,semantic_unit_v1_provisional
IAEA-ADVANCED-SURVEILLANCE-03,SU02_reference_and_temporal_pattern,参考基线与时间模式,F02_reference_and_temporal_pattern,existing_manual_applicability_to_function_family_v1,semantic_unit_v1_provisional
IAEA-ADVANCED-SURVEILLANCE-03,SU04_signal_path_and_conditioning,信号传输链路与调理,F04_signal_path_and_conditioning,existing_manual_applicability_to_function_family_v1,semantic_unit_v1_provisional
IAEA-ADVANCED-SURVEILLANCE-03,SU10_signal_quality_and_monitoring_limit,通用信号质量与监测边界,F10_generic_signal_quality,existing_manual_applicability_to_function_family_v1,semantic_unit_v1_provisional
IAEA-ADVANCED-SURVEILLANCE-04,SU01_observed_anomaly_qualification,观测异常与数据合格性,F01_observed_data_qualification,existing_manual_applicability_to_function_family_v1,semantic_unit_v1_provisional
IAEA-ADVANCED-SURVEILLANCE-04,SU03_recording_timestamp_integrity,记录、采样与时间戳完整性,F03_acquisition_recording_integrity,existing_manual_applicability_to_function_family_v1,semantic_unit_v1_provisional
IAEA-ADVANCED-SURVEILLANCE-04,SU04_signal_path_and_conditioning,信号传输链路与调理,F04_signal_path_and_conditioning,existing_manual_applicability_to_function_family_v1,semantic_unit_v1_provisional
IAEA-ADVANCED-SURVEILLANCE-05,SU04_signal_path_and_conditioning,信号传输链路与调理,F04_signal_path_and_conditioning,existing_manual_applicability_to_function_family_v1,semantic_unit_v1_provisional
IAEA-ADVANCED-SURVEILLANCE-05,SU07_neutron_measurement_architecture,中子测量原理与仪表构型,F07_neutron_measurement_context,existing_manual_applicability_to_function_family_v1,semantic_unit_v1_provisional
IAEA-ADVANCED-SURVEILLANCE-05,SU08_detector_response_and_calibration,探测器响应与标定特性,F08_detector_response_and_calibration,existing_manual_applicability_to_function_family_v1,semantic_unit_v1_provisional
IAEA-ADVANCED-SURVEILLANCE-06,SU01_observed_anomaly_qualification,观测异常与数据合格性,F01_observed_data_qualification,existing_manual_applicability_to_function_family_v1,semantic_unit_v1_provisional
IAEA-ADVANCED-SURVEILLANCE-06,SU05_cross_channel_comparison,可比通道与冗余测量比较,F05_cross_channel_consistency,existing_manual_applicability_to_function_family_v1,semantic_unit_v1_provisional
IAEA-ADVANCED-SURVEILLANCE-06,SU10_signal_quality_and_monitoring_limit,通用信号质量与监测边界,F10_generic_signal_quality,existing_manual_applicability_to_function_family_v1,semantic_unit_v1_provisional
IAEA-ADVANCED-SURVEILLANCE-07,SU01_observed_anomaly_qualification,观测异常与数据合格性,F01_observed_data_qualification,existing_manual_applicability_to_function_family_v1,semantic_unit_v1_provisional
IAEA-ADVANCED-SURVEILLANCE-07,SU04_signal_path_and_conditioning,信号传输链路与调理,F04_signal_path_and_conditioning,existing_manual_applicability_to_function_family_v1,semantic_unit_v1_provisional
IAEA-ADVANCED-SURVEILLANCE-07,SU08_detector_response_and_calibration,探测器响应与标定特性,F08_detector_response_and_calibration,existing_manual_applicability_to_function_family_v1,semantic_unit_v1_provisional
IAEA-ADVANCED-SURVEILLANCE-08,SU01_observed_anomaly_qualification,观测异常与数据合格性,F01_observed_data_qualification,existing_manual_applicability_to_function_family_v1,semantic_unit_v1_provisional
IAEA-ADVANCED-SURVEILLANCE-08,SU02_reference_and_temporal_pattern,参考基线与时间模式,F02_reference_and_temporal_pattern,existing_manual_applicability_to_function_family_v1,semantic_unit_v1_provisional
IAEA-ADVANCED-SURVEILLANCE-08,SU10_signal_quality_and_monitoring_limit,通用信号质量与监测边界,F10_generic_signal_quality,existing_manual_applicability_to_function_family_v1,semantic_unit_v1_provisional
IAEA-DIGITAL-IC-MODERNIZATION-01,SU04_signal_path_and_conditioning,信号传输链路与调理,F04_signal_path_and_conditioning,existing_manual_applicability_to_function_family_v1,semantic_unit_v1_provisional
IAEA-DIGITAL-IC-MODERNIZATION-01,SU05_cross_channel_comparison,可比通道与冗余测量比较,F05_cross_channel_consistency,existing_manual_applicability_to_function_family_v1,semantic_unit_v1_provisional
IAEA-DIGITAL-IC-MODERNIZATION-01,SU10_signal_quality_and_monitoring_limit,通用信号质量与监测边界,F10_generic_signal_quality,existing_manual_applicability_to_function_family_v1,semantic_unit_v1_provisional
IAEA-DIGITAL-IC-MODERNIZATION-02,SU03_recording_timestamp_integrity,记录、采样与时间戳完整性,F03_acquisition_recording_integrity,existing_manual_applicability_to_function_family_v1,semantic_unit_v1_provisional
IAEA-DIGITAL-IC-MODERNIZATION-02,SU04_signal_path_and_conditioning,信号传输链路与调理,F04_signal_path_and_conditioning,existing_manual_applicability_to_function_family_v1,semantic_unit_v1_provisional
IAEA-DIGITAL-IC-MODERNIZATION-02,SU08_detector_response_and_calibration,探测器响应与标定特性,F08_detector_response_and_calibration,existing_manual_applicability_to_function_family_v1,semantic_unit_v1_provisional
IAEA-DIGITAL-IC-MODERNIZATION-03,SU04_signal_path_and_conditioning,信号传输链路与调理,F04_signal_path_and_conditioning,existing_manual_applicability_to_function_family_v1,semantic_unit_v1_provisional
IAEA-DIGITAL-IC-MODERNIZATION-03,SU07_neutron_measurement_architecture,中子测量原理与仪表构型,F07_neutron_measurement_context,existing_manual_applicability_to_function_family_v1,semantic_unit_v1_provisional
IAEA-DIGITAL-IC-MODERNIZATION-03,SU08_detector_response_and_calibration,探测器响应与标定特性,F08_detector_response_and_calibration,existing_manual_applicability_to_function_family_v1,semantic_unit_v1_provisional
IAEA-DIGITAL-IC-MODERNIZATION-04,SU01_observed_anomaly_qualification,观测异常与数据合格性,F01_observed_data_qualification,existing_manual_applicability_to_function_family_v1,semantic_unit_v1_provisional
IAEA-DIGITAL-IC-MODERNIZATION-04,SU02_reference_and_temporal_pattern,参考基线与时间模式,F02_reference_and_temporal_pattern,existing_manual_applicability_to_function_family_v1,semantic_unit_v1_provisional
IAEA-DIGITAL-IC-MODERNIZATION-04,SU04_signal_path_and_conditioning,信号传输链路与调理,F04_signal_path_and_conditioning,existing_manual_applicability_to_function_family_v1,semantic_unit_v1_provisional
IAEA-DIGITAL-IC-MODERNIZATION-05,SU01_observed_anomaly_qualification,观测异常与数据合格性,F01_observed_data_qualification,existing_manual_applicability_to_function_family_v1,semantic_unit_v1_provisional
IAEA-DIGITAL-IC-MODERNIZATION-05,SU03_recording_timestamp_integrity,记录、采样与时间戳完整性,F03_acquisition_recording_integrity,existing_manual_applicability_to_function_family_v1,semantic_unit_v1_provisional
IAEA-DIGITAL-IC-MODERNIZATION-05,SU08_detector_response_and_calibration,探测器响应与标定特性,F08_detector_response_and_calibration,existing_manual_applicability_to_function_family_v1,semantic_unit_v1_provisional
IAEA-DIGITAL-IC-MODERNIZATION-06,SU01_observed_anomaly_qualification,观测异常与数据合格性,F01_observed_data_qualification,existing_manual_applicability_to_function_family_v1,semantic_unit_v1_provisional
IAEA-DIGITAL-IC-MODERNIZATION-06,SU04_signal_path_and_conditioning,信号传输链路与调理,F04_signal_path_and_conditioning,existing_manual_applicability_to_function_family_v1,semantic_unit_v1_provisional
IAEA-DIGITAL-IC-MODERNIZATION-06,SU10_signal_quality_and_monitoring_limit,通用信号质量与监测边界,F10_generic_signal_quality,existing_manual_applicability_to_function_family_v1,semantic_unit_v1_provisional
IAEA-DIGITAL-TECH-PERFORMANCE-01,SU01_observed_anomaly_qualification,观测异常与数据合格性,F01_observed_data_qualification,existing_manual_applicability_to_function_family_v1,semantic_unit_v1_provisional
IAEA-DIGITAL-TECH-PERFORMANCE-01,SU10_signal_quality_and_monitoring_limit,通用信号质量与监测边界,F10_generic_signal_quality,existing_manual_applicability_to_function_family_v1,semantic_unit_v1_provisional
IAEA-DIGITAL-TECH-PERFORMANCE-02,SU02_reference_and_temporal_pattern,参考基线与时间模式,F02_reference_and_temporal_pattern,existing_manual_applicability_to_function_family_v1,semantic_unit_v1_provisional
IAEA-DIGITAL-TECH-PERFORMANCE-02,SU07_neutron_measurement_architecture,中子测量原理与仪表构型,F07_neutron_measurement_context,existing_manual_applicability_to_function_family_v1,semantic_unit_v1_provisional
IAEA-DIGITAL-TECH-PERFORMANCE-03,SU01_observed_anomaly_qualification,观测异常与数据合格性,F01_observed_data_qualification,existing_manual_applicability_to_function_family_v1,semantic_unit_v1_provisional
IAEA-DIGITAL-TECH-PERFORMANCE-03,SU04_signal_path_and_conditioning,信号传输链路与调理,F04_signal_path_and_conditioning,existing_manual_applicability_to_function_family_v1,semantic_unit_v1_provisional
IAEA-DIGITAL-TECH-PERFORMANCE-03,SU07_neutron_measurement_architecture,中子测量原理与仪表构型,F07_neutron_measurement_context,existing_manual_applicability_to_function_family_v1,semantic_unit_v1_provisional
IAEA-DIGITAL-TECH-PERFORMANCE-04,SU01_observed_anomaly_qualification,观测异常与数据合格性,F01_observed_data_qualification,existing_manual_applicability_to_function_family_v1,semantic_unit_v1_provisional
IAEA-DIGITAL-TECH-PERFORMANCE-04,SU04_signal_path_and_conditioning,信号传输链路与调理,F04_signal_path_and_conditioning,existing_manual_applicability_to_function_family_v1,semantic_unit_v1_provisional
IAEA-DIGITAL-TECH-PERFORMANCE-04,SU10_signal_quality_and_monitoring_limit,通用信号质量与监测边界,F10_generic_signal_quality,existing_manual_applicability_to_function_family_v1,semantic_unit_v1_provisional
IAEA-DIGITAL-TECH-PERFORMANCE-05,SU01_observed_anomaly_qualification,观测异常与数据合格性,F01_observed_data_qualification,existing_manual_applicability_to_function_family_v1,semantic_unit_v1_provisional
IAEA-DIGITAL-TECH-PERFORMANCE-05,SU02_reference_and_temporal_pattern,参考基线与时间模式,F02_reference_and_temporal_pattern,existing_manual_applicability_to_function_family_v1,semantic_unit_v1_provisional
IAEA-DIGITAL-TECH-PERFORMANCE-05,SU10_signal_quality_and_monitoring_limit,通用信号质量与监测边界,F10_generic_signal_quality,existing_manual_applicability_to_function_family_v1,semantic_unit_v1_provisional
IAEA-DIGITAL-TECH-PERFORMANCE-06,SU01_observed_anomaly_qualification,观测异常与数据合格性,F01_observed_data_qualification,existing_manual_applicability_to_function_family_v1,semantic_unit_v1_provisional
IAEA-DIGITAL-TECH-PERFORMANCE-06,SU02_reference_and_temporal_pattern,参考基线与时间模式,F02_reference_and_temporal_pattern,existing_manual_applicability_to_function_family_v1,semantic_unit_v1_provisional
IAEA-DIGITAL-TECH-PERFORMANCE-06,SU10_signal_quality_and_monitoring_limit,通用信号质量与监测边界,F10_generic_signal_quality,existing_manual_applicability_to_function_family_v1,semantic_unit_v1_provisional
IAEA-DIGITAL-TECH-PERFORMANCE-07,SU04_signal_path_and_conditioning,信号传输链路与调理,F04_signal_path_and_conditioning,existing_manual_applicability_to_function_family_v1,semantic_unit_v1_provisional
IAEA-DIGITAL-TECH-PERFORMANCE-07,SU07_neutron_measurement_architecture,中子测量原理与仪表构型,F07_neutron_measurement_context,existing_manual_applicability_to_function_family_v1,semantic_unit_v1_provisional
IAEA-DIGITAL-TECH-PERFORMANCE-07,SU10_signal_quality_and_monitoring_limit,通用信号质量与监测边界,F10_generic_signal_quality,existing_manual_applicability_to_function_family_v1,semantic_unit_v1_provisional
IAEA-MODERN-IC-GUIDEBOOK-01,SU03_recording_timestamp_integrity,记录、采样与时间戳完整性,F03_acquisition_recording_integrity,existing_manual_applicability_to_function_family_v1,semantic_unit_v1_provisional
IAEA-MODERN-IC-GUIDEBOOK-01,SU04_signal_path_and_conditioning,信号传输链路与调理,F04_signal_path_and_conditioning,existing_manual_applicability_to_function_family_v1,semantic_unit_v1_provisional
IAEA-MODERN-IC-GUIDEBOOK-01,SU10_signal_quality_and_monitoring_limit,通用信号质量与监测边界,F10_generic_signal_quality,existing_manual_applicability_to_function_family_v1,semantic_unit_v1_provisional
IAEA-MODERN-IC-GUIDEBOOK-02,SU02_reference_and_temporal_pattern,参考基线与时间模式,F02_reference_and_temporal_pattern,existing_manual_applicability_to_function_family_v1,semantic_unit_v1_provisional
IAEA-MODERN-IC-GUIDEBOOK-02,SU07_neutron_measurement_architecture,中子测量原理与仪表构型,F07_neutron_measurement_context,existing_manual_applicability_to_function_family_v1,semantic_unit_v1_provisional
IAEA-MODERN-IC-GUIDEBOOK-02,SU08_detector_response_and_calibration,探测器响应与标定特性,F08_detector_response_and_calibration,existing_manual_applicability_to_function_family_v1,semantic_unit_v1_provisional
IAEA-MODERN-IC-GUIDEBOOK-03,SU04_signal_path_and_conditioning,信号传输链路与调理,F04_signal_path_and_conditioning,existing_manual_applicability_to_function_family_v1,semantic_unit_v1_provisional
IAEA-MODERN-IC-GUIDEBOOK-03,SU05_cross_channel_comparison,可比通道与冗余测量比较,F05_cross_channel_consistency,existing_manual_applicability_to_function_family_v1,semantic_unit_v1_provisional
IAEA-MODERN-IC-GUIDEBOOK-03,SU07_neutron_measurement_architecture,中子测量原理与仪表构型,F07_neutron_measurement_context,existing_manual_applicability_to_function_family_v1,semantic_unit_v1_provisional
IAEA-MODERN-IC-GUIDEBOOK-04,SU06_operation_test_calibration_alignment,现场操作、测试与校准时间对齐,F06_test_and_calibration_alignment,existing_manual_applicability_to_function_family_v1,semantic_unit_v1_provisional
IAEA-MODERN-IC-GUIDEBOOK-04,SU07_neutron_measurement_architecture,中子测量原理与仪表构型,F07_neutron_measurement_context,existing_manual_applicability_to_function_family_v1,semantic_unit_v1_provisional
IAEA-MODERN-IC-GUIDEBOOK-04,SU08_detector_response_and_calibration,探测器响应与标定特性,F08_detector_response_and_calibration,existing_manual_applicability_to_function_family_v1,semantic_unit_v1_provisional
IAEA-MODERN-IC-GUIDEBOOK-05,SU07_neutron_measurement_architecture,中子测量原理与仪表构型,F07_neutron_measurement_context,existing_manual_applicability_to_function_family_v1,semantic_unit_v1_provisional
IAEA-MODERN-IC-GUIDEBOOK-05,SU08_detector_response_and_calibration,探测器响应与标定特性,F08_detector_response_and_calibration,existing_manual_applicability_to_function_family_v1,semantic_unit_v1_provisional
IAEA-MODERN-IC-GUIDEBOOK-05,SU10_signal_quality_and_monitoring_limit,通用信号质量与监测边界,F10_generic_signal_quality,existing_manual_applicability_to_function_family_v1,semantic_unit_v1_provisional
IAEA-MODERN-IC-GUIDEBOOK-06,SU05_cross_channel_comparison,可比通道与冗余测量比较,F05_cross_channel_consistency,existing_manual_applicability_to_function_family_v1,semantic_unit_v1_provisional
IAEA-MODERN-IC-GUIDEBOOK-06,SU06_operation_test_calibration_alignment,现场操作、测试与校准时间对齐,F06_test_and_calibration_alignment,existing_manual_applicability_to_function_family_v1,semantic_unit_v1_provisional
IAEA-MODERN-IC-GUIDEBOOK-07,SU02_reference_and_temporal_pattern,参考基线与时间模式,F02_reference_and_temporal_pattern,existing_manual_applicability_to_function_family_v1,semantic_unit_v1_provisional
IAEA-MODERN-IC-GUIDEBOOK-07,SU04_signal_path_and_conditioning,信号传输链路与调理,F04_signal_path_and_conditioning,existing_manual_applicability_to_function_family_v1,semantic_unit_v1_provisional
IAEA-MODERN-IC-GUIDEBOOK-07,SU07_neutron_measurement_architecture,中子测量原理与仪表构型,F07_neutron_measurement_context,existing_manual_applicability_to_function_family_v1,semantic_unit_v1_provisional
IAEA-MODERN-IC-GUIDEBOOK-08,SU04_signal_path_and_conditioning,信号传输链路与调理,F04_signal_path_and_conditioning,existing_manual_applicability_to_function_family_v1,semantic_unit_v1_provisional
IAEA-MODERN-IC-GUIDEBOOK-08,SU05_cross_channel_comparison,可比通道与冗余测量比较,F05_cross_channel_consistency,existing_manual_applicability_to_function_family_v1,semantic_unit_v1_provisional
IAEA-MODERN-IC-GUIDEBOOK-08,SU07_neutron_measurement_architecture,中子测量原理与仪表构型,F07_neutron_measurement_context,existing_manual_applicability_to_function_family_v1,semantic_unit_v1_provisional
IAEA-NP-T-1.1-4-01,SU01_observed_anomaly_qualification,观测异常与数据合格性,F01_observed_data_qualification,existing_manual_applicability_to_function_family_v1,semantic_unit_v1_provisional
IAEA-NP-T-1.1-4-01,SU02_reference_and_temporal_pattern,参考基线与时间模式,F02_reference_and_temporal_pattern,existing_manual_applicability_to_function_family_v1,semantic_unit_v1_provisional
IAEA-NP-T-1.1-4.1.1-01,SU03_recording_timestamp_integrity,记录、采样与时间戳完整性,F03_acquisition_recording_integrity,existing_manual_applicability_to_function_family_v1,semantic_unit_v1_provisional
IAEA-NP-T-1.1-4.1.1-01,SU05_cross_channel_comparison,可比通道与冗余测量比较,F05_cross_channel_consistency,existing_manual_applicability_to_function_family_v1,semantic_unit_v1_provisional
IAEA-NP-T-1.1-4.1.2-01,SU03_recording_timestamp_integrity,记录、采样与时间戳完整性,F03_acquisition_recording_integrity,existing_manual_applicability_to_function_family_v1,semantic_unit_v1_provisional
IAEA-NP-T-1.1-4.1.2-02,SU03_recording_timestamp_integrity,记录、采样与时间戳完整性,F03_acquisition_recording_integrity,existing_manual_applicability_to_function_family_v1,semantic_unit_v1_provisional
IAEA-NP-T-1.1-4.1.3-01,SU03_recording_timestamp_integrity,记录、采样与时间戳完整性,F03_acquisition_recording_integrity,existing_manual_applicability_to_function_family_v1,semantic_unit_v1_provisional
IAEA-NP-T-1.1-4.1.3-01,SU04_signal_path_and_conditioning,信号传输链路与调理,F04_signal_path_and_conditioning,existing_manual_applicability_to_function_family_v1,semantic_unit_v1_provisional
IAEA-NP-T-1.1-4.1.5-01,SU04_signal_path_and_conditioning,信号传输链路与调理,F04_signal_path_and_conditioning,existing_manual_applicability_to_function_family_v1,semantic_unit_v1_provisional
IAEA-NP-T-1.1-4.1.5-02,SU03_recording_timestamp_integrity,记录、采样与时间戳完整性,F03_acquisition_recording_integrity,existing_manual_applicability_to_function_family_v1,semantic_unit_v1_provisional
IAEA-NP-T-1.1-4.1.5-02,SU04_signal_path_and_conditioning,信号传输链路与调理,F04_signal_path_and_conditioning,existing_manual_applicability_to_function_family_v1,semantic_unit_v1_provisional
IAEA-NP-T-1.1-4.2.1-01,SU02_reference_and_temporal_pattern,参考基线与时间模式,F02_reference_and_temporal_pattern,existing_manual_applicability_to_function_family_v1,semantic_unit_v1_provisional
IAEA-NP-T-1.1-4.2.1-01,SU05_cross_channel_comparison,可比通道与冗余测量比较,F05_cross_channel_consistency,existing_manual_applicability_to_function_family_v1,semantic_unit_v1_provisional
IAEA-NP-T-1.1-4.2.2-01,SU06_operation_test_calibration_alignment,现场操作、测试与校准时间对齐,F06_test_and_calibration_alignment,existing_manual_applicability_to_function_family_v1,semantic_unit_v1_provisional
IAEA-NP-T-1.1-4.2.2-01,SU08_detector_response_and_calibration,探测器响应与标定特性,F08_detector_response_and_calibration,existing_manual_applicability_to_function_family_v1,semantic_unit_v1_provisional
IAEA-NP-T-1.1-4.2.4-01,SU01_observed_anomaly_qualification,观测异常与数据合格性,F01_observed_data_qualification,existing_manual_applicability_to_function_family_v1,semantic_unit_v1_provisional
IAEA-NP-T-1.1-4.2.4-01,SU04_signal_path_and_conditioning,信号传输链路与调理,F04_signal_path_and_conditioning,existing_manual_applicability_to_function_family_v1,semantic_unit_v1_provisional
IAEA-NP-T-1.1-5.1.1-01,SU01_observed_anomaly_qualification,观测异常与数据合格性,F01_observed_data_qualification,existing_manual_applicability_to_function_family_v1,semantic_unit_v1_provisional
IAEA-NP-T-1.1-5.1.1-02,SU02_reference_and_temporal_pattern,参考基线与时间模式,F02_reference_and_temporal_pattern,existing_manual_applicability_to_function_family_v1,semantic_unit_v1_provisional
IAEA-NP-T-1.1-5.1.1-02,SU03_recording_timestamp_integrity,记录、采样与时间戳完整性,F03_acquisition_recording_integrity,existing_manual_applicability_to_function_family_v1,semantic_unit_v1_provisional
IAEA-NP-T-3.12-2.4.1.1.8-01,SU07_neutron_measurement_architecture,中子测量原理与仪表构型,F07_neutron_measurement_context,existing_manual_applicability_to_function_family_v1,semantic_unit_v1_provisional
IAEA-NP-T-3.12-2.4.1.1.8-02,SU04_signal_path_and_conditioning,信号传输链路与调理,F04_signal_path_and_conditioning,existing_manual_applicability_to_function_family_v1,semantic_unit_v1_provisional
IAEA-NP-T-3.12-2.4.1.1.8-02,SU07_neutron_measurement_architecture,中子测量原理与仪表构型,F07_neutron_measurement_context,existing_manual_applicability_to_function_family_v1,semantic_unit_v1_provisional
IAEA-NP-T-3.12-2.4.1.1.8-02,SU09_gamma_and_mixed_field_context,伽马与混合辐射场影响,F09_gamma_and_mixed_field_context,existing_manual_applicability_to_function_family_v1,semantic_unit_v1_provisional
IAEA-NP-T-3.12-2.4.1.2.1-01,SU04_signal_path_and_conditioning,信号传输链路与调理,F04_signal_path_and_conditioning,existing_manual_applicability_to_function_family_v1,semantic_unit_v1_provisional
IAEA-NP-T-3.12-2.4.1.2.1-01,SU08_detector_response_and_calibration,探测器响应与标定特性,F08_detector_response_and_calibration,existing_manual_applicability_to_function_family_v1,semantic_unit_v1_provisional
IAEA-NP-T-3.12-2.4.1.2.2-01,SU04_signal_path_and_conditioning,信号传输链路与调理,F04_signal_path_and_conditioning,existing_manual_applicability_to_function_family_v1,semantic_unit_v1_provisional
IAEA-NP-T-3.12-2.4.1.2.2-01,SU06_operation_test_calibration_alignment,现场操作、测试与校准时间对齐,F06_test_and_calibration_alignment,existing_manual_applicability_to_function_family_v1,semantic_unit_v1_provisional
IAEA-NP-T-3.12-2.4.4.1-01,SU03_recording_timestamp_integrity,记录、采样与时间戳完整性,F03_acquisition_recording_integrity,existing_manual_applicability_to_function_family_v1,semantic_unit_v1_provisional
IAEA-NP-T-3.12-2.4.4.1-01,SU04_signal_path_and_conditioning,信号传输链路与调理,F04_signal_path_and_conditioning,existing_manual_applicability_to_function_family_v1,semantic_unit_v1_provisional
IAEA-NP-T-3.12-2.4.4.1-02,SU03_recording_timestamp_integrity,记录、采样与时间戳完整性,F03_acquisition_recording_integrity,existing_manual_applicability_to_function_family_v1,semantic_unit_v1_provisional
IAEA-NP-T-3.12-2.4.4.1-02,SU10_signal_quality_and_monitoring_limit,通用信号质量与监测边界,F10_generic_signal_quality,existing_manual_applicability_to_function_family_v1,semantic_unit_v1_provisional
IAEA-NP-T-3.12-2.4.4.1-03,SU03_recording_timestamp_integrity,记录、采样与时间戳完整性,F03_acquisition_recording_integrity,existing_manual_applicability_to_function_family_v1,semantic_unit_v1_provisional
IAEA-NP-T-3.12-2.4.4.1-03,SU04_signal_path_and_conditioning,信号传输链路与调理,F04_signal_path_and_conditioning,existing_manual_applicability_to_function_family_v1,semantic_unit_v1_provisional
IAEA-NP-T-3.14-3.4.2-01,SU01_observed_anomaly_qualification,观测异常与数据合格性,F01_observed_data_qualification,existing_manual_applicability_to_function_family_v1,semantic_unit_v1_provisional
IAEA-NP-T-3.14-3.4.3-01,SU01_observed_anomaly_qualification,观测异常与数据合格性,F01_observed_data_qualification,existing_manual_applicability_to_function_family_v1,semantic_unit_v1_provisional
IAEA-NP-T-3.14-3.4.3-01,SU02_reference_and_temporal_pattern,参考基线与时间模式,F02_reference_and_temporal_pattern,existing_manual_applicability_to_function_family_v1,semantic_unit_v1_provisional
IAEA-NP-T-3.14-3.4.5-01,SU03_recording_timestamp_integrity,记录、采样与时间戳完整性,F03_acquisition_recording_integrity,existing_manual_applicability_to_function_family_v1,semantic_unit_v1_provisional
IAEA-NP-T-3.14-3.4.5.2-01,SU03_recording_timestamp_integrity,记录、采样与时间戳完整性,F03_acquisition_recording_integrity,existing_manual_applicability_to_function_family_v1,semantic_unit_v1_provisional
IAEA-NP-T-3.14-3.4.5.2-01,SU04_signal_path_and_conditioning,信号传输链路与调理,F04_signal_path_and_conditioning,existing_manual_applicability_to_function_family_v1,semantic_unit_v1_provisional
IAEA-NP-T-3.14-3.4.5.3-01,SU01_observed_anomaly_qualification,观测异常与数据合格性,F01_observed_data_qualification,existing_manual_applicability_to_function_family_v1,semantic_unit_v1_provisional
IAEA-NP-T-3.14-3.4.5.3-01,SU02_reference_and_temporal_pattern,参考基线与时间模式,F02_reference_and_temporal_pattern,existing_manual_applicability_to_function_family_v1,semantic_unit_v1_provisional
IAEA-SSG-39-01,SU01_observed_anomaly_qualification,观测异常与数据合格性,F01_observed_data_qualification,existing_manual_applicability_to_function_family_v1,semantic_unit_v1_provisional
IAEA-SSG-39-01,SU10_signal_quality_and_monitoring_limit,通用信号质量与监测边界,F10_generic_signal_quality,existing_manual_applicability_to_function_family_v1,semantic_unit_v1_provisional
IAEA-SSG-39-02,SU01_observed_anomaly_qualification,观测异常与数据合格性,F01_observed_data_qualification,existing_manual_applicability_to_function_family_v1,semantic_unit_v1_provisional
IAEA-SSG-39-02,SU10_signal_quality_and_monitoring_limit,通用信号质量与监测边界,F10_generic_signal_quality,existing_manual_applicability_to_function_family_v1,semantic_unit_v1_provisional
IAEA-SSG-39-03,SU01_observed_anomaly_qualification,观测异常与数据合格性,F01_observed_data_qualification,existing_manual_applicability_to_function_family_v1,semantic_unit_v1_provisional
IAEA-SSG-39-03,SU04_signal_path_and_conditioning,信号传输链路与调理,F04_signal_path_and_conditioning,existing_manual_applicability_to_function_family_v1,semantic_unit_v1_provisional
IAEA-SSG-39-04,SU04_signal_path_and_conditioning,信号传输链路与调理,F04_signal_path_and_conditioning,existing_manual_applicability_to_function_family_v1,semantic_unit_v1_provisional
IAEA-SSG-39-04,SU05_cross_channel_comparison,可比通道与冗余测量比较,F05_cross_channel_consistency,existing_manual_applicability_to_function_family_v1,semantic_unit_v1_provisional
IAEA-SSG-39-05,SU01_observed_anomaly_qualification,观测异常与数据合格性,F01_observed_data_qualification,existing_manual_applicability_to_function_family_v1,semantic_unit_v1_provisional
IAEA-SSG-39-05,SU04_signal_path_and_conditioning,信号传输链路与调理,F04_signal_path_and_conditioning,existing_manual_applicability_to_function_family_v1,semantic_unit_v1_provisional
IAEA-SSG-39-05,SU06_operation_test_calibration_alignment,现场操作、测试与校准时间对齐,F06_test_and_calibration_alignment,existing_manual_applicability_to_function_family_v1,semantic_unit_v1_provisional
IAEA-SSG-70-01,SU06_operation_test_calibration_alignment,现场操作、测试与校准时间对齐,F06_test_and_calibration_alignment,existing_manual_applicability_to_function_family_v1,semantic_unit_v1_provisional
IAEA-SSG-70-01,SU10_signal_quality_and_monitoring_limit,通用信号质量与监测边界,F10_generic_signal_quality,existing_manual_applicability_to_function_family_v1,semantic_unit_v1_provisional
IAEA-SSG-70-02,SU01_observed_anomaly_qualification,观测异常与数据合格性,F01_observed_data_qualification,existing_manual_applicability_to_function_family_v1,semantic_unit_v1_provisional
IAEA-SSG-70-02,SU10_signal_quality_and_monitoring_limit,通用信号质量与监测边界,F10_generic_signal_quality,existing_manual_applicability_to_function_family_v1,semantic_unit_v1_provisional
IAEA-SSG-70-03,SU02_reference_and_temporal_pattern,参考基线与时间模式,F02_reference_and_temporal_pattern,existing_manual_applicability_to_function_family_v1,semantic_unit_v1_provisional
IAEA-SSG-70-03,SU10_signal_quality_and_monitoring_limit,通用信号质量与监测边界,F10_generic_signal_quality,existing_manual_applicability_to_function_family_v1,semantic_unit_v1_provisional
IAEA-SSG-70-04,SU07_neutron_measurement_architecture,中子测量原理与仪表构型,F07_neutron_measurement_context,existing_manual_applicability_to_function_family_v1,semantic_unit_v1_provisional
IAEA-SSG-70-04,SU10_signal_quality_and_monitoring_limit,通用信号质量与监测边界,F10_generic_signal_quality,existing_manual_applicability_to_function_family_v1,semantic_unit_v1_provisional
IAEA-SSG-70-05,SU01_observed_anomaly_qualification,观测异常与数据合格性,F01_observed_data_qualification,existing_manual_applicability_to_function_family_v1,semantic_unit_v1_provisional
IAEA-SSG-70-05,SU06_operation_test_calibration_alignment,现场操作、测试与校准时间对齐,F06_test_and_calibration_alignment,existing_manual_applicability_to_function_family_v1,semantic_unit_v1_provisional
IAEA-SSG-70-05,SU10_signal_quality_and_monitoring_limit,通用信号质量与监测边界,F10_generic_signal_quality,existing_manual_applicability_to_function_family_v1,semantic_unit_v1_provisional
IAEA-SSG-74-01,SU01_observed_anomaly_qualification,观测异常与数据合格性,F01_observed_data_qualification,existing_manual_applicability_to_function_family_v1,semantic_unit_v1_provisional
IAEA-SSG-74-01,SU06_operation_test_calibration_alignment,现场操作、测试与校准时间对齐,F06_test_and_calibration_alignment,existing_manual_applicability_to_function_family_v1,semantic_unit_v1_provisional
IAEA-SSG-74-02,SU01_observed_anomaly_qualification,观测异常与数据合格性,F01_observed_data_qualification,existing_manual_applicability_to_function_family_v1,semantic_unit_v1_provisional
IAEA-SSG-74-02,SU10_signal_quality_and_monitoring_limit,通用信号质量与监测边界,F10_generic_signal_quality,existing_manual_applicability_to_function_family_v1,semantic_unit_v1_provisional
IAEA-SSG-74-03,SU01_observed_anomaly_qualification,观测异常与数据合格性,F01_observed_data_qualification,existing_manual_applicability_to_function_family_v1,semantic_unit_v1_provisional
IAEA-SSG-74-03,SU10_signal_quality_and_monitoring_limit,通用信号质量与监测边界,F10_generic_signal_quality,existing_manual_applicability_to_function_family_v1,semantic_unit_v1_provisional
IAEA-SSG-74-04,SU04_signal_path_and_conditioning,信号传输链路与调理,F04_signal_path_and_conditioning,existing_manual_applicability_to_function_family_v1,semantic_unit_v1_provisional
IAEA-SSG-74-04,SU10_signal_quality_and_monitoring_limit,通用信号质量与监测边界,F10_generic_signal_quality,existing_manual_applicability_to_function_family_v1,semantic_unit_v1_provisional
IAEA-SSG-74-05,SU01_observed_anomaly_qualification,观测异常与数据合格性,F01_observed_data_qualification,existing_manual_applicability_to_function_family_v1,semantic_unit_v1_provisional
IAEA-SSG-74-05,SU02_reference_and_temporal_pattern,参考基线与时间模式,F02_reference_and_temporal_pattern,existing_manual_applicability_to_function_family_v1,semantic_unit_v1_provisional
IAEA-SSG-74-05,SU06_operation_test_calibration_alignment,现场操作、测试与校准时间对齐,F06_test_and_calibration_alignment,existing_manual_applicability_to_function_family_v1,semantic_unit_v1_provisional
IAEA-SSG-74-06,SU01_observed_anomaly_qualification,观测异常与数据合格性,F01_observed_data_qualification,existing_manual_applicability_to_function_family_v1,semantic_unit_v1_provisional
IAEA-SSG-74-06,SU02_reference_and_temporal_pattern,参考基线与时间模式,F02_reference_and_temporal_pattern,existing_manual_applicability_to_function_family_v1,semantic_unit_v1_provisional
IAEA-TECDOC-1830-2.1.2-01,SU03_recording_timestamp_integrity,记录、采样与时间戳完整性,F03_acquisition_recording_integrity,existing_manual_applicability_to_function_family_v1,semantic_unit_v1_provisional
IAEA-TECDOC-1830-2.1.2-01,SU04_signal_path_and_conditioning,信号传输链路与调理,F04_signal_path_and_conditioning,existing_manual_applicability_to_function_family_v1,semantic_unit_v1_provisional
IAEA-TECDOC-1830-2.2-01,SU01_observed_anomaly_qualification,观测异常与数据合格性,F01_observed_data_qualification,existing_manual_applicability_to_function_family_v1,semantic_unit_v1_provisional
IAEA-TECDOC-1830-2.2.1-01,SU01_observed_anomaly_qualification,观测异常与数据合格性,F01_observed_data_qualification,existing_manual_applicability_to_function_family_v1,semantic_unit_v1_provisional
IAEA-TECDOC-1830-2.2.1.1-01,SU03_recording_timestamp_integrity,记录、采样与时间戳完整性,F03_acquisition_recording_integrity,existing_manual_applicability_to_function_family_v1,semantic_unit_v1_provisional
IAEA-TECDOC-1830-2.2.1.2-01,SU01_observed_anomaly_qualification,观测异常与数据合格性,F01_observed_data_qualification,existing_manual_applicability_to_function_family_v1,semantic_unit_v1_provisional
IAEA-TECDOC-1830-2.2.1.3-01,SU01_observed_anomaly_qualification,观测异常与数据合格性,F01_observed_data_qualification,existing_manual_applicability_to_function_family_v1,semantic_unit_v1_provisional
IAEA-TECDOC-1830-2.2.1.3-01,SU06_operation_test_calibration_alignment,现场操作、测试与校准时间对齐,F06_test_and_calibration_alignment,existing_manual_applicability_to_function_family_v1,semantic_unit_v1_provisional
IAEA-TECDOC-1830-2.2.1.3-02,SU01_observed_anomaly_qualification,观测异常与数据合格性,F01_observed_data_qualification,existing_manual_applicability_to_function_family_v1,semantic_unit_v1_provisional
IAEA-TECDOC-1830-2.2.1.3-02,SU06_operation_test_calibration_alignment,现场操作、测试与校准时间对齐,F06_test_and_calibration_alignment,existing_manual_applicability_to_function_family_v1,semantic_unit_v1_provisional
IAEA-TECDOC-1830-2.2.1.4-01,SU01_observed_anomaly_qualification,观测异常与数据合格性,F01_observed_data_qualification,existing_manual_applicability_to_function_family_v1,semantic_unit_v1_provisional
IAEA-TECDOC-1830-2.2.1.4-01,SU05_cross_channel_comparison,可比通道与冗余测量比较,F05_cross_channel_consistency,existing_manual_applicability_to_function_family_v1,semantic_unit_v1_provisional
IAEA-TECDOC-1830-2.2.1.4-02,SU01_observed_anomaly_qualification,观测异常与数据合格性,F01_observed_data_qualification,existing_manual_applicability_to_function_family_v1,semantic_unit_v1_provisional
IAEA-TECDOC-1830-2.2.1.4-02,SU05_cross_channel_comparison,可比通道与冗余测量比较,F05_cross_channel_consistency,existing_manual_applicability_to_function_family_v1,semantic_unit_v1_provisional
IAEA-TECDOC-1830-2.2.2-01,SU01_observed_anomaly_qualification,观测异常与数据合格性,F01_observed_data_qualification,existing_manual_applicability_to_function_family_v1,semantic_unit_v1_provisional
IAEA-TECDOC-1830-2.2.2-01,SU10_signal_quality_and_monitoring_limit,通用信号质量与监测边界,F10_generic_signal_quality,existing_manual_applicability_to_function_family_v1,semantic_unit_v1_provisional
IAEA-TECDOC-1830-2.3.1-01,SU01_observed_anomaly_qualification,观测异常与数据合格性,F01_observed_data_qualification,existing_manual_applicability_to_function_family_v1,semantic_unit_v1_provisional
IAEA-TECDOC-1830-2.3.1-01,SU05_cross_channel_comparison,可比通道与冗余测量比较,F05_cross_channel_consistency,existing_manual_applicability_to_function_family_v1,semantic_unit_v1_provisional
IAEA-TECDOC-1830-2.3.1.2-01,SU05_cross_channel_comparison,可比通道与冗余测量比较,F05_cross_channel_consistency,existing_manual_applicability_to_function_family_v1,semantic_unit_v1_provisional
NRC-APRM-5.4.2.1-01,SU05_cross_channel_comparison,可比通道与冗余测量比较,F05_cross_channel_consistency,existing_manual_applicability_to_function_family_v1,semantic_unit_v1_provisional
NRC-APRM-5.4.2.2-01,SU05_cross_channel_comparison,可比通道与冗余测量比较,F05_cross_channel_consistency,existing_manual_applicability_to_function_family_v1,semantic_unit_v1_provisional
NRC-APRM-5.4.2.2-01,SU08_detector_response_and_calibration,探测器响应与标定特性,F08_detector_response_and_calibration,existing_manual_applicability_to_function_family_v1,semantic_unit_v1_provisional
NRC-APRM-5.4.2.3-01,SU01_observed_anomaly_qualification,观测异常与数据合格性,F01_observed_data_qualification,existing_manual_applicability_to_function_family_v1,semantic_unit_v1_provisional
NRC-APRM-5.4.2.3-01,SU05_cross_channel_comparison,可比通道与冗余测量比较,F05_cross_channel_consistency,existing_manual_applicability_to_function_family_v1,semantic_unit_v1_provisional
NRC-APRM-5.4.2.5.2-01,SU01_observed_anomaly_qualification,观测异常与数据合格性,F01_observed_data_qualification,existing_manual_applicability_to_function_family_v1,semantic_unit_v1_provisional
NRC-APRM-5.4.2.5.2-01,SU02_reference_and_temporal_pattern,参考基线与时间模式,F02_reference_and_temporal_pattern,existing_manual_applicability_to_function_family_v1,semantic_unit_v1_provisional
NRC-APRM-5.4.2.5.6-01,SU05_cross_channel_comparison,可比通道与冗余测量比较,F05_cross_channel_consistency,existing_manual_applicability_to_function_family_v1,semantic_unit_v1_provisional
NRC-CORSS-01,SU04_signal_path_and_conditioning,信号传输链路与调理,F04_signal_path_and_conditioning,existing_manual_applicability_to_function_family_v1,semantic_unit_v1_provisional
NRC-CORSS-01,SU07_neutron_measurement_architecture,中子测量原理与仪表构型,F07_neutron_measurement_context,existing_manual_applicability_to_function_family_v1,semantic_unit_v1_provisional
NRC-CORSS-02,SU01_observed_anomaly_qualification,观测异常与数据合格性,F01_observed_data_qualification,existing_manual_applicability_to_function_family_v1,semantic_unit_v1_provisional
NRC-CORSS-02,SU02_reference_and_temporal_pattern,参考基线与时间模式,F02_reference_and_temporal_pattern,existing_manual_applicability_to_function_family_v1,semantic_unit_v1_provisional
NRC-CORSS-03,SU02_reference_and_temporal_pattern,参考基线与时间模式,F02_reference_and_temporal_pattern,existing_manual_applicability_to_function_family_v1,semantic_unit_v1_provisional
NRC-CORSS-04,SU02_reference_and_temporal_pattern,参考基线与时间模式,F02_reference_and_temporal_pattern,existing_manual_applicability_to_function_family_v1,semantic_unit_v1_provisional
NRC-CORSS-04,SU03_recording_timestamp_integrity,记录、采样与时间戳完整性,F03_acquisition_recording_integrity,existing_manual_applicability_to_function_family_v1,semantic_unit_v1_provisional
NRC-CORSS-05,SU02_reference_and_temporal_pattern,参考基线与时间模式,F02_reference_and_temporal_pattern,existing_manual_applicability_to_function_family_v1,semantic_unit_v1_provisional
NRC-CORSS-06,SU01_observed_anomaly_qualification,观测异常与数据合格性,F01_observed_data_qualification,existing_manual_applicability_to_function_family_v1,semantic_unit_v1_provisional
NRC-CORSS-06,SU10_signal_quality_and_monitoring_limit,通用信号质量与监测边界,F10_generic_signal_quality,existing_manual_applicability_to_function_family_v1,semantic_unit_v1_provisional
NRC-CORSS-07,SU02_reference_and_temporal_pattern,参考基线与时间模式,F02_reference_and_temporal_pattern,existing_manual_applicability_to_function_family_v1,semantic_unit_v1_provisional
NRC-CORSS-07,SU03_recording_timestamp_integrity,记录、采样与时间戳完整性,F03_acquisition_recording_integrity,existing_manual_applicability_to_function_family_v1,semantic_unit_v1_provisional
NRC-CORSS-08,SU04_signal_path_and_conditioning,信号传输链路与调理,F04_signal_path_and_conditioning,existing_manual_applicability_to_function_family_v1,semantic_unit_v1_provisional
NRC-CORSS-08,SU05_cross_channel_comparison,可比通道与冗余测量比较,F05_cross_channel_consistency,existing_manual_applicability_to_function_family_v1,semantic_unit_v1_provisional
NRC-CORSS-09,SU03_recording_timestamp_integrity,记录、采样与时间戳完整性,F03_acquisition_recording_integrity,existing_manual_applicability_to_function_family_v1,semantic_unit_v1_provisional
NRC-CORSS-09,SU04_signal_path_and_conditioning,信号传输链路与调理,F04_signal_path_and_conditioning,existing_manual_applicability_to_function_family_v1,semantic_unit_v1_provisional
NRC-CORSS-10,SU02_reference_and_temporal_pattern,参考基线与时间模式,F02_reference_and_temporal_pattern,existing_manual_applicability_to_function_family_v1,semantic_unit_v1_provisional
NRC-CORSS-10,SU10_signal_quality_and_monitoring_limit,通用信号质量与监测边界,F10_generic_signal_quality,existing_manual_applicability_to_function_family_v1,semantic_unit_v1_provisional
NRC-CORSS-11,SU05_cross_channel_comparison,可比通道与冗余测量比较,F05_cross_channel_consistency,existing_manual_applicability_to_function_family_v1,semantic_unit_v1_provisional
NRC-CORSS-11,SU10_signal_quality_and_monitoring_limit,通用信号质量与监测边界,F10_generic_signal_quality,existing_manual_applicability_to_function_family_v1,semantic_unit_v1_provisional
NRC-CORSS-12,SU01_observed_anomaly_qualification,观测异常与数据合格性,F01_observed_data_qualification,existing_manual_applicability_to_function_family_v1,semantic_unit_v1_provisional
NRC-CORSS-12,SU02_reference_and_temporal_pattern,参考基线与时间模式,F02_reference_and_temporal_pattern,existing_manual_applicability_to_function_family_v1,semantic_unit_v1_provisional
NRC-GE-LPRM-01,SU04_signal_path_and_conditioning,信号传输链路与调理,F04_signal_path_and_conditioning,existing_manual_applicability_to_function_family_v1,semantic_unit_v1_provisional
NRC-GE-LPRM-01,SU07_neutron_measurement_architecture,中子测量原理与仪表构型,F07_neutron_measurement_context,existing_manual_applicability_to_function_family_v1,semantic_unit_v1_provisional
NRC-GE-LPRM-02,SU05_cross_channel_comparison,可比通道与冗余测量比较,F05_cross_channel_consistency,existing_manual_applicability_to_function_family_v1,semantic_unit_v1_provisional
NRC-GE-LPRM-02,SU07_neutron_measurement_architecture,中子测量原理与仪表构型,F07_neutron_measurement_context,existing_manual_applicability_to_function_family_v1,semantic_unit_v1_provisional
NRC-GE-LPRM-03,SU05_cross_channel_comparison,可比通道与冗余测量比较,F05_cross_channel_consistency,existing_manual_applicability_to_function_family_v1,semantic_unit_v1_provisional
NRC-GE-LPRM-03,SU07_neutron_measurement_architecture,中子测量原理与仪表构型,F07_neutron_measurement_context,existing_manual_applicability_to_function_family_v1,semantic_unit_v1_provisional
NRC-GE-LPRM-04,SU07_neutron_measurement_architecture,中子测量原理与仪表构型,F07_neutron_measurement_context,existing_manual_applicability_to_function_family_v1,semantic_unit_v1_provisional
NRC-GE-LPRM-04,SU09_gamma_and_mixed_field_context,伽马与混合辐射场影响,F09_gamma_and_mixed_field_context,existing_manual_applicability_to_function_family_v1,semantic_unit_v1_provisional
NRC-GE-LPRM-05,SU04_signal_path_and_conditioning,信号传输链路与调理,F04_signal_path_and_conditioning,existing_manual_applicability_to_function_family_v1,semantic_unit_v1_provisional
NRC-GE-LPRM-05,SU08_detector_response_and_calibration,探测器响应与标定特性,F08_detector_response_and_calibration,existing_manual_applicability_to_function_family_v1,semantic_unit_v1_provisional
NRC-GE-LPRM-05,SU09_gamma_and_mixed_field_context,伽马与混合辐射场影响,F09_gamma_and_mixed_field_context,existing_manual_applicability_to_function_family_v1,semantic_unit_v1_provisional
NRC-GE-LPRM-06,SU04_signal_path_and_conditioning,信号传输链路与调理,F04_signal_path_and_conditioning,existing_manual_applicability_to_function_family_v1,semantic_unit_v1_provisional
NRC-GE-LPRM-06,SU08_detector_response_and_calibration,探测器响应与标定特性,F08_detector_response_and_calibration,existing_manual_applicability_to_function_family_v1,semantic_unit_v1_provisional
NRC-GE-LPRM-07,SU01_observed_anomaly_qualification,观测异常与数据合格性,F01_observed_data_qualification,existing_manual_applicability_to_function_family_v1,semantic_unit_v1_provisional
NRC-GE-LPRM-07,SU04_signal_path_and_conditioning,信号传输链路与调理,F04_signal_path_and_conditioning,existing_manual_applicability_to_function_family_v1,semantic_unit_v1_provisional
NRC-GE-LPRM-07,SU06_operation_test_calibration_alignment,现场操作、测试与校准时间对齐,F06_test_and_calibration_alignment,existing_manual_applicability_to_function_family_v1,semantic_unit_v1_provisional
NRC-GE-LPRM-08,SU01_observed_anomaly_qualification,观测异常与数据合格性,F01_observed_data_qualification,existing_manual_applicability_to_function_family_v1,semantic_unit_v1_provisional
NRC-GE-LPRM-08,SU10_signal_quality_and_monitoring_limit,通用信号质量与监测边界,F10_generic_signal_quality,existing_manual_applicability_to_function_family_v1,semantic_unit_v1_provisional
NRC-GE-LPRM-09,SU05_cross_channel_comparison,可比通道与冗余测量比较,F05_cross_channel_consistency,existing_manual_applicability_to_function_family_v1,semantic_unit_v1_provisional
NRC-GE-LPRM-09,SU07_neutron_measurement_architecture,中子测量原理与仪表构型,F07_neutron_measurement_context,existing_manual_applicability_to_function_family_v1,semantic_unit_v1_provisional
NRC-GE-LPRM-10,SU06_operation_test_calibration_alignment,现场操作、测试与校准时间对齐,F06_test_and_calibration_alignment,existing_manual_applicability_to_function_family_v1,semantic_unit_v1_provisional
NRC-GE-LPRM-10,SU08_detector_response_and_calibration,探测器响应与标定特性,F08_detector_response_and_calibration,existing_manual_applicability_to_function_family_v1,semantic_unit_v1_provisional
NRC-GE-LPRM-11,SU04_signal_path_and_conditioning,信号传输链路与调理,F04_signal_path_and_conditioning,existing_manual_applicability_to_function_family_v1,semantic_unit_v1_provisional
NRC-GE-LPRM-12,SU07_neutron_measurement_architecture,中子测量原理与仪表构型,F07_neutron_measurement_context,existing_manual_applicability_to_function_family_v1,semantic_unit_v1_provisional
NRC-GE-LPRM-12,SU09_gamma_and_mixed_field_context,伽马与混合辐射场影响,F09_gamma_and_mixed_field_context,existing_manual_applicability_to_function_family_v1,semantic_unit_v1_provisional
NRC-HRTD-9.1-9.1.2.2-01,SU04_signal_path_and_conditioning,信号传输链路与调理,F04_signal_path_and_conditioning,existing_manual_applicability_to_function_family_v1,semantic_unit_v1_provisional
NRC-HRTD-9.1-9.1.2.2-01,SU09_gamma_and_mixed_field_context,伽马与混合辐射场影响,F09_gamma_and_mixed_field_context,existing_manual_applicability_to_function_family_v1,semantic_unit_v1_provisional
NRC-HRTD-9.1-9.1.2.3-01,SU07_neutron_measurement_architecture,中子测量原理与仪表构型,F07_neutron_measurement_context,existing_manual_applicability_to_function_family_v1,semantic_unit_v1_provisional
NRC-HRTD-9.1-9.1.2.3-01,SU08_detector_response_and_calibration,探测器响应与标定特性,F08_detector_response_and_calibration,existing_manual_applicability_to_function_family_v1,semantic_unit_v1_provisional
NRC-HRTD-9.1-9.1.2.4-01,SU05_cross_channel_comparison,可比通道与冗余测量比较,F05_cross_channel_consistency,existing_manual_applicability_to_function_family_v1,semantic_unit_v1_provisional
NRC-HRTD-9.1-9.1.2.4-01,SU06_operation_test_calibration_alignment,现场操作、测试与校准时间对齐,F06_test_and_calibration_alignment,existing_manual_applicability_to_function_family_v1,semantic_unit_v1_provisional
NRC-HRTD-9.1-9.1.3.1-01,SU04_signal_path_and_conditioning,信号传输链路与调理,F04_signal_path_and_conditioning,existing_manual_applicability_to_function_family_v1,semantic_unit_v1_provisional
NRC-HRTD-9.1-9.1.3.1-01,SU06_operation_test_calibration_alignment,现场操作、测试与校准时间对齐,F06_test_and_calibration_alignment,existing_manual_applicability_to_function_family_v1,semantic_unit_v1_provisional
NRC-HRTD-9.1-9.1.3.1-02,SU04_signal_path_and_conditioning,信号传输链路与调理,F04_signal_path_and_conditioning,existing_manual_applicability_to_function_family_v1,semantic_unit_v1_provisional
NRC-HRTD-9.1-9.1.3.1-02,SU09_gamma_and_mixed_field_context,伽马与混合辐射场影响,F09_gamma_and_mixed_field_context,existing_manual_applicability_to_function_family_v1,semantic_unit_v1_provisional
NRC-HRTD-9.1-9.1.3.1-03,SU04_signal_path_and_conditioning,信号传输链路与调理,F04_signal_path_and_conditioning,existing_manual_applicability_to_function_family_v1,semantic_unit_v1_provisional
NRC-HRTD-9.1-9.1.3.1-03,SU06_operation_test_calibration_alignment,现场操作、测试与校准时间对齐,F06_test_and_calibration_alignment,existing_manual_applicability_to_function_family_v1,semantic_unit_v1_provisional
NRC-HRTD-9.1-9.1.3.2-01,SU04_signal_path_and_conditioning,信号传输链路与调理,F04_signal_path_and_conditioning,existing_manual_applicability_to_function_family_v1,semantic_unit_v1_provisional
NRC-HRTD-9.1-9.1.3.2-01,SU09_gamma_and_mixed_field_context,伽马与混合辐射场影响,F09_gamma_and_mixed_field_context,existing_manual_applicability_to_function_family_v1,semantic_unit_v1_provisional
NRC-HRTD-9.1-9.1.3.2-02,SU04_signal_path_and_conditioning,信号传输链路与调理,F04_signal_path_and_conditioning,existing_manual_applicability_to_function_family_v1,semantic_unit_v1_provisional
NRC-HRTD-9.1-9.1.3.2-02,SU06_operation_test_calibration_alignment,现场操作、测试与校准时间对齐,F06_test_and_calibration_alignment,existing_manual_applicability_to_function_family_v1,semantic_unit_v1_provisional
NRC-HRTD-9.1-9.1.3.3-01,SU04_signal_path_and_conditioning,信号传输链路与调理,F04_signal_path_and_conditioning,existing_manual_applicability_to_function_family_v1,semantic_unit_v1_provisional
NRC-HRTD-9.1-9.1.3.3-02,SU04_signal_path_and_conditioning,信号传输链路与调理,F04_signal_path_and_conditioning,existing_manual_applicability_to_function_family_v1,semantic_unit_v1_provisional
NRC-HRTD-9.1-9.1.3.3-02,SU05_cross_channel_comparison,可比通道与冗余测量比较,F05_cross_channel_consistency,existing_manual_applicability_to_function_family_v1,semantic_unit_v1_provisional
NRC-HRTD-9.1-9.1.3.3-03,SU02_reference_and_temporal_pattern,参考基线与时间模式,F02_reference_and_temporal_pattern,existing_manual_applicability_to_function_family_v1,semantic_unit_v1_provisional
NRC-HRTD-9.1-9.1.3.3-03,SU08_detector_response_and_calibration,探测器响应与标定特性,F08_detector_response_and_calibration,existing_manual_applicability_to_function_family_v1,semantic_unit_v1_provisional
NRC-IC-EMERGING-TECH-01,SU01_observed_anomaly_qualification,观测异常与数据合格性,F01_observed_data_qualification,existing_manual_applicability_to_function_family_v1,semantic_unit_v1_provisional
NRC-IC-EMERGING-TECH-01,SU04_signal_path_and_conditioning,信号传输链路与调理,F04_signal_path_and_conditioning,existing_manual_applicability_to_function_family_v1,semantic_unit_v1_provisional
NRC-IC-EMERGING-TECH-01,SU07_neutron_measurement_architecture,中子测量原理与仪表构型,F07_neutron_measurement_context,existing_manual_applicability_to_function_family_v1,semantic_unit_v1_provisional
NRC-IC-EMERGING-TECH-02,SU01_observed_anomaly_qualification,观测异常与数据合格性,F01_observed_data_qualification,existing_manual_applicability_to_function_family_v1,semantic_unit_v1_provisional
NRC-IC-EMERGING-TECH-02,SU02_reference_and_temporal_pattern,参考基线与时间模式,F02_reference_and_temporal_pattern,existing_manual_applicability_to_function_family_v1,semantic_unit_v1_provisional
NRC-IC-EMERGING-TECH-02,SU10_signal_quality_and_monitoring_limit,通用信号质量与监测边界,F10_generic_signal_quality,existing_manual_applicability_to_function_family_v1,semantic_unit_v1_provisional
NRC-IC-EMERGING-TECH-03,SU01_observed_anomaly_qualification,观测异常与数据合格性,F01_observed_data_qualification,existing_manual_applicability_to_function_family_v1,semantic_unit_v1_provisional
NRC-IC-EMERGING-TECH-03,SU02_reference_and_temporal_pattern,参考基线与时间模式,F02_reference_and_temporal_pattern,existing_manual_applicability_to_function_family_v1,semantic_unit_v1_provisional
NRC-IC-EMERGING-TECH-03,SU10_signal_quality_and_monitoring_limit,通用信号质量与监测边界,F10_generic_signal_quality,existing_manual_applicability_to_function_family_v1,semantic_unit_v1_provisional
NRC-IC-EMERGING-TECH-04,SU02_reference_and_temporal_pattern,参考基线与时间模式,F02_reference_and_temporal_pattern,existing_manual_applicability_to_function_family_v1,semantic_unit_v1_provisional
NRC-IC-EMERGING-TECH-04,SU03_recording_timestamp_integrity,记录、采样与时间戳完整性,F03_acquisition_recording_integrity,existing_manual_applicability_to_function_family_v1,semantic_unit_v1_provisional
NRC-IC-EMERGING-TECH-05,SU02_reference_and_temporal_pattern,参考基线与时间模式,F02_reference_and_temporal_pattern,existing_manual_applicability_to_function_family_v1,semantic_unit_v1_provisional
NRC-IC-EMERGING-TECH-05,SU03_recording_timestamp_integrity,记录、采样与时间戳完整性,F03_acquisition_recording_integrity,existing_manual_applicability_to_function_family_v1,semantic_unit_v1_provisional
NRC-IC-EMERGING-TECH-06,SU05_cross_channel_comparison,可比通道与冗余测量比较,F05_cross_channel_consistency,existing_manual_applicability_to_function_family_v1,semantic_unit_v1_provisional
NRC-IC-EMERGING-TECH-06,SU10_signal_quality_and_monitoring_limit,通用信号质量与监测边界,F10_generic_signal_quality,existing_manual_applicability_to_function_family_v1,semantic_unit_v1_provisional
NRC-IC-EMERGING-TECH-07,SU05_cross_channel_comparison,可比通道与冗余测量比较,F05_cross_channel_consistency,existing_manual_applicability_to_function_family_v1,semantic_unit_v1_provisional
NRC-IC-EMERGING-TECH-07,SU06_operation_test_calibration_alignment,现场操作、测试与校准时间对齐,F06_test_and_calibration_alignment,existing_manual_applicability_to_function_family_v1,semantic_unit_v1_provisional
NRC-IC-EMERGING-TECH-07,SU08_detector_response_and_calibration,探测器响应与标定特性,F08_detector_response_and_calibration,existing_manual_applicability_to_function_family_v1,semantic_unit_v1_provisional
NRC-IC-EMERGING-TECH-08,SU01_observed_anomaly_qualification,观测异常与数据合格性,F01_observed_data_qualification,existing_manual_applicability_to_function_family_v1,semantic_unit_v1_provisional
NRC-IC-EMERGING-TECH-08,SU04_signal_path_and_conditioning,信号传输链路与调理,F04_signal_path_and_conditioning,existing_manual_applicability_to_function_family_v1,semantic_unit_v1_provisional
NRC-IC-EMERGING-TECH-08,SU10_signal_quality_and_monitoring_limit,通用信号质量与监测边界,F10_generic_signal_quality,existing_manual_applicability_to_function_family_v1,semantic_unit_v1_provisional
NRC-LWR-NOISE-1983-01,SU02_reference_and_temporal_pattern,参考基线与时间模式,F02_reference_and_temporal_pattern,existing_manual_applicability_to_function_family_v1,semantic_unit_v1_provisional
NRC-LWR-NOISE-1983-01,SU07_neutron_measurement_architecture,中子测量原理与仪表构型,F07_neutron_measurement_context,existing_manual_applicability_to_function_family_v1,semantic_unit_v1_provisional
NRC-LWR-NOISE-1983-02,SU04_signal_path_and_conditioning,信号传输链路与调理,F04_signal_path_and_conditioning,existing_manual_applicability_to_function_family_v1,semantic_unit_v1_provisional
NRC-LWR-NOISE-1983-02,SU05_cross_channel_comparison,可比通道与冗余测量比较,F05_cross_channel_consistency,existing_manual_applicability_to_function_family_v1,semantic_unit_v1_provisional
NRC-LWR-NOISE-1983-03,SU01_observed_anomaly_qualification,观测异常与数据合格性,F01_observed_data_qualification,existing_manual_applicability_to_function_family_v1,semantic_unit_v1_provisional
NRC-LWR-NOISE-1983-03,SU10_signal_quality_and_monitoring_limit,通用信号质量与监测边界,F10_generic_signal_quality,existing_manual_applicability_to_function_family_v1,semantic_unit_v1_provisional
NRC-LWR-NOISE-1983-04,SU03_recording_timestamp_integrity,记录、采样与时间戳完整性,F03_acquisition_recording_integrity,existing_manual_applicability_to_function_family_v1,semantic_unit_v1_provisional
NRC-LWR-NOISE-1983-04,SU05_cross_channel_comparison,可比通道与冗余测量比较,F05_cross_channel_consistency,existing_manual_applicability_to_function_family_v1,semantic_unit_v1_provisional
NRC-ORNL-NOISE-DIAGNOSTICS-01,SU04_signal_path_and_conditioning,信号传输链路与调理,F04_signal_path_and_conditioning,existing_manual_applicability_to_function_family_v1,semantic_unit_v1_provisional
NRC-ORNL-NOISE-DIAGNOSTICS-01,SU05_cross_channel_comparison,可比通道与冗余测量比较,F05_cross_channel_consistency,existing_manual_applicability_to_function_family_v1,semantic_unit_v1_provisional
NRC-ORNL-NOISE-DIAGNOSTICS-02,SU01_observed_anomaly_qualification,观测异常与数据合格性,F01_observed_data_qualification,existing_manual_applicability_to_function_family_v1,semantic_unit_v1_provisional
NRC-ORNL-NOISE-DIAGNOSTICS-02,SU04_signal_path_and_conditioning,信号传输链路与调理,F04_signal_path_and_conditioning,existing_manual_applicability_to_function_family_v1,semantic_unit_v1_provisional
NRC-ORNL-NOISE-DIAGNOSTICS-03,SU02_reference_and_temporal_pattern,参考基线与时间模式,F02_reference_and_temporal_pattern,existing_manual_applicability_to_function_family_v1,semantic_unit_v1_provisional
NRC-ORNL-NOISE-DIAGNOSTICS-04,SU02_reference_and_temporal_pattern,参考基线与时间模式,F02_reference_and_temporal_pattern,existing_manual_applicability_to_function_family_v1,semantic_unit_v1_provisional
NRC-ORNL-NOISE-DIAGNOSTICS-04,SU10_signal_quality_and_monitoring_limit,通用信号质量与监测边界,F10_generic_signal_quality,existing_manual_applicability_to_function_family_v1,semantic_unit_v1_provisional
NRC-ORNL-NOISE-DIAGNOSTICS-05,SU02_reference_and_temporal_pattern,参考基线与时间模式,F02_reference_and_temporal_pattern,existing_manual_applicability_to_function_family_v1,semantic_unit_v1_provisional
NRC-ORNL-NOISE-DIAGNOSTICS-05,SU03_recording_timestamp_integrity,记录、采样与时间戳完整性,F03_acquisition_recording_integrity,existing_manual_applicability_to_function_family_v1,semantic_unit_v1_provisional
NRC-ORNL-NOISE-DIAGNOSTICS-06,SU07_neutron_measurement_architecture,中子测量原理与仪表构型,F07_neutron_measurement_context,existing_manual_applicability_to_function_family_v1,semantic_unit_v1_provisional
NRC-ORNL-NOISE-DIAGNOSTICS-06,SU10_signal_quality_and_monitoring_limit,通用信号质量与监测边界,F10_generic_signal_quality,existing_manual_applicability_to_function_family_v1,semantic_unit_v1_provisional
NRC-ORNL-NOISE-DIAGNOSTICS-07,SU02_reference_and_temporal_pattern,参考基线与时间模式,F02_reference_and_temporal_pattern,existing_manual_applicability_to_function_family_v1,semantic_unit_v1_provisional
NRC-ORNL-NOISE-DIAGNOSTICS-07,SU07_neutron_measurement_architecture,中子测量原理与仪表构型,F07_neutron_measurement_context,existing_manual_applicability_to_function_family_v1,semantic_unit_v1_provisional
NRC-ORNL-NOISE-DIAGNOSTICS-08,SU02_reference_and_temporal_pattern,参考基线与时间模式,F02_reference_and_temporal_pattern,existing_manual_applicability_to_function_family_v1,semantic_unit_v1_provisional
NRC-ORNL-NOISE-DIAGNOSTICS-08,SU10_signal_quality_and_monitoring_limit,通用信号质量与监测边界,F10_generic_signal_quality,existing_manual_applicability_to_function_family_v1,semantic_unit_v1_provisional
NRC-WESTINGHOUSE-INCORE-01,SU04_signal_path_and_conditioning,信号传输链路与调理,F04_signal_path_and_conditioning,existing_manual_applicability_to_function_family_v1,semantic_unit_v1_provisional
NRC-WESTINGHOUSE-INCORE-01,SU07_neutron_measurement_architecture,中子测量原理与仪表构型,F07_neutron_measurement_context,existing_manual_applicability_to_function_family_v1,semantic_unit_v1_provisional
NRC-WESTINGHOUSE-INCORE-02,SU07_neutron_measurement_architecture,中子测量原理与仪表构型,F07_neutron_measurement_context,existing_manual_applicability_to_function_family_v1,semantic_unit_v1_provisional
NRC-WESTINGHOUSE-INCORE-02,SU08_detector_response_and_calibration,探测器响应与标定特性,F08_detector_response_and_calibration,existing_manual_applicability_to_function_family_v1,semantic_unit_v1_provisional
NRC-WESTINGHOUSE-INCORE-03,SU05_cross_channel_comparison,可比通道与冗余测量比较,F05_cross_channel_consistency,existing_manual_applicability_to_function_family_v1,semantic_unit_v1_provisional
NRC-WESTINGHOUSE-INCORE-03,SU10_signal_quality_and_monitoring_limit,通用信号质量与监测边界,F10_generic_signal_quality,existing_manual_applicability_to_function_family_v1,semantic_unit_v1_provisional
NRC-WESTINGHOUSE-INCORE-04,SU07_neutron_measurement_architecture,中子测量原理与仪表构型,F07_neutron_measurement_context,existing_manual_applicability_to_function_family_v1,semantic_unit_v1_provisional
NRC-WESTINGHOUSE-INCORE-04,SU08_detector_response_and_calibration,探测器响应与标定特性,F08_detector_response_and_calibration,existing_manual_applicability_to_function_family_v1,semantic_unit_v1_provisional
NRC-WESTINGHOUSE-INCORE-05,SU04_signal_path_and_conditioning,信号传输链路与调理,F04_signal_path_and_conditioning,existing_manual_applicability_to_function_family_v1,semantic_unit_v1_provisional
NRC-WESTINGHOUSE-INCORE-05,SU08_detector_response_and_calibration,探测器响应与标定特性,F08_detector_response_and_calibration,existing_manual_applicability_to_function_family_v1,semantic_unit_v1_provisional
NRC-WESTINGHOUSE-INCORE-06,SU04_signal_path_and_conditioning,信号传输链路与调理,F04_signal_path_and_conditioning,existing_manual_applicability_to_function_family_v1,semantic_unit_v1_provisional
NRC-WESTINGHOUSE-INCORE-06,SU07_neutron_measurement_architecture,中子测量原理与仪表构型,F07_neutron_measurement_context,existing_manual_applicability_to_function_family_v1,semantic_unit_v1_provisional
NRC-WESTINGHOUSE-INCORE-07,SU02_reference_and_temporal_pattern,参考基线与时间模式,F02_reference_and_temporal_pattern,existing_manual_applicability_to_function_family_v1,semantic_unit_v1_provisional
NRC-WESTINGHOUSE-INCORE-07,SU05_cross_channel_comparison,可比通道与冗余测量比较,F05_cross_channel_consistency,existing_manual_applicability_to_function_family_v1,semantic_unit_v1_provisional
NRC-WESTINGHOUSE-INCORE-07,SU10_signal_quality_and_monitoring_limit,通用信号质量与监测边界,F10_generic_signal_quality,existing_manual_applicability_to_function_family_v1,semantic_unit_v1_provisional
NRC-WESTINGHOUSE-INCORE-08,SU04_signal_path_and_conditioning,信号传输链路与调理,F04_signal_path_and_conditioning,existing_manual_applicability_to_function_family_v1,semantic_unit_v1_provisional
NRC-WESTINGHOUSE-INCORE-08,SU09_gamma_and_mixed_field_context,伽马与混合辐射场影响,F09_gamma_and_mixed_field_context,existing_manual_applicability_to_function_family_v1,semantic_unit_v1_provisional
NRC-WESTINGHOUSE-INCORE-09,SU01_observed_anomaly_qualification,观测异常与数据合格性,F01_observed_data_qualification,existing_manual_applicability_to_function_family_v1,semantic_unit_v1_provisional
NRC-WESTINGHOUSE-INCORE-09,SU04_signal_path_and_conditioning,信号传输链路与调理,F04_signal_path_and_conditioning,existing_manual_applicability_to_function_family_v1,semantic_unit_v1_provisional
NRC-WESTINGHOUSE-INCORE-10,SU04_signal_path_and_conditioning,信号传输链路与调理,F04_signal_path_and_conditioning,existing_manual_applicability_to_function_family_v1,semantic_unit_v1_provisional
NRC-WESTINGHOUSE-INCORE-10,SU10_signal_quality_and_monitoring_limit,通用信号质量与监测边界,F10_generic_signal_quality,existing_manual_applicability_to_function_family_v1,semantic_unit_v1_provisional
NRC-WESTINGHOUSE-INCORE-11,SU05_cross_channel_comparison,可比通道与冗余测量比较,F05_cross_channel_consistency,existing_manual_applicability_to_function_family_v1,semantic_unit_v1_provisional
NRC-WESTINGHOUSE-INCORE-11,SU08_detector_response_and_calibration,探测器响应与标定特性,F08_detector_response_and_calibration,existing_manual_applicability_to_function_family_v1,semantic_unit_v1_provisional
NRC-WESTINGHOUSE-INCORE-12,SU03_recording_timestamp_integrity,记录、采样与时间戳完整性,F03_acquisition_recording_integrity,existing_manual_applicability_to_function_family_v1,semantic_unit_v1_provisional
NRC-WESTINGHOUSE-INCORE-12,SU07_neutron_measurement_architecture,中子测量原理与仪表构型,F07_neutron_measurement_context,existing_manual_applicability_to_function_family_v1,semantic_unit_v1_provisional
NRC-WESTINGHOUSE-INCORE-13,SU05_cross_channel_comparison,可比通道与冗余测量比较,F05_cross_channel_consistency,existing_manual_applicability_to_function_family_v1,semantic_unit_v1_provisional
NRC-WESTINGHOUSE-INCORE-13,SU08_detector_response_and_calibration,探测器响应与标定特性,F08_detector_response_and_calibration,existing_manual_applicability_to_function_family_v1,semantic_unit_v1_provisional
NRC-WESTINGHOUSE-INCORE-14,SU04_signal_path_and_conditioning,信号传输链路与调理,F04_signal_path_and_conditioning,existing_manual_applicability_to_function_family_v1,semantic_unit_v1_provisional
NRC-WESTINGHOUSE-INCORE-14,SU05_cross_channel_comparison,可比通道与冗余测量比较,F05_cross_channel_consistency,existing_manual_applicability_to_function_family_v1,semantic_unit_v1_provisional
NRC-WESTINGHOUSE-INCORE-14,SU08_detector_response_and_calibration,探测器响应与标定特性,F08_detector_response_and_calibration,existing_manual_applicability_to_function_family_v1,semantic_unit_v1_provisional
NRC-WESTINGHOUSE-INCORE-15,SU03_recording_timestamp_integrity,记录、采样与时间戳完整性,F03_acquisition_recording_integrity,existing_manual_applicability_to_function_family_v1,semantic_unit_v1_provisional
NRC-WESTINGHOUSE-INCORE-15,SU04_signal_path_and_conditioning,信号传输链路与调理,F04_signal_path_and_conditioning,existing_manual_applicability_to_function_family_v1,semantic_unit_v1_provisional
NRC-WESTINGHOUSE-INCORE-16,SU01_observed_anomaly_qualification,观测异常与数据合格性,F01_observed_data_qualification,existing_manual_applicability_to_function_family_v1,semantic_unit_v1_provisional
NRC-WESTINGHOUSE-INCORE-16,SU02_reference_and_temporal_pattern,参考基线与时间模式,F02_reference_and_temporal_pattern,existing_manual_applicability_to_function_family_v1,semantic_unit_v1_provisional
NRC-WESTINGHOUSE-INCORE-16,SU10_signal_quality_and_monitoring_limit,通用信号质量与监测边界,F10_generic_signal_quality,existing_manual_applicability_to_function_family_v1,semantic_unit_v1_provisional
NRC-WESTINGHOUSE-INCORE-17,SU01_observed_anomaly_qualification,观测异常与数据合格性,F01_observed_data_qualification,existing_manual_applicability_to_function_family_v1,semantic_unit_v1_provisional
NRC-WESTINGHOUSE-INCORE-17,SU02_reference_and_temporal_pattern,参考基线与时间模式,F02_reference_and_temporal_pattern,existing_manual_applicability_to_function_family_v1,semantic_unit_v1_provisional
NRC-WESTINGHOUSE-INCORE-17,SU05_cross_channel_comparison,可比通道与冗余测量比较,F05_cross_channel_consistency,existing_manual_applicability_to_function_family_v1,semantic_unit_v1_provisional
NRC-WESTINGHOUSE-INCORE-18,SU04_signal_path_and_conditioning,信号传输链路与调理,F04_signal_path_and_conditioning,existing_manual_applicability_to_function_family_v1,semantic_unit_v1_provisional
NRC-WESTINGHOUSE-INCORE-18,SU07_neutron_measurement_architecture,中子测量原理与仪表构型,F07_neutron_measurement_context,existing_manual_applicability_to_function_family_v1,semantic_unit_v1_provisional
OECD-DODEWAARD-NOISE-01,SU02_reference_and_temporal_pattern,参考基线与时间模式,F02_reference_and_temporal_pattern,existing_manual_applicability_to_function_family_v1,semantic_unit_v1_provisional
OECD-DODEWAARD-NOISE-01,SU04_signal_path_and_conditioning,信号传输链路与调理,F04_signal_path_and_conditioning,existing_manual_applicability_to_function_family_v1,semantic_unit_v1_provisional
OECD-DODEWAARD-NOISE-02,SU02_reference_and_temporal_pattern,参考基线与时间模式,F02_reference_and_temporal_pattern,existing_manual_applicability_to_function_family_v1,semantic_unit_v1_provisional
OECD-DODEWAARD-NOISE-03,SU04_signal_path_and_conditioning,信号传输链路与调理,F04_signal_path_and_conditioning,existing_manual_applicability_to_function_family_v1,semantic_unit_v1_provisional
OECD-DODEWAARD-NOISE-03,SU10_signal_quality_and_monitoring_limit,通用信号质量与监测边界,F10_generic_signal_quality,existing_manual_applicability_to_function_family_v1,semantic_unit_v1_provisional
OECD-DODEWAARD-NOISE-04,SU03_recording_timestamp_integrity,记录、采样与时间戳完整性,F03_acquisition_recording_integrity,existing_manual_applicability_to_function_family_v1,semantic_unit_v1_provisional
OECD-DODEWAARD-NOISE-04,SU10_signal_quality_and_monitoring_limit,通用信号质量与监测边界,F10_generic_signal_quality,existing_manual_applicability_to_function_family_v1,semantic_unit_v1_provisional
OECD-DODEWAARD-NOISE-05,SU02_reference_and_temporal_pattern,参考基线与时间模式,F02_reference_and_temporal_pattern,existing_manual_applicability_to_function_family_v1,semantic_unit_v1_provisional
OECD-DODEWAARD-NOISE-05,SU05_cross_channel_comparison,可比通道与冗余测量比较,F05_cross_channel_consistency,existing_manual_applicability_to_function_family_v1,semantic_unit_v1_provisional
OECD-DODEWAARD-NOISE-06,SU05_cross_channel_comparison,可比通道与冗余测量比较,F05_cross_channel_consistency,existing_manual_applicability_to_function_family_v1,semantic_unit_v1_provisional
OECD-DODEWAARD-NOISE-06,SU10_signal_quality_and_monitoring_limit,通用信号质量与监测边界,F10_generic_signal_quality,existing_manual_applicability_to_function_family_v1,semantic_unit_v1_provisional
OECD-DODEWAARD-NOISE-07,SU02_reference_and_temporal_pattern,参考基线与时间模式,F02_reference_and_temporal_pattern,existing_manual_applicability_to_function_family_v1,semantic_unit_v1_provisional
OECD-DODEWAARD-NOISE-07,SU10_signal_quality_and_monitoring_limit,通用信号质量与监测边界,F10_generic_signal_quality,existing_manual_applicability_to_function_family_v1,semantic_unit_v1_provisional
OECD-DODEWAARD-NOISE-08,SU05_cross_channel_comparison,可比通道与冗余测量比较,F05_cross_channel_consistency,existing_manual_applicability_to_function_family_v1,semantic_unit_v1_provisional
OECD-DODEWAARD-NOISE-08,SU10_signal_quality_and_monitoring_limit,通用信号质量与监测边界,F10_generic_signal_quality,existing_manual_applicability_to_function_family_v1,semantic_unit_v1_provisional
OECD-DODEWAARD-NOISE-09,SU04_signal_path_and_conditioning,信号传输链路与调理,F04_signal_path_and_conditioning,existing_manual_applicability_to_function_family_v1,semantic_unit_v1_provisional
OECD-DODEWAARD-NOISE-09,SU05_cross_channel_comparison,可比通道与冗余测量比较,F05_cross_channel_consistency,existing_manual_applicability_to_function_family_v1,semantic_unit_v1_provisional
OECD-DODEWAARD-NOISE-10,SU02_reference_and_temporal_pattern,参考基线与时间模式,F02_reference_and_temporal_pattern,existing_manual_applicability_to_function_family_v1,semantic_unit_v1_provisional
OECD-DODEWAARD-NOISE-10,SU05_cross_channel_comparison,可比通道与冗余测量比较,F05_cross_channel_consistency,existing_manual_applicability_to_function_family_v1,semantic_unit_v1_provisional
OECD-DODEWAARD-NOISE-11,SU02_reference_and_temporal_pattern,参考基线与时间模式,F02_reference_and_temporal_pattern,existing_manual_applicability_to_function_family_v1,semantic_unit_v1_provisional
OECD-DODEWAARD-NOISE-12,SU02_reference_and_temporal_pattern,参考基线与时间模式,F02_reference_and_temporal_pattern,existing_manual_applicability_to_function_family_v1,semantic_unit_v1_provisional
OECD-DODEWAARD-NOISE-12,SU08_detector_response_and_calibration,探测器响应与标定特性,F08_detector_response_and_calibration,existing_manual_applicability_to_function_family_v1,semantic_unit_v1_provisional
OECD-REACTOR-POWER-NOISE-GERMANY-01,SU02_reference_and_temporal_pattern,参考基线与时间模式,F02_reference_and_temporal_pattern,existing_manual_applicability_to_function_family_v1,semantic_unit_v1_provisional
OECD-REACTOR-POWER-NOISE-GERMANY-02,SU03_recording_timestamp_integrity,记录、采样与时间戳完整性,F03_acquisition_recording_integrity,existing_manual_applicability_to_function_family_v1,semantic_unit_v1_provisional
OECD-REACTOR-POWER-NOISE-GERMANY-03,SU03_recording_timestamp_integrity,记录、采样与时间戳完整性,F03_acquisition_recording_integrity,existing_manual_applicability_to_function_family_v1,semantic_unit_v1_provisional
OECD-REACTOR-POWER-NOISE-GERMANY-04,SU10_signal_quality_and_monitoring_limit,通用信号质量与监测边界,F10_generic_signal_quality,existing_manual_applicability_to_function_family_v1,semantic_unit_v1_provisional
OECD-REACTOR-POWER-NOISE-GERMANY-05,SU03_recording_timestamp_integrity,记录、采样与时间戳完整性,F03_acquisition_recording_integrity,existing_manual_applicability_to_function_family_v1,semantic_unit_v1_provisional
OECD-REACTOR-POWER-NOISE-GERMANY-05,SU04_signal_path_and_conditioning,信号传输链路与调理,F04_signal_path_and_conditioning,existing_manual_applicability_to_function_family_v1,semantic_unit_v1_provisional
OECD-REACTOR-POWER-NOISE-GERMANY-06,SU10_signal_quality_and_monitoring_limit,通用信号质量与监测边界,F10_generic_signal_quality,existing_manual_applicability_to_function_family_v1,semantic_unit_v1_provisional
OECD-REACTOR-POWER-NOISE-GERMANY-07,SU10_signal_quality_and_monitoring_limit,通用信号质量与监测边界,F10_generic_signal_quality,existing_manual_applicability_to_function_family_v1,semantic_unit_v1_provisional
OECD-TWOPHASE-NEUTRONIC-01,SU07_neutron_measurement_architecture,中子测量原理与仪表构型,F07_neutron_measurement_context,existing_manual_applicability_to_function_family_v1,semantic_unit_v1_provisional
OECD-TWOPHASE-NEUTRONIC-01,SU10_signal_quality_and_monitoring_limit,通用信号质量与监测边界,F10_generic_signal_quality,existing_manual_applicability_to_function_family_v1,semantic_unit_v1_provisional
OECD-TWOPHASE-NEUTRONIC-02,SU05_cross_channel_comparison,可比通道与冗余测量比较,F05_cross_channel_consistency,existing_manual_applicability_to_function_family_v1,semantic_unit_v1_provisional
OECD-TWOPHASE-NEUTRONIC-02,SU07_neutron_measurement_architecture,中子测量原理与仪表构型,F07_neutron_measurement_context,existing_manual_applicability_to_function_family_v1,semantic_unit_v1_provisional
OECD-TWOPHASE-NEUTRONIC-03,SU02_reference_and_temporal_pattern,参考基线与时间模式,F02_reference_and_temporal_pattern,existing_manual_applicability_to_function_family_v1,semantic_unit_v1_provisional
OECD-TWOPHASE-NEUTRONIC-03,SU10_signal_quality_and_monitoring_limit,通用信号质量与监测边界,F10_generic_signal_quality,existing_manual_applicability_to_function_family_v1,semantic_unit_v1_provisional
OECD-TWOPHASE-NEUTRONIC-04,SU05_cross_channel_comparison,可比通道与冗余测量比较,F05_cross_channel_consistency,existing_manual_applicability_to_function_family_v1,semantic_unit_v1_provisional
OECD-TWOPHASE-NEUTRONIC-04,SU10_signal_quality_and_monitoring_limit,通用信号质量与监测边界,F10_generic_signal_quality,existing_manual_applicability_to_function_family_v1,semantic_unit_v1_provisional
OECD-TWOPHASE-NEUTRONIC-05,SU02_reference_and_temporal_pattern,参考基线与时间模式,F02_reference_and_temporal_pattern,existing_manual_applicability_to_function_family_v1,semantic_unit_v1_provisional
OECD-TWOPHASE-NEUTRONIC-05,SU05_cross_channel_comparison,可比通道与冗余测量比较,F05_cross_channel_consistency,existing_manual_applicability_to_function_family_v1,semantic_unit_v1_provisional
ORNL-ADVANCED-REACTOR-SENSORS-01,SU07_neutron_measurement_architecture,中子测量原理与仪表构型,F07_neutron_measurement_context,existing_manual_applicability_to_function_family_v1,semantic_unit_v1_provisional
ORNL-ADVANCED-REACTOR-SENSORS-01,SU10_signal_quality_and_monitoring_limit,通用信号质量与监测边界,F10_generic_signal_quality,existing_manual_applicability_to_function_family_v1,semantic_unit_v1_provisional
ORNL-ADVANCED-REACTOR-SENSORS-02,SU04_signal_path_and_conditioning,信号传输链路与调理,F04_signal_path_and_conditioning,existing_manual_applicability_to_function_family_v1,semantic_unit_v1_provisional
ORNL-ADVANCED-REACTOR-SENSORS-02,SU08_detector_response_and_calibration,探测器响应与标定特性,F08_detector_response_and_calibration,existing_manual_applicability_to_function_family_v1,semantic_unit_v1_provisional
ORNL-ADVANCED-REACTOR-SENSORS-02,SU10_signal_quality_and_monitoring_limit,通用信号质量与监测边界,F10_generic_signal_quality,existing_manual_applicability_to_function_family_v1,semantic_unit_v1_provisional
ORNL-ADVANCED-REACTOR-SENSORS-03,SU05_cross_channel_comparison,可比通道与冗余测量比较,F05_cross_channel_consistency,existing_manual_applicability_to_function_family_v1,semantic_unit_v1_provisional
ORNL-ADVANCED-REACTOR-SENSORS-03,SU07_neutron_measurement_architecture,中子测量原理与仪表构型,F07_neutron_measurement_context,existing_manual_applicability_to_function_family_v1,semantic_unit_v1_provisional
ORNL-ADVANCED-REACTOR-SENSORS-03,SU10_signal_quality_and_monitoring_limit,通用信号质量与监测边界,F10_generic_signal_quality,existing_manual_applicability_to_function_family_v1,semantic_unit_v1_provisional
ORNL-ADVANCED-REACTOR-SENSORS-04,SU02_reference_and_temporal_pattern,参考基线与时间模式,F02_reference_and_temporal_pattern,existing_manual_applicability_to_function_family_v1,semantic_unit_v1_provisional
ORNL-ADVANCED-REACTOR-SENSORS-04,SU07_neutron_measurement_architecture,中子测量原理与仪表构型,F07_neutron_measurement_context,existing_manual_applicability_to_function_family_v1,semantic_unit_v1_provisional
ORNL-ADVANCED-REACTOR-SENSORS-04,SU10_signal_quality_and_monitoring_limit,通用信号质量与监测边界,F10_generic_signal_quality,existing_manual_applicability_to_function_family_v1,semantic_unit_v1_provisional
ORNL-ADVANCED-REACTOR-SENSORS-05,SU02_reference_and_temporal_pattern,参考基线与时间模式,F02_reference_and_temporal_pattern,existing_manual_applicability_to_function_family_v1,semantic_unit_v1_provisional
ORNL-ADVANCED-REACTOR-SENSORS-05,SU07_neutron_measurement_architecture,中子测量原理与仪表构型,F07_neutron_measurement_context,existing_manual_applicability_to_function_family_v1,semantic_unit_v1_provisional
ORNL-ADVANCED-REACTOR-SENSORS-05,SU08_detector_response_and_calibration,探测器响应与标定特性,F08_detector_response_and_calibration,existing_manual_applicability_to_function_family_v1,semantic_unit_v1_provisional
ORNL-ADVANCED-REACTOR-SENSORS-06,SU01_observed_anomaly_qualification,观测异常与数据合格性,F01_observed_data_qualification,existing_manual_applicability_to_function_family_v1,semantic_unit_v1_provisional
ORNL-ADVANCED-REACTOR-SENSORS-06,SU10_signal_quality_and_monitoring_limit,通用信号质量与监测边界,F10_generic_signal_quality,existing_manual_applicability_to_function_family_v1,semantic_unit_v1_provisional
ORNL-ADVANCED-REACTOR-SENSORS-07,SU04_signal_path_and_conditioning,信号传输链路与调理,F04_signal_path_and_conditioning,existing_manual_applicability_to_function_family_v1,semantic_unit_v1_provisional
ORNL-ADVANCED-REACTOR-SENSORS-07,SU08_detector_response_and_calibration,探测器响应与标定特性,F08_detector_response_and_calibration,existing_manual_applicability_to_function_family_v1,semantic_unit_v1_provisional
ORNL-ADVANCED-REACTOR-SENSORS-07,SU10_signal_quality_and_monitoring_limit,通用信号质量与监测边界,F10_generic_signal_quality,existing_manual_applicability_to_function_family_v1,semantic_unit_v1_provisional
ORNL-ADVANCED-REACTOR-SENSORS-08,SU04_signal_path_and_conditioning,信号传输链路与调理,F04_signal_path_and_conditioning,existing_manual_applicability_to_function_family_v1,semantic_unit_v1_provisional
ORNL-ADVANCED-REACTOR-SENSORS-08,SU05_cross_channel_comparison,可比通道与冗余测量比较,F05_cross_channel_consistency,existing_manual_applicability_to_function_family_v1,semantic_unit_v1_provisional
ORNL-ADVANCED-REACTOR-SENSORS-08,SU07_neutron_measurement_architecture,中子测量原理与仪表构型,F07_neutron_measurement_context,existing_manual_applicability_to_function_family_v1,semantic_unit_v1_provisional
ORNL-ADVANCED-REACTOR-SENSORS-09,SU01_observed_anomaly_qualification,观测异常与数据合格性,F01_observed_data_qualification,existing_manual_applicability_to_function_family_v1,semantic_unit_v1_provisional
ORNL-ADVANCED-REACTOR-SENSORS-09,SU07_neutron_measurement_architecture,中子测量原理与仪表构型,F07_neutron_measurement_context,existing_manual_applicability_to_function_family_v1,semantic_unit_v1_provisional
ORNL-ADVANCED-REACTOR-SENSORS-09,SU10_signal_quality_and_monitoring_limit,通用信号质量与监测边界,F10_generic_signal_quality,existing_manual_applicability_to_function_family_v1,semantic_unit_v1_provisional
ORNL-ADVANCED-SENSOR-TECH-01,SU04_signal_path_and_conditioning,信号传输链路与调理,F04_signal_path_and_conditioning,existing_manual_applicability_to_function_family_v1,semantic_unit_v1_provisional
ORNL-ADVANCED-SENSOR-TECH-01,SU07_neutron_measurement_architecture,中子测量原理与仪表构型,F07_neutron_measurement_context,existing_manual_applicability_to_function_family_v1,semantic_unit_v1_provisional
ORNL-ADVANCED-SENSOR-TECH-02,SU04_signal_path_and_conditioning,信号传输链路与调理,F04_signal_path_and_conditioning,existing_manual_applicability_to_function_family_v1,semantic_unit_v1_provisional
ORNL-ADVANCED-SENSOR-TECH-02,SU10_signal_quality_and_monitoring_limit,通用信号质量与监测边界,F10_generic_signal_quality,existing_manual_applicability_to_function_family_v1,semantic_unit_v1_provisional
ORNL-ADVANCED-SENSOR-TECH-03,SU04_signal_path_and_conditioning,信号传输链路与调理,F04_signal_path_and_conditioning,existing_manual_applicability_to_function_family_v1,semantic_unit_v1_provisional
ORNL-ADVANCED-SENSOR-TECH-03,SU07_neutron_measurement_architecture,中子测量原理与仪表构型,F07_neutron_measurement_context,existing_manual_applicability_to_function_family_v1,semantic_unit_v1_provisional
ORNL-ADVANCED-SENSOR-TECH-04,SU07_neutron_measurement_architecture,中子测量原理与仪表构型,F07_neutron_measurement_context,existing_manual_applicability_to_function_family_v1,semantic_unit_v1_provisional
ORNL-ADVANCED-SENSOR-TECH-04,SU08_detector_response_and_calibration,探测器响应与标定特性,F08_detector_response_and_calibration,existing_manual_applicability_to_function_family_v1,semantic_unit_v1_provisional
ORNL-BWR-NOISE-SIGNATURES-01,SU02_reference_and_temporal_pattern,参考基线与时间模式,F02_reference_and_temporal_pattern,existing_manual_applicability_to_function_family_v1,semantic_unit_v1_provisional
ORNL-BWR-NOISE-SIGNATURES-01,SU05_cross_channel_comparison,可比通道与冗余测量比较,F05_cross_channel_consistency,existing_manual_applicability_to_function_family_v1,semantic_unit_v1_provisional
ORNL-BWR-NOISE-SIGNATURES-02,SU03_recording_timestamp_integrity,记录、采样与时间戳完整性,F03_acquisition_recording_integrity,existing_manual_applicability_to_function_family_v1,semantic_unit_v1_provisional
ORNL-BWR-NOISE-SIGNATURES-02,SU05_cross_channel_comparison,可比通道与冗余测量比较,F05_cross_channel_consistency,existing_manual_applicability_to_function_family_v1,semantic_unit_v1_provisional
ORNL-BWR-NOISE-SIGNATURES-03,SU03_recording_timestamp_integrity,记录、采样与时间戳完整性,F03_acquisition_recording_integrity,existing_manual_applicability_to_function_family_v1,semantic_unit_v1_provisional
ORNL-BWR-NOISE-SIGNATURES-03,SU04_signal_path_and_conditioning,信号传输链路与调理,F04_signal_path_and_conditioning,existing_manual_applicability_to_function_family_v1,semantic_unit_v1_provisional
ORNL-BWR-NOISE-SIGNATURES-04,SU02_reference_and_temporal_pattern,参考基线与时间模式,F02_reference_and_temporal_pattern,existing_manual_applicability_to_function_family_v1,semantic_unit_v1_provisional
ORNL-BWR-NOISE-SIGNATURES-04,SU03_recording_timestamp_integrity,记录、采样与时间戳完整性,F03_acquisition_recording_integrity,existing_manual_applicability_to_function_family_v1,semantic_unit_v1_provisional
ORNL-BWR-NOISE-SIGNATURES-05,SU02_reference_and_temporal_pattern,参考基线与时间模式,F02_reference_and_temporal_pattern,existing_manual_applicability_to_function_family_v1,semantic_unit_v1_provisional
ORNL-BWR-NOISE-SIGNATURES-05,SU05_cross_channel_comparison,可比通道与冗余测量比较,F05_cross_channel_consistency,existing_manual_applicability_to_function_family_v1,semantic_unit_v1_provisional
ORNL-BWR-NOISE-SIGNATURES-06,SU04_signal_path_and_conditioning,信号传输链路与调理,F04_signal_path_and_conditioning,existing_manual_applicability_to_function_family_v1,semantic_unit_v1_provisional
ORNL-BWR-NOISE-SIGNATURES-06,SU10_signal_quality_and_monitoring_limit,通用信号质量与监测边界,F10_generic_signal_quality,existing_manual_applicability_to_function_family_v1,semantic_unit_v1_provisional
ORNL-BWR-NOISE-SIGNATURES-07,SU02_reference_and_temporal_pattern,参考基线与时间模式,F02_reference_and_temporal_pattern,existing_manual_applicability_to_function_family_v1,semantic_unit_v1_provisional
ORNL-BWR-NOISE-SIGNATURES-07,SU03_recording_timestamp_integrity,记录、采样与时间戳完整性,F03_acquisition_recording_integrity,existing_manual_applicability_to_function_family_v1,semantic_unit_v1_provisional
ORNL-BWR-NOISE-SOURCES-01,SU02_reference_and_temporal_pattern,参考基线与时间模式,F02_reference_and_temporal_pattern,existing_manual_applicability_to_function_family_v1,semantic_unit_v1_provisional
ORNL-BWR-NOISE-SOURCES-01,SU03_recording_timestamp_integrity,记录、采样与时间戳完整性,F03_acquisition_recording_integrity,existing_manual_applicability_to_function_family_v1,semantic_unit_v1_provisional
ORNL-BWR-NOISE-SOURCES-02,SU02_reference_and_temporal_pattern,参考基线与时间模式,F02_reference_and_temporal_pattern,existing_manual_applicability_to_function_family_v1,semantic_unit_v1_provisional
ORNL-BWR-NOISE-SOURCES-02,SU05_cross_channel_comparison,可比通道与冗余测量比较,F05_cross_channel_consistency,existing_manual_applicability_to_function_family_v1,semantic_unit_v1_provisional
ORNL-BWR-NOISE-SOURCES-03,SU02_reference_and_temporal_pattern,参考基线与时间模式,F02_reference_and_temporal_pattern,existing_manual_applicability_to_function_family_v1,semantic_unit_v1_provisional
ORNL-BWR-NOISE-SOURCES-04,SU01_observed_anomaly_qualification,观测异常与数据合格性,F01_observed_data_qualification,existing_manual_applicability_to_function_family_v1,semantic_unit_v1_provisional
ORNL-BWR-NOISE-SOURCES-04,SU02_reference_and_temporal_pattern,参考基线与时间模式,F02_reference_and_temporal_pattern,existing_manual_applicability_to_function_family_v1,semantic_unit_v1_provisional
ORNL-ONLINE-RECALIBRATION-01,SU06_operation_test_calibration_alignment,现场操作、测试与校准时间对齐,F06_test_and_calibration_alignment,existing_manual_applicability_to_function_family_v1,semantic_unit_v1_provisional
ORNL-ONLINE-RECALIBRATION-01,SU10_signal_quality_and_monitoring_limit,通用信号质量与监测边界,F10_generic_signal_quality,existing_manual_applicability_to_function_family_v1,semantic_unit_v1_provisional
ORNL-ONLINE-RECALIBRATION-02,SU06_operation_test_calibration_alignment,现场操作、测试与校准时间对齐,F06_test_and_calibration_alignment,existing_manual_applicability_to_function_family_v1,semantic_unit_v1_provisional
ORNL-ONLINE-RECALIBRATION-02,SU10_signal_quality_and_monitoring_limit,通用信号质量与监测边界,F10_generic_signal_quality,existing_manual_applicability_to_function_family_v1,semantic_unit_v1_provisional
ORNL-ONLINE-RECALIBRATION-03,SU01_observed_anomaly_qualification,观测异常与数据合格性,F01_observed_data_qualification,existing_manual_applicability_to_function_family_v1,semantic_unit_v1_provisional
ORNL-ONLINE-RECALIBRATION-03,SU06_operation_test_calibration_alignment,现场操作、测试与校准时间对齐,F06_test_and_calibration_alignment,existing_manual_applicability_to_function_family_v1,semantic_unit_v1_provisional
ORNL-ONLINE-RECALIBRATION-04,SU01_observed_anomaly_qualification,观测异常与数据合格性,F01_observed_data_qualification,existing_manual_applicability_to_function_family_v1,semantic_unit_v1_provisional
ORNL-ONLINE-RECALIBRATION-04,SU02_reference_and_temporal_pattern,参考基线与时间模式,F02_reference_and_temporal_pattern,existing_manual_applicability_to_function_family_v1,semantic_unit_v1_provisional
ORNL-ONLINE-RECALIBRATION-05,SU01_observed_anomaly_qualification,观测异常与数据合格性,F01_observed_data_qualification,existing_manual_applicability_to_function_family_v1,semantic_unit_v1_provisional
ORNL-ONLINE-RECALIBRATION-05,SU10_signal_quality_and_monitoring_limit,通用信号质量与监测边界,F10_generic_signal_quality,existing_manual_applicability_to_function_family_v1,semantic_unit_v1_provisional
ORNL-SENSOR-CALIBRATION-REVIEW-01,SU01_observed_anomaly_qualification,观测异常与数据合格性,F01_observed_data_qualification,existing_manual_applicability_to_function_family_v1,semantic_unit_v1_provisional
ORNL-SENSOR-CALIBRATION-REVIEW-01,SU06_operation_test_calibration_alignment,现场操作、测试与校准时间对齐,F06_test_and_calibration_alignment,existing_manual_applicability_to_function_family_v1,semantic_unit_v1_provisional
ORNL-SENSOR-CALIBRATION-REVIEW-01,SU10_signal_quality_and_monitoring_limit,通用信号质量与监测边界,F10_generic_signal_quality,existing_manual_applicability_to_function_family_v1,semantic_unit_v1_provisional
ORNL-SENSOR-CALIBRATION-REVIEW-02,SU02_reference_and_temporal_pattern,参考基线与时间模式,F02_reference_and_temporal_pattern,existing_manual_applicability_to_function_family_v1,semantic_unit_v1_provisional
ORNL-SENSOR-CALIBRATION-REVIEW-02,SU06_operation_test_calibration_alignment,现场操作、测试与校准时间对齐,F06_test_and_calibration_alignment,existing_manual_applicability_to_function_family_v1,semantic_unit_v1_provisional
ORNL-SENSOR-CALIBRATION-REVIEW-02,SU10_signal_quality_and_monitoring_limit,通用信号质量与监测边界,F10_generic_signal_quality,existing_manual_applicability_to_function_family_v1,semantic_unit_v1_provisional
ORNL-SENSOR-CALIBRATION-REVIEW-03,SU04_signal_path_and_conditioning,信号传输链路与调理,F04_signal_path_and_conditioning,existing_manual_applicability_to_function_family_v1,semantic_unit_v1_provisional
ORNL-SENSOR-CALIBRATION-REVIEW-03,SU06_operation_test_calibration_alignment,现场操作、测试与校准时间对齐,F06_test_and_calibration_alignment,existing_manual_applicability_to_function_family_v1,semantic_unit_v1_provisional
ORNL-SENSOR-CALIBRATION-REVIEW-03,SU10_signal_quality_and_monitoring_limit,通用信号质量与监测边界,F10_generic_signal_quality,existing_manual_applicability_to_function_family_v1,semantic_unit_v1_provisional
ORNL-SENSOR-CALIBRATION-REVIEW-04,SU07_neutron_measurement_architecture,中子测量原理与仪表构型,F07_neutron_measurement_context,existing_manual_applicability_to_function_family_v1,semantic_unit_v1_provisional
ORNL-SENSOR-CALIBRATION-REVIEW-04,SU08_detector_response_and_calibration,探测器响应与标定特性,F08_detector_response_and_calibration,existing_manual_applicability_to_function_family_v1,semantic_unit_v1_provisional
ORNL-SENSOR-CALIBRATION-REVIEW-04,SU10_signal_quality_and_monitoring_limit,通用信号质量与监测边界,F10_generic_signal_quality,existing_manual_applicability_to_function_family_v1,semantic_unit_v1_provisional
ORNL-SENSOR-CALIBRATION-REVIEW-05,SU01_observed_anomaly_qualification,观测异常与数据合格性,F01_observed_data_qualification,existing_manual_applicability_to_function_family_v1,semantic_unit_v1_provisional
ORNL-SENSOR-CALIBRATION-REVIEW-05,SU06_operation_test_calibration_alignment,现场操作、测试与校准时间对齐,F06_test_and_calibration_alignment,existing_manual_applicability_to_function_family_v1,semantic_unit_v1_provisional
ORNL-SENSOR-CALIBRATION-REVIEW-05,SU10_signal_quality_and_monitoring_limit,通用信号质量与监测边界,F10_generic_signal_quality,existing_manual_applicability_to_function_family_v1,semantic_unit_v1_provisional
ORNL-SENSOR-CALIBRATION-REVIEW-06,SU01_observed_anomaly_qualification,观测异常与数据合格性,F01_observed_data_qualification,existing_manual_applicability_to_function_family_v1,semantic_unit_v1_provisional
ORNL-SENSOR-CALIBRATION-REVIEW-06,SU02_reference_and_temporal_pattern,参考基线与时间模式,F02_reference_and_temporal_pattern,existing_manual_applicability_to_function_family_v1,semantic_unit_v1_provisional
ORNL-SENSOR-CALIBRATION-REVIEW-06,SU06_operation_test_calibration_alignment,现场操作、测试与校准时间对齐,F06_test_and_calibration_alignment,existing_manual_applicability_to_function_family_v1,semantic_unit_v1_provisional
ORNL-SENSOR-CALIBRATION-REVIEW-07,SU01_observed_anomaly_qualification,观测异常与数据合格性,F01_observed_data_qualification,existing_manual_applicability_to_function_family_v1,semantic_unit_v1_provisional
ORNL-SENSOR-CALIBRATION-REVIEW-07,SU02_reference_and_temporal_pattern,参考基线与时间模式,F02_reference_and_temporal_pattern,existing_manual_applicability_to_function_family_v1,semantic_unit_v1_provisional
ORNL-SENSOR-CALIBRATION-REVIEW-07,SU10_signal_quality_and_monitoring_limit,通用信号质量与监测边界,F10_generic_signal_quality,existing_manual_applicability_to_function_family_v1,semantic_unit_v1_provisional
ORNL-SENSOR-CALIBRATION-REVIEW-08,SU01_observed_anomaly_qualification,观测异常与数据合格性,F01_observed_data_qualification,existing_manual_applicability_to_function_family_v1,semantic_unit_v1_provisional
ORNL-SENSOR-CALIBRATION-REVIEW-08,SU02_reference_and_temporal_pattern,参考基线与时间模式,F02_reference_and_temporal_pattern,existing_manual_applicability_to_function_family_v1,semantic_unit_v1_provisional
ORNL-SENSOR-CALIBRATION-REVIEW-08,SU06_operation_test_calibration_alignment,现场操作、测试与校准时间对齐,F06_test_and_calibration_alignment,existing_manual_applicability_to_function_family_v1,semantic_unit_v1_provisional
ORNL-UNATTENDED-NOISE-SURVEILLANCE-01,SU01_observed_anomaly_qualification,观测异常与数据合格性,F01_observed_data_qualification,existing_manual_applicability_to_function_family_v1,semantic_unit_v1_provisional
ORNL-UNATTENDED-NOISE-SURVEILLANCE-01,SU02_reference_and_temporal_pattern,参考基线与时间模式,F02_reference_and_temporal_pattern,existing_manual_applicability_to_function_family_v1,semantic_unit_v1_provisional
ORNL-UNATTENDED-NOISE-SURVEILLANCE-02,SU01_observed_anomaly_qualification,观测异常与数据合格性,F01_observed_data_qualification,existing_manual_applicability_to_function_family_v1,semantic_unit_v1_provisional
ORNL-UNATTENDED-NOISE-SURVEILLANCE-02,SU02_reference_and_temporal_pattern,参考基线与时间模式,F02_reference_and_temporal_pattern,existing_manual_applicability_to_function_family_v1,semantic_unit_v1_provisional
ORNL-UNATTENDED-NOISE-SURVEILLANCE-03,SU02_reference_and_temporal_pattern,参考基线与时间模式,F02_reference_and_temporal_pattern,existing_manual_applicability_to_function_family_v1,semantic_unit_v1_provisional
ORNL-UNATTENDED-NOISE-SURVEILLANCE-04,SU02_reference_and_temporal_pattern,参考基线与时间模式,F02_reference_and_temporal_pattern,existing_manual_applicability_to_function_family_v1,semantic_unit_v1_provisional
ORNL-UNATTENDED-NOISE-SURVEILLANCE-05,SU02_reference_and_temporal_pattern,参考基线与时间模式,F02_reference_and_temporal_pattern,existing_manual_applicability_to_function_family_v1,semantic_unit_v1_provisional
ORNL-UNATTENDED-NOISE-SURVEILLANCE-06,SU02_reference_and_temporal_pattern,参考基线与时间模式,F02_reference_and_temporal_pattern,existing_manual_applicability_to_function_family_v1,semantic_unit_v1_provisional
ORNL-UNATTENDED-NOISE-SURVEILLANCE-06,SU10_signal_quality_and_monitoring_limit,通用信号质量与监测边界,F10_generic_signal_quality,existing_manual_applicability_to_function_family_v1,semantic_unit_v1_provisional
ORNL-UNATTENDED-NOISE-SURVEILLANCE-07,SU02_reference_and_temporal_pattern,参考基线与时间模式,F02_reference_and_temporal_pattern,existing_manual_applicability_to_function_family_v1,semantic_unit_v1_provisional
ORNL-UNATTENDED-NOISE-SURVEILLANCE-08,SU01_observed_anomaly_qualification,观测异常与数据合格性,F01_observed_data_qualification,existing_manual_applicability_to_function_family_v1,semantic_unit_v1_provisional
ORNL-UNATTENDED-NOISE-SURVEILLANCE-08,SU10_signal_quality_and_monitoring_limit,通用信号质量与监测边界,F10_generic_signal_quality,existing_manual_applicability_to_function_family_v1,semantic_unit_v1_provisional
PNNL-SDMS-01,SU01_observed_anomaly_qualification,观测异常与数据合格性,F01_observed_data_qualification,existing_manual_applicability_to_function_family_v1,semantic_unit_v1_provisional
PNNL-SDMS-01,SU02_reference_and_temporal_pattern,参考基线与时间模式,F02_reference_and_temporal_pattern,existing_manual_applicability_to_function_family_v1,semantic_unit_v1_provisional
PNNL-SDMS-02,SU01_observed_anomaly_qualification,观测异常与数据合格性,F01_observed_data_qualification,existing_manual_applicability_to_function_family_v1,semantic_unit_v1_provisional
PNNL-SDMS-02,SU10_signal_quality_and_monitoring_limit,通用信号质量与监测边界,F10_generic_signal_quality,existing_manual_applicability_to_function_family_v1,semantic_unit_v1_provisional
PNNL-SDMS-03,SU03_recording_timestamp_integrity,记录、采样与时间戳完整性,F03_acquisition_recording_integrity,existing_manual_applicability_to_function_family_v1,semantic_unit_v1_provisional
PNNL-SDMS-03,SU04_signal_path_and_conditioning,信号传输链路与调理,F04_signal_path_and_conditioning,existing_manual_applicability_to_function_family_v1,semantic_unit_v1_provisional
PNNL-SDMS-04,SU01_observed_anomaly_qualification,观测异常与数据合格性,F01_observed_data_qualification,existing_manual_applicability_to_function_family_v1,semantic_unit_v1_provisional
PNNL-SDMS-04,SU02_reference_and_temporal_pattern,参考基线与时间模式,F02_reference_and_temporal_pattern,existing_manual_applicability_to_function_family_v1,semantic_unit_v1_provisional
PNNL-SSTDR-CABLE-ML-01,SU04_signal_path_and_conditioning,信号传输链路与调理,F04_signal_path_and_conditioning,existing_manual_applicability_to_function_family_v1,semantic_unit_v1_provisional
PNNL-SSTDR-CABLE-ML-02,SU01_observed_anomaly_qualification,观测异常与数据合格性,F01_observed_data_qualification,existing_manual_applicability_to_function_family_v1,semantic_unit_v1_provisional
PNNL-SSTDR-CABLE-ML-02,SU03_recording_timestamp_integrity,记录、采样与时间戳完整性,F03_acquisition_recording_integrity,existing_manual_applicability_to_function_family_v1,semantic_unit_v1_provisional
PNNL-SSTDR-CABLE-ML-02,SU04_signal_path_and_conditioning,信号传输链路与调理,F04_signal_path_and_conditioning,existing_manual_applicability_to_function_family_v1,semantic_unit_v1_provisional
PNNL-SSTDR-CABLE-ML-03,SU01_observed_anomaly_qualification,观测异常与数据合格性,F01_observed_data_qualification,existing_manual_applicability_to_function_family_v1,semantic_unit_v1_provisional
PNNL-SSTDR-CABLE-ML-03,SU03_recording_timestamp_integrity,记录、采样与时间戳完整性,F03_acquisition_recording_integrity,existing_manual_applicability_to_function_family_v1,semantic_unit_v1_provisional
PNNL-SSTDR-CABLE-ML-03,SU04_signal_path_and_conditioning,信号传输链路与调理,F04_signal_path_and_conditioning,existing_manual_applicability_to_function_family_v1,semantic_unit_v1_provisional
PNNL-SSTDR-CABLE-ML-04,SU03_recording_timestamp_integrity,记录、采样与时间戳完整性,F03_acquisition_recording_integrity,existing_manual_applicability_to_function_family_v1,semantic_unit_v1_provisional
PNNL-SSTDR-CABLE-ML-04,SU04_signal_path_and_conditioning,信号传输链路与调理,F04_signal_path_and_conditioning,existing_manual_applicability_to_function_family_v1,semantic_unit_v1_provisional
PNNL-SSTDR-CABLE-ML-04,SU10_signal_quality_and_monitoring_limit,通用信号质量与监测边界,F10_generic_signal_quality,existing_manual_applicability_to_function_family_v1,semantic_unit_v1_provisional
PNNL-SSTDR-CABLE-ML-05,SU01_observed_anomaly_qualification,观测异常与数据合格性,F01_observed_data_qualification,existing_manual_applicability_to_function_family_v1,semantic_unit_v1_provisional
PNNL-SSTDR-CABLE-ML-05,SU03_recording_timestamp_integrity,记录、采样与时间戳完整性,F03_acquisition_recording_integrity,existing_manual_applicability_to_function_family_v1,semantic_unit_v1_provisional
PNNL-SSTDR-CABLE-ML-05,SU10_signal_quality_and_monitoring_limit,通用信号质量与监测边界,F10_generic_signal_quality,existing_manual_applicability_to_function_family_v1,semantic_unit_v1_provisional
PNNL-SSTDR-CABLE-ML-06,SU01_observed_anomaly_qualification,观测异常与数据合格性,F01_observed_data_qualification,existing_manual_applicability_to_function_family_v1,semantic_unit_v1_provisional
PNNL-SSTDR-CABLE-ML-06,SU02_reference_and_temporal_pattern,参考基线与时间模式,F02_reference_and_temporal_pattern,existing_manual_applicability_to_function_family_v1,semantic_unit_v1_provisional
PNNL-SSTDR-CABLE-ML-07,SU01_observed_anomaly_qualification,观测异常与数据合格性,F01_observed_data_qualification,existing_manual_applicability_to_function_family_v1,semantic_unit_v1_provisional
PNNL-SSTDR-CABLE-ML-07,SU02_reference_and_temporal_pattern,参考基线与时间模式,F02_reference_and_temporal_pattern,existing_manual_applicability_to_function_family_v1,semantic_unit_v1_provisional
PNNL-SSTDR-CABLE-ML-07,SU10_signal_quality_and_monitoring_limit,通用信号质量与监测边界,F10_generic_signal_quality,existing_manual_applicability_to_function_family_v1,semantic_unit_v1_provisional
PNNL-SSTDR-CABLE-ML-08,SU01_observed_anomaly_qualification,观测异常与数据合格性,F01_observed_data_qualification,existing_manual_applicability_to_function_family_v1,semantic_unit_v1_provisional
PNNL-SSTDR-CABLE-ML-08,SU02_reference_and_temporal_pattern,参考基线与时间模式,F02_reference_and_temporal_pattern,existing_manual_applicability_to_function_family_v1,semantic_unit_v1_provisional
PNNL-SSTDR-CABLE-ML-09,SU01_observed_anomaly_qualification,观测异常与数据合格性,F01_observed_data_qualification,existing_manual_applicability_to_function_family_v1,semantic_unit_v1_provisional
PNNL-SSTDR-CABLE-ML-09,SU03_recording_timestamp_integrity,记录、采样与时间戳完整性,F03_acquisition_recording_integrity,existing_manual_applicability_to_function_family_v1,semantic_unit_v1_provisional
PNNL-SSTDR-CABLE-ML-09,SU04_signal_path_and_conditioning,信号传输链路与调理,F04_signal_path_and_conditioning,existing_manual_applicability_to_function_family_v1,semantic_unit_v1_provisional
PWR-NEUTRON-NOISE-METHODOLOGY-5.1-01,SU03_recording_timestamp_integrity,记录、采样与时间戳完整性,F03_acquisition_recording_integrity,existing_manual_applicability_to_function_family_v1,semantic_unit_v1_provisional
PWR-NEUTRON-NOISE-METHODOLOGY-5.1-02,SU02_reference_and_temporal_pattern,参考基线与时间模式,F02_reference_and_temporal_pattern,existing_manual_applicability_to_function_family_v1,semantic_unit_v1_provisional
PWR-NEUTRON-NOISE-METHODOLOGY-5.1-02,SU03_recording_timestamp_integrity,记录、采样与时间戳完整性,F03_acquisition_recording_integrity,existing_manual_applicability_to_function_family_v1,semantic_unit_v1_provisional
PWR-NEUTRON-NOISE-METHODOLOGY-5.2.2.1-01,SU02_reference_and_temporal_pattern,参考基线与时间模式,F02_reference_and_temporal_pattern,existing_manual_applicability_to_function_family_v1,semantic_unit_v1_provisional
PWR-NEUTRON-NOISE-METHODOLOGY-5.2.2.1-02,SU01_observed_anomaly_qualification,观测异常与数据合格性,F01_observed_data_qualification,existing_manual_applicability_to_function_family_v1,semantic_unit_v1_provisional
PWR-NEUTRON-NOISE-METHODOLOGY-5.2.2.1-02,SU02_reference_and_temporal_pattern,参考基线与时间模式,F02_reference_and_temporal_pattern,existing_manual_applicability_to_function_family_v1,semantic_unit_v1_provisional
PWR-NEUTRON-NOISE-METHODOLOGY-5.2.2.1-03,SU02_reference_and_temporal_pattern,参考基线与时间模式,F02_reference_and_temporal_pattern,existing_manual_applicability_to_function_family_v1,semantic_unit_v1_provisional
PWR-NEUTRON-NOISE-METHODOLOGY-5.2.2.1-04,SU01_observed_anomaly_qualification,观测异常与数据合格性,F01_observed_data_qualification,existing_manual_applicability_to_function_family_v1,semantic_unit_v1_provisional
PWR-NEUTRON-NOISE-METHODOLOGY-5.2.2.1-04,SU02_reference_and_temporal_pattern,参考基线与时间模式,F02_reference_and_temporal_pattern,existing_manual_applicability_to_function_family_v1,semantic_unit_v1_provisional
PWR-NEUTRON-NOISE-METHODOLOGY-5.2.2.2-01,SU01_observed_anomaly_qualification,观测异常与数据合格性,F01_observed_data_qualification,existing_manual_applicability_to_function_family_v1,semantic_unit_v1_provisional
SPRINGER-CORE-MONITORING-2.3.2-01,SU02_reference_and_temporal_pattern,参考基线与时间模式,F02_reference_and_temporal_pattern,existing_manual_applicability_to_function_family_v1,semantic_unit_v1_provisional
SPRINGER-CORE-MONITORING-2.3.2-01,SU05_cross_channel_comparison,可比通道与冗余测量比较,F05_cross_channel_consistency,existing_manual_applicability_to_function_family_v1,semantic_unit_v1_provisional
SSM-NEUTRON-NOISE-RD-01,SU10_signal_quality_and_monitoring_limit,通用信号质量与监测边界,F10_generic_signal_quality,existing_manual_applicability_to_function_family_v1,semantic_unit_v1_provisional
SSM-NEUTRON-NOISE-RD-02,SU01_observed_anomaly_qualification,观测异常与数据合格性,F01_observed_data_qualification,existing_manual_applicability_to_function_family_v1,semantic_unit_v1_provisional
SSM-NEUTRON-NOISE-RD-02,SU10_signal_quality_and_monitoring_limit,通用信号质量与监测边界,F10_generic_signal_quality,existing_manual_applicability_to_function_family_v1,semantic_unit_v1_provisional
SSM-NEUTRON-NOISE-RD-03,SU10_signal_quality_and_monitoring_limit,通用信号质量与监测边界,F10_generic_signal_quality,existing_manual_applicability_to_function_family_v1,semantic_unit_v1_provisional
SSM-NEUTRON-NOISE-RD-04,SU01_observed_anomaly_qualification,观测异常与数据合格性,F01_observed_data_qualification,existing_manual_applicability_to_function_family_v1,semantic_unit_v1_provisional
SSM-NEUTRON-NOISE-RD-04,SU10_signal_quality_and_monitoring_limit,通用信号质量与监测边界,F10_generic_signal_quality,existing_manual_applicability_to_function_family_v1,semantic_unit_v1_provisional
SSM-NEUTRON-NOISE-RD-05,SU01_observed_anomaly_qualification,观测异常与数据合格性,F01_observed_data_qualification,existing_manual_applicability_to_function_family_v1,semantic_unit_v1_provisional
SSM-NEUTRON-NOISE-RD-05,SU02_reference_and_temporal_pattern,参考基线与时间模式,F02_reference_and_temporal_pattern,existing_manual_applicability_to_function_family_v1,semantic_unit_v1_provisional
SSM-NEUTRON-NOISE-RD-06,SU10_signal_quality_and_monitoring_limit,通用信号质量与监测边界,F10_generic_signal_quality,existing_manual_applicability_to_function_family_v1,semantic_unit_v1_provisional
SSM-NEUTRON-NOISE-RD-07,SU01_observed_anomaly_qualification,观测异常与数据合格性,F01_observed_data_qualification,existing_manual_applicability_to_function_family_v1,semantic_unit_v1_provisional
SSM-NEUTRON-NOISE-RD-07,SU02_reference_and_temporal_pattern,参考基线与时间模式,F02_reference_and_temporal_pattern,existing_manual_applicability_to_function_family_v1,semantic_unit_v1_provisional
SSM-NEUTRON-NOISE-RD-08,SU01_observed_anomaly_qualification,观测异常与数据合格性,F01_observed_data_qualification,existing_manual_applicability_to_function_family_v1,semantic_unit_v1_provisional
SSM-NEUTRON-NOISE-RD-08,SU10_signal_quality_and_monitoring_limit,通用信号质量与监测边界,F10_generic_signal_quality,existing_manual_applicability_to_function_family_v1,semantic_unit_v1_provisional
SSM-NEUTRON-NOISE-RD-09,SU01_observed_anomaly_qualification,观测异常与数据合格性,F01_observed_data_qualification,existing_manual_applicability_to_function_family_v1,semantic_unit_v1_provisional
SSM-NEUTRON-NOISE-RD-09,SU02_reference_and_temporal_pattern,参考基线与时间模式,F02_reference_and_temporal_pattern,existing_manual_applicability_to_function_family_v1,semantic_unit_v1_provisional
SSM-NEUTRON-NOISE-RD-10,SU01_observed_anomaly_qualification,观测异常与数据合格性,F01_observed_data_qualification,existing_manual_applicability_to_function_family_v1,semantic_unit_v1_provisional
SSM-NEUTRON-NOISE-RD-10,SU10_signal_quality_and_monitoring_limit,通用信号质量与监测边界,F10_generic_signal_quality,existing_manual_applicability_to_function_family_v1,semantic_unit_v1_provisional
