model,chunk_size,chunk_overlap,query_id,query,family,language,extra_docs,trial,top1_score,top10_mean_score,iaea_priority_top10,first_iaea_rank
sentence-transformers/all-MiniLM-L6-v2,800,80,baseline_zh_core,中子,baseline,zh,0,0,0.2632147967815399,0.2128821164369583,1.0,1
sentence-transformers/all-MiniLM-L6-v2,800,80,baseline_zh_core,中子,baseline,zh,5,0,0.2632147967815399,0.21506421267986298,0.7,1
sentence-transformers/all-MiniLM-L6-v2,800,80,baseline_zh_core,中子,baseline,zh,5,1,0.2632147967815399,0.21533557772636414,0.8,1
sentence-transformers/all-MiniLM-L6-v2,800,80,baseline_zh_core,中子,baseline,zh,5,2,0.2632147967815399,0.2148507833480835,0.9,1
sentence-transformers/all-MiniLM-L6-v2,800,80,baseline_zh_core,中子,baseline,zh,5,3,0.2632147967815399,0.2380887269973755,0.2,1
sentence-transformers/all-MiniLM-L6-v2,800,80,baseline_zh_core,中子,baseline,zh,5,4,0.2632147967815399,0.21980106830596924,0.9,1
sentence-transformers/all-MiniLM-L6-v2,800,80,baseline_zh_core,中子,baseline,zh,5,5,0.2632147967815399,0.22670014202594757,0.5,1
sentence-transformers/all-MiniLM-L6-v2,800,80,baseline_zh_core,中子,baseline,zh,5,6,0.2632147967815399,0.2131410539150238,0.8,1
sentence-transformers/all-MiniLM-L6-v2,800,80,baseline_zh_core,中子,baseline,zh,5,7,0.2632147967815399,0.21837112307548523,0.7,1
sentence-transformers/all-MiniLM-L6-v2,800,80,baseline_zh_core,中子,baseline,zh,5,8,0.2632147967815399,0.21533557772636414,0.7,1
sentence-transformers/all-MiniLM-L6-v2,800,80,baseline_zh_core,中子,baseline,zh,5,9,0.2632147967815399,0.221278116106987,0.6,1
sentence-transformers/all-MiniLM-L6-v2,800,80,baseline_zh_core,中子,baseline,zh,10,0,0.2632147967815399,0.22585558891296387,0.4,1
sentence-transformers/all-MiniLM-L6-v2,800,80,baseline_zh_core,中子,baseline,zh,10,1,0.2632147967815399,0.2261093556880951,0.4,1
sentence-transformers/all-MiniLM-L6-v2,800,80,baseline_zh_core,中子,baseline,zh,10,2,0.2632147967815399,0.22796866297721863,0.4,1
sentence-transformers/all-MiniLM-L6-v2,800,80,baseline_zh_core,中子,baseline,zh,10,3,0.2632147967815399,0.23749132454395294,0.2,1
sentence-transformers/all-MiniLM-L6-v2,800,80,baseline_zh_core,中子,baseline,zh,10,4,0.2632147967815399,0.21841755509376526,0.7,1
sentence-transformers/all-MiniLM-L6-v2,800,80,baseline_zh_core,中子,baseline,zh,10,5,0.2632147967815399,0.22696402668952942,0.5,1
sentence-transformers/all-MiniLM-L6-v2,800,80,baseline_zh_core,中子,baseline,zh,10,6,0.2632147967815399,0.22496259212493896,0.5,1
sentence-transformers/all-MiniLM-L6-v2,800,80,baseline_zh_core,中子,baseline,zh,10,7,0.2632147967815399,0.23359043896198273,0.4,1
sentence-transformers/all-MiniLM-L6-v2,800,80,baseline_zh_core,中子,baseline,zh,10,8,0.2632147967815399,0.21667146682739258,0.7,1
sentence-transformers/all-MiniLM-L6-v2,800,80,baseline_zh_core,中子,baseline,zh,10,9,0.2632147967815399,0.22831913828849792,0.5,1
sentence-transformers/all-MiniLM-L6-v2,800,80,baseline_zh_core,中子,baseline,zh,15,0,0.2632147967815399,0.2336948812007904,0.4,1
sentence-transformers/all-MiniLM-L6-v2,800,80,baseline_zh_core,中子,baseline,zh,15,1,0.2632147967815399,0.2304462194442749,0.3,1
sentence-transformers/all-MiniLM-L6-v2,800,80,baseline_zh_core,中子,baseline,zh,15,2,0.2632147967815399,0.23211565613746643,0.3,1
sentence-transformers/all-MiniLM-L6-v2,800,80,baseline_zh_core,中子,baseline,zh,15,3,0.2632147967815399,0.2365168333053589,0.2,1
sentence-transformers/all-MiniLM-L6-v2,800,80,baseline_zh_core,中子,baseline,zh,15,4,0.2632147967815399,0.24169418215751648,0.2,1
sentence-transformers/all-MiniLM-L6-v2,800,80,baseline_zh_core,中子,baseline,zh,15,5,0.2632147967815399,0.22736585140228271,0.6,1
sentence-transformers/all-MiniLM-L6-v2,800,80,baseline_zh_core,中子,baseline,zh,15,6,0.2632147967815399,0.23765115439891815,0.2,1
sentence-transformers/all-MiniLM-L6-v2,800,80,baseline_zh_core,中子,baseline,zh,15,7,0.2632147967815399,0.2329699695110321,0.4,1
sentence-transformers/all-MiniLM-L6-v2,800,80,baseline_zh_core,中子,baseline,zh,15,8,0.2632147967815399,0.22546999156475067,0.6,1
sentence-transformers/all-MiniLM-L6-v2,800,80,baseline_zh_core,中子,baseline,zh,15,9,0.2632147967815399,0.23543235659599304,0.2,1
sentence-transformers/all-MiniLM-L6-v2,800,80,baseline_zh_core,中子,baseline,zh,20,0,0.2632147967815399,0.24318206310272217,0.2,1
sentence-transformers/all-MiniLM-L6-v2,800,80,baseline_zh_core,中子,baseline,zh,20,1,0.2632147967815399,0.24095399677753448,0.2,1
sentence-transformers/all-MiniLM-L6-v2,800,80,baseline_zh_core,中子,baseline,zh,20,2,0.2632147967815399,0.2268344610929489,0.4,1
sentence-transformers/all-MiniLM-L6-v2,800,80,baseline_zh_core,中子,baseline,zh,20,3,0.2632147967815399,0.24169418215751648,0.2,1
sentence-transformers/all-MiniLM-L6-v2,800,80,baseline_zh_core,中子,baseline,zh,20,4,0.2632147967815399,0.23507747054100037,0.4,1
sentence-transformers/all-MiniLM-L6-v2,800,80,baseline_zh_core,中子,baseline,zh,20,5,0.2632147967815399,0.23237165808677673,0.4,1
sentence-transformers/all-MiniLM-L6-v2,800,80,baseline_zh_core,中子,baseline,zh,20,6,0.2632147967815399,0.23324254155158997,0.3,1
sentence-transformers/all-MiniLM-L6-v2,800,80,baseline_zh_core,中子,baseline,zh,20,7,0.2632147967815399,0.23531801998615265,0.3,1
sentence-transformers/all-MiniLM-L6-v2,800,80,baseline_zh_core,中子,baseline,zh,20,8,0.2632147967815399,0.24247905611991882,0.2,1
sentence-transformers/all-MiniLM-L6-v2,800,80,baseline_zh_core,中子,baseline,zh,20,9,0.2632147967815399,0.24117445945739746,0.2,1
sentence-transformers/all-MiniLM-L6-v2,800,80,baseline_zh_core,中子,baseline,zh,25,0,0.2632147967815399,0.2367475926876068,0.2,1
sentence-transformers/all-MiniLM-L6-v2,800,80,baseline_zh_core,中子,baseline,zh,25,1,0.2632147967815399,0.23708149790763855,0.2,1
sentence-transformers/all-MiniLM-L6-v2,800,80,baseline_zh_core,中子,baseline,zh,25,2,0.2632147967815399,0.23192918300628662,0.4,1
sentence-transformers/all-MiniLM-L6-v2,800,80,baseline_zh_core,中子,baseline,zh,25,3,0.2632147967815399,0.2325419932603836,0.3,1
sentence-transformers/all-MiniLM-L6-v2,800,80,baseline_zh_core,中子,baseline,zh,25,4,0.2632147967815399,0.23655717074871063,0.3,1
sentence-transformers/all-MiniLM-L6-v2,800,80,baseline_zh_core,中子,baseline,zh,25,5,0.2632147967815399,0.2258538454771042,0.4,1
sentence-transformers/all-MiniLM-L6-v2,800,80,baseline_zh_core,中子,baseline,zh,25,6,0.2632147967815399,0.2387409508228302,0.2,1
sentence-transformers/all-MiniLM-L6-v2,800,80,baseline_zh_core,中子,baseline,zh,25,7,0.2632147967815399,0.2459651678800583,0.2,1
sentence-transformers/all-MiniLM-L6-v2,800,80,baseline_zh_core,中子,baseline,zh,25,8,0.2632147967815399,0.24429063498973846,0.2,1
sentence-transformers/all-MiniLM-L6-v2,800,80,baseline_zh_core,中子,baseline,zh,25,9,0.2632147967815399,0.23889818787574768,0.2,1
sentence-transformers/all-MiniLM-L6-v2,800,80,baseline_zh_core,中子,baseline,zh,30,0,0.2632147967815399,0.2390744686126709,0.2,1
sentence-transformers/all-MiniLM-L6-v2,800,80,baseline_zh_core,中子,baseline,zh,30,1,0.2632147967815399,0.23726482689380646,0.3,1
sentence-transformers/all-MiniLM-L6-v2,800,80,baseline_zh_core,中子,baseline,zh,30,2,0.2632147967815399,0.23696961998939514,0.2,1
sentence-transformers/all-MiniLM-L6-v2,800,80,baseline_zh_core,中子,baseline,zh,30,3,0.2632147967815399,0.23750202357769012,0.3,1
sentence-transformers/all-MiniLM-L6-v2,800,80,baseline_zh_core,中子,baseline,zh,30,4,0.2632147967815399,0.2352387011051178,0.2,1
sentence-transformers/all-MiniLM-L6-v2,800,80,baseline_zh_core,中子,baseline,zh,30,5,0.2632147967815399,0.24153295159339905,0.2,1
sentence-transformers/all-MiniLM-L6-v2,800,80,baseline_zh_core,中子,baseline,zh,30,6,0.2632147967815399,0.23181509971618652,0.4,1
sentence-transformers/all-MiniLM-L6-v2,800,80,baseline_zh_core,中子,baseline,zh,30,7,0.2632147967815399,0.2328912317752838,0.2,1
sentence-transformers/all-MiniLM-L6-v2,800,80,baseline_zh_core,中子,baseline,zh,30,8,0.2632147967815399,0.24499066174030304,0.2,1
sentence-transformers/all-MiniLM-L6-v2,800,80,baseline_zh_core,中子,baseline,zh,30,9,0.2632147967815399,0.23669762909412384,0.2,1
sentence-transformers/all-MiniLM-L6-v2,800,80,baseline_zh_core,中子,baseline,zh,35,0,0.2632147967815399,0.2447267770767212,0.2,1
sentence-transformers/all-MiniLM-L6-v2,800,80,baseline_zh_core,中子,baseline,zh,35,1,0.2632147967815399,0.241780087351799,0.2,1
sentence-transformers/all-MiniLM-L6-v2,800,80,baseline_zh_core,中子,baseline,zh,35,2,0.2632147967815399,0.24330905079841614,0.2,1
sentence-transformers/all-MiniLM-L6-v2,800,80,baseline_zh_core,中子,baseline,zh,35,3,0.2632147967815399,0.24012228846549988,0.2,1
sentence-transformers/all-MiniLM-L6-v2,800,80,baseline_zh_core,中子,baseline,zh,35,4,0.2632147967815399,0.24499066174030304,0.2,1
sentence-transformers/all-MiniLM-L6-v2,800,80,baseline_zh_core,中子,baseline,zh,35,5,0.2632147967815399,0.24117445945739746,0.2,1
sentence-transformers/all-MiniLM-L6-v2,800,80,baseline_zh_core,中子,baseline,zh,35,6,0.2632147967815399,0.24109677970409393,0.2,1
sentence-transformers/all-MiniLM-L6-v2,800,80,baseline_zh_core,中子,baseline,zh,35,7,0.2632147967815399,0.24661190807819366,0.2,1
sentence-transformers/all-MiniLM-L6-v2,800,80,baseline_zh_core,中子,baseline,zh,35,8,0.2632147967815399,0.24661190807819366,0.2,1
sentence-transformers/all-MiniLM-L6-v2,800,80,baseline_zh_core,中子,baseline,zh,35,9,0.2632147967815399,0.24661190807819366,0.2,1
sentence-transformers/all-MiniLM-L6-v2,800,80,baseline_zh_core,中子,baseline,zh,40,0,0.2632147967815399,0.24661190807819366,0.2,1
sentence-transformers/all-MiniLM-L6-v2,800,80,baseline_zh_core,中子,baseline,zh,40,1,0.2632147967815399,0.24661190807819366,0.2,1
sentence-transformers/all-MiniLM-L6-v2,800,80,baseline_zh_core,中子,baseline,zh,40,2,0.2632147967815399,0.24563738703727722,0.2,1
sentence-transformers/all-MiniLM-L6-v2,800,80,baseline_zh_core,中子,baseline,zh,40,3,0.2632147967815399,0.24661190807819366,0.2,1
sentence-transformers/all-MiniLM-L6-v2,800,80,baseline_zh_core,中子,baseline,zh,40,4,0.2632147967815399,0.24563738703727722,0.2,1
sentence-transformers/all-MiniLM-L6-v2,800,80,baseline_zh_core,中子,baseline,zh,40,5,0.2632147967815399,0.24661190807819366,0.2,1
sentence-transformers/all-MiniLM-L6-v2,800,80,baseline_zh_core,中子,baseline,zh,40,6,0.2632147967815399,0.24609215557575226,0.2,1
sentence-transformers/all-MiniLM-L6-v2,800,80,baseline_zh_core,中子,baseline,zh,40,7,0.2632147967815399,0.24493734538555145,0.2,1
sentence-transformers/all-MiniLM-L6-v2,800,80,baseline_zh_core,中子,baseline,zh,40,8,0.2632147967815399,0.24661190807819366,0.2,1
sentence-transformers/all-MiniLM-L6-v2,800,80,baseline_zh_core,中子,baseline,zh,40,9,0.2632147967815399,0.24609215557575226,0.2,1
sentence-transformers/all-MiniLM-L6-v2,800,80,baseline_zh_core,中子,baseline,zh,45,0,0.2632147967815399,0.24357199668884277,0.2,1
sentence-transformers/all-MiniLM-L6-v2,800,80,baseline_zh_core,中子,baseline,zh,45,1,0.2632147967815399,0.24330905079841614,0.2,1
sentence-transformers/all-MiniLM-L6-v2,800,80,baseline_zh_core,中子,baseline,zh,45,2,0.2632147967815399,0.24661190807819366,0.2,1
sentence-transformers/all-MiniLM-L6-v2,800,80,baseline_zh_core,中子,baseline,zh,45,3,0.2632147967815399,0.24493734538555145,0.2,1
sentence-transformers/all-MiniLM-L6-v2,800,80,baseline_zh_core,中子,baseline,zh,45,4,0.2632147967815399,0.2452465295791626,0.2,1
sentence-transformers/all-MiniLM-L6-v2,800,80,baseline_zh_core,中子,baseline,zh,45,5,0.2632147967815399,0.24661190807819366,0.2,1
sentence-transformers/all-MiniLM-L6-v2,800,80,baseline_zh_core,中子,baseline,zh,45,6,0.2632147967815399,0.24045392870903015,0.2,1
sentence-transformers/all-MiniLM-L6-v2,800,80,baseline_zh_core,中子,baseline,zh,45,7,0.2632147967815399,0.24661190807819366,0.2,1
sentence-transformers/all-MiniLM-L6-v2,800,80,baseline_zh_core,中子,baseline,zh,45,8,0.2632147967815399,0.24661190807819366,0.2,1
sentence-transformers/all-MiniLM-L6-v2,800,80,baseline_zh_core,中子,baseline,zh,45,9,0.2632147967815399,0.24661190807819366,0.2,1
sentence-transformers/all-MiniLM-L6-v2,800,80,baseline_zh_core,中子,baseline,zh,50,0,0.2632147967815399,0.24563738703727722,0.2,1
sentence-transformers/all-MiniLM-L6-v2,800,80,baseline_zh_core,中子,baseline,zh,50,1,0.2632147967815399,0.24661190807819366,0.2,1
sentence-transformers/all-MiniLM-L6-v2,800,80,baseline_zh_core,中子,baseline,zh,50,2,0.2632147967815399,0.24661190807819366,0.2,1
sentence-transformers/all-MiniLM-L6-v2,800,80,baseline_zh_core,中子,baseline,zh,50,3,0.2632147967815399,0.24661190807819366,0.2,1
sentence-transformers/all-MiniLM-L6-v2,800,80,baseline_zh_core,中子,baseline,zh,50,4,0.2632147967815399,0.24661190807819366,0.2,1
sentence-transformers/all-MiniLM-L6-v2,800,80,baseline_zh_core,中子,baseline,zh,50,5,0.2632147967815399,0.24493734538555145,0.2,1
sentence-transformers/all-MiniLM-L6-v2,800,80,baseline_zh_core,中子,baseline,zh,50,6,0.2632147967815399,0.24661190807819366,0.2,1
sentence-transformers/all-MiniLM-L6-v2,800,80,baseline_zh_core,中子,baseline,zh,50,7,0.2632147967815399,0.24661190807819366,0.2,1
sentence-transformers/all-MiniLM-L6-v2,800,80,baseline_zh_core,中子,baseline,zh,50,8,0.2632147967815399,0.241780087351799,0.2,1
sentence-transformers/all-MiniLM-L6-v2,800,80,baseline_zh_core,中子,baseline,zh,50,9,0.2632147967815399,0.24661190807819366,0.2,1
sentence-transformers/all-MiniLM-L6-v2,800,80,baseline_zh_core,中子,baseline,zh,51,0,0.2632147967815399,0.24661190807819366,0.2,1
sentence-transformers/all-MiniLM-L6-v2,800,80,baseline_zh_core,中子,baseline,zh,51,1,0.2632147967815399,0.24661190807819366,0.2,1
sentence-transformers/all-MiniLM-L6-v2,800,80,baseline_zh_core,中子,baseline,zh,51,2,0.2632147967815399,0.24661190807819366,0.2,1
sentence-transformers/all-MiniLM-L6-v2,800,80,baseline_zh_core,中子,baseline,zh,51,3,0.2632147967815399,0.24661190807819366,0.2,1
sentence-transformers/all-MiniLM-L6-v2,800,80,baseline_zh_core,中子,baseline,zh,51,4,0.2632147967815399,0.24661190807819366,0.2,1
sentence-transformers/all-MiniLM-L6-v2,800,80,baseline_zh_core,中子,baseline,zh,51,5,0.2632147967815399,0.24661190807819366,0.2,1
sentence-transformers/all-MiniLM-L6-v2,800,80,baseline_zh_core,中子,baseline,zh,51,6,0.2632147967815399,0.24661190807819366,0.2,1
sentence-transformers/all-MiniLM-L6-v2,800,80,baseline_zh_core,中子,baseline,zh,51,7,0.2632147967815399,0.24661190807819366,0.2,1
sentence-transformers/all-MiniLM-L6-v2,800,80,baseline_zh_core,中子,baseline,zh,51,8,0.2632147967815399,0.24661190807819366,0.2,1
sentence-transformers/all-MiniLM-L6-v2,800,80,baseline_zh_core,中子,baseline,zh,51,9,0.2632147967815399,0.24661190807819366,0.2,1
sentence-transformers/all-MiniLM-L6-v2,800,80,baseline_en_core,neutron,baseline,en,0,0,0.6281368136405945,0.543728232383728,1.0,1
sentence-transformers/all-MiniLM-L6-v2,800,80,baseline_en_core,neutron,baseline,en,5,0,0.6281368136405945,0.5538701415061951,0.7,1
sentence-transformers/all-MiniLM-L6-v2,800,80,baseline_en_core,neutron,baseline,en,5,1,0.6281368136405945,0.5517697930335999,0.7,1
sentence-transformers/all-MiniLM-L6-v2,800,80,baseline_en_core,neutron,baseline,en,5,2,0.6281368136405945,0.5463794469833374,0.9,1
sentence-transformers/all-MiniLM-L6-v2,800,80,baseline_en_core,neutron,baseline,en,5,3,0.6281368136405945,0.5627781748771667,0.7,1
sentence-transformers/all-MiniLM-L6-v2,800,80,baseline_en_core,neutron,baseline,en,5,4,0.6281368136405945,0.5554308295249939,0.7,1
sentence-transformers/all-MiniLM-L6-v2,800,80,baseline_en_core,neutron,baseline,en,5,5,0.6281368136405945,0.5563324689865112,0.7,1
sentence-transformers/all-MiniLM-L6-v2,800,80,baseline_en_core,neutron,baseline,en,5,6,0.6281368136405945,0.5508016347885132,0.7,1
sentence-transformers/all-MiniLM-L6-v2,800,80,baseline_en_core,neutron,baseline,en,5,7,0.6281368136405945,0.5565012097358704,0.6,1
sentence-transformers/all-MiniLM-L6-v2,800,80,baseline_en_core,neutron,baseline,en,5,8,0.6281368136405945,0.5612775087356567,0.7,1
sentence-transformers/all-MiniLM-L6-v2,800,80,baseline_en_core,neutron,baseline,en,5,9,0.6281368136405945,0.5538701415061951,0.7,1
sentence-transformers/all-MiniLM-L6-v2,800,80,baseline_en_core,neutron,baseline,en,10,0,0.6281368136405945,0.543728232383728,1.0,1
sentence-transformers/all-MiniLM-L6-v2,800,80,baseline_en_core,neutron,baseline,en,10,1,0.6281368136405945,0.5619522333145142,0.6,1
sentence-transformers/all-MiniLM-L6-v2,800,80,baseline_en_core,neutron,baseline,en,10,2,0.6281368136405945,0.5782647132873535,0.5,1
sentence-transformers/all-MiniLM-L6-v2,800,80,baseline_en_core,neutron,baseline,en,10,3,0.6281368136405945,0.5522357225418091,0.7,1
sentence-transformers/all-MiniLM-L6-v2,800,80,baseline_en_core,neutron,baseline,en,10,4,0.6281368136405945,0.5612775087356567,0.7,1
sentence-transformers/all-MiniLM-L6-v2,800,80,baseline_en_core,neutron,baseline,en,10,5,0.6281368136405945,0.5594643354415894,0.7,1
sentence-transformers/all-MiniLM-L6-v2,800,80,baseline_en_core,neutron,baseline,en,10,6,0.6281368136405945,0.5612775087356567,0.7,1
sentence-transformers/all-MiniLM-L6-v2,800,80,baseline_en_core,neutron,baseline,en,10,7,0.6384793519973755,0.6057947874069214,0.3,2
sentence-transformers/all-MiniLM-L6-v2,800,80,baseline_en_core,neutron,baseline,en,10,8,0.6281368136405945,0.5610064268112183,0.7,1
sentence-transformers/all-MiniLM-L6-v2,800,80,baseline_en_core,neutron,baseline,en,10,9,0.6281368136405945,0.5620396733283997,0.6,1
sentence-transformers/all-MiniLM-L6-v2,800,80,baseline_en_core,neutron,baseline,en,15,0,0.6384793519973755,0.6019662618637085,0.3,2
sentence-transformers/all-MiniLM-L6-v2,800,80,baseline_en_core,neutron,baseline,en,15,1,0.6384793519973755,0.6057947874069214,0.3,2
sentence-transformers/all-MiniLM-L6-v2,800,80,baseline_en_core,neutron,baseline,en,15,2,0.6281368136405945,0.5538701415061951,0.7,1
sentence-transformers/all-MiniLM-L6-v2,800,80,baseline_en_core,neutron,baseline,en,15,3,0.6281368136405945,0.5580787658691406,0.6,1
sentence-transformers/all-MiniLM-L6-v2,800,80,baseline_en_core,neutron,baseline,en,15,4,0.6281368136405945,0.5732635259628296,0.5,1
sentence-transformers/all-MiniLM-L6-v2,800,80,baseline_en_core,neutron,baseline,en,15,5,0.6281368136405945,0.5624611377716064,0.6,1
sentence-transformers/all-MiniLM-L6-v2,800,80,baseline_en_core,neutron,baseline,en,15,6,0.6384793519973755,0.6083491444587708,0.3,2
sentence-transformers/all-MiniLM-L6-v2,800,80,baseline_en_core,neutron,baseline,en,15,7,0.6281368136405945,0.5659355521202087,0.6,1
sentence-transformers/all-MiniLM-L6-v2,800,80,baseline_en_core,neutron,baseline,en,15,8,0.6281368136405945,0.5657237768173218,0.6,1
sentence-transformers/all-MiniLM-L6-v2,800,80,baseline_en_core,neutron,baseline,en,15,9,0.6384793519973755,0.6019662618637085,0.3,2
sentence-transformers/all-MiniLM-L6-v2,800,80,baseline_en_core,neutron,baseline,en,20,0,0.6281368136405945,0.5694475769996643,0.6,1
sentence-transformers/all-MiniLM-L6-v2,800,80,baseline_en_core,neutron,baseline,en,20,1,0.6281368136405945,0.5797092318534851,0.5,1
sentence-transformers/all-MiniLM-L6-v2,800,80,baseline_en_core,neutron,baseline,en,20,2,0.6281368136405945,0.5846782922744751,0.4,1
sentence-transformers/all-MiniLM-L6-v2,800,80,baseline_en_core,neutron,baseline,en,20,3,0.6384793519973755,0.6057947874069214,0.3,2
sentence-transformers/all-MiniLM-L6-v2,800,80,baseline_en_core,neutron,baseline,en,20,4,0.6281368136405945,0.5808277130126953,0.4,1
sentence-transformers/all-MiniLM-L6-v2,800,80,baseline_en_core,neutron,baseline,en,20,5,0.6281368136405945,0.5857218503952026,0.3,1
sentence-transformers/all-MiniLM-L6-v2,800,80,baseline_en_core,neutron,baseline,en,20,6,0.6384793519973755,0.6043362021446228,0.3,2
sentence-transformers/all-MiniLM-L6-v2,800,80,baseline_en_core,neutron,baseline,en,20,7,0.6384793519973755,0.6080220341682434,0.3,2
sentence-transformers/all-MiniLM-L6-v2,800,80,baseline_en_core,neutron,baseline,en,20,8,0.6384793519973755,0.606423020362854,0.3,2
sentence-transformers/all-MiniLM-L6-v2,800,80,baseline_en_core,neutron,baseline,en,20,9,0.6281368136405945,0.5641524195671082,0.6,1
sentence-transformers/all-MiniLM-L6-v2,800,80,baseline_en_core,neutron,baseline,en,25,0,0.6281368136405945,0.5808277130126953,0.4,1
sentence-transformers/all-MiniLM-L6-v2,800,80,baseline_en_core,neutron,baseline,en,25,1,0.6384793519973755,0.6043362021446228,0.3,2
sentence-transformers/all-MiniLM-L6-v2,800,80,baseline_en_core,neutron,baseline,en,25,2,0.6384793519973755,0.6083491444587708,0.3,2
sentence-transformers/all-MiniLM-L6-v2,800,80,baseline_en_core,neutron,baseline,en,25,3,0.6281368136405945,0.5743820667266846,0.4,1
sentence-transformers/all-MiniLM-L6-v2,800,80,baseline_en_core,neutron,baseline,en,25,4,0.6281368136405945,0.5563324689865112,0.7,1
sentence-transformers/all-MiniLM-L6-v2,800,80,baseline_en_core,neutron,baseline,en,25,5,0.6384793519973755,0.6046633124351501,0.3,2
sentence-transformers/all-MiniLM-L6-v2,800,80,baseline_en_core,neutron,baseline,en,25,6,0.6281368136405945,0.5832337141036987,0.4,1
sentence-transformers/all-MiniLM-L6-v2,800,80,baseline_en_core,neutron,baseline,en,25,7,0.6281368136405945,0.5712656378746033,0.6,1
sentence-transformers/all-MiniLM-L6-v2,800,80,baseline_en_core,neutron,baseline,en,25,8,0.6281368136405945,0.566062331199646,0.6,1
sentence-transformers/all-MiniLM-L6-v2,800,80,baseline_en_core,neutron,baseline,en,25,9,0.6384793519973755,0.6083491444587708,0.3,2
sentence-transformers/all-MiniLM-L6-v2,800,80,baseline_en_core,neutron,baseline,en,30,0,0.6384793519973755,0.6081947684288025,0.3,2
sentence-transformers/all-MiniLM-L6-v2,800,80,baseline_en_core,neutron,baseline,en,30,1,0.6384793519973755,0.6083491444587708,0.3,2
sentence-transformers/all-MiniLM-L6-v2,800,80,baseline_en_core,neutron,baseline,en,30,2,0.6384793519973755,0.6080220341682434,0.3,2
sentence-transformers/all-MiniLM-L6-v2,800,80,baseline_en_core,neutron,baseline,en,30,3,0.6281368136405945,0.5642905831336975,0.6,1
sentence-transformers/all-MiniLM-L6-v2,800,80,baseline_en_core,neutron,baseline,en,30,4,0.6281368136405945,0.5808277130126953,0.4,1
sentence-transformers/all-MiniLM-L6-v2,800,80,baseline_en_core,neutron,baseline,en,30,5,0.6281368136405945,0.5857218503952026,0.3,1
sentence-transformers/all-MiniLM-L6-v2,800,80,baseline_en_core,neutron,baseline,en,30,6,0.6281368136405945,0.5709384679794312,0.6,1
sentence-transformers/all-MiniLM-L6-v2,800,80,baseline_en_core,neutron,baseline,en,30,7,0.6281368136405945,0.5680029988288879,0.6,1
sentence-transformers/all-MiniLM-L6-v2,800,80,baseline_en_core,neutron,baseline,en,30,8,0.6384793519973755,0.6083491444587708,0.3,2
sentence-transformers/all-MiniLM-L6-v2,800,80,baseline_en_core,neutron,baseline,en,30,9,0.6384793519973755,0.6057947874069214,0.3,2
sentence-transformers/all-MiniLM-L6-v2,800,80,baseline_en_core,neutron,baseline,en,35,0,0.6384793519973755,0.6083491444587708,0.3,2
sentence-transformers/all-MiniLM-L6-v2,800,80,baseline_en_core,neutron,baseline,en,35,1,0.6384793519973755,0.6067501306533813,0.3,2
sentence-transformers/all-MiniLM-L6-v2,800,80,baseline_en_core,neutron,baseline,en,35,2,0.6281368136405945,0.5898995995521545,0.3,1
sentence-transformers/all-MiniLM-L6-v2,800,80,baseline_en_core,neutron,baseline,en,35,3,0.6384793519973755,0.6067501306533813,0.3,2
sentence-transformers/all-MiniLM-L6-v2,800,80,baseline_en_core,neutron,baseline,en,35,4,0.6384793519973755,0.6083491444587708,0.3,2
sentence-transformers/all-MiniLM-L6-v2,800,80,baseline_en_core,neutron,baseline,en,35,5,0.6384793519973755,0.606423020362854,0.3,2
sentence-transformers/all-MiniLM-L6-v2,800,80,baseline_en_core,neutron,baseline,en,35,6,0.6384793519973755,0.6083491444587708,0.3,2
sentence-transformers/all-MiniLM-L6-v2,800,80,baseline_en_core,neutron,baseline,en,35,7,0.6384793519973755,0.6083491444587708,0.3,2
sentence-transformers/all-MiniLM-L6-v2,800,80,baseline_en_core,neutron,baseline,en,35,8,0.6384793519973755,0.6065773963928223,0.3,2
sentence-transformers/all-MiniLM-L6-v2,800,80,baseline_en_core,neutron,baseline,en,35,9,0.6384793519973755,0.606423020362854,0.3,2
sentence-transformers/all-MiniLM-L6-v2,800,80,baseline_en_core,neutron,baseline,en,40,0,0.6281368136405945,0.5898995995521545,0.3,1
sentence-transformers/all-MiniLM-L6-v2,800,80,baseline_en_core,neutron,baseline,en,40,1,0.6384793519973755,0.6081947684288025,0.3,2
sentence-transformers/all-MiniLM-L6-v2,800,80,baseline_en_core,neutron,baseline,en,40,2,0.6384793519973755,0.6083491444587708,0.3,2
sentence-transformers/all-MiniLM-L6-v2,800,80,baseline_en_core,neutron,baseline,en,40,3,0.6281368136405945,0.5842772722244263,0.3,1
sentence-transformers/all-MiniLM-L6-v2,800,80,baseline_en_core,neutron,baseline,en,40,4,0.6384793519973755,0.6057947874069214,0.3,2
sentence-transformers/all-MiniLM-L6-v2,800,80,baseline_en_core,neutron,baseline,en,40,5,0.6384793519973755,0.6067501306533813,0.3,2
sentence-transformers/all-MiniLM-L6-v2,800,80,baseline_en_core,neutron,baseline,en,40,6,0.6384793519973755,0.6081947684288025,0.3,2
sentence-transformers/all-MiniLM-L6-v2,800,80,baseline_en_core,neutron,baseline,en,40,7,0.6384793519973755,0.6083491444587708,0.3,2
sentence-transformers/all-MiniLM-L6-v2,800,80,baseline_en_core,neutron,baseline,en,40,8,0.6384793519973755,0.6083491444587708,0.3,2
sentence-transformers/all-MiniLM-L6-v2,800,80,baseline_en_core,neutron,baseline,en,40,9,0.6384793519973755,0.6067501306533813,0.3,2
sentence-transformers/all-MiniLM-L6-v2,800,80,baseline_en_core,neutron,baseline,en,45,0,0.6384793519973755,0.6083491444587708,0.3,2
sentence-transformers/all-MiniLM-L6-v2,800,80,baseline_en_core,neutron,baseline,en,45,1,0.6384793519973755,0.6083491444587708,0.3,2
sentence-transformers/all-MiniLM-L6-v2,800,80,baseline_en_core,neutron,baseline,en,45,2,0.6281368136405945,0.5898995995521545,0.3,1
sentence-transformers/all-MiniLM-L6-v2,800,80,baseline_en_core,neutron,baseline,en,45,3,0.6384793519973755,0.6083491444587708,0.3,2
sentence-transformers/all-MiniLM-L6-v2,800,80,baseline_en_core,neutron,baseline,en,45,4,0.6384793519973755,0.6083491444587708,0.3,2
sentence-transformers/all-MiniLM-L6-v2,800,80,baseline_en_core,neutron,baseline,en,45,5,0.6384793519973755,0.6083491444587708,0.3,2
sentence-transformers/all-MiniLM-L6-v2,800,80,baseline_en_core,neutron,baseline,en,45,6,0.6384793519973755,0.6067501306533813,0.3,2
sentence-transformers/all-MiniLM-L6-v2,800,80,baseline_en_core,neutron,baseline,en,45,7,0.6384793519973755,0.6083491444587708,0.3,2
sentence-transformers/all-MiniLM-L6-v2,800,80,baseline_en_core,neutron,baseline,en,45,8,0.6384793519973755,0.6083491444587708,0.3,2
sentence-transformers/all-MiniLM-L6-v2,800,80,baseline_en_core,neutron,baseline,en,45,9,0.6384793519973755,0.6083491444587708,0.3,2
sentence-transformers/all-MiniLM-L6-v2,800,80,baseline_en_core,neutron,baseline,en,50,0,0.6384793519973755,0.6083491444587708,0.3,2
sentence-transformers/all-MiniLM-L6-v2,800,80,baseline_en_core,neutron,baseline,en,50,1,0.6384793519973755,0.6083491444587708,0.3,2
sentence-transformers/all-MiniLM-L6-v2,800,80,baseline_en_core,neutron,baseline,en,50,2,0.6384793519973755,0.6083491444587708,0.3,2
sentence-transformers/all-MiniLM-L6-v2,800,80,baseline_en_core,neutron,baseline,en,50,3,0.6384793519973755,0.6067501306533813,0.3,2
sentence-transformers/all-MiniLM-L6-v2,800,80,baseline_en_core,neutron,baseline,en,50,4,0.6384793519973755,0.6083491444587708,0.3,2
sentence-transformers/all-MiniLM-L6-v2,800,80,baseline_en_core,neutron,baseline,en,50,5,0.6384793519973755,0.6083491444587708,0.3,2
sentence-transformers/all-MiniLM-L6-v2,800,80,baseline_en_core,neutron,baseline,en,50,6,0.6384793519973755,0.6083491444587708,0.3,2
sentence-transformers/all-MiniLM-L6-v2,800,80,baseline_en_core,neutron,baseline,en,50,7,0.6384793519973755,0.6083491444587708,0.3,2
sentence-transformers/all-MiniLM-L6-v2,800,80,baseline_en_core,neutron,baseline,en,50,8,0.6384793519973755,0.6083491444587708,0.3,2
sentence-transformers/all-MiniLM-L6-v2,800,80,baseline_en_core,neutron,baseline,en,50,9,0.6384793519973755,0.6083491444587708,0.3,2
sentence-transformers/all-MiniLM-L6-v2,800,80,baseline_en_core,neutron,baseline,en,51,0,0.6384793519973755,0.6083491444587708,0.3,2
sentence-transformers/all-MiniLM-L6-v2,800,80,baseline_en_core,neutron,baseline,en,51,1,0.6384793519973755,0.6083491444587708,0.3,2
sentence-transformers/all-MiniLM-L6-v2,800,80,baseline_en_core,neutron,baseline,en,51,2,0.6384793519973755,0.6083491444587708,0.3,2
sentence-transformers/all-MiniLM-L6-v2,800,80,baseline_en_core,neutron,baseline,en,51,3,0.6384793519973755,0.6083491444587708,0.3,2
sentence-transformers/all-MiniLM-L6-v2,800,80,baseline_en_core,neutron,baseline,en,51,4,0.6384793519973755,0.6083491444587708,0.3,2
sentence-transformers/all-MiniLM-L6-v2,800,80,baseline_en_core,neutron,baseline,en,51,5,0.6384793519973755,0.6083491444587708,0.3,2
sentence-transformers/all-MiniLM-L6-v2,800,80,baseline_en_core,neutron,baseline,en,51,6,0.6384793519973755,0.6083491444587708,0.3,2
sentence-transformers/all-MiniLM-L6-v2,800,80,baseline_en_core,neutron,baseline,en,51,7,0.6384793519973755,0.6083491444587708,0.3,2
sentence-transformers/all-MiniLM-L6-v2,800,80,baseline_en_core,neutron,baseline,en,51,8,0.6384793519973755,0.6083491444587708,0.3,2
sentence-transformers/all-MiniLM-L6-v2,800,80,baseline_en_core,neutron,baseline,en,51,9,0.6384793519973755,0.6083491444587708,0.3,2
sentence-transformers/all-MiniLM-L6-v2,800,80,baseline_zh_phrase,中子测量电流,baseline,zh,0,0,0.2653745412826538,0.22143296897411346,1.0,1
sentence-transformers/all-MiniLM-L6-v2,800,80,baseline_zh_phrase,中子测量电流,baseline,zh,5,0,0.2653745412826538,0.22182723879814148,0.9,1
sentence-transformers/all-MiniLM-L6-v2,800,80,baseline_zh_phrase,中子测量电流,baseline,zh,5,1,0.2856530547142029,0.2333410680294037,0.7,2
sentence-transformers/all-MiniLM-L6-v2,800,80,baseline_zh_phrase,中子测量电流,baseline,zh,5,2,0.2653745412826538,0.22143296897411346,1.0,1
sentence-transformers/all-MiniLM-L6-v2,800,80,baseline_zh_phrase,中子测量电流,baseline,zh,5,3,0.2655012607574463,0.23783008754253387,0.4,2
sentence-transformers/all-MiniLM-L6-v2,800,80,baseline_zh_phrase,中子测量电流,baseline,zh,5,4,0.2653745412826538,0.22359076142311096,0.8,1
sentence-transformers/all-MiniLM-L6-v2,800,80,baseline_zh_phrase,中子测量电流,baseline,zh,5,5,0.2653745412826538,0.22489604353904724,0.8,1
sentence-transformers/all-MiniLM-L6-v2,800,80,baseline_zh_phrase,中子测量电流,baseline,zh,5,6,0.2856530547142029,0.2333410680294037,0.7,2
sentence-transformers/all-MiniLM-L6-v2,800,80,baseline_zh_phrase,中子测量电流,baseline,zh,5,7,0.2653745412826538,0.23566226661205292,0.4,1
sentence-transformers/all-MiniLM-L6-v2,800,80,baseline_zh_phrase,中子测量电流,baseline,zh,5,8,0.2653745412826538,0.23965123295783997,0.4,1
sentence-transformers/all-MiniLM-L6-v2,800,80,baseline_zh_phrase,中子测量电流,baseline,zh,5,9,0.2653745412826538,0.22143296897411346,1.0,1
sentence-transformers/all-MiniLM-L6-v2,800,80,baseline_zh_phrase,中子测量电流,baseline,zh,10,0,0.2653745412826538,0.23551134765148163,0.4,1
sentence-transformers/all-MiniLM-L6-v2,800,80,baseline_zh_phrase,中子测量电流,baseline,zh,10,1,0.2653745412826538,0.24502186477184296,0.4,1
sentence-transformers/all-MiniLM-L6-v2,800,80,baseline_zh_phrase,中子测量电流,baseline,zh,10,2,0.2653745412826538,0.23372450470924377,0.4,1
sentence-transformers/all-MiniLM-L6-v2,800,80,baseline_zh_phrase,中子测量电流,baseline,zh,10,3,0.2653745412826538,0.2331579625606537,0.4,1
sentence-transformers/all-MiniLM-L6-v2,800,80,baseline_zh_phrase,中子测量电流,baseline,zh,10,4,0.2655012607574463,0.23772640526294708,0.4,2
sentence-transformers/all-MiniLM-L6-v2,800,80,baseline_zh_phrase,中子测量电流,baseline,zh,10,5,0.2655012607574463,0.23772640526294708,0.4,2
sentence-transformers/all-MiniLM-L6-v2,800,80,baseline_zh_phrase,中子测量电流,baseline,zh,10,6,0.2655012607574463,0.24201254546642303,0.4,2
sentence-transformers/all-MiniLM-L6-v2,800,80,baseline_zh_phrase,中子测量电流,baseline,zh,10,7,0.2856530547142029,0.2405778169631958,0.4,2
sentence-transformers/all-MiniLM-L6-v2,800,80,baseline_zh_phrase,中子测量电流,baseline,zh,10,8,0.2653745412826538,0.22323468327522278,0.9,1
sentence-transformers/all-MiniLM-L6-v2,800,80,baseline_zh_phrase,中子测量电流,baseline,zh,10,9,0.2653745412826538,0.22323468327522278,0.9,1
sentence-transformers/all-MiniLM-L6-v2,800,80,baseline_zh_phrase,中子测量电流,baseline,zh,15,0,0.2655012607574463,0.24303603172302246,0.4,2
sentence-transformers/all-MiniLM-L6-v2,800,80,baseline_zh_phrase,中子测量电流,baseline,zh,15,1,0.2655012607574463,0.23772640526294708,0.4,2
sentence-transformers/all-MiniLM-L6-v2,800,80,baseline_zh_phrase,中子测量电流,baseline,zh,15,2,0.2856530547142029,0.24470427632331848,0.4,3
sentence-transformers/all-MiniLM-L6-v2,800,80,baseline_zh_phrase,中子测量电流,baseline,zh,15,3,0.2655012607574463,0.2432558536529541,0.4,2
sentence-transformers/all-MiniLM-L6-v2,800,80,baseline_zh_phrase,中子测量电流,baseline,zh,15,4,0.2653745412826538,0.2429882287979126,0.4,1
sentence-transformers/all-MiniLM-L6-v2,800,80,baseline_zh_phrase,中子测量电流,baseline,zh,15,5,0.2655012607574463,0.23780450224876404,0.4,2
sentence-transformers/all-MiniLM-L6-v2,800,80,baseline_zh_phrase,中子测量电流,baseline,zh,15,6,0.2653745412826538,0.2417178899049759,0.4,1
sentence-transformers/all-MiniLM-L6-v2,800,80,baseline_zh_phrase,中子测量电流,baseline,zh,15,7,0.2653745412826538,0.2329399138689041,0.4,1
sentence-transformers/all-MiniLM-L6-v2,800,80,baseline_zh_phrase,中子测量电流,baseline,zh,15,8,0.2655012607574463,0.24018657207489014,0.4,2
sentence-transformers/all-MiniLM-L6-v2,800,80,baseline_zh_phrase,中子测量电流,baseline,zh,15,9,0.2856530547142029,0.2470928430557251,0.4,2
sentence-transformers/all-MiniLM-L6-v2,800,80,baseline_zh_phrase,中子测量电流,baseline,zh,20,0,0.2856530547142029,0.25112658739089966,0.4,3
sentence-transformers/all-MiniLM-L6-v2,800,80,baseline_zh_phrase,中子测量电流,baseline,zh,20,1,0.2856530547142029,0.24803531169891357,0.4,2
sentence-transformers/all-MiniLM-L6-v2,800,80,baseline_zh_phrase,中子测量电流,baseline,zh,20,2,0.2856530547142029,0.24470427632331848,0.4,3
sentence-transformers/all-MiniLM-L6-v2,800,80,baseline_zh_phrase,中子测量电流,baseline,zh,20,3,0.2856530547142029,0.25018057227134705,0.4,3
sentence-transformers/all-MiniLM-L6-v2,800,80,baseline_zh_phrase,中子测量电流,baseline,zh,20,4,0.2856530547142029,0.24392786622047424,0.4,2
sentence-transformers/all-MiniLM-L6-v2,800,80,baseline_zh_phrase,中子测量电流,baseline,zh,20,5,0.2653745412826538,0.24171964824199677,0.4,1
sentence-transformers/all-MiniLM-L6-v2,800,80,baseline_zh_phrase,中子测量电流,baseline,zh,20,6,0.2653745412826538,0.2418581247329712,0.4,1
sentence-transformers/all-MiniLM-L6-v2,800,80,baseline_zh_phrase,中子测量电流,baseline,zh,20,7,0.2653745412826538,0.2315768450498581,0.4,1
sentence-transformers/all-MiniLM-L6-v2,800,80,baseline_zh_phrase,中子测量电流,baseline,zh,20,8,0.2653745412826538,0.23510801792144775,0.4,1
sentence-transformers/all-MiniLM-L6-v2,800,80,baseline_zh_phrase,中子测量电流,baseline,zh,20,9,0.2856530547142029,0.24366433918476105,0.4,2
sentence-transformers/all-MiniLM-L6-v2,800,80,baseline_zh_phrase,中子测量电流,baseline,zh,25,0,0.2856530547142029,0.25112658739089966,0.4,3
sentence-transformers/all-MiniLM-L6-v2,800,80,baseline_zh_phrase,中子测量电流,baseline,zh,25,1,0.2856530547142029,0.24803531169891357,0.4,2
sentence-transformers/all-MiniLM-L6-v2,800,80,baseline_zh_phrase,中子测量电流,baseline,zh,25,2,0.2653745412826538,0.24502186477184296,0.4,1
sentence-transformers/all-MiniLM-L6-v2,800,80,baseline_zh_phrase,中子测量电流,baseline,zh,25,3,0.2655012607574463,0.24723391234874725,0.4,2
sentence-transformers/all-MiniLM-L6-v2,800,80,baseline_zh_phrase,中子测量电流,baseline,zh,25,4,0.2856530547142029,0.24827244877815247,0.4,2
sentence-transformers/all-MiniLM-L6-v2,800,80,baseline_zh_phrase,中子测量电流,baseline,zh,25,5,0.2653745412826538,0.24286560714244843,0.4,1
sentence-transformers/all-MiniLM-L6-v2,800,80,baseline_zh_phrase,中子测量电流,baseline,zh,25,6,0.2655012607574463,0.24811318516731262,0.4,2
sentence-transformers/all-MiniLM-L6-v2,800,80,baseline_zh_phrase,中子测量电流,baseline,zh,25,7,0.2653745412826538,0.24211183190345764,0.4,1
sentence-transformers/all-MiniLM-L6-v2,800,80,baseline_zh_phrase,中子测量电流,baseline,zh,25,8,0.2653745412826538,0.2428673952817917,0.4,1
sentence-transformers/all-MiniLM-L6-v2,800,80,baseline_zh_phrase,中子测量电流,baseline,zh,25,9,0.2655012607574463,0.24625727534294128,0.4,2
sentence-transformers/all-MiniLM-L6-v2,800,80,baseline_zh_phrase,中子测量电流,baseline,zh,30,0,0.2856530547142029,0.25112658739089966,0.4,3
sentence-transformers/all-MiniLM-L6-v2,800,80,baseline_zh_phrase,中子测量电流,baseline,zh,30,1,0.2856530547142029,0.25026869773864746,0.4,3
sentence-transformers/all-MiniLM-L6-v2,800,80,baseline_zh_phrase,中子测量电流,baseline,zh,30,2,0.2655012607574463,0.24723391234874725,0.4,2
sentence-transformers/all-MiniLM-L6-v2,800,80,baseline_zh_phrase,中子测量电流,baseline,zh,30,3,0.2653745412826538,0.24502186477184296,0.4,1
sentence-transformers/all-MiniLM-L6-v2,800,80,baseline_zh_phrase,中子测量电流,baseline,zh,30,4,0.2856530547142029,0.2495580017566681,0.4,3
sentence-transformers/all-MiniLM-L6-v2,800,80,baseline_zh_phrase,中子测量电流,baseline,zh,30,5,0.2856530547142029,0.2502704858779907,0.4,3
sentence-transformers/all-MiniLM-L6-v2,800,80,baseline_zh_phrase,中子测量电流,baseline,zh,30,6,0.2856530547142029,0.25240182876586914,0.4,3
sentence-transformers/all-MiniLM-L6-v2,800,80,baseline_zh_phrase,中子测量电流,baseline,zh,30,7,0.2856530547142029,0.24924910068511963,0.4,2
sentence-transformers/all-MiniLM-L6-v2,800,80,baseline_zh_phrase,中子测量电流,baseline,zh,30,8,0.2856530547142029,0.2532164454460144,0.3,3
sentence-transformers/all-MiniLM-L6-v2,800,80,baseline_zh_phrase,中子测量电流,baseline,zh,30,9,0.2856530547142029,0.24803531169891357,0.4,2
sentence-transformers/all-MiniLM-L6-v2,800,80,baseline_zh_phrase,中子测量电流,baseline,zh,35,0,0.2655012607574463,0.24811318516731262,0.4,2
sentence-transformers/all-MiniLM-L6-v2,800,80,baseline_zh_phrase,中子测量电流,baseline,zh,35,1,0.2856530547142029,0.2532164454460144,0.3,3
sentence-transformers/all-MiniLM-L6-v2,800,80,baseline_zh_phrase,中子测量电流,baseline,zh,35,2,0.2856530547142029,0.25024735927581787,0.4,3
sentence-transformers/all-MiniLM-L6-v2,800,80,baseline_zh_phrase,中子测量电流,baseline,zh,35,3,0.2856530547142029,0.24396154284477234,0.4,2
sentence-transformers/all-MiniLM-L6-v2,800,80,baseline_zh_phrase,中子测量电流,baseline,zh,35,4,0.2856530547142029,0.25240182876586914,0.4,3
sentence-transformers/all-MiniLM-L6-v2,800,80,baseline_zh_phrase,中子测量电流,baseline,zh,35,5,0.2856530547142029,0.24803531169891357,0.4,2
sentence-transformers/all-MiniLM-L6-v2,800,80,baseline_zh_phrase,中子测量电流,baseline,zh,35,6,0.2856530547142029,0.25142696499824524,0.4,3
sentence-transformers/all-MiniLM-L6-v2,800,80,baseline_zh_phrase,中子测量电流,baseline,zh,35,7,0.2653745412826538,0.24502186477184296,0.4,1
sentence-transformers/all-MiniLM-L6-v2,800,80,baseline_zh_phrase,中子测量电流,baseline,zh,35,8,0.2856530547142029,0.25024735927581787,0.4,3
sentence-transformers/all-MiniLM-L6-v2,800,80,baseline_zh_phrase,中子测量电流,baseline,zh,35,9,0.2856530547142029,0.2532164454460144,0.3,3
sentence-transformers/all-MiniLM-L6-v2,800,80,baseline_zh_phrase,中子测量电流,baseline,zh,40,0,0.2856530547142029,0.2532164454460144,0.3,3
sentence-transformers/all-MiniLM-L6-v2,800,80,baseline_zh_phrase,中子测量电流,baseline,zh,40,1,0.2856530547142029,0.24803531169891357,0.4,2
sentence-transformers/all-MiniLM-L6-v2,800,80,baseline_zh_phrase,中子测量电流,baseline,zh,40,2,0.2856530547142029,0.24827244877815247,0.4,2
sentence-transformers/all-MiniLM-L6-v2,800,80,baseline_zh_phrase,中子测量电流,baseline,zh,40,3,0.2856530547142029,0.2532164454460144,0.3,3
sentence-transformers/all-MiniLM-L6-v2,800,80,baseline_zh_phrase,中子测量电流,baseline,zh,40,4,0.2655012607574463,0.24811318516731262,0.4,2
sentence-transformers/all-MiniLM-L6-v2,800,80,baseline_zh_phrase,中子测量电流,baseline,zh,40,5,0.2655012607574463,0.24811318516731262,0.4,2
sentence-transformers/all-MiniLM-L6-v2,800,80,baseline_zh_phrase,中子测量电流,baseline,zh,40,6,0.2856530547142029,0.2532164454460144,0.3,3
sentence-transformers/all-MiniLM-L6-v2,800,80,baseline_zh_phrase,中子测量电流,baseline,zh,40,7,0.2856530547142029,0.2501283288002014,0.4,2
sentence-transformers/all-MiniLM-L6-v2,800,80,baseline_zh_phrase,中子测量电流,baseline,zh,40,8,0.2655012607574463,0.24811318516731262,0.4,2
sentence-transformers/all-MiniLM-L6-v2,800,80,baseline_zh_phrase,中子测量电流,baseline,zh,40,9,0.2856530547142029,0.25112658739089966,0.4,3
sentence-transformers/all-MiniLM-L6-v2,800,80,baseline_zh_phrase,中子测量电流,baseline,zh,45,0,0.2856530547142029,0.2532164454460144,0.3,3
sentence-transformers/all-MiniLM-L6-v2,800,80,baseline_zh_phrase,中子测量电流,baseline,zh,45,1,0.2856530547142029,0.2532164454460144,0.3,3
sentence-transformers/all-MiniLM-L6-v2,800,80,baseline_zh_phrase,中子测量电流,baseline,zh,45,2,0.2856530547142029,0.24924910068511963,0.4,2
sentence-transformers/all-MiniLM-L6-v2,800,80,baseline_zh_phrase,中子测量电流,baseline,zh,45,3,0.2856530547142029,0.25240182876586914,0.4,3
sentence-transformers/all-MiniLM-L6-v2,800,80,baseline_zh_phrase,中子测量电流,baseline,zh,45,4,0.2856530547142029,0.2532164454460144,0.3,3
sentence-transformers/all-MiniLM-L6-v2,800,80,baseline_zh_phrase,中子测量电流,baseline,zh,45,5,0.2655012607574463,0.24811318516731262,0.4,2
sentence-transformers/all-MiniLM-L6-v2,800,80,baseline_zh_phrase,中子测量电流,baseline,zh,45,6,0.2856530547142029,0.2532164454460144,0.3,3
sentence-transformers/all-MiniLM-L6-v2,800,80,baseline_zh_phrase,中子测量电流,baseline,zh,45,7,0.2655012607574463,0.24625727534294128,0.4,2
sentence-transformers/all-MiniLM-L6-v2,800,80,baseline_zh_phrase,中子测量电流,baseline,zh,45,8,0.2856530547142029,0.25142696499824524,0.4,3
sentence-transformers/all-MiniLM-L6-v2,800,80,baseline_zh_phrase,中子测量电流,baseline,zh,45,9,0.2655012607574463,0.24811318516731262,0.4,2
sentence-transformers/all-MiniLM-L6-v2,800,80,baseline_zh_phrase,中子测量电流,baseline,zh,50,0,0.2856530547142029,0.2532164454460144,0.3,3
sentence-transformers/all-MiniLM-L6-v2,800,80,baseline_zh_phrase,中子测量电流,baseline,zh,50,1,0.2856530547142029,0.2532164454460144,0.3,3
sentence-transformers/all-MiniLM-L6-v2,800,80,baseline_zh_phrase,中子测量电流,baseline,zh,50,2,0.2856530547142029,0.2532164454460144,0.3,3
sentence-transformers/all-MiniLM-L6-v2,800,80,baseline_zh_phrase,中子测量电流,baseline,zh,50,3,0.2856530547142029,0.2532164454460144,0.3,3
sentence-transformers/all-MiniLM-L6-v2,800,80,baseline_zh_phrase,中子测量电流,baseline,zh,50,4,0.2856530547142029,0.2532164454460144,0.3,3
sentence-transformers/all-MiniLM-L6-v2,800,80,baseline_zh_phrase,中子测量电流,baseline,zh,50,5,0.2856530547142029,0.2532164454460144,0.3,3
sentence-transformers/all-MiniLM-L6-v2,800,80,baseline_zh_phrase,中子测量电流,baseline,zh,50,6,0.2856530547142029,0.2532164454460144,0.3,3
sentence-transformers/all-MiniLM-L6-v2,800,80,baseline_zh_phrase,中子测量电流,baseline,zh,50,7,0.2856530547142029,0.2532164454460144,0.3,3
sentence-transformers/all-MiniLM-L6-v2,800,80,baseline_zh_phrase,中子测量电流,baseline,zh,50,8,0.2856530547142029,0.2532164454460144,0.3,3
sentence-transformers/all-MiniLM-L6-v2,800,80,baseline_zh_phrase,中子测量电流,baseline,zh,50,9,0.2856530547142029,0.2532164454460144,0.3,3
sentence-transformers/all-MiniLM-L6-v2,800,80,baseline_zh_phrase,中子测量电流,baseline,zh,51,0,0.2856530547142029,0.2532164454460144,0.3,3
sentence-transformers/all-MiniLM-L6-v2,800,80,baseline_zh_phrase,中子测量电流,baseline,zh,51,1,0.2856530547142029,0.2532164454460144,0.3,3
sentence-transformers/all-MiniLM-L6-v2,800,80,baseline_zh_phrase,中子测量电流,baseline,zh,51,2,0.2856530547142029,0.2532164454460144,0.3,3
sentence-transformers/all-MiniLM-L6-v2,800,80,baseline_zh_phrase,中子测量电流,baseline,zh,51,3,0.2856530547142029,0.2532164454460144,0.3,3
sentence-transformers/all-MiniLM-L6-v2,800,80,baseline_zh_phrase,中子测量电流,baseline,zh,51,4,0.2856530547142029,0.2532164454460144,0.3,3
sentence-transformers/all-MiniLM-L6-v2,800,80,baseline_zh_phrase,中子测量电流,baseline,zh,51,5,0.2856530547142029,0.2532164454460144,0.3,3
sentence-transformers/all-MiniLM-L6-v2,800,80,baseline_zh_phrase,中子测量电流,baseline,zh,51,6,0.2856530547142029,0.2532164454460144,0.3,3
sentence-transformers/all-MiniLM-L6-v2,800,80,baseline_zh_phrase,中子测量电流,baseline,zh,51,7,0.2856530547142029,0.2532164454460144,0.3,3
sentence-transformers/all-MiniLM-L6-v2,800,80,baseline_zh_phrase,中子测量电流,baseline,zh,51,8,0.2856530547142029,0.2532164454460144,0.3,3
sentence-transformers/all-MiniLM-L6-v2,800,80,baseline_zh_phrase,中子测量电流,baseline,zh,51,9,0.2856530547142029,0.2532164454460144,0.3,3
sentence-transformers/all-MiniLM-L6-v2,800,80,baseline_en_phrase,neutron measurement current,baseline,en,0,0,0.6292886734008789,0.5803533792495728,1.0,1
sentence-transformers/all-MiniLM-L6-v2,800,80,baseline_en_phrase,neutron measurement current,baseline,en,5,0,0.6292886734008789,0.5828481912612915,0.9,1
sentence-transformers/all-MiniLM-L6-v2,800,80,baseline_en_phrase,neutron measurement current,baseline,en,5,1,0.6292886734008789,0.5881962776184082,0.6,1
sentence-transformers/all-MiniLM-L6-v2,800,80,baseline_en_phrase,neutron measurement current,baseline,en,5,2,0.6292886734008789,0.5803533792495728,1.0,1
sentence-transformers/all-MiniLM-L6-v2,800,80,baseline_en_phrase,neutron measurement current,baseline,en,5,3,0.6292886734008789,0.5828481912612915,0.9,1
sentence-transformers/all-MiniLM-L6-v2,800,80,baseline_en_phrase,neutron measurement current,baseline,en,5,4,0.6292886734008789,0.5803533792495728,1.0,1
sentence-transformers/all-MiniLM-L6-v2,800,80,baseline_en_phrase,neutron measurement current,baseline,en,5,5,0.6400536298751831,0.5946284532546997,0.7,2
sentence-transformers/all-MiniLM-L6-v2,800,80,baseline_en_phrase,neutron measurement current,baseline,en,5,6,0.6292886734008789,0.5803533792495728,1.0,1
sentence-transformers/all-MiniLM-L6-v2,800,80,baseline_en_phrase,neutron measurement current,baseline,en,5,7,0.6292886734008789,0.5855851769447327,0.8,1
sentence-transformers/all-MiniLM-L6-v2,800,80,baseline_en_phrase,neutron measurement current,baseline,en,5,8,0.6292886734008789,0.5803533792495728,1.0,1
sentence-transformers/all-MiniLM-L6-v2,800,80,baseline_en_phrase,neutron measurement current,baseline,en,5,9,0.6292886734008789,0.5881962776184082,0.6,1
sentence-transformers/all-MiniLM-L6-v2,800,80,baseline_en_phrase,neutron measurement current,baseline,en,10,0,0.6292886734008789,0.5803533792495728,1.0,1
sentence-transformers/all-MiniLM-L6-v2,800,80,baseline_en_phrase,neutron measurement current,baseline,en,10,1,0.7160492539405823,0.5959756374359131,0.9,2
sentence-transformers/all-MiniLM-L6-v2,800,80,baseline_en_phrase,neutron measurement current,baseline,en,10,2,0.6292886734008789,0.5803533792495728,1.0,1
sentence-transformers/all-MiniLM-L6-v2,800,80,baseline_en_phrase,neutron measurement current,baseline,en,10,3,0.6292886734008789,0.5900367498397827,0.5,1
sentence-transformers/all-MiniLM-L6-v2,800,80,baseline_en_phrase,neutron measurement current,baseline,en,10,4,0.6400536298751831,0.5986302495002747,0.4,2
sentence-transformers/all-MiniLM-L6-v2,800,80,baseline_en_phrase,neutron measurement current,baseline,en,10,5,0.6292886734008789,0.5828481912612915,0.9,1
sentence-transformers/all-MiniLM-L6-v2,800,80,baseline_en_phrase,neutron measurement current,baseline,en,10,6,0.6400536298751831,0.5963208079338074,0.6,2
sentence-transformers/all-MiniLM-L6-v2,800,80,baseline_en_phrase,neutron measurement current,baseline,en,10,7,0.6292886734008789,0.5828481912612915,0.9,1
sentence-transformers/all-MiniLM-L6-v2,800,80,baseline_en_phrase,neutron measurement current,baseline,en,10,8,0.6400536298751831,0.5946284532546997,0.7,2
sentence-transformers/all-MiniLM-L6-v2,800,80,baseline_en_phrase,neutron measurement current,baseline,en,10,9,0.7160492539405823,0.5982247591018677,0.8,2
sentence-transformers/all-MiniLM-L6-v2,800,80,baseline_en_phrase,neutron measurement current,baseline,en,15,0,0.6292886734008789,0.5833360552787781,0.9,1
sentence-transformers/all-MiniLM-L6-v2,800,80,baseline_en_phrase,neutron measurement current,baseline,en,15,1,0.6400536298751831,0.5986302495002747,0.4,2
sentence-transformers/all-MiniLM-L6-v2,800,80,baseline_en_phrase,neutron measurement current,baseline,en,15,2,0.7160492539405823,0.5982247591018677,0.8,2
sentence-transformers/all-MiniLM-L6-v2,800,80,baseline_en_phrase,neutron measurement current,baseline,en,15,3,0.7160492539405823,0.5987126231193542,0.8,2
sentence-transformers/all-MiniLM-L6-v2,800,80,baseline_en_phrase,neutron measurement current,baseline,en,15,4,0.6400536298751831,0.5968087315559387,0.6,2
sentence-transformers/all-MiniLM-L6-v2,800,80,baseline_en_phrase,neutron measurement current,baseline,en,15,5,0.6292886734008789,0.5803533792495728,1.0,1
sentence-transformers/all-MiniLM-L6-v2,800,80,baseline_en_phrase,neutron measurement current,baseline,en,15,6,0.6292886734008789,0.5881962776184082,0.6,1
sentence-transformers/all-MiniLM-L6-v2,800,80,baseline_en_phrase,neutron measurement current,baseline,en,15,7,0.6292886734008789,0.5803533792495728,1.0,1
sentence-transformers/all-MiniLM-L6-v2,800,80,baseline_en_phrase,neutron measurement current,baseline,en,15,8,0.7160492539405823,0.5959756374359131,0.9,2
sentence-transformers/all-MiniLM-L6-v2,800,80,baseline_en_phrase,neutron measurement current,baseline,en,15,9,0.6400536298751831,0.5946284532546997,0.7,2
sentence-transformers/all-MiniLM-L6-v2,800,80,baseline_en_phrase,neutron measurement current,baseline,en,20,0,0.7160492539405823,0.6037870645523071,0.5,2
sentence-transformers/all-MiniLM-L6-v2,800,80,baseline_en_phrase,neutron measurement current,baseline,en,20,1,0.6292886734008789,0.5833360552787781,0.9,1
sentence-transformers/all-MiniLM-L6-v2,800,80,baseline_en_phrase,neutron measurement current,baseline,en,20,2,0.6292886734008789,0.5828481912612915,0.9,1
sentence-transformers/all-MiniLM-L6-v2,800,80,baseline_en_phrase,neutron measurement current,baseline,en,20,3,0.6400536298751831,0.5963208079338074,0.6,2
sentence-transformers/all-MiniLM-L6-v2,800,80,baseline_en_phrase,neutron measurement current,baseline,en,20,4,0.6292886734008789,0.5881962776184082,0.6,1
sentence-transformers/all-MiniLM-L6-v2,800,80,baseline_en_phrase,neutron measurement current,baseline,en,20,5,0.6400536298751831,0.5995502471923828,0.3,2
sentence-transformers/all-MiniLM-L6-v2,800,80,baseline_en_phrase,neutron measurement current,baseline,en,20,6,0.6292886734008789,0.5881962776184082,0.6,1
sentence-transformers/all-MiniLM-L6-v2,800,80,baseline_en_phrase,neutron measurement current,baseline,en,20,7,0.6292886734008789,0.5828481912612915,0.9,1
sentence-transformers/all-MiniLM-L6-v2,800,80,baseline_en_phrase,neutron measurement current,baseline,en,20,8,0.6400536298751831,0.5986302495002747,0.4,2
sentence-transformers/all-MiniLM-L6-v2,800,80,baseline_en_phrase,neutron measurement current,baseline,en,20,9,0.6292886734008789,0.5803533792495728,1.0,1
sentence-transformers/all-MiniLM-L6-v2,800,80,baseline_en_phrase,neutron measurement current,baseline,en,25,0,0.7160492539405823,0.612189769744873,0.3,3
sentence-transformers/all-MiniLM-L6-v2,800,80,baseline_en_phrase,neutron measurement current,baseline,en,25,1,0.7160492539405823,0.6130040287971497,0.3,3
sentence-transformers/all-MiniLM-L6-v2,800,80,baseline_en_phrase,neutron measurement current,baseline,en,25,2,0.6400536298751831,0.5981613397598267,0.5,2
sentence-transformers/all-MiniLM-L6-v2,800,80,baseline_en_phrase,neutron measurement current,baseline,en,25,3,0.6292886734008789,0.5900367498397827,0.5,1
sentence-transformers/all-MiniLM-L6-v2,800,80,baseline_en_phrase,neutron measurement current,baseline,en,25,4,0.7160492539405823,0.6108008623123169,0.5,3
sentence-transformers/all-MiniLM-L6-v2,800,80,baseline_en_phrase,neutron measurement current,baseline,en,25,5,0.6292886734008789,0.5833360552787781,0.9,1
sentence-transformers/all-MiniLM-L6-v2,800,80,baseline_en_phrase,neutron measurement current,baseline,en,25,6,0.6400536298751831,0.5990623235702515,0.3,2
sentence-transformers/all-MiniLM-L6-v2,800,80,baseline_en_phrase,neutron measurement current,baseline,en,25,7,0.7160492539405823,0.612189769744873,0.3,3
sentence-transformers/all-MiniLM-L6-v2,800,80,baseline_en_phrase,neutron measurement current,baseline,en,25,8,0.7160492539405823,0.5982247591018677,0.8,2
sentence-transformers/all-MiniLM-L6-v2,800,80,baseline_en_phrase,neutron measurement current,baseline,en,25,9,0.7160492539405823,0.6047081351280212,0.4,2
sentence-transformers/all-MiniLM-L6-v2,800,80,baseline_en_phrase,neutron measurement current,baseline,en,30,0,0.6292886734008789,0.5855851769447327,0.8,1
sentence-transformers/all-MiniLM-L6-v2,800,80,baseline_en_phrase,neutron measurement current,baseline,en,30,1,0.7160492539405823,0.6130040287971497,0.3,3
sentence-transformers/all-MiniLM-L6-v2,800,80,baseline_en_phrase,neutron measurement current,baseline,en,30,2,0.7160492539405823,0.6125162243843079,0.3,3
sentence-transformers/all-MiniLM-L6-v2,800,80,baseline_en_phrase,neutron measurement current,baseline,en,30,3,0.7160492539405823,0.612189769744873,0.3,3
sentence-transformers/all-MiniLM-L6-v2,800,80,baseline_en_phrase,neutron measurement current,baseline,en,30,4,0.7160492539405823,0.6125162243843079,0.3,3
sentence-transformers/all-MiniLM-L6-v2,800,80,baseline_en_phrase,neutron measurement current,baseline,en,30,5,0.7160492539405823,0.6037870645523071,0.5,2
sentence-transformers/all-MiniLM-L6-v2,800,80,baseline_en_phrase,neutron measurement current,baseline,en,30,6,0.7160492539405823,0.6125162243843079,0.3,3
sentence-transformers/all-MiniLM-L6-v2,800,80,baseline_en_phrase,neutron measurement current,baseline,en,30,7,0.7160492539405823,0.6026763319969177,0.5,2
sentence-transformers/all-MiniLM-L6-v2,800,80,baseline_en_phrase,neutron measurement current,baseline,en,30,8,0.6400536298751831,0.5946284532546997,0.7,2
sentence-transformers/all-MiniLM-L6-v2,800,80,baseline_en_phrase,neutron measurement current,baseline,en,30,9,0.6400536298751831,0.5981613397598267,0.5,2
sentence-transformers/all-MiniLM-L6-v2,800,80,baseline_en_phrase,neutron measurement current,baseline,en,35,0,0.7160492539405823,0.611721932888031,0.4,3
sentence-transformers/all-MiniLM-L6-v2,800,80,baseline_en_phrase,neutron measurement current,baseline,en,35,1,0.6400536298751831,0.5990623235702515,0.3,2
sentence-transformers/all-MiniLM-L6-v2,800,80,baseline_en_phrase,neutron measurement current,baseline,en,35,2,0.7160492539405823,0.611721932888031,0.4,3
sentence-transformers/all-MiniLM-L6-v2,800,80,baseline_en_phrase,neutron measurement current,baseline,en,35,3,0.6400536298751831,0.5998765826225281,0.3,2
sentence-transformers/all-MiniLM-L6-v2,800,80,baseline_en_phrase,neutron measurement current,baseline,en,35,4,0.6400536298751831,0.5998765826225281,0.3,2
sentence-transformers/all-MiniLM-L6-v2,800,80,baseline_en_phrase,neutron measurement current,baseline,en,35,5,0.6292886734008789,0.5833360552787781,0.9,1
sentence-transformers/all-MiniLM-L6-v2,800,80,baseline_en_phrase,neutron measurement current,baseline,en,35,6,0.7160492539405823,0.6037870645523071,0.5,2
sentence-transformers/all-MiniLM-L6-v2,800,80,baseline_en_phrase,neutron measurement current,baseline,en,35,7,0.7160492539405823,0.611721932888031,0.4,3
sentence-transformers/all-MiniLM-L6-v2,800,80,baseline_en_phrase,neutron measurement current,baseline,en,35,8,0.7160492539405823,0.6047081351280212,0.4,2
sentence-transformers/all-MiniLM-L6-v2,800,80,baseline_en_phrase,neutron measurement current,baseline,en,35,9,0.6400536298751831,0.5998765826225281,0.3,2
sentence-transformers/all-MiniLM-L6-v2,800,80,baseline_en_phrase,neutron measurement current,baseline,en,40,0,0.7160492539405823,0.611721932888031,0.4,3
sentence-transformers/all-MiniLM-L6-v2,800,80,baseline_en_phrase,neutron measurement current,baseline,en,40,1,0.6400536298751831,0.5995502471923828,0.3,2
sentence-transformers/all-MiniLM-L6-v2,800,80,baseline_en_phrase,neutron measurement current,baseline,en,40,2,0.7160492539405823,0.6047081351280212,0.4,2
sentence-transformers/all-MiniLM-L6-v2,800,80,baseline_en_phrase,neutron measurement current,baseline,en,40,3,0.7160492539405823,0.612189769744873,0.3,3
sentence-transformers/all-MiniLM-L6-v2,800,80,baseline_en_phrase,neutron measurement current,baseline,en,40,4,0.6400536298751831,0.5998765826225281,0.3,2
sentence-transformers/all-MiniLM-L6-v2,800,80,baseline_en_phrase,neutron measurement current,baseline,en,40,5,0.6400536298751831,0.5986302495002747,0.4,2
sentence-transformers/all-MiniLM-L6-v2,800,80,baseline_en_phrase,neutron measurement current,baseline,en,40,6,0.7160492539405823,0.612189769744873,0.3,3
sentence-transformers/all-MiniLM-L6-v2,800,80,baseline_en_phrase,neutron measurement current,baseline,en,40,7,0.7160492539405823,0.611721932888031,0.4,3
sentence-transformers/all-MiniLM-L6-v2,800,80,baseline_en_phrase,neutron measurement current,baseline,en,40,8,0.7160492539405823,0.6125162243843079,0.3,3
sentence-transformers/all-MiniLM-L6-v2,800,80,baseline_en_phrase,neutron measurement current,baseline,en,40,9,0.7160492539405823,0.6130475401878357,0.3,3
sentence-transformers/all-MiniLM-L6-v2,800,80,baseline_en_phrase,neutron measurement current,baseline,en,45,0,0.7160492539405823,0.6125162243843079,0.3,3
sentence-transformers/all-MiniLM-L6-v2,800,80,baseline_en_phrase,neutron measurement current,baseline,en,45,1,0.7160492539405823,0.6047081351280212,0.4,2
sentence-transformers/all-MiniLM-L6-v2,800,80,baseline_en_phrase,neutron measurement current,baseline,en,45,2,0.7160492539405823,0.6130475401878357,0.3,3
sentence-transformers/all-MiniLM-L6-v2,800,80,baseline_en_phrase,neutron measurement current,baseline,en,45,3,0.7160492539405823,0.6037870645523071,0.5,2
sentence-transformers/all-MiniLM-L6-v2,800,80,baseline_en_phrase,neutron measurement current,baseline,en,45,4,0.7160492539405823,0.6130475401878357,0.3,3
sentence-transformers/all-MiniLM-L6-v2,800,80,baseline_en_phrase,neutron measurement current,baseline,en,45,5,0.7160492539405823,0.6130040287971497,0.3,3
sentence-transformers/all-MiniLM-L6-v2,800,80,baseline_en_phrase,neutron measurement current,baseline,en,45,6,0.6400536298751831,0.5990623235702515,0.3,2
sentence-transformers/all-MiniLM-L6-v2,800,80,baseline_en_phrase,neutron measurement current,baseline,en,45,7,0.7160492539405823,0.6130040287971497,0.3,3
sentence-transformers/all-MiniLM-L6-v2,800,80,baseline_en_phrase,neutron measurement current,baseline,en,45,8,0.7160492539405823,0.6130475401878357,0.3,3
sentence-transformers/all-MiniLM-L6-v2,800,80,baseline_en_phrase,neutron measurement current,baseline,en,45,9,0.7160492539405823,0.6130475401878357,0.3,3
sentence-transformers/all-MiniLM-L6-v2,800,80,baseline_en_phrase,neutron measurement current,baseline,en,50,0,0.7160492539405823,0.6130475401878357,0.3,3
sentence-transformers/all-MiniLM-L6-v2,800,80,baseline_en_phrase,neutron measurement current,baseline,en,50,1,0.7160492539405823,0.6130475401878357,0.3,3
sentence-transformers/all-MiniLM-L6-v2,800,80,baseline_en_phrase,neutron measurement current,baseline,en,50,2,0.7160492539405823,0.6130475401878357,0.3,3
sentence-transformers/all-MiniLM-L6-v2,800,80,baseline_en_phrase,neutron measurement current,baseline,en,50,3,0.7160492539405823,0.6130475401878357,0.3,3
sentence-transformers/all-MiniLM-L6-v2,800,80,baseline_en_phrase,neutron measurement current,baseline,en,50,4,0.7160492539405823,0.6130475401878357,0.3,3
sentence-transformers/all-MiniLM-L6-v2,800,80,baseline_en_phrase,neutron measurement current,baseline,en,50,5,0.7160492539405823,0.6130475401878357,0.3,3
sentence-transformers/all-MiniLM-L6-v2,800,80,baseline_en_phrase,neutron measurement current,baseline,en,50,6,0.7160492539405823,0.6130475401878357,0.3,3
sentence-transformers/all-MiniLM-L6-v2,800,80,baseline_en_phrase,neutron measurement current,baseline,en,50,7,0.7160492539405823,0.6130475401878357,0.3,3
sentence-transformers/all-MiniLM-L6-v2,800,80,baseline_en_phrase,neutron measurement current,baseline,en,50,8,0.7160492539405823,0.6130475401878357,0.3,3
sentence-transformers/all-MiniLM-L6-v2,800,80,baseline_en_phrase,neutron measurement current,baseline,en,50,9,0.7160492539405823,0.6130475401878357,0.3,3
sentence-transformers/all-MiniLM-L6-v2,800,80,baseline_en_phrase,neutron measurement current,baseline,en,51,0,0.7160492539405823,0.6130475401878357,0.3,3
sentence-transformers/all-MiniLM-L6-v2,800,80,baseline_en_phrase,neutron measurement current,baseline,en,51,1,0.7160492539405823,0.6130475401878357,0.3,3
sentence-transformers/all-MiniLM-L6-v2,800,80,baseline_en_phrase,neutron measurement current,baseline,en,51,2,0.7160492539405823,0.6130475401878357,0.3,3
sentence-transformers/all-MiniLM-L6-v2,800,80,baseline_en_phrase,neutron measurement current,baseline,en,51,3,0.7160492539405823,0.6130475401878357,0.3,3
sentence-transformers/all-MiniLM-L6-v2,800,80,baseline_en_phrase,neutron measurement current,baseline,en,51,4,0.7160492539405823,0.6130475401878357,0.3,3
sentence-transformers/all-MiniLM-L6-v2,800,80,baseline_en_phrase,neutron measurement current,baseline,en,51,5,0.7160492539405823,0.6130475401878357,0.3,3
sentence-transformers/all-MiniLM-L6-v2,800,80,baseline_en_phrase,neutron measurement current,baseline,en,51,6,0.7160492539405823,0.6130475401878357,0.3,3
sentence-transformers/all-MiniLM-L6-v2,800,80,baseline_en_phrase,neutron measurement current,baseline,en,51,7,0.7160492539405823,0.6130475401878357,0.3,3
sentence-transformers/all-MiniLM-L6-v2,800,80,baseline_en_phrase,neutron measurement current,baseline,en,51,8,0.7160492539405823,0.6130475401878357,0.3,3
sentence-transformers/all-MiniLM-L6-v2,800,80,baseline_en_phrase,neutron measurement current,baseline,en,51,9,0.7160492539405823,0.6130475401878357,0.3,3
sentence-transformers/all-MiniLM-L6-v2,800,80,obs_spike_en,neutron current measurement repeated spike events,observation_derived,en,0,0,0.583065390586853,0.5324676632881165,1.0,1
sentence-transformers/all-MiniLM-L6-v2,800,80,obs_spike_en,neutron current measurement repeated spike events,observation_derived,en,5,0,0.583065390586853,0.5324676632881165,1.0,1
sentence-transformers/all-MiniLM-L6-v2,800,80,obs_spike_en,neutron current measurement repeated spike events,observation_derived,en,5,1,0.583065390586853,0.5365388989448547,0.8,1
sentence-transformers/all-MiniLM-L6-v2,800,80,obs_spike_en,neutron current measurement repeated spike events,observation_derived,en,5,2,0.583065390586853,0.5382992625236511,0.8,1
sentence-transformers/all-MiniLM-L6-v2,800,80,obs_spike_en,neutron current measurement repeated spike events,observation_derived,en,5,3,0.583065390586853,0.5371695160865784,0.9,1
sentence-transformers/all-MiniLM-L6-v2,800,80,obs_spike_en,neutron current measurement repeated spike events,observation_derived,en,5,4,0.583065390586853,0.5324676632881165,1.0,1
sentence-transformers/all-MiniLM-L6-v2,800,80,obs_spike_en,neutron current measurement repeated spike events,observation_derived,en,5,5,0.5830653309822083,0.5338634252548218,0.9,1
sentence-transformers/all-MiniLM-L6-v2,800,80,obs_spike_en,neutron current measurement repeated spike events,observation_derived,en,5,6,0.583065390586853,0.5338634252548218,0.9,1
sentence-transformers/all-MiniLM-L6-v2,800,80,obs_spike_en,neutron current measurement repeated spike events,observation_derived,en,5,7,0.583065390586853,0.5324676632881165,1.0,1
sentence-transformers/all-MiniLM-L6-v2,800,80,obs_spike_en,neutron current measurement repeated spike events,observation_derived,en,5,8,0.587377667427063,0.55545574426651,0.2,2
sentence-transformers/all-MiniLM-L6-v2,800,80,obs_spike_en,neutron current measurement repeated spike events,observation_derived,en,5,9,0.583065390586853,0.5369642972946167,0.9,1
sentence-transformers/all-MiniLM-L6-v2,800,80,obs_spike_en,neutron current measurement repeated spike events,observation_derived,en,10,0,0.583065390586853,0.537070631980896,0.8,1
sentence-transformers/all-MiniLM-L6-v2,800,80,obs_spike_en,neutron current measurement repeated spike events,observation_derived,en,10,1,0.583065390586853,0.5489212870597839,0.6,1
sentence-transformers/all-MiniLM-L6-v2,800,80,obs_spike_en,neutron current measurement repeated spike events,observation_derived,en,10,2,0.583065390586853,0.5385786294937134,0.7,1
sentence-transformers/all-MiniLM-L6-v2,800,80,obs_spike_en,neutron current measurement repeated spike events,observation_derived,en,10,3,0.583065390586853,0.5425237417221069,0.8,1
sentence-transformers/all-MiniLM-L6-v2,800,80,obs_spike_en,neutron current measurement repeated spike events,observation_derived,en,10,4,0.583065390586853,0.5369642972946167,0.9,1
sentence-transformers/all-MiniLM-L6-v2,800,80,obs_spike_en,neutron current measurement repeated spike events,observation_derived,en,10,5,0.583065390586853,0.5324676632881165,1.0,1
sentence-transformers/all-MiniLM-L6-v2,800,80,obs_spike_en,neutron current measurement repeated spike events,observation_derived,en,10,6,0.583065390586853,0.54156094789505,0.7,1
sentence-transformers/all-MiniLM-L6-v2,800,80,obs_spike_en,neutron current measurement repeated spike events,observation_derived,en,10,7,0.583065390586853,0.543613612651825,0.5,1
sentence-transformers/all-MiniLM-L6-v2,800,80,obs_spike_en,neutron current measurement repeated spike events,observation_derived,en,10,8,0.583065390586853,0.5387886762619019,0.9,1
sentence-transformers/all-MiniLM-L6-v2,800,80,obs_spike_en,neutron current measurement repeated spike events,observation_derived,en,10,9,0.583065390586853,0.5365388989448547,0.8,1
sentence-transformers/all-MiniLM-L6-v2,800,80,obs_spike_en,neutron current measurement repeated spike events,observation_derived,en,15,0,0.583065390586853,0.5421190857887268,0.6,1
sentence-transformers/all-MiniLM-L6-v2,800,80,obs_spike_en,neutron current measurement repeated spike events,observation_derived,en,15,1,0.587377667427063,0.5633302927017212,0.2,2
sentence-transformers/all-MiniLM-L6-v2,800,80,obs_spike_en,neutron current measurement repeated spike events,observation_derived,en,15,2,0.583065390586853,0.5459345579147339,0.5,1
sentence-transformers/all-MiniLM-L6-v2,800,80,obs_spike_en,neutron current measurement repeated spike events,observation_derived,en,15,3,0.587377667427063,0.5572656393051147,0.3,2
sentence-transformers/all-MiniLM-L6-v2,800,80,obs_spike_en,neutron current measurement repeated spike events,observation_derived,en,15,4,0.583065390586853,0.5427826046943665,0.5,1
sentence-transformers/all-MiniLM-L6-v2,800,80,obs_spike_en,neutron current measurement repeated spike events,observation_derived,en,15,5,0.583065390586853,0.5352931618690491,0.9,1
sentence-transformers/all-MiniLM-L6-v2,800,80,obs_spike_en,neutron current measurement repeated spike events,observation_derived,en,15,6,0.583065390586853,0.5350066423416138,0.9,1
sentence-transformers/all-MiniLM-L6-v2,800,80,obs_spike_en,neutron current measurement repeated spike events,observation_derived,en,15,7,0.583065390586853,0.5438885688781738,0.5,1
sentence-transformers/all-MiniLM-L6-v2,800,80,obs_spike_en,neutron current measurement repeated spike events,observation_derived,en,15,8,0.587377667427063,0.5572656393051147,0.3,2
sentence-transformers/all-MiniLM-L6-v2,800,80,obs_spike_en,neutron current measurement repeated spike events,observation_derived,en,15,9,0.583065390586853,0.5438187718391418,0.5,1
sentence-transformers/all-MiniLM-L6-v2,800,80,obs_spike_en,neutron current measurement repeated spike events,observation_derived,en,20,0,0.583065390586853,0.537115752696991,0.6,1
sentence-transformers/all-MiniLM-L6-v2,800,80,obs_spike_en,neutron current measurement repeated spike events,observation_derived,en,20,1,0.583065390586853,0.5531809329986572,0.2,1
sentence-transformers/all-MiniLM-L6-v2,800,80,obs_spike_en,neutron current measurement repeated spike events,observation_derived,en,20,2,0.583065390586853,0.5516179203987122,0.2,1
sentence-transformers/all-MiniLM-L6-v2,800,80,obs_spike_en,neutron current measurement repeated spike events,observation_derived,en,20,3,0.583065390586853,0.54156094789505,0.7,1
sentence-transformers/all-MiniLM-L6-v2,800,80,obs_spike_en,neutron current measurement repeated spike events,observation_derived,en,20,4,0.583065390586853,0.547065794467926,0.3,1
sentence-transformers/all-MiniLM-L6-v2,800,80,obs_spike_en,neutron current measurement repeated spike events,observation_derived,en,20,5,0.583065390586853,0.5468569397926331,0.3,1
sentence-transformers/all-MiniLM-L6-v2,800,80,obs_spike_en,neutron current measurement repeated spike events,observation_derived,en,20,6,0.583065390586853,0.5486195087432861,0.2,1
sentence-transformers/all-MiniLM-L6-v2,800,80,obs_spike_en,neutron current measurement repeated spike events,observation_derived,en,20,7,0.583065390586853,0.5412589311599731,0.6,1
sentence-transformers/all-MiniLM-L6-v2,800,80,obs_spike_en,neutron current measurement repeated spike events,observation_derived,en,20,8,0.583065390586853,0.5520938634872437,0.2,1
sentence-transformers/all-MiniLM-L6-v2,800,80,obs_spike_en,neutron current measurement repeated spike events,observation_derived,en,20,9,0.583065390586853,0.5526045560836792,0.3,1
sentence-transformers/all-MiniLM-L6-v2,800,80,obs_spike_en,neutron current measurement repeated spike events,observation_derived,en,25,0,0.587377667427063,0.5648593306541443,0.2,2
sentence-transformers/all-MiniLM-L6-v2,800,80,obs_spike_en,neutron current measurement repeated spike events,observation_derived,en,25,1,0.587377667427063,0.5601084232330322,0.2,2
sentence-transformers/all-MiniLM-L6-v2,800,80,obs_spike_en,neutron current measurement repeated spike events,observation_derived,en,25,2,0.583065390586853,0.5532280206680298,0.4,1
sentence-transformers/all-MiniLM-L6-v2,800,80,obs_spike_en,neutron current measurement repeated spike events,observation_derived,en,25,3,0.583065390586853,0.5499590635299683,0.4,1
sentence-transformers/all-MiniLM-L6-v2,800,80,obs_spike_en,neutron current measurement repeated spike events,observation_derived,en,25,4,0.583065390586853,0.5504294633865356,0.3,1
sentence-transformers/all-MiniLM-L6-v2,800,80,obs_spike_en,neutron current measurement repeated spike events,observation_derived,en,25,5,0.583065390586853,0.5450802445411682,0.4,1
sentence-transformers/all-MiniLM-L6-v2,800,80,obs_spike_en,neutron current measurement repeated spike events,observation_derived,en,25,6,0.583065390586853,0.5505334138870239,0.4,1
sentence-transformers/all-MiniLM-L6-v2,800,80,obs_spike_en,neutron current measurement repeated spike events,observation_derived,en,25,7,0.587377667427063,0.5612513422966003,0.2,2
sentence-transformers/all-MiniLM-L6-v2,800,80,obs_spike_en,neutron current measurement repeated spike events,observation_derived,en,25,8,0.583065390586853,0.5463672876358032,0.5,1
sentence-transformers/all-MiniLM-L6-v2,800,80,obs_spike_en,neutron current measurement repeated spike events,observation_derived,en,25,9,0.583065390586853,0.5453484654426575,0.3,1
sentence-transformers/all-MiniLM-L6-v2,800,80,obs_spike_en,neutron current measurement repeated spike events,observation_derived,en,30,0,0.587377667427063,0.5619327425956726,0.2,2
sentence-transformers/all-MiniLM-L6-v2,800,80,obs_spike_en,neutron current measurement repeated spike events,observation_derived,en,30,1,0.583065390586853,0.5482853651046753,0.4,1
sentence-transformers/all-MiniLM-L6-v2,800,80,obs_spike_en,neutron current measurement repeated spike events,observation_derived,en,30,2,0.583065390586853,0.5453961491584778,0.4,1
sentence-transformers/all-MiniLM-L6-v2,800,80,obs_spike_en,neutron current measurement repeated spike events,observation_derived,en,30,3,0.583065390586853,0.5523715019226074,0.4,1
sentence-transformers/all-MiniLM-L6-v2,800,80,obs_spike_en,neutron current measurement repeated spike events,observation_derived,en,30,4,0.583065390586853,0.5514954328536987,0.3,1
sentence-transformers/all-MiniLM-L6-v2,800,80,obs_spike_en,neutron current measurement repeated spike events,observation_derived,en,30,5,0.587377667427063,0.5617275834083557,0.2,2
sentence-transformers/all-MiniLM-L6-v2,800,80,obs_spike_en,neutron current measurement repeated spike events,observation_derived,en,30,6,0.583065390586853,0.5497003793716431,0.3,1
sentence-transformers/all-MiniLM-L6-v2,800,80,obs_spike_en,neutron current measurement repeated spike events,observation_derived,en,30,7,0.587377667427063,0.5648593306541443,0.2,2
sentence-transformers/all-MiniLM-L6-v2,800,80,obs_spike_en,neutron current measurement repeated spike events,observation_derived,en,30,8,0.587377667427063,0.5613638162612915,0.2,2
sentence-transformers/all-MiniLM-L6-v2,800,80,obs_spike_en,neutron current measurement repeated spike events,observation_derived,en,30,9,0.587377667427063,0.5594108700752258,0.2,2
sentence-transformers/all-MiniLM-L6-v2,800,80,obs_spike_en,neutron current measurement repeated spike events,observation_derived,en,35,0,0.583065390586853,0.553918182849884,0.2,1
sentence-transformers/all-MiniLM-L6-v2,800,80,obs_spike_en,neutron current measurement repeated spike events,observation_derived,en,35,1,0.587377667427063,0.5599026083946228,0.2,2
sentence-transformers/all-MiniLM-L6-v2,800,80,obs_spike_en,neutron current measurement repeated spike events,observation_derived,en,35,2,0.587377667427063,0.5596321821212769,0.2,2
sentence-transformers/all-MiniLM-L6-v2,800,80,obs_spike_en,neutron current measurement repeated spike events,observation_derived,en,35,3,0.587377667427063,0.563603937625885,0.2,2
sentence-transformers/all-MiniLM-L6-v2,800,80,obs_spike_en,neutron current measurement repeated spike events,observation_derived,en,35,4,0.587377667427063,0.5612264275550842,0.2,2
sentence-transformers/all-MiniLM-L6-v2,800,80,obs_spike_en,neutron current measurement repeated spike events,observation_derived,en,35,5,0.583065390586853,0.5510681867599487,0.4,1
sentence-transformers/all-MiniLM-L6-v2,800,80,obs_spike_en,neutron current measurement repeated spike events,observation_derived,en,35,6,0.587377667427063,0.5586472749710083,0.2,2
sentence-transformers/all-MiniLM-L6-v2,800,80,obs_spike_en,neutron current measurement repeated spike events,observation_derived,en,35,7,0.587377667427063,0.5630349516868591,0.2,2
sentence-transformers/all-MiniLM-L6-v2,800,80,obs_spike_en,neutron current measurement repeated spike events,observation_derived,en,35,8,0.587377667427063,0.5628456473350525,0.2,2
sentence-transformers/all-MiniLM-L6-v2,800,80,obs_spike_en,neutron current measurement repeated spike events,observation_derived,en,35,9,0.587377667427063,0.5648593306541443,0.2,2
sentence-transformers/all-MiniLM-L6-v2,800,80,obs_spike_en,neutron current measurement repeated spike events,observation_derived,en,40,0,0.587377667427063,0.5648593306541443,0.2,2
sentence-transformers/all-MiniLM-L6-v2,800,80,obs_spike_en,neutron current measurement repeated spike events,observation_derived,en,40,1,0.583065390586853,0.5556703805923462,0.2,1
sentence-transformers/all-MiniLM-L6-v2,800,80,obs_spike_en,neutron current measurement repeated spike events,observation_derived,en,40,2,0.587377667427063,0.5648593306541443,0.2,2
sentence-transformers/all-MiniLM-L6-v2,800,80,obs_spike_en,neutron current measurement repeated spike events,observation_derived,en,40,3,0.583065390586853,0.5520938634872437,0.2,1
sentence-transformers/all-MiniLM-L6-v2,800,80,obs_spike_en,neutron current measurement repeated spike events,observation_derived,en,40,4,0.587377667427063,0.5612513422966003,0.2,2
sentence-transformers/all-MiniLM-L6-v2,800,80,obs_spike_en,neutron current measurement repeated spike events,observation_derived,en,40,5,0.587377667427063,0.5646541714668274,0.2,2
sentence-transformers/all-MiniLM-L6-v2,800,80,obs_spike_en,neutron current measurement repeated spike events,observation_derived,en,40,6,0.587377667427063,0.5646541714668274,0.2,2
sentence-transformers/all-MiniLM-L6-v2,800,80,obs_spike_en,neutron current measurement repeated spike events,observation_derived,en,40,7,0.587377667427063,0.5648593306541443,0.2,2
sentence-transformers/all-MiniLM-L6-v2,800,80,obs_spike_en,neutron current measurement repeated spike events,observation_derived,en,40,8,0.587377667427063,0.5630349516868591,0.2,2
sentence-transformers/all-MiniLM-L6-v2,800,80,obs_spike_en,neutron current measurement repeated spike events,observation_derived,en,40,9,0.587377667427063,0.5656205415725708,0.2,2
sentence-transformers/all-MiniLM-L6-v2,800,80,obs_spike_en,neutron current measurement repeated spike events,observation_derived,en,45,0,0.587377667427063,0.5611586570739746,0.2,2
sentence-transformers/all-MiniLM-L6-v2,800,80,obs_spike_en,neutron current measurement repeated spike events,observation_derived,en,45,1,0.587377667427063,0.5656205415725708,0.2,2
sentence-transformers/all-MiniLM-L6-v2,800,80,obs_spike_en,neutron current measurement repeated spike events,observation_derived,en,45,2,0.587377667427063,0.5593501329421997,0.2,2
sentence-transformers/all-MiniLM-L6-v2,800,80,obs_spike_en,neutron current measurement repeated spike events,observation_derived,en,45,3,0.587377667427063,0.5656205415725708,0.2,2
sentence-transformers/all-MiniLM-L6-v2,800,80,obs_spike_en,neutron current measurement repeated spike events,observation_derived,en,45,4,0.587377667427063,0.5648593306541443,0.2,2
sentence-transformers/all-MiniLM-L6-v2,800,80,obs_spike_en,neutron current measurement repeated spike events,observation_derived,en,45,5,0.587377667427063,0.5656205415725708,0.2,2
sentence-transformers/all-MiniLM-L6-v2,800,80,obs_spike_en,neutron current measurement repeated spike events,observation_derived,en,45,6,0.587377667427063,0.5656205415725708,0.2,2
sentence-transformers/all-MiniLM-L6-v2,800,80,obs_spike_en,neutron current measurement repeated spike events,observation_derived,en,45,7,0.587377667427063,0.5630349516868591,0.2,2
sentence-transformers/all-MiniLM-L6-v2,800,80,obs_spike_en,neutron current measurement repeated spike events,observation_derived,en,45,8,0.587377667427063,0.5656205415725708,0.2,2
sentence-transformers/all-MiniLM-L6-v2,800,80,obs_spike_en,neutron current measurement repeated spike events,observation_derived,en,45,9,0.587377667427063,0.5656205415725708,0.2,2
sentence-transformers/all-MiniLM-L6-v2,800,80,obs_spike_en,neutron current measurement repeated spike events,observation_derived,en,50,0,0.587377667427063,0.5656205415725708,0.2,2
sentence-transformers/all-MiniLM-L6-v2,800,80,obs_spike_en,neutron current measurement repeated spike events,observation_derived,en,50,1,0.587377667427063,0.5656205415725708,0.2,2
sentence-transformers/all-MiniLM-L6-v2,800,80,obs_spike_en,neutron current measurement repeated spike events,observation_derived,en,50,2,0.587377667427063,0.5656205415725708,0.2,2
sentence-transformers/all-MiniLM-L6-v2,800,80,obs_spike_en,neutron current measurement repeated spike events,observation_derived,en,50,3,0.587377667427063,0.5656205415725708,0.2,2
sentence-transformers/all-MiniLM-L6-v2,800,80,obs_spike_en,neutron current measurement repeated spike events,observation_derived,en,50,4,0.587377667427063,0.5656205415725708,0.2,2
sentence-transformers/all-MiniLM-L6-v2,800,80,obs_spike_en,neutron current measurement repeated spike events,observation_derived,en,50,5,0.587377667427063,0.5656205415725708,0.2,2
sentence-transformers/all-MiniLM-L6-v2,800,80,obs_spike_en,neutron current measurement repeated spike events,observation_derived,en,50,6,0.587377667427063,0.5656205415725708,0.2,2
sentence-transformers/all-MiniLM-L6-v2,800,80,obs_spike_en,neutron current measurement repeated spike events,observation_derived,en,50,7,0.587377667427063,0.5656205415725708,0.2,2
sentence-transformers/all-MiniLM-L6-v2,800,80,obs_spike_en,neutron current measurement repeated spike events,observation_derived,en,50,8,0.583065390586853,0.5558933615684509,0.2,1
sentence-transformers/all-MiniLM-L6-v2,800,80,obs_spike_en,neutron current measurement repeated spike events,observation_derived,en,50,9,0.587377667427063,0.5656205415725708,0.2,2
sentence-transformers/all-MiniLM-L6-v2,800,80,obs_spike_en,neutron current measurement repeated spike events,observation_derived,en,51,0,0.587377667427063,0.5656205415725708,0.2,2
sentence-transformers/all-MiniLM-L6-v2,800,80,obs_spike_en,neutron current measurement repeated spike events,observation_derived,en,51,1,0.587377667427063,0.5656205415725708,0.2,2
sentence-transformers/all-MiniLM-L6-v2,800,80,obs_spike_en,neutron current measurement repeated spike events,observation_derived,en,51,2,0.587377667427063,0.5656205415725708,0.2,2
sentence-transformers/all-MiniLM-L6-v2,800,80,obs_spike_en,neutron current measurement repeated spike events,observation_derived,en,51,3,0.587377667427063,0.5656205415725708,0.2,2
sentence-transformers/all-MiniLM-L6-v2,800,80,obs_spike_en,neutron current measurement repeated spike events,observation_derived,en,51,4,0.587377667427063,0.5656205415725708,0.2,2
sentence-transformers/all-MiniLM-L6-v2,800,80,obs_spike_en,neutron current measurement repeated spike events,observation_derived,en,51,5,0.587377667427063,0.5656205415725708,0.2,2
sentence-transformers/all-MiniLM-L6-v2,800,80,obs_spike_en,neutron current measurement repeated spike events,observation_derived,en,51,6,0.587377667427063,0.5656205415725708,0.2,2
sentence-transformers/all-MiniLM-L6-v2,800,80,obs_spike_en,neutron current measurement repeated spike events,observation_derived,en,51,7,0.587377667427063,0.5656205415725708,0.2,2
sentence-transformers/all-MiniLM-L6-v2,800,80,obs_spike_en,neutron current measurement repeated spike events,observation_derived,en,51,8,0.587377667427063,0.5656205415725708,0.2,2
sentence-transformers/all-MiniLM-L6-v2,800,80,obs_spike_en,neutron current measurement repeated spike events,observation_derived,en,51,9,0.587377667427063,0.5656205415725708,0.2,2
sentence-transformers/all-MiniLM-L6-v2,800,80,obs_spike_zh,中子电流测量重复尖峰事件,observation_derived,zh,0,0,0.2574586570262909,0.21937799453735352,1.0,1
sentence-transformers/all-MiniLM-L6-v2,800,80,obs_spike_zh,中子电流测量重复尖峰事件,observation_derived,zh,5,0,0.2769358158111572,0.23914536833763123,0.5,2
sentence-transformers/all-MiniLM-L6-v2,800,80,obs_spike_zh,中子电流测量重复尖峰事件,observation_derived,zh,5,1,0.2574586570262909,0.21937799453735352,1.0,1
sentence-transformers/all-MiniLM-L6-v2,800,80,obs_spike_zh,中子电流测量重复尖峰事件,observation_derived,zh,5,2,0.2574586570262909,0.2195267230272293,0.9,1
sentence-transformers/all-MiniLM-L6-v2,800,80,obs_spike_zh,中子电流测量重复尖峰事件,observation_derived,zh,5,3,0.2574586570262909,0.22020204365253448,0.9,1
sentence-transformers/all-MiniLM-L6-v2,800,80,obs_spike_zh,中子电流测量重复尖峰事件,observation_derived,zh,5,4,0.2574586570262909,0.22384901344776154,0.8,1
sentence-transformers/all-MiniLM-L6-v2,800,80,obs_spike_zh,中子电流测量重复尖峰事件,observation_derived,zh,5,5,0.3060247600078583,0.2386871576309204,0.6,3
sentence-transformers/all-MiniLM-L6-v2,800,80,obs_spike_zh,中子电流测量重复尖峰事件,observation_derived,zh,5,6,0.2574586570262909,0.2232837677001953,0.6,1
sentence-transformers/all-MiniLM-L6-v2,800,80,obs_spike_zh,中子电流测量重复尖峰事件,observation_derived,zh,5,7,0.26402944326400757,0.22561343014240265,0.9,2
sentence-transformers/all-MiniLM-L6-v2,800,80,obs_spike_zh,中子电流测量重复尖峰事件,observation_derived,zh,5,8,0.2574586570262909,0.22730055451393127,0.6,1
sentence-transformers/all-MiniLM-L6-v2,800,80,obs_spike_zh,中子电流测量重复尖峰事件,observation_derived,zh,5,9,0.2710018455982208,0.24109287559986115,0.3,2
sentence-transformers/all-MiniLM-L6-v2,800,80,obs_spike_zh,中子电流测量重复尖峰事件,observation_derived,zh,10,0,0.2769358158111572,0.24956950545310974,0.3,2
sentence-transformers/all-MiniLM-L6-v2,800,80,obs_spike_zh,中子电流测量重复尖峰事件,observation_derived,zh,10,1,0.2574586570262909,0.22199515998363495,0.8,1
sentence-transformers/all-MiniLM-L6-v2,800,80,obs_spike_zh,中子电流测量重复尖峰事件,observation_derived,zh,10,2,0.3060247600078583,0.25455862283706665,0.3,4
sentence-transformers/all-MiniLM-L6-v2,800,80,obs_spike_zh,中子电流测量重复尖峰事件,observation_derived,zh,10,3,0.2574586570262909,0.22585126757621765,0.6,1
sentence-transformers/all-MiniLM-L6-v2,800,80,obs_spike_zh,中子电流测量重复尖峰事件,observation_derived,zh,10,4,0.2574586570262909,0.2251470983028412,0.6,1
sentence-transformers/all-MiniLM-L6-v2,800,80,obs_spike_zh,中子电流测量重复尖峰事件,observation_derived,zh,10,5,0.2574586570262909,0.23041915893554688,0.6,1
sentence-transformers/all-MiniLM-L6-v2,800,80,obs_spike_zh,中子电流测量重复尖峰事件,observation_derived,zh,10,6,0.2710018455982208,0.23957236111164093,0.3,3
sentence-transformers/all-MiniLM-L6-v2,800,80,obs_spike_zh,中子电流测量重复尖峰事件,observation_derived,zh,10,7,0.2710018455982208,0.23620662093162537,0.3,2
sentence-transformers/all-MiniLM-L6-v2,800,80,obs_spike_zh,中子电流测量重复尖峰事件,observation_derived,zh,10,8,0.2574586570262909,0.23033078014850616,0.6,1
sentence-transformers/all-MiniLM-L6-v2,800,80,obs_spike_zh,中子电流测量重复尖峰事件,observation_derived,zh,10,9,0.3060247600078583,0.25128549337387085,0.3,4
sentence-transformers/all-MiniLM-L6-v2,800,80,obs_spike_zh,中子电流测量重复尖峰事件,observation_derived,zh,15,0,0.2769358158111572,0.25024551153182983,0.2,3
sentence-transformers/all-MiniLM-L6-v2,800,80,obs_spike_zh,中子电流测量重复尖峰事件,observation_derived,zh,15,1,0.26402944326400757,0.24532672762870789,0.3,3
sentence-transformers/all-MiniLM-L6-v2,800,80,obs_spike_zh,中子电流测量重复尖峰事件,observation_derived,zh,15,2,0.2710018455982208,0.2360481321811676,0.3,2
sentence-transformers/all-MiniLM-L6-v2,800,80,obs_spike_zh,中子电流测量重复尖峰事件,observation_derived,zh,15,3,0.2769358158111572,0.2511970102787018,0.2,4
sentence-transformers/all-MiniLM-L6-v2,800,80,obs_spike_zh,中子电流测量重复尖峰事件,observation_derived,zh,15,4,0.2769358158111572,0.24665215611457825,0.3,2
sentence-transformers/all-MiniLM-L6-v2,800,80,obs_spike_zh,中子电流测量重复尖峰事件,observation_derived,zh,15,5,0.2710018455982208,0.23977048695087433,0.3,3
sentence-transformers/all-MiniLM-L6-v2,800,80,obs_spike_zh,中子电流测量重复尖峰事件,observation_derived,zh,15,6,0.2769358158111572,0.24197423458099365,0.3,2
sentence-transformers/all-MiniLM-L6-v2,800,80,obs_spike_zh,中子电流测量重复尖峰事件,observation_derived,zh,15,7,0.2574586570262909,0.2288472205400467,0.6,1
sentence-transformers/all-MiniLM-L6-v2,800,80,obs_spike_zh,中子电流测量重复尖峰事件,observation_derived,zh,15,8,0.26402944326400757,0.23461556434631348,0.5,3
sentence-transformers/all-MiniLM-L6-v2,800,80,obs_spike_zh,中子电流测量重复尖峰事件,observation_derived,zh,15,9,0.3060247600078583,0.2528740465641022,0.3,5
sentence-transformers/all-MiniLM-L6-v2,800,80,obs_spike_zh,中子电流测量重复尖峰事件,observation_derived,zh,20,0,0.2574586570262909,0.23332533240318298,0.4,1
sentence-transformers/all-MiniLM-L6-v2,800,80,obs_spike_zh,中子电流测量重复尖峰事件,observation_derived,zh,20,1,0.3060247600078583,0.26226505637168884,0.2,6
sentence-transformers/all-MiniLM-L6-v2,800,80,obs_spike_zh,中子电流测量重复尖峰事件,observation_derived,zh,20,2,0.3060247600078583,0.24586501717567444,0.4,4
sentence-transformers/all-MiniLM-L6-v2,800,80,obs_spike_zh,中子电流测量重复尖峰事件,observation_derived,zh,20,3,0.2710018455982208,0.24405601620674133,0.3,2
sentence-transformers/all-MiniLM-L6-v2,800,80,obs_spike_zh,中子电流测量重复尖峰事件,observation_derived,zh,20,4,0.3060247600078583,0.25254637002944946,0.3,5
sentence-transformers/all-MiniLM-L6-v2,800,80,obs_spike_zh,中子电流测量重复尖峰事件,observation_derived,zh,20,5,0.2769358158111572,0.25405725836753845,0.2,4
sentence-transformers/all-MiniLM-L6-v2,800,80,obs_spike_zh,中子电流测量重复尖峰事件,observation_derived,zh,20,6,0.2769358158111572,0.25405725836753845,0.2,4
sentence-transformers/all-MiniLM-L6-v2,800,80,obs_spike_zh,中子电流测量重复尖峰事件,observation_derived,zh,20,7,0.3060247600078583,0.2454509288072586,0.4,4
sentence-transformers/all-MiniLM-L6-v2,800,80,obs_spike_zh,中子电流测量重复尖峰事件,observation_derived,zh,20,8,0.3060247600078583,0.25656232237815857,0.2,5
sentence-transformers/all-MiniLM-L6-v2,800,80,obs_spike_zh,中子电流测量重复尖峰事件,observation_derived,zh,20,9,0.2769358158111572,0.24639792740345,0.3,2
sentence-transformers/all-MiniLM-L6-v2,800,80,obs_spike_zh,中子电流测量重复尖峰事件,observation_derived,zh,25,0,0.3060247600078583,0.2542141377925873,0.3,4
sentence-transformers/all-MiniLM-L6-v2,800,80,obs_spike_zh,中子电流测量重复尖峰事件,observation_derived,zh,25,1,0.2710018455982208,0.24801068007946014,0.3,3
sentence-transformers/all-MiniLM-L6-v2,800,80,obs_spike_zh,中子电流测量重复尖峰事件,observation_derived,zh,25,2,0.2769358158111572,0.25024551153182983,0.2,3
sentence-transformers/all-MiniLM-L6-v2,800,80,obs_spike_zh,中子电流测量重复尖峰事件,observation_derived,zh,25,3,0.2769358158111572,0.24934692680835724,0.3,4
sentence-transformers/all-MiniLM-L6-v2,800,80,obs_spike_zh,中子电流测量重复尖峰事件,observation_derived,zh,25,4,0.2769358158111572,0.24475479125976562,0.4,3
sentence-transformers/all-MiniLM-L6-v2,800,80,obs_spike_zh,中子电流测量重复尖峰事件,observation_derived,zh,25,5,0.26402944326400757,0.24401454627513885,0.3,4
sentence-transformers/all-MiniLM-L6-v2,800,80,obs_spike_zh,中子电流测量重复尖峰事件,observation_derived,zh,25,6,0.3060247600078583,0.2619093060493469,0.2,6
sentence-transformers/all-MiniLM-L6-v2,800,80,obs_spike_zh,中子电流测量重复尖峰事件,observation_derived,zh,25,7,0.2710018455982208,0.24318881332874298,0.3,3
sentence-transformers/all-MiniLM-L6-v2,800,80,obs_spike_zh,中子电流测量重复尖峰事件,observation_derived,zh,25,8,0.3060247600078583,0.2509339451789856,0.3,3
sentence-transformers/all-MiniLM-L6-v2,800,80,obs_spike_zh,中子电流测量重复尖峰事件,observation_derived,zh,25,9,0.3060247600078583,0.26181164383888245,0.2,6
sentence-transformers/all-MiniLM-L6-v2,800,80,obs_spike_zh,中子电流测量重复尖峰事件,observation_derived,zh,30,0,0.3060247600078583,0.2586124539375305,0.2,6
sentence-transformers/all-MiniLM-L6-v2,800,80,obs_spike_zh,中子电流测量重复尖峰事件,observation_derived,zh,30,1,0.3060247600078583,0.262886106967926,0.1,5
sentence-transformers/all-MiniLM-L6-v2,800,80,obs_spike_zh,中子电流测量重复尖峰事件,observation_derived,zh,30,2,0.3060247600078583,0.26325684785842896,0.1,6
sentence-transformers/all-MiniLM-L6-v2,800,80,obs_spike_zh,中子电流测量重复尖峰事件,observation_derived,zh,30,3,0.3060247600078583,0.25856614112854004,0.2,4
sentence-transformers/all-MiniLM-L6-v2,800,80,obs_spike_zh,中子电流测量重复尖峰事件,observation_derived,zh,30,4,0.2769358158111572,0.24873876571655273,0.3,4
sentence-transformers/all-MiniLM-L6-v2,800,80,obs_spike_zh,中子电流测量重复尖峰事件,observation_derived,zh,30,5,0.3060247600078583,0.2617438733577728,0.1,5
sentence-transformers/all-MiniLM-L6-v2,800,80,obs_spike_zh,中子电流测量重复尖峰事件,observation_derived,zh,30,6,0.3060247600078583,0.26370182633399963,0.1,6
sentence-transformers/all-MiniLM-L6-v2,800,80,obs_spike_zh,中子电流测量重复尖峰事件,observation_derived,zh,30,7,0.3060247600078583,0.2582838237285614,0.3,5
sentence-transformers/all-MiniLM-L6-v2,800,80,obs_spike_zh,中子电流测量重复尖峰事件,observation_derived,zh,30,8,0.2769358158111572,0.2560655474662781,0.1,4
sentence-transformers/all-MiniLM-L6-v2,800,80,obs_spike_zh,中子电流测量重复尖峰事件,observation_derived,zh,30,9,0.3060247600078583,0.26485246419906616,0.1,6
sentence-transformers/all-MiniLM-L6-v2,800,80,obs_spike_zh,中子电流测量重复尖峰事件,observation_derived,zh,35,0,0.3060247600078583,0.26594090461730957,0.1,8
sentence-transformers/all-MiniLM-L6-v2,800,80,obs_spike_zh,中子电流测量重复尖峰事件,observation_derived,zh,35,1,0.3060247600078583,0.2624158263206482,0.2,7
sentence-transformers/all-MiniLM-L6-v2,800,80,obs_spike_zh,中子电流测量重复尖峰事件,observation_derived,zh,35,2,0.3060247600078583,0.2653505802154541,0.1,7
sentence-transformers/all-MiniLM-L6-v2,800,80,obs_spike_zh,中子电流测量重复尖峰事件,observation_derived,zh,35,3,0.2769358158111572,0.2535169720649719,0.2,4
sentence-transformers/all-MiniLM-L6-v2,800,80,obs_spike_zh,中子电流测量重复尖峰事件,observation_derived,zh,35,4,0.3060247600078583,0.25843459367752075,0.3,6
sentence-transformers/all-MiniLM-L6-v2,800,80,obs_spike_zh,中子电流测量重复尖峰事件,observation_derived,zh,35,5,0.2769358158111572,0.25817811489105225,0.1,6
sentence-transformers/all-MiniLM-L6-v2,800,80,obs_spike_zh,中子电流测量重复尖峰事件,observation_derived,zh,35,6,0.3060247600078583,0.2551656663417816,0.3,5
sentence-transformers/all-MiniLM-L6-v2,800,80,obs_spike_zh,中子电流测量重复尖峰事件,observation_derived,zh,35,7,0.3060247600078583,0.26432645320892334,0.1,7
sentence-transformers/all-MiniLM-L6-v2,800,80,obs_spike_zh,中子电流测量重复尖峰事件,observation_derived,zh,35,8,0.3060247600078583,0.2672361433506012,0.1,8
sentence-transformers/all-MiniLM-L6-v2,800,80,obs_spike_zh,中子电流测量重复尖峰事件,observation_derived,zh,35,9,0.3060247600078583,0.2633749544620514,0.1,6
sentence-transformers/all-MiniLM-L6-v2,800,80,obs_spike_zh,中子电流测量重复尖峰事件,observation_derived,zh,40,0,0.3060247600078583,0.26684901118278503,0.1,8
sentence-transformers/all-MiniLM-L6-v2,800,80,obs_spike_zh,中子电流测量重复尖峰事件,observation_derived,zh,40,1,0.3060247600078583,0.2654343545436859,0.1,7
sentence-transformers/all-MiniLM-L6-v2,800,80,obs_spike_zh,中子电流测量重复尖峰事件,observation_derived,zh,40,2,0.2769358158111572,0.25817811489105225,0.1,6
sentence-transformers/all-MiniLM-L6-v2,800,80,obs_spike_zh,中子电流测量重复尖峰事件,observation_derived,zh,40,3,0.3060247600078583,0.2652002274990082,0.1,7
sentence-transformers/all-MiniLM-L6-v2,800,80,obs_spike_zh,中子电流测量重复尖峰事件,observation_derived,zh,40,4,0.3060247600078583,0.2663424611091614,0.1,7
sentence-transformers/all-MiniLM-L6-v2,800,80,obs_spike_zh,中子电流测量重复尖峰事件,observation_derived,zh,40,5,0.3060247600078583,0.26146429777145386,0.2,6
sentence-transformers/all-MiniLM-L6-v2,800,80,obs_spike_zh,中子电流测量重复尖峰事件,observation_derived,zh,40,6,0.3060247600078583,0.26684901118278503,0.1,8
sentence-transformers/all-MiniLM-L6-v2,800,80,obs_spike_zh,中子电流测量重复尖峰事件,observation_derived,zh,40,7,0.3060247600078583,0.260162889957428,0.2,5
sentence-transformers/all-MiniLM-L6-v2,800,80,obs_spike_zh,中子电流测量重复尖峰事件,observation_derived,zh,40,8,0.3060247600078583,0.26383763551712036,0.1,6
sentence-transformers/all-MiniLM-L6-v2,800,80,obs_spike_zh,中子电流测量重复尖峰事件,observation_derived,zh,40,9,0.2769358158111572,0.25817811489105225,0.1,6
sentence-transformers/all-MiniLM-L6-v2,800,80,obs_spike_zh,中子电流测量重复尖峰事件,observation_derived,zh,45,0,0.3060247600078583,0.25982537865638733,0.2,6
sentence-transformers/all-MiniLM-L6-v2,800,80,obs_spike_zh,中子电流测量重复尖峰事件,observation_derived,zh,45,1,0.3060247600078583,0.26191771030426025,0.2,6
sentence-transformers/all-MiniLM-L6-v2,800,80,obs_spike_zh,中子电流测量重复尖峰事件,observation_derived,zh,45,2,0.3060247600078583,0.26325684785842896,0.1,6
sentence-transformers/all-MiniLM-L6-v2,800,80,obs_spike_zh,中子电流测量重复尖峰事件,observation_derived,zh,45,3,0.3060247600078583,0.2672361433506012,0.1,8
sentence-transformers/all-MiniLM-L6-v2,800,80,obs_spike_zh,中子电流测量重复尖峰事件,observation_derived,zh,45,4,0.3060247600078583,0.25938040018081665,0.2,6
sentence-transformers/all-MiniLM-L6-v2,800,80,obs_spike_zh,中子电流测量重复尖峰事件,observation_derived,zh,45,5,0.3060247600078583,0.26684901118278503,0.1,8
sentence-transformers/all-MiniLM-L6-v2,800,80,obs_spike_zh,中子电流测量重复尖峰事件,observation_derived,zh,45,6,0.3060247600078583,0.2672361433506012,0.1,8
sentence-transformers/all-MiniLM-L6-v2,800,80,obs_spike_zh,中子电流测量重复尖峰事件,observation_derived,zh,45,7,0.3060247600078583,0.2663424611091614,0.1,7
sentence-transformers/all-MiniLM-L6-v2,800,80,obs_spike_zh,中子电流测量重复尖峰事件,observation_derived,zh,45,8,0.3060247600078583,0.2672361433506012,0.1,8
sentence-transformers/all-MiniLM-L6-v2,800,80,obs_spike_zh,中子电流测量重复尖峰事件,observation_derived,zh,45,9,0.3060247600078583,0.2672361433506012,0.1,8
sentence-transformers/all-MiniLM-L6-v2,800,80,obs_spike_zh,中子电流测量重复尖峰事件,observation_derived,zh,50,0,0.3060247600078583,0.2672361433506012,0.1,8
sentence-transformers/all-MiniLM-L6-v2,800,80,obs_spike_zh,中子电流测量重复尖峰事件,observation_derived,zh,50,1,0.3060247600078583,0.2672361433506012,0.1,8
sentence-transformers/all-MiniLM-L6-v2,800,80,obs_spike_zh,中子电流测量重复尖峰事件,observation_derived,zh,50,2,0.2769358158111572,0.25919294357299805,0.1,6
sentence-transformers/all-MiniLM-L6-v2,800,80,obs_spike_zh,中子电流测量重复尖峰事件,observation_derived,zh,50,3,0.3060247600078583,0.2672361433506012,0.1,8
sentence-transformers/all-MiniLM-L6-v2,800,80,obs_spike_zh,中子电流测量重复尖峰事件,observation_derived,zh,50,4,0.3060247600078583,0.2663509249687195,0.1,7
sentence-transformers/all-MiniLM-L6-v2,800,80,obs_spike_zh,中子电流测量重复尖峰事件,observation_derived,zh,50,5,0.3060247600078583,0.2672361433506012,0.1,8
sentence-transformers/all-MiniLM-L6-v2,800,80,obs_spike_zh,中子电流测量重复尖峰事件,observation_derived,zh,50,6,0.3060247600078583,0.2672361433506012,0.1,8
sentence-transformers/all-MiniLM-L6-v2,800,80,obs_spike_zh,中子电流测量重复尖峰事件,observation_derived,zh,50,7,0.3060247600078583,0.2672361433506012,0.1,8
sentence-transformers/all-MiniLM-L6-v2,800,80,obs_spike_zh,中子电流测量重复尖峰事件,observation_derived,zh,50,8,0.3060247600078583,0.2672361433506012,0.1,8
sentence-transformers/all-MiniLM-L6-v2,800,80,obs_spike_zh,中子电流测量重复尖峰事件,observation_derived,zh,50,9,0.3060247600078583,0.2672361433506012,0.1,8
sentence-transformers/all-MiniLM-L6-v2,800,80,obs_spike_zh,中子电流测量重复尖峰事件,observation_derived,zh,51,0,0.3060247600078583,0.2672361433506012,0.1,8
sentence-transformers/all-MiniLM-L6-v2,800,80,obs_spike_zh,中子电流测量重复尖峰事件,observation_derived,zh,51,1,0.3060247600078583,0.2672361433506012,0.1,8
sentence-transformers/all-MiniLM-L6-v2,800,80,obs_spike_zh,中子电流测量重复尖峰事件,observation_derived,zh,51,2,0.3060247600078583,0.2672361433506012,0.1,8
sentence-transformers/all-MiniLM-L6-v2,800,80,obs_spike_zh,中子电流测量重复尖峰事件,observation_derived,zh,51,3,0.3060247600078583,0.2672361433506012,0.1,8
sentence-transformers/all-MiniLM-L6-v2,800,80,obs_spike_zh,中子电流测量重复尖峰事件,observation_derived,zh,51,4,0.3060247600078583,0.2672361433506012,0.1,8
sentence-transformers/all-MiniLM-L6-v2,800,80,obs_spike_zh,中子电流测量重复尖峰事件,observation_derived,zh,51,5,0.3060247600078583,0.2672361433506012,0.1,8
sentence-transformers/all-MiniLM-L6-v2,800,80,obs_spike_zh,中子电流测量重复尖峰事件,observation_derived,zh,51,6,0.3060247600078583,0.2672361433506012,0.1,8
sentence-transformers/all-MiniLM-L6-v2,800,80,obs_spike_zh,中子电流测量重复尖峰事件,observation_derived,zh,51,7,0.3060247600078583,0.2672361433506012,0.1,8
sentence-transformers/all-MiniLM-L6-v2,800,80,obs_spike_zh,中子电流测量重复尖峰事件,observation_derived,zh,51,8,0.3060247600078583,0.2672361433506012,0.1,8
sentence-transformers/all-MiniLM-L6-v2,800,80,obs_spike_zh,中子电流测量重复尖峰事件,observation_derived,zh,51,9,0.3060247600078583,0.2672361433506012,0.1,8
sentence-transformers/all-MiniLM-L6-v2,800,80,obs_zero_en,neutron current measurement synchronized zero-value dropout across channels,observation_derived,en,0,0,0.5460350513458252,0.5181523561477661,1.0,1
sentence-transformers/all-MiniLM-L6-v2,800,80,obs_zero_en,neutron current measurement synchronized zero-value dropout across channels,observation_derived,en,5,0,0.5460350513458252,0.5181523561477661,1.0,1
sentence-transformers/all-MiniLM-L6-v2,800,80,obs_zero_en,neutron current measurement synchronized zero-value dropout across channels,observation_derived,en,5,1,0.5460349917411804,0.5181523561477661,1.0,1
sentence-transformers/all-MiniLM-L6-v2,800,80,obs_zero_en,neutron current measurement synchronized zero-value dropout across channels,observation_derived,en,5,2,0.5677154064178467,0.531946063041687,0.6,2
sentence-transformers/all-MiniLM-L6-v2,800,80,obs_zero_en,neutron current measurement synchronized zero-value dropout across channels,observation_derived,en,5,3,0.5677154064178467,0.5354277491569519,0.5,2
sentence-transformers/all-MiniLM-L6-v2,800,80,obs_zero_en,neutron current measurement synchronized zero-value dropout across channels,observation_derived,en,5,4,0.5581884384155273,0.53591388463974,0.4,3
sentence-transformers/all-MiniLM-L6-v2,800,80,obs_zero_en,neutron current measurement synchronized zero-value dropout across channels,observation_derived,en,5,5,0.5581884384155273,0.534990668296814,0.5,3
sentence-transformers/all-MiniLM-L6-v2,800,80,obs_zero_en,neutron current measurement synchronized zero-value dropout across channels,observation_derived,en,5,6,0.5460350513458252,0.532832682132721,0.5,1
sentence-transformers/all-MiniLM-L6-v2,800,80,obs_zero_en,neutron current measurement synchronized zero-value dropout across channels,observation_derived,en,5,7,0.5778768062591553,0.5359750986099243,0.5,2
sentence-transformers/all-MiniLM-L6-v2,800,80,obs_zero_en,neutron current measurement synchronized zero-value dropout across channels,observation_derived,en,5,8,0.5677154064178467,0.5331010222434998,0.5,2
sentence-transformers/all-MiniLM-L6-v2,800,80,obs_zero_en,neutron current measurement synchronized zero-value dropout across channels,observation_derived,en,5,9,0.5677154064178467,0.531946063041687,0.6,2
sentence-transformers/all-MiniLM-L6-v2,800,80,obs_zero_en,neutron current measurement synchronized zero-value dropout across channels,observation_derived,en,10,0,0.5460350513458252,0.5181523561477661,1.0,1
sentence-transformers/all-MiniLM-L6-v2,800,80,obs_zero_en,neutron current measurement synchronized zero-value dropout across channels,observation_derived,en,10,1,0.5677154064178467,0.5331010222434998,0.5,2
sentence-transformers/all-MiniLM-L6-v2,800,80,obs_zero_en,neutron current measurement synchronized zero-value dropout across channels,observation_derived,en,10,2,0.5460350513458252,0.5181523561477661,1.0,1
sentence-transformers/all-MiniLM-L6-v2,800,80,obs_zero_en,neutron current measurement synchronized zero-value dropout across channels,observation_derived,en,10,3,0.5778768062591553,0.5370841026306152,0.5,2
sentence-transformers/all-MiniLM-L6-v2,800,80,obs_zero_en,neutron current measurement synchronized zero-value dropout across channels,observation_derived,en,10,4,0.5460350513458252,0.5287689566612244,0.5,1
sentence-transformers/all-MiniLM-L6-v2,800,80,obs_zero_en,neutron current measurement synchronized zero-value dropout across channels,observation_derived,en,10,5,0.5778768062591553,0.5326749682426453,0.6,2
sentence-transformers/all-MiniLM-L6-v2,800,80,obs_zero_en,neutron current measurement synchronized zero-value dropout across channels,observation_derived,en,10,6,0.5564729571342468,0.5306613445281982,0.5,2
sentence-transformers/all-MiniLM-L6-v2,800,80,obs_zero_en,neutron current measurement synchronized zero-value dropout across channels,observation_derived,en,10,7,0.5460350513458252,0.532832682132721,0.5,1
sentence-transformers/all-MiniLM-L6-v2,800,80,obs_zero_en,neutron current measurement synchronized zero-value dropout across channels,observation_derived,en,10,8,0.5460350513458252,0.5279331803321838,0.7,1
sentence-transformers/all-MiniLM-L6-v2,800,80,obs_zero_en,neutron current measurement synchronized zero-value dropout across channels,observation_derived,en,10,9,0.5581884384155273,0.5374783873558044,0.4,3
sentence-transformers/all-MiniLM-L6-v2,800,80,obs_zero_en,neutron current measurement synchronized zero-value dropout across channels,observation_derived,en,15,0,0.5677154064178467,0.5372939705848694,0.4,2
sentence-transformers/all-MiniLM-L6-v2,800,80,obs_zero_en,neutron current measurement synchronized zero-value dropout across channels,observation_derived,en,15,1,0.5778768062591553,0.5417425036430359,0.4,3
sentence-transformers/all-MiniLM-L6-v2,800,80,obs_zero_en,neutron current measurement synchronized zero-value dropout across channels,observation_derived,en,15,2,0.5677154064178467,0.5426366925239563,0.3,3
sentence-transformers/all-MiniLM-L6-v2,800,80,obs_zero_en,neutron current measurement synchronized zero-value dropout across channels,observation_derived,en,15,3,0.5778768062591553,0.545942485332489,0.3,4
sentence-transformers/all-MiniLM-L6-v2,800,80,obs_zero_en,neutron current measurement synchronized zero-value dropout across channels,observation_derived,en,15,4,0.5564729571342468,0.5313700437545776,0.5,2
sentence-transformers/all-MiniLM-L6-v2,800,80,obs_zero_en,neutron current measurement synchronized zero-value dropout across channels,observation_derived,en,15,5,0.5581884384155273,0.5374783873558044,0.4,3
sentence-transformers/all-MiniLM-L6-v2,800,80,obs_zero_en,neutron current measurement synchronized zero-value dropout across channels,observation_derived,en,15,6,0.5460350513458252,0.5336450934410095,0.5,1
sentence-transformers/all-MiniLM-L6-v2,800,80,obs_zero_en,neutron current measurement synchronized zero-value dropout across channels,observation_derived,en,15,7,0.5677154064178467,0.5380562543869019,0.4,2
sentence-transformers/all-MiniLM-L6-v2,800,80,obs_zero_en,neutron current measurement synchronized zero-value dropout across channels,observation_derived,en,15,8,0.5460350513458252,0.5254645943641663,0.6,1
sentence-transformers/all-MiniLM-L6-v2,800,80,obs_zero_en,neutron current measurement synchronized zero-value dropout across channels,observation_derived,en,15,9,0.5564729571342468,0.5248323082923889,0.8,2
sentence-transformers/all-MiniLM-L6-v2,800,80,obs_zero_en,neutron current measurement synchronized zero-value dropout across channels,observation_derived,en,20,0,0.5564729571342468,0.5334230661392212,0.5,2
sentence-transformers/all-MiniLM-L6-v2,800,80,obs_zero_en,neutron current measurement synchronized zero-value dropout across channels,observation_derived,en,20,1,0.5460350513458252,0.5254645943641663,0.6,1
sentence-transformers/all-MiniLM-L6-v2,800,80,obs_zero_en,neutron current measurement synchronized zero-value dropout across channels,observation_derived,en,20,2,0.5581884384155273,0.5351516604423523,0.4,3
sentence-transformers/all-MiniLM-L6-v2,800,80,obs_zero_en,neutron current measurement synchronized zero-value dropout across channels,observation_derived,en,20,3,0.5677154064178467,0.5393601655960083,0.4,2
sentence-transformers/all-MiniLM-L6-v2,800,80,obs_zero_en,neutron current measurement synchronized zero-value dropout across channels,observation_derived,en,20,4,0.5677154064178467,0.5387243032455444,0.4,3
sentence-transformers/all-MiniLM-L6-v2,800,80,obs_zero_en,neutron current measurement synchronized zero-value dropout across channels,observation_derived,en,20,5,0.5677154064178467,0.5362790822982788,0.5,2
sentence-transformers/all-MiniLM-L6-v2,800,80,obs_zero_en,neutron current measurement synchronized zero-value dropout across channels,observation_derived,en,20,6,0.5581884384155273,0.5414199829101562,0.3,4
sentence-transformers/all-MiniLM-L6-v2,800,80,obs_zero_en,neutron current measurement synchronized zero-value dropout across channels,observation_derived,en,20,7,0.5778768062591553,0.539202868938446,0.5,3
sentence-transformers/all-MiniLM-L6-v2,800,80,obs_zero_en,neutron current measurement synchronized zero-value dropout across channels,observation_derived,en,20,8,0.5677154064178467,0.5460636019706726,0.3,5
sentence-transformers/all-MiniLM-L6-v2,800,80,obs_zero_en,neutron current measurement synchronized zero-value dropout across channels,observation_derived,en,20,9,0.5778768062591553,0.5480613708496094,0.3,5
sentence-transformers/all-MiniLM-L6-v2,800,80,obs_zero_en,neutron current measurement synchronized zero-value dropout across channels,observation_derived,en,25,0,0.5778768062591553,0.5449444055557251,0.3,3
sentence-transformers/all-MiniLM-L6-v2,800,80,obs_zero_en,neutron current measurement synchronized zero-value dropout across channels,observation_derived,en,25,1,0.5778768062591553,0.5414836406707764,0.4,3
sentence-transformers/all-MiniLM-L6-v2,800,80,obs_zero_en,neutron current measurement synchronized zero-value dropout across channels,observation_derived,en,25,2,0.5677154064178467,0.5443727970123291,0.3,4
sentence-transformers/all-MiniLM-L6-v2,800,80,obs_zero_en,neutron current measurement synchronized zero-value dropout across channels,observation_derived,en,25,3,0.5778768062591553,0.5489732027053833,0.3,5
sentence-transformers/all-MiniLM-L6-v2,800,80,obs_zero_en,neutron current measurement synchronized zero-value dropout across channels,observation_derived,en,25,4,0.5564729571342468,0.534043550491333,0.5,2
sentence-transformers/all-MiniLM-L6-v2,800,80,obs_zero_en,neutron current measurement synchronized zero-value dropout across channels,observation_derived,en,25,5,0.5778768062591553,0.5456549525260925,0.3,3
sentence-transformers/all-MiniLM-L6-v2,800,80,obs_zero_en,neutron current measurement synchronized zero-value dropout across channels,observation_derived,en,25,6,0.5581884384155273,0.5419219732284546,0.3,3
sentence-transformers/all-MiniLM-L6-v2,800,80,obs_zero_en,neutron current measurement synchronized zero-value dropout across channels,observation_derived,en,25,7,0.5778768062591553,0.5453993678092957,0.3,4
sentence-transformers/all-MiniLM-L6-v2,800,80,obs_zero_en,neutron current measurement synchronized zero-value dropout across channels,observation_derived,en,25,8,0.5778768062591553,0.5489732027053833,0.3,5
sentence-transformers/all-MiniLM-L6-v2,800,80,obs_zero_en,neutron current measurement synchronized zero-value dropout across channels,observation_derived,en,25,9,0.5778768062591553,0.5519579648971558,0.2,6
sentence-transformers/all-MiniLM-L6-v2,800,80,obs_zero_en,neutron current measurement synchronized zero-value dropout across channels,observation_derived,en,30,0,0.5581884384155273,0.5420483350753784,0.3,4
sentence-transformers/all-MiniLM-L6-v2,800,80,obs_zero_en,neutron current measurement synchronized zero-value dropout across channels,observation_derived,en,30,1,0.5677154064178467,0.5478624105453491,0.3,5
sentence-transformers/all-MiniLM-L6-v2,800,80,obs_zero_en,neutron current measurement synchronized zero-value dropout across channels,observation_derived,en,30,2,0.5778768062591553,0.550452709197998,0.3,5
sentence-transformers/all-MiniLM-L6-v2,800,80,obs_zero_en,neutron current measurement synchronized zero-value dropout across channels,observation_derived,en,30,3,0.5581884384155273,0.544524610042572,0.3,4
sentence-transformers/all-MiniLM-L6-v2,800,80,obs_zero_en,neutron current measurement synchronized zero-value dropout across channels,observation_derived,en,30,4,0.5778768062591553,0.547345757484436,0.3,4
sentence-transformers/all-MiniLM-L6-v2,800,80,obs_zero_en,neutron current measurement synchronized zero-value dropout across channels,observation_derived,en,30,5,0.5778768062591553,0.5475181937217712,0.3,5
sentence-transformers/all-MiniLM-L6-v2,800,80,obs_zero_en,neutron current measurement synchronized zero-value dropout across channels,observation_derived,en,30,6,0.5564729571342468,0.5383907556533813,0.4,2
sentence-transformers/all-MiniLM-L6-v2,800,80,obs_zero_en,neutron current measurement synchronized zero-value dropout across channels,observation_derived,en,30,7,0.5564729571342468,0.535801112651825,0.5,2
sentence-transformers/all-MiniLM-L6-v2,800,80,obs_zero_en,neutron current measurement synchronized zero-value dropout across channels,observation_derived,en,30,8,0.5581884384155273,0.5424413681030273,0.3,4
sentence-transformers/all-MiniLM-L6-v2,800,80,obs_zero_en,neutron current measurement synchronized zero-value dropout across channels,observation_derived,en,30,9,0.5778768062591553,0.5487853288650513,0.3,5
sentence-transformers/all-MiniLM-L6-v2,800,80,obs_zero_en,neutron current measurement synchronized zero-value dropout across channels,observation_derived,en,35,0,0.5778768062591553,0.5508102178573608,0.2,5
sentence-transformers/all-MiniLM-L6-v2,800,80,obs_zero_en,neutron current measurement synchronized zero-value dropout across channels,observation_derived,en,35,1,0.5778768062591553,0.5475181937217712,0.3,5
sentence-transformers/all-MiniLM-L6-v2,800,80,obs_zero_en,neutron current measurement synchronized zero-value dropout across channels,observation_derived,en,35,2,0.5677154064178467,0.5460636019706726,0.3,5
sentence-transformers/all-MiniLM-L6-v2,800,80,obs_zero_en,neutron current measurement synchronized zero-value dropout across channels,observation_derived,en,35,3,0.5677154064178467,0.5457435846328735,0.3,4
sentence-transformers/all-MiniLM-L6-v2,800,80,obs_zero_en,neutron current measurement synchronized zero-value dropout across channels,observation_derived,en,35,4,0.5778768062591553,0.5519579648971558,0.2,6
sentence-transformers/all-MiniLM-L6-v2,800,80,obs_zero_en,neutron current measurement synchronized zero-value dropout across channels,observation_derived,en,35,5,0.5778768062591553,0.5508171319961548,0.3,6
sentence-transformers/all-MiniLM-L6-v2,800,80,obs_zero_en,neutron current measurement synchronized zero-value dropout across channels,observation_derived,en,35,6,0.5677154064178467,0.5434016585350037,0.3,4
sentence-transformers/all-MiniLM-L6-v2,800,80,obs_zero_en,neutron current measurement synchronized zero-value dropout across channels,observation_derived,en,35,7,0.5677154064178467,0.5421334505081177,0.3,2
sentence-transformers/all-MiniLM-L6-v2,800,80,obs_zero_en,neutron current measurement synchronized zero-value dropout across channels,observation_derived,en,35,8,0.5778768062591553,0.5485451817512512,0.3,5
sentence-transformers/all-MiniLM-L6-v2,800,80,obs_zero_en,neutron current measurement synchronized zero-value dropout across channels,observation_derived,en,35,9,0.5778768062591553,0.5487008094787598,0.3,4
sentence-transformers/all-MiniLM-L6-v2,800,80,obs_zero_en,neutron current measurement synchronized zero-value dropout across channels,observation_derived,en,40,0,0.5778768062591553,0.5474689602851868,0.3,3
sentence-transformers/all-MiniLM-L6-v2,800,80,obs_zero_en,neutron current measurement synchronized zero-value dropout across channels,observation_derived,en,40,1,0.5778768062591553,0.5500974059104919,0.3,5
sentence-transformers/all-MiniLM-L6-v2,800,80,obs_zero_en,neutron current measurement synchronized zero-value dropout across channels,observation_derived,en,40,2,0.5778768062591553,0.5525010824203491,0.2,6
sentence-transformers/all-MiniLM-L6-v2,800,80,obs_zero_en,neutron current measurement synchronized zero-value dropout across channels,observation_derived,en,40,3,0.5778768062591553,0.5525010824203491,0.2,6
sentence-transformers/all-MiniLM-L6-v2,800,80,obs_zero_en,neutron current measurement synchronized zero-value dropout across channels,observation_derived,en,40,4,0.5778768062591553,0.5519579648971558,0.2,6
sentence-transformers/all-MiniLM-L6-v2,800,80,obs_zero_en,neutron current measurement synchronized zero-value dropout across channels,observation_derived,en,40,5,0.5778768062591553,0.5525010824203491,0.2,6
sentence-transformers/all-MiniLM-L6-v2,800,80,obs_zero_en,neutron current measurement synchronized zero-value dropout across channels,observation_derived,en,40,6,0.5778768062591553,0.5525010824203491,0.2,6
sentence-transformers/all-MiniLM-L6-v2,800,80,obs_zero_en,neutron current measurement synchronized zero-value dropout across channels,observation_derived,en,40,7,0.5778768062591553,0.5525010824203491,0.2,6
sentence-transformers/all-MiniLM-L6-v2,800,80,obs_zero_en,neutron current measurement synchronized zero-value dropout across channels,observation_derived,en,40,8,0.5778768062591553,0.5463446974754333,0.3,3
sentence-transformers/all-MiniLM-L6-v2,800,80,obs_zero_en,neutron current measurement synchronized zero-value dropout across channels,observation_derived,en,40,9,0.5778768062591553,0.5525010824203491,0.2,6
sentence-transformers/all-MiniLM-L6-v2,800,80,obs_zero_en,neutron current measurement synchronized zero-value dropout across channels,observation_derived,en,45,0,0.5778768062591553,0.5486166477203369,0.3,4
sentence-transformers/all-MiniLM-L6-v2,800,80,obs_zero_en,neutron current measurement synchronized zero-value dropout across channels,observation_derived,en,45,1,0.5778768062591553,0.5517882108688354,0.3,6
sentence-transformers/all-MiniLM-L6-v2,800,80,obs_zero_en,neutron current measurement synchronized zero-value dropout across channels,observation_derived,en,45,2,0.5778768062591553,0.5495878458023071,0.3,4
sentence-transformers/all-MiniLM-L6-v2,800,80,obs_zero_en,neutron current measurement synchronized zero-value dropout across channels,observation_derived,en,45,3,0.5778768062591553,0.5525010824203491,0.2,6
sentence-transformers/all-MiniLM-L6-v2,800,80,obs_zero_en,neutron current measurement synchronized zero-value dropout across channels,observation_derived,en,45,4,0.5778768062591553,0.5525010824203491,0.2,6
sentence-transformers/all-MiniLM-L6-v2,800,80,obs_zero_en,neutron current measurement synchronized zero-value dropout across channels,observation_derived,en,45,5,0.5778768062591553,0.550452709197998,0.3,5
sentence-transformers/all-MiniLM-L6-v2,800,80,obs_zero_en,neutron current measurement synchronized zero-value dropout across channels,observation_derived,en,45,6,0.5778768062591553,0.5525010824203491,0.2,6
sentence-transformers/all-MiniLM-L6-v2,800,80,obs_zero_en,neutron current measurement synchronized zero-value dropout across channels,observation_derived,en,45,7,0.5778768062591553,0.5508102178573608,0.2,5
sentence-transformers/all-MiniLM-L6-v2,800,80,obs_zero_en,neutron current measurement synchronized zero-value dropout across channels,observation_derived,en,45,8,0.5778768062591553,0.5487008094787598,0.3,4
sentence-transformers/all-MiniLM-L6-v2,800,80,obs_zero_en,neutron current measurement synchronized zero-value dropout across channels,observation_derived,en,45,9,0.5778768062591553,0.5525010824203491,0.2,6
sentence-transformers/all-MiniLM-L6-v2,800,80,obs_zero_en,neutron current measurement synchronized zero-value dropout across channels,observation_derived,en,50,0,0.5778768062591553,0.5525010824203491,0.2,6
sentence-transformers/all-MiniLM-L6-v2,800,80,obs_zero_en,neutron current measurement synchronized zero-value dropout across channels,observation_derived,en,50,1,0.5778768062591553,0.5525010824203491,0.2,6
sentence-transformers/all-MiniLM-L6-v2,800,80,obs_zero_en,neutron current measurement synchronized zero-value dropout across channels,observation_derived,en,50,2,0.5778768062591553,0.5525010824203491,0.2,6
sentence-transformers/all-MiniLM-L6-v2,800,80,obs_zero_en,neutron current measurement synchronized zero-value dropout across channels,observation_derived,en,50,3,0.5778768062591553,0.5525010824203491,0.2,6
sentence-transformers/all-MiniLM-L6-v2,800,80,obs_zero_en,neutron current measurement synchronized zero-value dropout across channels,observation_derived,en,50,4,0.5778768062591553,0.5525010824203491,0.2,6
sentence-transformers/all-MiniLM-L6-v2,800,80,obs_zero_en,neutron current measurement synchronized zero-value dropout across channels,observation_derived,en,50,5,0.5778768062591553,0.5525010824203491,0.2,6
sentence-transformers/all-MiniLM-L6-v2,800,80,obs_zero_en,neutron current measurement synchronized zero-value dropout across channels,observation_derived,en,50,6,0.5778768062591553,0.5525010824203491,0.2,6
sentence-transformers/all-MiniLM-L6-v2,800,80,obs_zero_en,neutron current measurement synchronized zero-value dropout across channels,observation_derived,en,50,7,0.5778768062591553,0.5525010824203491,0.2,6
sentence-transformers/all-MiniLM-L6-v2,800,80,obs_zero_en,neutron current measurement synchronized zero-value dropout across channels,observation_derived,en,50,8,0.5778768062591553,0.5525010824203491,0.2,6
sentence-transformers/all-MiniLM-L6-v2,800,80,obs_zero_en,neutron current measurement synchronized zero-value dropout across channels,observation_derived,en,50,9,0.5778768062591553,0.5525010824203491,0.2,6
sentence-transformers/all-MiniLM-L6-v2,800,80,obs_zero_en,neutron current measurement synchronized zero-value dropout across channels,observation_derived,en,51,0,0.5778768062591553,0.5525010824203491,0.2,6
sentence-transformers/all-MiniLM-L6-v2,800,80,obs_zero_en,neutron current measurement synchronized zero-value dropout across channels,observation_derived,en,51,1,0.5778768062591553,0.5525010824203491,0.2,6
sentence-transformers/all-MiniLM-L6-v2,800,80,obs_zero_en,neutron current measurement synchronized zero-value dropout across channels,observation_derived,en,51,2,0.5778768062591553,0.5525010824203491,0.2,6
sentence-transformers/all-MiniLM-L6-v2,800,80,obs_zero_en,neutron current measurement synchronized zero-value dropout across channels,observation_derived,en,51,3,0.5778768062591553,0.5525010824203491,0.2,6
sentence-transformers/all-MiniLM-L6-v2,800,80,obs_zero_en,neutron current measurement synchronized zero-value dropout across channels,observation_derived,en,51,4,0.5778768062591553,0.5525010824203491,0.2,6
sentence-transformers/all-MiniLM-L6-v2,800,80,obs_zero_en,neutron current measurement synchronized zero-value dropout across channels,observation_derived,en,51,5,0.5778768062591553,0.5525010824203491,0.2,6
sentence-transformers/all-MiniLM-L6-v2,800,80,obs_zero_en,neutron current measurement synchronized zero-value dropout across channels,observation_derived,en,51,6,0.5778768062591553,0.5525010824203491,0.2,6
sentence-transformers/all-MiniLM-L6-v2,800,80,obs_zero_en,neutron current measurement synchronized zero-value dropout across channels,observation_derived,en,51,7,0.5778768062591553,0.5525010824203491,0.2,6
sentence-transformers/all-MiniLM-L6-v2,800,80,obs_zero_en,neutron current measurement synchronized zero-value dropout across channels,observation_derived,en,51,8,0.5778768062591553,0.5525010824203491,0.2,6
sentence-transformers/all-MiniLM-L6-v2,800,80,obs_zero_en,neutron current measurement synchronized zero-value dropout across channels,observation_derived,en,51,9,0.5778768062591553,0.5525010824203491,0.2,6
sentence-transformers/all-MiniLM-L6-v2,800,80,obs_zero_zh,中子电流测量跨通道同步零值闪断,observation_derived,zh,0,0,0.29440879821777344,0.26452168822288513,1.0,1
sentence-transformers/all-MiniLM-L6-v2,800,80,obs_zero_zh,中子电流测量跨通道同步零值闪断,observation_derived,zh,5,0,0.29440879821777344,0.274844229221344,0.5,1
sentence-transformers/all-MiniLM-L6-v2,800,80,obs_zero_zh,中子电流测量跨通道同步零值闪断,observation_derived,zh,5,1,0.29440879821777344,0.2817569673061371,0.5,1
sentence-transformers/all-MiniLM-L6-v2,800,80,obs_zero_zh,中子电流测量跨通道同步零值闪断,observation_derived,zh,5,2,0.2957842946052551,0.2758805751800537,0.7,2
sentence-transformers/all-MiniLM-L6-v2,800,80,obs_zero_zh,中子电流测量跨通道同步零值闪断,observation_derived,zh,5,3,0.2957842946052551,0.2758805751800537,0.7,2
sentence-transformers/all-MiniLM-L6-v2,800,80,obs_zero_zh,中子电流测量跨通道同步零值闪断,observation_derived,zh,5,4,0.29440879821777344,0.26452168822288513,1.0,1
sentence-transformers/all-MiniLM-L6-v2,800,80,obs_zero_zh,中子电流测量跨通道同步零值闪断,observation_derived,zh,5,5,0.29440879821777344,0.2749181389808655,0.7,1
sentence-transformers/all-MiniLM-L6-v2,800,80,obs_zero_zh,中子电流测量跨通道同步零值闪断,observation_derived,zh,5,6,0.2957842946052551,0.2768777012825012,0.6,2
sentence-transformers/all-MiniLM-L6-v2,800,80,obs_zero_zh,中子电流测量跨通道同步零值闪断,observation_derived,zh,5,7,0.2985059916973114,0.2874988317489624,0.2,2
sentence-transformers/all-MiniLM-L6-v2,800,80,obs_zero_zh,中子电流测量跨通道同步零值闪断,observation_derived,zh,5,8,0.352130264043808,0.3205668330192566,0.0,11
sentence-transformers/all-MiniLM-L6-v2,800,80,obs_zero_zh,中子电流测量跨通道同步零值闪断,observation_derived,zh,5,9,0.29440879821777344,0.27445343136787415,0.7,1
sentence-transformers/all-MiniLM-L6-v2,800,80,obs_zero_zh,中子电流测量跨通道同步零值闪断,observation_derived,zh,10,0,0.29440879821777344,0.2695675492286682,0.8,1
sentence-transformers/all-MiniLM-L6-v2,800,80,obs_zero_zh,中子电流测量跨通道同步零值闪断,observation_derived,zh,10,1,0.3075059652328491,0.27956047654151917,0.7,2
sentence-transformers/all-MiniLM-L6-v2,800,80,obs_zero_zh,中子电流测量跨通道同步零值闪断,observation_derived,zh,10,2,0.3075059652328491,0.2735983729362488,0.8,2
sentence-transformers/all-MiniLM-L6-v2,800,80,obs_zero_zh,中子电流测量跨通道同步零值闪断,observation_derived,zh,10,3,0.2985059916973114,0.28208187222480774,0.4,2
sentence-transformers/all-MiniLM-L6-v2,800,80,obs_zero_zh,中子电流测量跨通道同步零值闪断,observation_derived,zh,10,4,0.32004448771476746,0.30594882369041443,0.1,10
sentence-transformers/all-MiniLM-L6-v2,800,80,obs_zero_zh,中子电流测量跨通道同步零值闪断,observation_derived,zh,10,5,0.32004448771476746,0.30453863739967346,0.1,9
sentence-transformers/all-MiniLM-L6-v2,800,80,obs_zero_zh,中子电流测量跨通道同步零值闪断,observation_derived,zh,10,6,0.2985059916973114,0.2874988317489624,0.2,2
sentence-transformers/all-MiniLM-L6-v2,800,80,obs_zero_zh,中子电流测量跨通道同步零值闪断,observation_derived,zh,10,7,0.352130264043808,0.3242796063423157,0.0,11
sentence-transformers/all-MiniLM-L6-v2,800,80,obs_zero_zh,中子电流测量跨通道同步零值闪断,observation_derived,zh,10,8,0.29440879821777344,0.26677632331848145,0.9,1
sentence-transformers/all-MiniLM-L6-v2,800,80,obs_zero_zh,中子电流测量跨通道同步零值闪断,observation_derived,zh,10,9,0.2985059916973114,0.2835753560066223,0.4,2
sentence-transformers/all-MiniLM-L6-v2,800,80,obs_zero_zh,中子电流测量跨通道同步零值闪断,observation_derived,zh,15,0,0.32004448771476746,0.30635854601860046,0.0,11
sentence-transformers/all-MiniLM-L6-v2,800,80,obs_zero_zh,中子电流测量跨通道同步零值闪断,observation_derived,zh,15,1,0.32004448771476746,0.3047766387462616,0.1,10
sentence-transformers/all-MiniLM-L6-v2,800,80,obs_zero_zh,中子电流测量跨通道同步零值闪断,observation_derived,zh,15,2,0.3075059652328491,0.2858321964740753,0.4,3
sentence-transformers/all-MiniLM-L6-v2,800,80,obs_zero_zh,中子电流测量跨通道同步零值闪断,observation_derived,zh,15,3,0.32004448771476746,0.3050488531589508,0.1,10
sentence-transformers/all-MiniLM-L6-v2,800,80,obs_zero_zh,中子电流测量跨通道同步零值闪断,observation_derived,zh,15,4,0.2985059916973114,0.28486326336860657,0.3,2
sentence-transformers/all-MiniLM-L6-v2,800,80,obs_zero_zh,中子电流测量跨通道同步零值闪断,observation_derived,zh,15,5,0.32004448771476746,0.30460283160209656,0.1,9
sentence-transformers/all-MiniLM-L6-v2,800,80,obs_zero_zh,中子电流测量跨通道同步零值闪断,observation_derived,zh,15,6,0.352130264043808,0.3205668330192566,0.0,11
sentence-transformers/all-MiniLM-L6-v2,800,80,obs_zero_zh,中子电流测量跨通道同步零值闪断,observation_derived,zh,15,7,0.352130264043808,0.3242796063423157,0.0,11
sentence-transformers/all-MiniLM-L6-v2,800,80,obs_zero_zh,中子电流测量跨通道同步零值闪断,observation_derived,zh,15,8,0.352130264043808,0.3205668330192566,0.0,11
sentence-transformers/all-MiniLM-L6-v2,800,80,obs_zero_zh,中子电流测量跨通道同步零值闪断,observation_derived,zh,15,9,0.3075059652328491,0.2786458432674408,0.4,2
sentence-transformers/all-MiniLM-L6-v2,800,80,obs_zero_zh,中子电流测量跨通道同步零值闪断,observation_derived,zh,20,0,0.29440879821777344,0.285464882850647,0.4,1
sentence-transformers/all-MiniLM-L6-v2,800,80,obs_zero_zh,中子电流测量跨通道同步零值闪断,observation_derived,zh,20,1,0.352130264043808,0.3242796063423157,0.0,11
sentence-transformers/all-MiniLM-L6-v2,800,80,obs_zero_zh,中子电流测量跨通道同步零值闪断,observation_derived,zh,20,2,0.352130264043808,0.3205668330192566,0.0,11
sentence-transformers/all-MiniLM-L6-v2,800,80,obs_zero_zh,中子电流测量跨通道同步零值闪断,observation_derived,zh,20,3,0.352130264043808,0.3242796063423157,0.0,11
sentence-transformers/all-MiniLM-L6-v2,800,80,obs_zero_zh,中子电流测量跨通道同步零值闪断,observation_derived,zh,20,4,0.352130264043808,0.3205668330192566,0.0,11
sentence-transformers/all-MiniLM-L6-v2,800,80,obs_zero_zh,中子电流测量跨通道同步零值闪断,observation_derived,zh,20,5,0.352130264043808,0.3242796063423157,0.0,11
sentence-transformers/all-MiniLM-L6-v2,800,80,obs_zero_zh,中子电流测量跨通道同步零值闪断,observation_derived,zh,20,6,0.29440879821777344,0.2692966163158417,0.7,1
sentence-transformers/all-MiniLM-L6-v2,800,80,obs_zero_zh,中子电流测量跨通道同步零值闪断,observation_derived,zh,20,7,0.3075059652328491,0.2859950065612793,0.5,2
sentence-transformers/all-MiniLM-L6-v2,800,80,obs_zero_zh,中子电流测量跨通道同步零值闪断,observation_derived,zh,20,8,0.352130264043808,0.3242796063423157,0.0,11
sentence-transformers/all-MiniLM-L6-v2,800,80,obs_zero_zh,中子电流测量跨通道同步零值闪断,observation_derived,zh,20,9,0.352130264043808,0.3242796063423157,0.0,11
sentence-transformers/all-MiniLM-L6-v2,800,80,obs_zero_zh,中子电流测量跨通道同步零值闪断,observation_derived,zh,25,0,0.352130264043808,0.3242796063423157,0.0,11
sentence-transformers/all-MiniLM-L6-v2,800,80,obs_zero_zh,中子电流测量跨通道同步零值闪断,observation_derived,zh,25,1,0.29440879821777344,0.28675276041030884,0.3,1
sentence-transformers/all-MiniLM-L6-v2,800,80,obs_zero_zh,中子电流测量跨通道同步零值闪断,observation_derived,zh,25,2,0.352130264043808,0.3209077715873718,0.0,11
sentence-transformers/all-MiniLM-L6-v2,800,80,obs_zero_zh,中子电流测量跨通道同步零值闪断,observation_derived,zh,25,3,0.352130264043808,0.3209077715873718,0.0,11
sentence-transformers/all-MiniLM-L6-v2,800,80,obs_zero_zh,中子电流测量跨通道同步零值闪断,observation_derived,zh,25,4,0.32004448771476746,0.3047766387462616,0.1,10
sentence-transformers/all-MiniLM-L6-v2,800,80,obs_zero_zh,中子电流测量跨通道同步零值闪断,observation_derived,zh,25,5,0.3075059652328491,0.291840523481369,0.1,3
sentence-transformers/all-MiniLM-L6-v2,800,80,obs_zero_zh,中子电流测量跨通道同步零值闪断,observation_derived,zh,25,6,0.32004448771476746,0.30635854601860046,0.0,11
sentence-transformers/all-MiniLM-L6-v2,800,80,obs_zero_zh,中子电流测量跨通道同步零值闪断,observation_derived,zh,25,7,0.352130264043808,0.3205668330192566,0.0,11
sentence-transformers/all-MiniLM-L6-v2,800,80,obs_zero_zh,中子电流测量跨通道同步零值闪断,observation_derived,zh,25,8,0.352130264043808,0.3209077715873718,0.0,11
sentence-transformers/all-MiniLM-L6-v2,800,80,obs_zero_zh,中子电流测量跨通道同步零值闪断,observation_derived,zh,25,9,0.352130264043808,0.3242796063423157,0.0,11
sentence-transformers/all-MiniLM-L6-v2,800,80,obs_zero_zh,中子电流测量跨通道同步零值闪断,observation_derived,zh,30,0,0.32004448771476746,0.3047766387462616,0.1,10
sentence-transformers/all-MiniLM-L6-v2,800,80,obs_zero_zh,中子电流测量跨通道同步零值闪断,observation_derived,zh,30,1,0.352130264043808,0.3242796063423157,0.0,11
sentence-transformers/all-MiniLM-L6-v2,800,80,obs_zero_zh,中子电流测量跨通道同步零值闪断,observation_derived,zh,30,2,0.32004448771476746,0.30635854601860046,0.0,11
sentence-transformers/all-MiniLM-L6-v2,800,80,obs_zero_zh,中子电流测量跨通道同步零值闪断,observation_derived,zh,30,3,0.32004448771476746,0.3047766387462616,0.1,10
sentence-transformers/all-MiniLM-L6-v2,800,80,obs_zero_zh,中子电流测量跨通道同步零值闪断,observation_derived,zh,30,4,0.352130264043808,0.3209077715873718,0.0,11
sentence-transformers/all-MiniLM-L6-v2,800,80,obs_zero_zh,中子电流测量跨通道同步零值闪断,observation_derived,zh,30,5,0.352130264043808,0.3242796063423157,0.0,11
sentence-transformers/all-MiniLM-L6-v2,800,80,obs_zero_zh,中子电流测量跨通道同步零值闪断,observation_derived,zh,30,6,0.32004448771476746,0.3050488531589508,0.1,10
sentence-transformers/all-MiniLM-L6-v2,800,80,obs_zero_zh,中子电流测量跨通道同步零值闪断,observation_derived,zh,30,7,0.32004448771476746,0.3047766387462616,0.1,10
sentence-transformers/all-MiniLM-L6-v2,800,80,obs_zero_zh,中子电流测量跨通道同步零值闪断,observation_derived,zh,30,8,0.352130264043808,0.3205668330192566,0.0,11
sentence-transformers/all-MiniLM-L6-v2,800,80,obs_zero_zh,中子电流测量跨通道同步零值闪断,observation_derived,zh,30,9,0.352130264043808,0.3242796063423157,0.0,11
sentence-transformers/all-MiniLM-L6-v2,800,80,obs_zero_zh,中子电流测量跨通道同步零值闪断,observation_derived,zh,35,0,0.352130264043808,0.3242796063423157,0.0,11
sentence-transformers/all-MiniLM-L6-v2,800,80,obs_zero_zh,中子电流测量跨通道同步零值闪断,observation_derived,zh,35,1,0.352130264043808,0.3242796063423157,0.0,11
sentence-transformers/all-MiniLM-L6-v2,800,80,obs_zero_zh,中子电流测量跨通道同步零值闪断,observation_derived,zh,35,2,0.352130264043808,0.3242796063423157,0.0,11
sentence-transformers/all-MiniLM-L6-v2,800,80,obs_zero_zh,中子电流测量跨通道同步零值闪断,observation_derived,zh,35,3,0.352130264043808,0.3209077715873718,0.0,11
sentence-transformers/all-MiniLM-L6-v2,800,80,obs_zero_zh,中子电流测量跨通道同步零值闪断,observation_derived,zh,35,4,0.352130264043808,0.3242796063423157,0.0,11
sentence-transformers/all-MiniLM-L6-v2,800,80,obs_zero_zh,中子电流测量跨通道同步零值闪断,observation_derived,zh,35,5,0.352130264043808,0.3242796063423157,0.0,11
sentence-transformers/all-MiniLM-L6-v2,800,80,obs_zero_zh,中子电流测量跨通道同步零值闪断,observation_derived,zh,35,6,0.32004448771476746,0.30608636140823364,0.0,11
sentence-transformers/all-MiniLM-L6-v2,800,80,obs_zero_zh,中子电流测量跨通道同步零值闪断,observation_derived,zh,35,7,0.352130264043808,0.3242796063423157,0.0,11
sentence-transformers/all-MiniLM-L6-v2,800,80,obs_zero_zh,中子电流测量跨通道同步零值闪断,observation_derived,zh,35,8,0.352130264043808,0.3209077715873718,0.0,11
sentence-transformers/all-MiniLM-L6-v2,800,80,obs_zero_zh,中子电流测量跨通道同步零值闪断,observation_derived,zh,35,9,0.352130264043808,0.3242796063423157,0.0,11
sentence-transformers/all-MiniLM-L6-v2,800,80,obs_zero_zh,中子电流测量跨通道同步零值闪断,observation_derived,zh,40,0,0.352130264043808,0.3242796063423157,0.0,11
sentence-transformers/all-MiniLM-L6-v2,800,80,obs_zero_zh,中子电流测量跨通道同步零值闪断,observation_derived,zh,40,1,0.352130264043808,0.3209077715873718,0.0,11
sentence-transformers/all-MiniLM-L6-v2,800,80,obs_zero_zh,中子电流测量跨通道同步零值闪断,observation_derived,zh,40,2,0.32004448771476746,0.30635854601860046,0.0,11
sentence-transformers/all-MiniLM-L6-v2,800,80,obs_zero_zh,中子电流测量跨通道同步零值闪断,observation_derived,zh,40,3,0.352130264043808,0.3209077715873718,0.0,11
sentence-transformers/all-MiniLM-L6-v2,800,80,obs_zero_zh,中子电流测量跨通道同步零值闪断,observation_derived,zh,40,4,0.352130264043808,0.3242796063423157,0.0,11
sentence-transformers/all-MiniLM-L6-v2,800,80,obs_zero_zh,中子电流测量跨通道同步零值闪断,observation_derived,zh,40,5,0.352130264043808,0.3242796063423157,0.0,11
sentence-transformers/all-MiniLM-L6-v2,800,80,obs_zero_zh,中子电流测量跨通道同步零值闪断,observation_derived,zh,40,6,0.32004448771476746,0.30635854601860046,0.0,11
sentence-transformers/all-MiniLM-L6-v2,800,80,obs_zero_zh,中子电流测量跨通道同步零值闪断,observation_derived,zh,40,7,0.352130264043808,0.3242796063423157,0.0,11
sentence-transformers/all-MiniLM-L6-v2,800,80,obs_zero_zh,中子电流测量跨通道同步零值闪断,observation_derived,zh,40,8,0.352130264043808,0.3242796063423157,0.0,11
sentence-transformers/all-MiniLM-L6-v2,800,80,obs_zero_zh,中子电流测量跨通道同步零值闪断,observation_derived,zh,40,9,0.32004448771476746,0.3047766387462616,0.1,10
sentence-transformers/all-MiniLM-L6-v2,800,80,obs_zero_zh,中子电流测量跨通道同步零值闪断,observation_derived,zh,45,0,0.32004448771476746,0.30635854601860046,0.0,11
sentence-transformers/all-MiniLM-L6-v2,800,80,obs_zero_zh,中子电流测量跨通道同步零值闪断,observation_derived,zh,45,1,0.32004448771476746,0.30635854601860046,0.0,11
sentence-transformers/all-MiniLM-L6-v2,800,80,obs_zero_zh,中子电流测量跨通道同步零值闪断,observation_derived,zh,45,2,0.352130264043808,0.3209077715873718,0.0,11
sentence-transformers/all-MiniLM-L6-v2,800,80,obs_zero_zh,中子电流测量跨通道同步零值闪断,observation_derived,zh,45,3,0.352130264043808,0.3242796063423157,0.0,11
sentence-transformers/all-MiniLM-L6-v2,800,80,obs_zero_zh,中子电流测量跨通道同步零值闪断,observation_derived,zh,45,4,0.352130264043808,0.3242796063423157,0.0,11
sentence-transformers/all-MiniLM-L6-v2,800,80,obs_zero_zh,中子电流测量跨通道同步零值闪断,observation_derived,zh,45,5,0.352130264043808,0.3242796063423157,0.0,11
sentence-transformers/all-MiniLM-L6-v2,800,80,obs_zero_zh,中子电流测量跨通道同步零值闪断,observation_derived,zh,45,6,0.352130264043808,0.3242796063423157,0.0,11
sentence-transformers/all-MiniLM-L6-v2,800,80,obs_zero_zh,中子电流测量跨通道同步零值闪断,observation_derived,zh,45,7,0.352130264043808,0.3242796063423157,0.0,11
sentence-transformers/all-MiniLM-L6-v2,800,80,obs_zero_zh,中子电流测量跨通道同步零值闪断,observation_derived,zh,45,8,0.352130264043808,0.3242796063423157,0.0,11
sentence-transformers/all-MiniLM-L6-v2,800,80,obs_zero_zh,中子电流测量跨通道同步零值闪断,observation_derived,zh,45,9,0.352130264043808,0.3242796063423157,0.0,11
sentence-transformers/all-MiniLM-L6-v2,800,80,obs_zero_zh,中子电流测量跨通道同步零值闪断,observation_derived,zh,50,0,0.352130264043808,0.3242796063423157,0.0,11
sentence-transformers/all-MiniLM-L6-v2,800,80,obs_zero_zh,中子电流测量跨通道同步零值闪断,observation_derived,zh,50,1,0.352130264043808,0.3242796063423157,0.0,11
sentence-transformers/all-MiniLM-L6-v2,800,80,obs_zero_zh,中子电流测量跨通道同步零值闪断,observation_derived,zh,50,2,0.352130264043808,0.3242796063423157,0.0,11
sentence-transformers/all-MiniLM-L6-v2,800,80,obs_zero_zh,中子电流测量跨通道同步零值闪断,observation_derived,zh,50,3,0.352130264043808,0.3242796063423157,0.0,11
sentence-transformers/all-MiniLM-L6-v2,800,80,obs_zero_zh,中子电流测量跨通道同步零值闪断,observation_derived,zh,50,4,0.352130264043808,0.3242796063423157,0.0,11
sentence-transformers/all-MiniLM-L6-v2,800,80,obs_zero_zh,中子电流测量跨通道同步零值闪断,observation_derived,zh,50,5,0.352130264043808,0.3242796063423157,0.0,11
sentence-transformers/all-MiniLM-L6-v2,800,80,obs_zero_zh,中子电流测量跨通道同步零值闪断,observation_derived,zh,50,6,0.352130264043808,0.3242796063423157,0.0,11
sentence-transformers/all-MiniLM-L6-v2,800,80,obs_zero_zh,中子电流测量跨通道同步零值闪断,observation_derived,zh,50,7,0.32004448771476746,0.30635854601860046,0.0,11
sentence-transformers/all-MiniLM-L6-v2,800,80,obs_zero_zh,中子电流测量跨通道同步零值闪断,observation_derived,zh,50,8,0.352130264043808,0.3209077715873718,0.0,11
sentence-transformers/all-MiniLM-L6-v2,800,80,obs_zero_zh,中子电流测量跨通道同步零值闪断,observation_derived,zh,50,9,0.352130264043808,0.3242796063423157,0.0,11
sentence-transformers/all-MiniLM-L6-v2,800,80,obs_zero_zh,中子电流测量跨通道同步零值闪断,observation_derived,zh,51,0,0.352130264043808,0.3242796063423157,0.0,11
sentence-transformers/all-MiniLM-L6-v2,800,80,obs_zero_zh,中子电流测量跨通道同步零值闪断,observation_derived,zh,51,1,0.352130264043808,0.3242796063423157,0.0,11
sentence-transformers/all-MiniLM-L6-v2,800,80,obs_zero_zh,中子电流测量跨通道同步零值闪断,observation_derived,zh,51,2,0.352130264043808,0.3242796063423157,0.0,11
sentence-transformers/all-MiniLM-L6-v2,800,80,obs_zero_zh,中子电流测量跨通道同步零值闪断,observation_derived,zh,51,3,0.352130264043808,0.3242796063423157,0.0,11
sentence-transformers/all-MiniLM-L6-v2,800,80,obs_zero_zh,中子电流测量跨通道同步零值闪断,observation_derived,zh,51,4,0.352130264043808,0.3242796063423157,0.0,11
sentence-transformers/all-MiniLM-L6-v2,800,80,obs_zero_zh,中子电流测量跨通道同步零值闪断,observation_derived,zh,51,5,0.352130264043808,0.3242796063423157,0.0,11
sentence-transformers/all-MiniLM-L6-v2,800,80,obs_zero_zh,中子电流测量跨通道同步零值闪断,observation_derived,zh,51,6,0.352130264043808,0.3242796063423157,0.0,11
sentence-transformers/all-MiniLM-L6-v2,800,80,obs_zero_zh,中子电流测量跨通道同步零值闪断,observation_derived,zh,51,7,0.352130264043808,0.3242796063423157,0.0,11
sentence-transformers/all-MiniLM-L6-v2,800,80,obs_zero_zh,中子电流测量跨通道同步零值闪断,observation_derived,zh,51,8,0.352130264043808,0.3242796063423157,0.0,11
sentence-transformers/all-MiniLM-L6-v2,800,80,obs_zero_zh,中子电流测量跨通道同步零值闪断,observation_derived,zh,51,9,0.352130264043808,0.3242796063423157,0.0,11
sentence-transformers/all-MiniLM-L6-v2,800,80,obs_sync_en,neutron current measurement highly synchronized channels without time lag,observation_derived,en,0,0,0.5496401190757751,0.5007099509239197,1.0,1
sentence-transformers/all-MiniLM-L6-v2,800,80,obs_sync_en,neutron current measurement highly synchronized channels without time lag,observation_derived,en,5,0,0.5496401190757751,0.5061788558959961,0.7,1
sentence-transformers/all-MiniLM-L6-v2,800,80,obs_sync_en,neutron current measurement highly synchronized channels without time lag,observation_derived,en,5,1,0.5496401190757751,0.5007099509239197,1.0,1
sentence-transformers/all-MiniLM-L6-v2,800,80,obs_sync_en,neutron current measurement highly synchronized channels without time lag,observation_derived,en,5,2,0.5496401190757751,0.5067788362503052,0.8,1
sentence-transformers/all-MiniLM-L6-v2,800,80,obs_sync_en,neutron current measurement highly synchronized channels without time lag,observation_derived,en,5,3,0.5496401190757751,0.5007099509239197,1.0,1
sentence-transformers/all-MiniLM-L6-v2,800,80,obs_sync_en,neutron current measurement highly synchronized channels without time lag,observation_derived,en,5,4,0.5496401190757751,0.5130797028541565,0.7,1
sentence-transformers/all-MiniLM-L6-v2,800,80,obs_sync_en,neutron current measurement highly synchronized channels without time lag,observation_derived,en,5,5,0.5496401190757751,0.5007099509239197,1.0,1
sentence-transformers/all-MiniLM-L6-v2,800,80,obs_sync_en,neutron current measurement highly synchronized channels without time lag,observation_derived,en,5,6,0.6015022993087769,0.5413461923599243,0.3,4
sentence-transformers/all-MiniLM-L6-v2,800,80,obs_sync_en,neutron current measurement highly synchronized channels without time lag,observation_derived,en,5,7,0.5496401190757751,0.5007099509239197,1.0,1
sentence-transformers/all-MiniLM-L6-v2,800,80,obs_sync_en,neutron current measurement highly synchronized channels without time lag,observation_derived,en,5,8,0.5496401190757751,0.5169285535812378,0.6,1
sentence-transformers/all-MiniLM-L6-v2,800,80,obs_sync_en,neutron current measurement highly synchronized channels without time lag,observation_derived,en,5,9,0.5496401190757751,0.5078703761100769,0.7,1
sentence-transformers/all-MiniLM-L6-v2,800,80,obs_sync_en,neutron current measurement highly synchronized channels without time lag,observation_derived,en,10,0,0.5496401190757751,0.5007099509239197,1.0,1
sentence-transformers/all-MiniLM-L6-v2,800,80,obs_sync_en,neutron current measurement highly synchronized channels without time lag,observation_derived,en,10,1,0.5496401190757751,0.5097323656082153,0.7,1
sentence-transformers/all-MiniLM-L6-v2,800,80,obs_sync_en,neutron current measurement highly synchronized channels without time lag,observation_derived,en,10,2,0.5496401190757751,0.5118210315704346,0.5,1
sentence-transformers/all-MiniLM-L6-v2,800,80,obs_sync_en,neutron current measurement highly synchronized channels without time lag,observation_derived,en,10,3,0.6015022993087769,0.5413461923599243,0.3,4
sentence-transformers/all-MiniLM-L6-v2,800,80,obs_sync_en,neutron current measurement highly synchronized channels without time lag,observation_derived,en,10,4,0.5496401190757751,0.5135161876678467,0.7,1
sentence-transformers/all-MiniLM-L6-v2,800,80,obs_sync_en,neutron current measurement highly synchronized channels without time lag,observation_derived,en,10,5,0.5496401190757751,0.5177775025367737,0.5,1
sentence-transformers/all-MiniLM-L6-v2,800,80,obs_sync_en,neutron current measurement highly synchronized channels without time lag,observation_derived,en,10,6,0.5496401190757751,0.5119489431381226,0.5,1
sentence-transformers/all-MiniLM-L6-v2,800,80,obs_sync_en,neutron current measurement highly synchronized channels without time lag,observation_derived,en,10,7,0.5496401190757751,0.5019227266311646,0.9,1
sentence-transformers/all-MiniLM-L6-v2,800,80,obs_sync_en,neutron current measurement highly synchronized channels without time lag,observation_derived,en,10,8,0.5496401190757751,0.5189238786697388,0.5,1
sentence-transformers/all-MiniLM-L6-v2,800,80,obs_sync_en,neutron current measurement highly synchronized channels without time lag,observation_derived,en,10,9,0.5496401190757751,0.5026799440383911,0.8,1
sentence-transformers/all-MiniLM-L6-v2,800,80,obs_sync_en,neutron current measurement highly synchronized channels without time lag,observation_derived,en,15,0,0.5496401190757751,0.5242894291877747,0.3,1
sentence-transformers/all-MiniLM-L6-v2,800,80,obs_sync_en,neutron current measurement highly synchronized channels without time lag,observation_derived,en,15,1,0.5496401190757751,0.510617196559906,0.6,1
sentence-transformers/all-MiniLM-L6-v2,800,80,obs_sync_en,neutron current measurement highly synchronized channels without time lag,observation_derived,en,15,2,0.6015022993087769,0.5453833341598511,0.2,4
sentence-transformers/all-MiniLM-L6-v2,800,80,obs_sync_en,neutron current measurement highly synchronized channels without time lag,observation_derived,en,15,3,0.5496401190757751,0.5120286345481873,0.5,1
sentence-transformers/all-MiniLM-L6-v2,800,80,obs_sync_en,neutron current measurement highly synchronized channels without time lag,observation_derived,en,15,4,0.6015022993087769,0.5439168214797974,0.2,4
sentence-transformers/all-MiniLM-L6-v2,800,80,obs_sync_en,neutron current measurement highly synchronized channels without time lag,observation_derived,en,15,5,0.6015022993087769,0.5433439016342163,0.2,4
sentence-transformers/all-MiniLM-L6-v2,800,80,obs_sync_en,neutron current measurement highly synchronized channels without time lag,observation_derived,en,15,6,0.6015022993087769,0.5413461923599243,0.3,4
sentence-transformers/all-MiniLM-L6-v2,800,80,obs_sync_en,neutron current measurement highly synchronized channels without time lag,observation_derived,en,15,7,0.5496401190757751,0.5186604261398315,0.4,1
sentence-transformers/all-MiniLM-L6-v2,800,80,obs_sync_en,neutron current measurement highly synchronized channels without time lag,observation_derived,en,15,8,0.6015022993087769,0.5439168214797974,0.2,4
sentence-transformers/all-MiniLM-L6-v2,800,80,obs_sync_en,neutron current measurement highly synchronized channels without time lag,observation_derived,en,15,9,0.5496401190757751,0.5112396478652954,0.6,1
sentence-transformers/all-MiniLM-L6-v2,800,80,obs_sync_en,neutron current measurement highly synchronized channels without time lag,observation_derived,en,20,0,0.5496401190757751,0.5248709917068481,0.3,1
sentence-transformers/all-MiniLM-L6-v2,800,80,obs_sync_en,neutron current measurement highly synchronized channels without time lag,observation_derived,en,20,1,0.6015022993087769,0.545468807220459,0.2,4
sentence-transformers/all-MiniLM-L6-v2,800,80,obs_sync_en,neutron current measurement highly synchronized channels without time lag,observation_derived,en,20,2,0.6015022993087769,0.5496396422386169,0.2,4
sentence-transformers/all-MiniLM-L6-v2,800,80,obs_sync_en,neutron current measurement highly synchronized channels without time lag,observation_derived,en,20,3,0.6015022993087769,0.5496396422386169,0.2,4
sentence-transformers/all-MiniLM-L6-v2,800,80,obs_sync_en,neutron current measurement highly synchronized channels without time lag,observation_derived,en,20,4,0.5496401190757751,0.5157006978988647,0.4,1
sentence-transformers/all-MiniLM-L6-v2,800,80,obs_sync_en,neutron current measurement highly synchronized channels without time lag,observation_derived,en,20,5,0.6015022993087769,0.5437809824943542,0.2,4
sentence-transformers/all-MiniLM-L6-v2,800,80,obs_sync_en,neutron current measurement highly synchronized channels without time lag,observation_derived,en,20,6,0.5496401190757751,0.5068939924240112,0.6,1
sentence-transformers/all-MiniLM-L6-v2,800,80,obs_sync_en,neutron current measurement highly synchronized channels without time lag,observation_derived,en,20,7,0.5496401190757751,0.5141648650169373,0.5,1
sentence-transformers/all-MiniLM-L6-v2,800,80,obs_sync_en,neutron current measurement highly synchronized channels without time lag,observation_derived,en,20,8,0.6015022993087769,0.5453833341598511,0.2,4
sentence-transformers/all-MiniLM-L6-v2,800,80,obs_sync_en,neutron current measurement highly synchronized channels without time lag,observation_derived,en,20,9,0.6015022993087769,0.5484917759895325,0.2,4
sentence-transformers/all-MiniLM-L6-v2,800,80,obs_sync_en,neutron current measurement highly synchronized channels without time lag,observation_derived,en,25,0,0.5496401190757751,0.5187498927116394,0.3,1
sentence-transformers/all-MiniLM-L6-v2,800,80,obs_sync_en,neutron current measurement highly synchronized channels without time lag,observation_derived,en,25,1,0.6015022993087769,0.5484917759895325,0.2,4
sentence-transformers/all-MiniLM-L6-v2,800,80,obs_sync_en,neutron current measurement highly synchronized channels without time lag,observation_derived,en,25,2,0.5496401190757751,0.5190896987915039,0.4,1
sentence-transformers/all-MiniLM-L6-v2,800,80,obs_sync_en,neutron current measurement highly synchronized channels without time lag,observation_derived,en,25,3,0.6015022993087769,0.5496396422386169,0.2,4
sentence-transformers/all-MiniLM-L6-v2,800,80,obs_sync_en,neutron current measurement highly synchronized channels without time lag,observation_derived,en,25,4,0.6015022993087769,0.5433439016342163,0.2,4
sentence-transformers/all-MiniLM-L6-v2,800,80,obs_sync_en,neutron current measurement highly synchronized channels without time lag,observation_derived,en,25,5,0.5496401190757751,0.5155671834945679,0.5,1
sentence-transformers/all-MiniLM-L6-v2,800,80,obs_sync_en,neutron current measurement highly synchronized channels without time lag,observation_derived,en,25,6,0.6015022993087769,0.5483559370040894,0.2,4
sentence-transformers/all-MiniLM-L6-v2,800,80,obs_sync_en,neutron current measurement highly synchronized channels without time lag,observation_derived,en,25,7,0.5496401190757751,0.5162774324417114,0.3,1
sentence-transformers/all-MiniLM-L6-v2,800,80,obs_sync_en,neutron current measurement highly synchronized channels without time lag,observation_derived,en,25,8,0.6015022993087769,0.5433439016342163,0.2,4
sentence-transformers/all-MiniLM-L6-v2,800,80,obs_sync_en,neutron current measurement highly synchronized channels without time lag,observation_derived,en,25,9,0.5496401190757751,0.5170557498931885,0.3,1
sentence-transformers/all-MiniLM-L6-v2,800,80,obs_sync_en,neutron current measurement highly synchronized channels without time lag,observation_derived,en,30,0,0.6015022993087769,0.5453833341598511,0.2,4
sentence-transformers/all-MiniLM-L6-v2,800,80,obs_sync_en,neutron current measurement highly synchronized channels without time lag,observation_derived,en,30,1,0.5496401190757751,0.522222101688385,0.4,1
sentence-transformers/all-MiniLM-L6-v2,800,80,obs_sync_en,neutron current measurement highly synchronized channels without time lag,observation_derived,en,30,2,0.6015022993087769,0.5439168214797974,0.2,4
sentence-transformers/all-MiniLM-L6-v2,800,80,obs_sync_en,neutron current measurement highly synchronized channels without time lag,observation_derived,en,30,3,0.6015022993087769,0.5471925735473633,0.2,4
sentence-transformers/all-MiniLM-L6-v2,800,80,obs_sync_en,neutron current measurement highly synchronized channels without time lag,observation_derived,en,30,4,0.6015022993087769,0.5453833341598511,0.2,4
sentence-transformers/all-MiniLM-L6-v2,800,80,obs_sync_en,neutron current measurement highly synchronized channels without time lag,observation_derived,en,30,5,0.5496401190757751,0.5153750777244568,0.5,1
sentence-transformers/all-MiniLM-L6-v2,800,80,obs_sync_en,neutron current measurement highly synchronized channels without time lag,observation_derived,en,30,6,0.5496401190757751,0.5256413221359253,0.3,1
sentence-transformers/all-MiniLM-L6-v2,800,80,obs_sync_en,neutron current measurement highly synchronized channels without time lag,observation_derived,en,30,7,0.5496401190757751,0.5190903544425964,0.3,1
sentence-transformers/all-MiniLM-L6-v2,800,80,obs_sync_en,neutron current measurement highly synchronized channels without time lag,observation_derived,en,30,8,0.6015022993087769,0.545468807220459,0.2,4
sentence-transformers/all-MiniLM-L6-v2,800,80,obs_sync_en,neutron current measurement highly synchronized channels without time lag,observation_derived,en,30,9,0.6015022993087769,0.5437809824943542,0.2,4
sentence-transformers/all-MiniLM-L6-v2,800,80,obs_sync_en,neutron current measurement highly synchronized channels without time lag,observation_derived,en,35,0,0.6015022993087769,0.5468409061431885,0.2,4
sentence-transformers/all-MiniLM-L6-v2,800,80,obs_sync_en,neutron current measurement highly synchronized channels without time lag,observation_derived,en,35,1,0.5496401190757751,0.519180178642273,0.4,1
sentence-transformers/all-MiniLM-L6-v2,800,80,obs_sync_en,neutron current measurement highly synchronized channels without time lag,observation_derived,en,35,2,0.6015022993087769,0.5453833341598511,0.2,4
sentence-transformers/all-MiniLM-L6-v2,800,80,obs_sync_en,neutron current measurement highly synchronized channels without time lag,observation_derived,en,35,3,0.6015022993087769,0.5474138855934143,0.2,4
sentence-transformers/all-MiniLM-L6-v2,800,80,obs_sync_en,neutron current measurement highly synchronized channels without time lag,observation_derived,en,35,4,0.6015022993087769,0.5483559370040894,0.2,4
sentence-transformers/all-MiniLM-L6-v2,800,80,obs_sync_en,neutron current measurement highly synchronized channels without time lag,observation_derived,en,35,5,0.6015022993087769,0.5483559370040894,0.2,4
sentence-transformers/all-MiniLM-L6-v2,800,80,obs_sync_en,neutron current measurement highly synchronized channels without time lag,observation_derived,en,35,6,0.5496401190757751,0.5170557498931885,0.3,1
sentence-transformers/all-MiniLM-L6-v2,800,80,obs_sync_en,neutron current measurement highly synchronized channels without time lag,observation_derived,en,35,7,0.6015022993087769,0.545468807220459,0.2,4
sentence-transformers/all-MiniLM-L6-v2,800,80,obs_sync_en,neutron current measurement highly synchronized channels without time lag,observation_derived,en,35,8,0.6015022993087769,0.5471925735473633,0.2,4
sentence-transformers/all-MiniLM-L6-v2,800,80,obs_sync_en,neutron current measurement highly synchronized channels without time lag,observation_derived,en,35,9,0.5496401190757751,0.5203983783721924,0.3,1
sentence-transformers/all-MiniLM-L6-v2,800,80,obs_sync_en,neutron current measurement highly synchronized channels without time lag,observation_derived,en,40,0,0.6015022993087769,0.5484917759895325,0.2,4
sentence-transformers/all-MiniLM-L6-v2,800,80,obs_sync_en,neutron current measurement highly synchronized channels without time lag,observation_derived,en,40,1,0.6015022993087769,0.5468409061431885,0.2,4
sentence-transformers/all-MiniLM-L6-v2,800,80,obs_sync_en,neutron current measurement highly synchronized channels without time lag,observation_derived,en,40,2,0.6015022993087769,0.5468409061431885,0.2,4
sentence-transformers/all-MiniLM-L6-v2,800,80,obs_sync_en,neutron current measurement highly synchronized channels without time lag,observation_derived,en,40,3,0.6015022993087769,0.5471925735473633,0.2,4
sentence-transformers/all-MiniLM-L6-v2,800,80,obs_sync_en,neutron current measurement highly synchronized channels without time lag,observation_derived,en,40,4,0.6015022993087769,0.5496396422386169,0.2,4
sentence-transformers/all-MiniLM-L6-v2,800,80,obs_sync_en,neutron current measurement highly synchronized channels without time lag,observation_derived,en,40,5,0.5496401190757751,0.5256413221359253,0.3,1
sentence-transformers/all-MiniLM-L6-v2,800,80,obs_sync_en,neutron current measurement highly synchronized channels without time lag,observation_derived,en,40,6,0.6015022993087769,0.545247495174408,0.2,4
sentence-transformers/all-MiniLM-L6-v2,800,80,obs_sync_en,neutron current measurement highly synchronized channels without time lag,observation_derived,en,40,7,0.6015022993087769,0.5496396422386169,0.2,4
sentence-transformers/all-MiniLM-L6-v2,800,80,obs_sync_en,neutron current measurement highly synchronized channels without time lag,observation_derived,en,40,8,0.6015022993087769,0.5496396422386169,0.2,4
sentence-transformers/all-MiniLM-L6-v2,800,80,obs_sync_en,neutron current measurement highly synchronized channels without time lag,observation_derived,en,40,9,0.6015022993087769,0.5471925735473633,0.2,4
sentence-transformers/all-MiniLM-L6-v2,800,80,obs_sync_en,neutron current measurement highly synchronized channels without time lag,observation_derived,en,45,0,0.6015022993087769,0.5489288568496704,0.2,4
sentence-transformers/all-MiniLM-L6-v2,800,80,obs_sync_en,neutron current measurement highly synchronized channels without time lag,observation_derived,en,45,1,0.6015022993087769,0.5496396422386169,0.2,4
sentence-transformers/all-MiniLM-L6-v2,800,80,obs_sync_en,neutron current measurement highly synchronized channels without time lag,observation_derived,en,45,2,0.6015022993087769,0.5489288568496704,0.2,4
sentence-transformers/all-MiniLM-L6-v2,800,80,obs_sync_en,neutron current measurement highly synchronized channels without time lag,observation_derived,en,45,3,0.6015022993087769,0.5496396422386169,0.2,4
sentence-transformers/all-MiniLM-L6-v2,800,80,obs_sync_en,neutron current measurement highly synchronized channels without time lag,observation_derived,en,45,4,0.6015022993087769,0.5496396422386169,0.2,4
sentence-transformers/all-MiniLM-L6-v2,800,80,obs_sync_en,neutron current measurement highly synchronized channels without time lag,observation_derived,en,45,5,0.6015022993087769,0.5496396422386169,0.2,4
sentence-transformers/all-MiniLM-L6-v2,800,80,obs_sync_en,neutron current measurement highly synchronized channels without time lag,observation_derived,en,45,6,0.6015022993087769,0.5474138855934143,0.2,4
sentence-transformers/all-MiniLM-L6-v2,800,80,obs_sync_en,neutron current measurement highly synchronized channels without time lag,observation_derived,en,45,7,0.6015022993087769,0.5471925735473633,0.2,4
sentence-transformers/all-MiniLM-L6-v2,800,80,obs_sync_en,neutron current measurement highly synchronized channels without time lag,observation_derived,en,45,8,0.5496401190757751,0.5256413221359253,0.3,1
sentence-transformers/all-MiniLM-L6-v2,800,80,obs_sync_en,neutron current measurement highly synchronized channels without time lag,observation_derived,en,45,9,0.6015022993087769,0.5483559370040894,0.2,4
sentence-transformers/all-MiniLM-L6-v2,800,80,obs_sync_en,neutron current measurement highly synchronized channels without time lag,observation_derived,en,50,0,0.6015022993087769,0.5496396422386169,0.2,4
sentence-transformers/all-MiniLM-L6-v2,800,80,obs_sync_en,neutron current measurement highly synchronized channels without time lag,observation_derived,en,50,1,0.6015022993087769,0.5496396422386169,0.2,4
sentence-transformers/all-MiniLM-L6-v2,800,80,obs_sync_en,neutron current measurement highly synchronized channels without time lag,observation_derived,en,50,2,0.6015022993087769,0.5496396422386169,0.2,4
sentence-transformers/all-MiniLM-L6-v2,800,80,obs_sync_en,neutron current measurement highly synchronized channels without time lag,observation_derived,en,50,3,0.6015022993087769,0.5496396422386169,0.2,4
sentence-transformers/all-MiniLM-L6-v2,800,80,obs_sync_en,neutron current measurement highly synchronized channels without time lag,observation_derived,en,50,4,0.6015022993087769,0.5496396422386169,0.2,4
sentence-transformers/all-MiniLM-L6-v2,800,80,obs_sync_en,neutron current measurement highly synchronized channels without time lag,observation_derived,en,50,5,0.6015022993087769,0.5489288568496704,0.2,4
sentence-transformers/all-MiniLM-L6-v2,800,80,obs_sync_en,neutron current measurement highly synchronized channels without time lag,observation_derived,en,50,6,0.6015022993087769,0.5496396422386169,0.2,4
sentence-transformers/all-MiniLM-L6-v2,800,80,obs_sync_en,neutron current measurement highly synchronized channels without time lag,observation_derived,en,50,7,0.6015022993087769,0.5496396422386169,0.2,4
sentence-transformers/all-MiniLM-L6-v2,800,80,obs_sync_en,neutron current measurement highly synchronized channels without time lag,observation_derived,en,50,8,0.6015022993087769,0.5496396422386169,0.2,4
sentence-transformers/all-MiniLM-L6-v2,800,80,obs_sync_en,neutron current measurement highly synchronized channels without time lag,observation_derived,en,50,9,0.6015022993087769,0.5496396422386169,0.2,4
sentence-transformers/all-MiniLM-L6-v2,800,80,obs_sync_en,neutron current measurement highly synchronized channels without time lag,observation_derived,en,51,0,0.6015022993087769,0.5496396422386169,0.2,4
sentence-transformers/all-MiniLM-L6-v2,800,80,obs_sync_en,neutron current measurement highly synchronized channels without time lag,observation_derived,en,51,1,0.6015022993087769,0.5496396422386169,0.2,4
sentence-transformers/all-MiniLM-L6-v2,800,80,obs_sync_en,neutron current measurement highly synchronized channels without time lag,observation_derived,en,51,2,0.6015022993087769,0.5496396422386169,0.2,4
sentence-transformers/all-MiniLM-L6-v2,800,80,obs_sync_en,neutron current measurement highly synchronized channels without time lag,observation_derived,en,51,3,0.6015022993087769,0.5496396422386169,0.2,4
sentence-transformers/all-MiniLM-L6-v2,800,80,obs_sync_en,neutron current measurement highly synchronized channels without time lag,observation_derived,en,51,4,0.6015022993087769,0.5496396422386169,0.2,4
sentence-transformers/all-MiniLM-L6-v2,800,80,obs_sync_en,neutron current measurement highly synchronized channels without time lag,observation_derived,en,51,5,0.6015022993087769,0.5496396422386169,0.2,4
sentence-transformers/all-MiniLM-L6-v2,800,80,obs_sync_en,neutron current measurement highly synchronized channels without time lag,observation_derived,en,51,6,0.6015022993087769,0.5496396422386169,0.2,4
sentence-transformers/all-MiniLM-L6-v2,800,80,obs_sync_en,neutron current measurement highly synchronized channels without time lag,observation_derived,en,51,7,0.6015022993087769,0.5496396422386169,0.2,4
sentence-transformers/all-MiniLM-L6-v2,800,80,obs_sync_en,neutron current measurement highly synchronized channels without time lag,observation_derived,en,51,8,0.6015022993087769,0.5496396422386169,0.2,4
sentence-transformers/all-MiniLM-L6-v2,800,80,obs_sync_en,neutron current measurement highly synchronized channels without time lag,observation_derived,en,51,9,0.6015022993087769,0.5496396422386169,0.2,4
sentence-transformers/all-MiniLM-L6-v2,800,80,obs_sync_zh,中子电流测量高同步通道无时间滞后,observation_derived,zh,0,0,0.30396410822868347,0.2783125042915344,1.0,1
sentence-transformers/all-MiniLM-L6-v2,800,80,obs_sync_zh,中子电流测量高同步通道无时间滞后,observation_derived,zh,5,0,0.3546549081802368,0.3267349898815155,0.1,10
sentence-transformers/all-MiniLM-L6-v2,800,80,obs_sync_zh,中子电流测量高同步通道无时间滞后,observation_derived,zh,5,1,0.30396410822868347,0.28232690691947937,0.7,1
sentence-transformers/all-MiniLM-L6-v2,800,80,obs_sync_zh,中子电流测量高同步通道无时间滞后,observation_derived,zh,5,2,0.30396410822868347,0.2811299264431,0.8,1
sentence-transformers/all-MiniLM-L6-v2,800,80,obs_sync_zh,中子电流测量高同步通道无时间滞后,observation_derived,zh,5,3,0.3546549081802368,0.3267349898815155,0.1,10
sentence-transformers/all-MiniLM-L6-v2,800,80,obs_sync_zh,中子电流测量高同步通道无时间滞后,observation_derived,zh,5,4,0.3546549081802368,0.3267349898815155,0.1,10
sentence-transformers/all-MiniLM-L6-v2,800,80,obs_sync_zh,中子电流测量高同步通道无时间滞后,observation_derived,zh,5,5,0.30396410822868347,0.28404176235198975,0.6,1
sentence-transformers/all-MiniLM-L6-v2,800,80,obs_sync_zh,中子电流测量高同步通道无时间滞后,observation_derived,zh,5,6,0.30396410822868347,0.28141531348228455,0.6,1
sentence-transformers/all-MiniLM-L6-v2,800,80,obs_sync_zh,中子电流测量高同步通道无时间滞后,observation_derived,zh,5,7,0.30396410822868347,0.2798541486263275,0.9,1
sentence-transformers/all-MiniLM-L6-v2,800,80,obs_sync_zh,中子电流测量高同步通道无时间滞后,observation_derived,zh,5,8,0.30396410822868347,0.2783125042915344,1.0,1
sentence-transformers/all-MiniLM-L6-v2,800,80,obs_sync_zh,中子电流测量高同步通道无时间滞后,observation_derived,zh,5,9,0.30396410822868347,0.28269606828689575,0.7,1
sentence-transformers/all-MiniLM-L6-v2,800,80,obs_sync_zh,中子电流测量高同步通道无时间滞后,observation_derived,zh,10,0,0.30396410822868347,0.28324833512306213,0.7,1
sentence-transformers/all-MiniLM-L6-v2,800,80,obs_sync_zh,中子电流测量高同步通道无时间滞后,observation_derived,zh,10,1,0.3137272298336029,0.28756988048553467,0.5,2
sentence-transformers/all-MiniLM-L6-v2,800,80,obs_sync_zh,中子电流测量高同步通道无时间滞后,observation_derived,zh,10,2,0.3066349923610687,0.2897774577140808,0.4,2
sentence-transformers/all-MiniLM-L6-v2,800,80,obs_sync_zh,中子电流测量高同步通道无时间滞后,observation_derived,zh,10,3,0.3546549081802368,0.3267349898815155,0.1,10
sentence-transformers/all-MiniLM-L6-v2,800,80,obs_sync_zh,中子电流测量高同步通道无时间滞后,observation_derived,zh,10,4,0.3314386308193207,0.3182232975959778,0.1,9
sentence-transformers/all-MiniLM-L6-v2,800,80,obs_sync_zh,中子电流测量高同步通道无时间滞后,observation_derived,zh,10,5,0.3066349923610687,0.2898305654525757,0.5,2
sentence-transformers/all-MiniLM-L6-v2,800,80,obs_sync_zh,中子电流测量高同步通道无时间滞后,observation_derived,zh,10,6,0.30396410822868347,0.28079408407211304,0.7,1
sentence-transformers/all-MiniLM-L6-v2,800,80,obs_sync_zh,中子电流测量高同步通道无时间滞后,observation_derived,zh,10,7,0.3314386308193207,0.3182232975959778,0.1,9
sentence-transformers/all-MiniLM-L6-v2,800,80,obs_sync_zh,中子电流测量高同步通道无时间滞后,observation_derived,zh,10,8,0.3066349923610687,0.290865957736969,0.4,2
sentence-transformers/all-MiniLM-L6-v2,800,80,obs_sync_zh,中子电流测量高同步通道无时间滞后,observation_derived,zh,10,9,0.3137272298336029,0.28839895129203796,0.6,2
sentence-transformers/all-MiniLM-L6-v2,800,80,obs_sync_zh,中子电流测量高同步通道无时间滞后,observation_derived,zh,15,0,0.3137272298336029,0.2875402569770813,0.5,2
sentence-transformers/all-MiniLM-L6-v2,800,80,obs_sync_zh,中子电流测量高同步通道无时间滞后,observation_derived,zh,15,1,0.3066349923610687,0.2907993197441101,0.4,2
sentence-transformers/all-MiniLM-L6-v2,800,80,obs_sync_zh,中子电流测量高同步通道无时间滞后,observation_derived,zh,15,2,0.3314386308193207,0.3182232975959778,0.1,9
sentence-transformers/all-MiniLM-L6-v2,800,80,obs_sync_zh,中子电流测量高同步通道无时间滞后,observation_derived,zh,15,3,0.3314386308193207,0.3185657858848572,0.1,10
sentence-transformers/all-MiniLM-L6-v2,800,80,obs_sync_zh,中子电流测量高同步通道无时间滞后,observation_derived,zh,15,4,0.3546549081802368,0.3267349898815155,0.1,10
sentence-transformers/all-MiniLM-L6-v2,800,80,obs_sync_zh,中子电流测量高同步通道无时间滞后,observation_derived,zh,15,5,0.30396410822868347,0.28517353534698486,0.5,1
sentence-transformers/all-MiniLM-L6-v2,800,80,obs_sync_zh,中子电流测量高同步通道无时间滞后,observation_derived,zh,15,6,0.3314386308193207,0.3195421099662781,0.0,11
sentence-transformers/all-MiniLM-L6-v2,800,80,obs_sync_zh,中子电流测量高同步通道无时间滞后,observation_derived,zh,15,7,0.3137272298336029,0.2867833375930786,0.5,2
sentence-transformers/all-MiniLM-L6-v2,800,80,obs_sync_zh,中子电流测量高同步通道无时间滞后,observation_derived,zh,15,8,0.3137272298336029,0.28577524423599243,0.5,2
sentence-transformers/all-MiniLM-L6-v2,800,80,obs_sync_zh,中子电流测量高同步通道无时间滞后,observation_derived,zh,15,9,0.3546549081802368,0.3267349898815155,0.1,10
sentence-transformers/all-MiniLM-L6-v2,800,80,obs_sync_zh,中子电流测量高同步通道无时间滞后,observation_derived,zh,20,0,0.30396410822868347,0.2831990122795105,0.5,1
sentence-transformers/all-MiniLM-L6-v2,800,80,obs_sync_zh,中子电流测量高同步通道无时间滞后,observation_derived,zh,20,1,0.3137272298336029,0.2892979383468628,0.5,2
sentence-transformers/all-MiniLM-L6-v2,800,80,obs_sync_zh,中子电流测量高同步通道无时间滞后,observation_derived,zh,20,2,0.3546549081802368,0.3277113139629364,0.0,11
sentence-transformers/all-MiniLM-L6-v2,800,80,obs_sync_zh,中子电流测量高同步通道无时间滞后,observation_derived,zh,20,3,0.3066349923610687,0.2923271656036377,0.3,2
sentence-transformers/all-MiniLM-L6-v2,800,80,obs_sync_zh,中子电流测量高同步通道无时间滞后,observation_derived,zh,20,4,0.30396410822868347,0.28859180212020874,0.4,1
sentence-transformers/all-MiniLM-L6-v2,800,80,obs_sync_zh,中子电流测量高同步通道无时间滞后,observation_derived,zh,20,5,0.3066349923610687,0.2918983995914459,0.4,2
sentence-transformers/all-MiniLM-L6-v2,800,80,obs_sync_zh,中子电流测量高同步通道无时间滞后,observation_derived,zh,20,6,0.3546549081802368,0.32700207829475403,0.0,11
sentence-transformers/all-MiniLM-L6-v2,800,80,obs_sync_zh,中子电流测量高同步通道无时间滞后,observation_derived,zh,20,7,0.3546549081802368,0.3361872136592865,0.0,11
sentence-transformers/all-MiniLM-L6-v2,800,80,obs_sync_zh,中子电流测量高同步通道无时间滞后,observation_derived,zh,20,8,0.3137272298336029,0.2916681468486786,0.5,3
sentence-transformers/all-MiniLM-L6-v2,800,80,obs_sync_zh,中子电流测量高同步通道无时间滞后,observation_derived,zh,20,9,0.3546549081802368,0.3361872136592865,0.0,11
sentence-transformers/all-MiniLM-L6-v2,800,80,obs_sync_zh,中子电流测量高同步通道无时间滞后,observation_derived,zh,25,0,0.3546549081802368,0.3277113139629364,0.0,11
sentence-transformers/all-MiniLM-L6-v2,800,80,obs_sync_zh,中子电流测量高同步通道无时间滞后,observation_derived,zh,25,1,0.3314386308193207,0.3185657858848572,0.1,10
sentence-transformers/all-MiniLM-L6-v2,800,80,obs_sync_zh,中子电流测量高同步通道无时间滞后,observation_derived,zh,25,2,0.3137272298336029,0.29287177324295044,0.4,2
sentence-transformers/all-MiniLM-L6-v2,800,80,obs_sync_zh,中子电流测量高同步通道无时间滞后,observation_derived,zh,25,3,0.3137272298336029,0.29657071828842163,0.3,3
sentence-transformers/all-MiniLM-L6-v2,800,80,obs_sync_zh,中子电流测量高同步通道无时间滞后,observation_derived,zh,25,4,0.3546549081802368,0.3277113139629364,0.0,11
sentence-transformers/all-MiniLM-L6-v2,800,80,obs_sync_zh,中子电流测量高同步通道无时间滞后,observation_derived,zh,25,5,0.3137272298336029,0.28804370760917664,0.5,2
sentence-transformers/all-MiniLM-L6-v2,800,80,obs_sync_zh,中子电流测量高同步通道无时间滞后,observation_derived,zh,25,6,0.3546549081802368,0.3267349898815155,0.1,10
sentence-transformers/all-MiniLM-L6-v2,800,80,obs_sync_zh,中子电流测量高同步通道无时间滞后,observation_derived,zh,25,7,0.3314386308193207,0.31927502155303955,0.1,10
sentence-transformers/all-MiniLM-L6-v2,800,80,obs_sync_zh,中子电流测量高同步通道无时间滞后,observation_derived,zh,25,8,0.3137272298336029,0.29679709672927856,0.3,3
sentence-transformers/all-MiniLM-L6-v2,800,80,obs_sync_zh,中子电流测量高同步通道无时间滞后,observation_derived,zh,25,9,0.3546549081802368,0.3361872136592865,0.0,11
sentence-transformers/all-MiniLM-L6-v2,800,80,obs_sync_zh,中子电流测量高同步通道无时间滞后,observation_derived,zh,30,0,0.3314386308193207,0.31927502155303955,0.1,10
sentence-transformers/all-MiniLM-L6-v2,800,80,obs_sync_zh,中子电流测量高同步通道无时间滞后,observation_derived,zh,30,1,0.3137272298336029,0.29679709672927856,0.3,3
sentence-transformers/all-MiniLM-L6-v2,800,80,obs_sync_zh,中子电流测量高同步通道无时间滞后,observation_derived,zh,30,2,0.3546549081802368,0.3361872136592865,0.0,11
sentence-transformers/all-MiniLM-L6-v2,800,80,obs_sync_zh,中子电流测量高同步通道无时间滞后,observation_derived,zh,30,3,0.3546549081802368,0.3361872136592865,0.0,11
sentence-transformers/all-MiniLM-L6-v2,800,80,obs_sync_zh,中子电流测量高同步通道无时间滞后,observation_derived,zh,30,4,0.3546549081802368,0.3279670774936676,0.0,11
sentence-transformers/all-MiniLM-L6-v2,800,80,obs_sync_zh,中子电流测量高同步通道无时间滞后,observation_derived,zh,30,5,0.3546549081802368,0.3361872136592865,0.0,11
sentence-transformers/all-MiniLM-L6-v2,800,80,obs_sync_zh,中子电流测量高同步通道无时间滞后,observation_derived,zh,30,6,0.3314386308193207,0.31927502155303955,0.1,10
sentence-transformers/all-MiniLM-L6-v2,800,80,obs_sync_zh,中子电流测量高同步通道无时间滞后,observation_derived,zh,30,7,0.3314386308193207,0.3195421099662781,0.0,11
sentence-transformers/all-MiniLM-L6-v2,800,80,obs_sync_zh,中子电流测量高同步通道无时间滞后,observation_derived,zh,30,8,0.3546549081802368,0.3361872136592865,0.0,11
sentence-transformers/all-MiniLM-L6-v2,800,80,obs_sync_zh,中子电流测量高同步通道无时间滞后,observation_derived,zh,30,9,0.3546549081802368,0.3279670774936676,0.0,11
sentence-transformers/all-MiniLM-L6-v2,800,80,obs_sync_zh,中子电流测量高同步通道无时间滞后,observation_derived,zh,35,0,0.3314386308193207,0.3195421099662781,0.0,11
sentence-transformers/all-MiniLM-L6-v2,800,80,obs_sync_zh,中子电流测量高同步通道无时间滞后,observation_derived,zh,35,1,0.3314386308193207,0.3185657858848572,0.1,10
sentence-transformers/all-MiniLM-L6-v2,800,80,obs_sync_zh,中子电流测量高同步通道无时间滞后,observation_derived,zh,35,2,0.3546549081802368,0.3361872136592865,0.0,11
sentence-transformers/all-MiniLM-L6-v2,800,80,obs_sync_zh,中子电流测量高同步通道无时间滞后,observation_derived,zh,35,3,0.3546549081802368,0.3361872136592865,0.0,11
sentence-transformers/all-MiniLM-L6-v2,800,80,obs_sync_zh,中子电流测量高同步通道无时间滞后,observation_derived,zh,35,4,0.3546549081802368,0.3361872136592865,0.0,11
sentence-transformers/all-MiniLM-L6-v2,800,80,obs_sync_zh,中子电流测量高同步通道无时间滞后,observation_derived,zh,35,5,0.3546549081802368,0.3361872136592865,0.0,11
sentence-transformers/all-MiniLM-L6-v2,800,80,obs_sync_zh,中子电流测量高同步通道无时间滞后,observation_derived,zh,35,6,0.3546549081802368,0.3361872136592865,0.0,11
sentence-transformers/all-MiniLM-L6-v2,800,80,obs_sync_zh,中子电流测量高同步通道无时间滞后,observation_derived,zh,35,7,0.3546549081802368,0.3361872136592865,0.0,11
sentence-transformers/all-MiniLM-L6-v2,800,80,obs_sync_zh,中子电流测量高同步通道无时间滞后,observation_derived,zh,35,8,0.3546549081802368,0.3361872136592865,0.0,11
sentence-transformers/all-MiniLM-L6-v2,800,80,obs_sync_zh,中子电流测量高同步通道无时间滞后,observation_derived,zh,35,9,0.3546549081802368,0.3361872136592865,0.0,11
sentence-transformers/all-MiniLM-L6-v2,800,80,obs_sync_zh,中子电流测量高同步通道无时间滞后,observation_derived,zh,40,0,0.3546549081802368,0.3361872136592865,0.0,11
sentence-transformers/all-MiniLM-L6-v2,800,80,obs_sync_zh,中子电流测量高同步通道无时间滞后,observation_derived,zh,40,1,0.3546549081802368,0.3361872136592865,0.0,11
sentence-transformers/all-MiniLM-L6-v2,800,80,obs_sync_zh,中子电流测量高同步通道无时间滞后,observation_derived,zh,40,2,0.3546549081802368,0.3279670774936676,0.0,11
sentence-transformers/all-MiniLM-L6-v2,800,80,obs_sync_zh,中子电流测量高同步通道无时间滞后,observation_derived,zh,40,3,0.3546549081802368,0.3361872136592865,0.0,11
sentence-transformers/all-MiniLM-L6-v2,800,80,obs_sync_zh,中子电流测量高同步通道无时间滞后,observation_derived,zh,40,4,0.3546549081802368,0.3361872136592865,0.0,11
sentence-transformers/all-MiniLM-L6-v2,800,80,obs_sync_zh,中子电流测量高同步通道无时间滞后,observation_derived,zh,40,5,0.3546549081802368,0.3361872136592865,0.0,11
sentence-transformers/all-MiniLM-L6-v2,800,80,obs_sync_zh,中子电流测量高同步通道无时间滞后,observation_derived,zh,40,6,0.3546549081802368,0.3361872136592865,0.0,11
sentence-transformers/all-MiniLM-L6-v2,800,80,obs_sync_zh,中子电流测量高同步通道无时间滞后,observation_derived,zh,40,7,0.3137272298336029,0.2968273460865021,0.3,3
sentence-transformers/all-MiniLM-L6-v2,800,80,obs_sync_zh,中子电流测量高同步通道无时间滞后,observation_derived,zh,40,8,0.3066349923610687,0.293861985206604,0.3,2
sentence-transformers/all-MiniLM-L6-v2,800,80,obs_sync_zh,中子电流测量高同步通道无时间滞后,observation_derived,zh,40,9,0.3546549081802368,0.3361872136592865,0.0,11
sentence-transformers/all-MiniLM-L6-v2,800,80,obs_sync_zh,中子电流测量高同步通道无时间滞后,observation_derived,zh,45,0,0.3546549081802368,0.3361872136592865,0.0,11
sentence-transformers/all-MiniLM-L6-v2,800,80,obs_sync_zh,中子电流测量高同步通道无时间滞后,observation_derived,zh,45,1,0.3546549081802368,0.3279670774936676,0.0,11
sentence-transformers/all-MiniLM-L6-v2,800,80,obs_sync_zh,中子电流测量高同步通道无时间滞后,observation_derived,zh,45,2,0.3546549081802368,0.3361872136592865,0.0,11
sentence-transformers/all-MiniLM-L6-v2,800,80,obs_sync_zh,中子电流测量高同步通道无时间滞后,observation_derived,zh,45,3,0.3546549081802368,0.3361872136592865,0.0,11
sentence-transformers/all-MiniLM-L6-v2,800,80,obs_sync_zh,中子电流测量高同步通道无时间滞后,observation_derived,zh,45,4,0.3546549081802368,0.3361872136592865,0.0,11
sentence-transformers/all-MiniLM-L6-v2,800,80,obs_sync_zh,中子电流测量高同步通道无时间滞后,observation_derived,zh,45,5,0.3314386308193207,0.3185657858848572,0.1,10
sentence-transformers/all-MiniLM-L6-v2,800,80,obs_sync_zh,中子电流测量高同步通道无时间滞后,observation_derived,zh,45,6,0.3546549081802368,0.3361872136592865,0.0,11
sentence-transformers/all-MiniLM-L6-v2,800,80,obs_sync_zh,中子电流测量高同步通道无时间滞后,observation_derived,zh,45,7,0.3546549081802368,0.3361872136592865,0.0,11
sentence-transformers/all-MiniLM-L6-v2,800,80,obs_sync_zh,中子电流测量高同步通道无时间滞后,observation_derived,zh,45,8,0.3546549081802368,0.3361872136592865,0.0,11
sentence-transformers/all-MiniLM-L6-v2,800,80,obs_sync_zh,中子电流测量高同步通道无时间滞后,observation_derived,zh,45,9,0.3546549081802368,0.3361872136592865,0.0,11
sentence-transformers/all-MiniLM-L6-v2,800,80,obs_sync_zh,中子电流测量高同步通道无时间滞后,observation_derived,zh,50,0,0.3546549081802368,0.3361872136592865,0.0,11
sentence-transformers/all-MiniLM-L6-v2,800,80,obs_sync_zh,中子电流测量高同步通道无时间滞后,observation_derived,zh,50,1,0.3546549081802368,0.3279670774936676,0.0,11
sentence-transformers/all-MiniLM-L6-v2,800,80,obs_sync_zh,中子电流测量高同步通道无时间滞后,observation_derived,zh,50,2,0.3546549081802368,0.3361872136592865,0.0,11
sentence-transformers/all-MiniLM-L6-v2,800,80,obs_sync_zh,中子电流测量高同步通道无时间滞后,observation_derived,zh,50,3,0.3546549081802368,0.3361872136592865,0.0,11
sentence-transformers/all-MiniLM-L6-v2,800,80,obs_sync_zh,中子电流测量高同步通道无时间滞后,observation_derived,zh,50,4,0.3546549081802368,0.3361872136592865,0.0,11
sentence-transformers/all-MiniLM-L6-v2,800,80,obs_sync_zh,中子电流测量高同步通道无时间滞后,observation_derived,zh,50,5,0.3546549081802368,0.3361872136592865,0.0,11
sentence-transformers/all-MiniLM-L6-v2,800,80,obs_sync_zh,中子电流测量高同步通道无时间滞后,observation_derived,zh,50,6,0.3546549081802368,0.3361872136592865,0.0,11
sentence-transformers/all-MiniLM-L6-v2,800,80,obs_sync_zh,中子电流测量高同步通道无时间滞后,observation_derived,zh,50,7,0.3314386308193207,0.3195421099662781,0.0,11
sentence-transformers/all-MiniLM-L6-v2,800,80,obs_sync_zh,中子电流测量高同步通道无时间滞后,observation_derived,zh,50,8,0.3546549081802368,0.3361872136592865,0.0,11
sentence-transformers/all-MiniLM-L6-v2,800,80,obs_sync_zh,中子电流测量高同步通道无时间滞后,observation_derived,zh,50,9,0.3546549081802368,0.3361872136592865,0.0,11
sentence-transformers/all-MiniLM-L6-v2,800,80,obs_sync_zh,中子电流测量高同步通道无时间滞后,observation_derived,zh,51,0,0.3546549081802368,0.3361872136592865,0.0,11
sentence-transformers/all-MiniLM-L6-v2,800,80,obs_sync_zh,中子电流测量高同步通道无时间滞后,observation_derived,zh,51,1,0.3546549081802368,0.3361872136592865,0.0,11
sentence-transformers/all-MiniLM-L6-v2,800,80,obs_sync_zh,中子电流测量高同步通道无时间滞后,observation_derived,zh,51,2,0.3546549081802368,0.3361872136592865,0.0,11
sentence-transformers/all-MiniLM-L6-v2,800,80,obs_sync_zh,中子电流测量高同步通道无时间滞后,observation_derived,zh,51,3,0.3546549081802368,0.3361872136592865,0.0,11
sentence-transformers/all-MiniLM-L6-v2,800,80,obs_sync_zh,中子电流测量高同步通道无时间滞后,observation_derived,zh,51,4,0.3546549081802368,0.3361872136592865,0.0,11
sentence-transformers/all-MiniLM-L6-v2,800,80,obs_sync_zh,中子电流测量高同步通道无时间滞后,observation_derived,zh,51,5,0.3546549081802368,0.3361872136592865,0.0,11
sentence-transformers/all-MiniLM-L6-v2,800,80,obs_sync_zh,中子电流测量高同步通道无时间滞后,observation_derived,zh,51,6,0.3546549081802368,0.3361872136592865,0.0,11
sentence-transformers/all-MiniLM-L6-v2,800,80,obs_sync_zh,中子电流测量高同步通道无时间滞后,observation_derived,zh,51,7,0.3546549081802368,0.3361872136592865,0.0,11
sentence-transformers/all-MiniLM-L6-v2,800,80,obs_sync_zh,中子电流测量高同步通道无时间滞后,observation_derived,zh,51,8,0.3546549081802368,0.3361872136592865,0.0,11
sentence-transformers/all-MiniLM-L6-v2,800,80,obs_sync_zh,中子电流测量高同步通道无时间滞后,observation_derived,zh,51,9,0.3546549081802368,0.3361872136592865,0.0,11
